# Blender 4.5.1 LTS
# www.blender.org
mtllib Cobweb1.mtl
o GPencil.001_curve_Layer.001
v -8.028356 2.989955 -4.382937
v -8.028356 2.989955 -4.372937
v -8.031393 2.981845 -4.367937
v -8.034431 2.973735 -4.372937
v -8.034431 2.973735 -4.382937
v -8.031393 2.981845 -4.387937
v -5.488036 2.038501 -4.382937
v -5.488036 2.038501 -4.372937
v -5.491074 2.030391 -4.367937
v -5.494111 2.022281 -4.372937
v -5.494111 2.022281 -4.382937
v -5.491074 2.030391 -4.387937
v -2.947714 1.087047 -4.382937
v -2.947714 1.087047 -4.372937
v -2.950751 1.078937 -4.367937
v -2.953789 1.070827 -4.372937
v -2.953789 1.070827 -4.382937
v -2.950751 1.078937 -4.387938
v -0.407395 0.135593 -4.382937
v -0.407395 0.135593 -4.372937
v -0.410433 0.127483 -4.367937
v -0.413470 0.119373 -4.372937
v -0.413470 0.119373 -4.382937
v -0.410433 0.127483 -4.387938
v 2.132926 -0.815862 -4.382937
v 2.132926 -0.815862 -4.372937
v 2.129889 -0.823972 -4.367937
v 2.126851 -0.832082 -4.372937
v 2.126851 -0.832082 -4.382937
v 2.129889 -0.823972 -4.387938
v 4.673247 -1.767315 -4.382938
v 4.673247 -1.767315 -4.372938
v 4.670210 -1.775425 -4.367938
v 4.667172 -1.783535 -4.372938
v 4.667172 -1.783535 -4.382938
v 4.670210 -1.775425 -4.387938
v 7.213570 -2.718769 -4.382938
v 7.213570 -2.718769 -4.372938
v 7.210532 -2.726879 -4.367938
v 7.207495 -2.734989 -4.372938
v 7.207495 -2.734989 -4.382938
v 7.210532 -2.726879 -4.387938
v 9.753888 -3.670223 -4.382938
v 9.753888 -3.670223 -4.372938
v 9.750851 -3.678333 -4.367938
v 9.747813 -3.686443 -4.372938
v 9.747813 -3.686443 -4.382938
v 9.750851 -3.678333 -4.387938
v -7.861211 -4.018866 -4.382938
v -7.861211 -4.018866 -4.372938
v -7.857271 -4.026578 -4.367938
v -7.853332 -4.034290 -4.372938
v -7.853332 -4.034290 -4.382938
v -7.857271 -4.026578 -4.387938
v -5.560308 -2.843540 -4.382938
v -5.560308 -2.843540 -4.372938
v -5.556368 -2.851253 -4.367938
v -5.552428 -2.858965 -4.372938
v -5.552428 -2.858965 -4.382938
v -5.556368 -2.851253 -4.387938
v -3.259405 -1.668214 -4.382937
v -3.259405 -1.668214 -4.372937
v -3.255466 -1.675927 -4.367937
v -3.251526 -1.683639 -4.372937
v -3.251526 -1.683639 -4.382937
v -3.255466 -1.675927 -4.387938
v -0.958503 -0.492889 -4.382937
v -0.958503 -0.492889 -4.372937
v -0.954563 -0.500601 -4.367937
v -0.950624 -0.508314 -4.372937
v -0.950624 -0.508314 -4.382937
v -0.954563 -0.500601 -4.387938
v 1.342401 0.682438 -4.382937
v 1.342401 0.682438 -4.372937
v 1.346340 0.674725 -4.367937
v 1.350280 0.667013 -4.372937
v 1.350280 0.667013 -4.382937
v 1.346340 0.674725 -4.387938
v 3.643302 1.857763 -4.382937
v 3.643302 1.857763 -4.372937
v 3.647242 1.850051 -4.367937
v 3.651181 1.842338 -4.372937
v 3.651181 1.842338 -4.382937
v 3.647242 1.850051 -4.387938
v 5.944205 3.033088 -4.382937
v 5.944205 3.033088 -4.372937
v 5.948144 3.025376 -4.367937
v 5.952084 3.017663 -4.372937
v 5.952084 3.017663 -4.382937
v 5.948144 3.025376 -4.387937
v 8.245108 4.208413 -4.382937
v 8.245108 4.208413 -4.372937
v 8.249047 4.200701 -4.367937
v 8.252987 4.192988 -4.372937
v 8.252987 4.192988 -4.382937
v 8.249047 4.200701 -4.387937
v -2.625476 7.207312 -4.382936
v -2.625476 7.207312 -4.372936
v -2.633600 7.204311 -4.367936
v -2.641724 7.201311 -4.372936
v -2.641724 7.201311 -4.382936
v -2.633600 7.204311 -4.387937
v -1.891675 5.220452 -4.382937
v -1.891675 5.220452 -4.372937
v -1.899799 5.217452 -4.367937
v -1.907923 5.214451 -4.372937
v -1.907923 5.214451 -4.382937
v -1.899799 5.217452 -4.387937
v -1.157874 3.233592 -4.382937
v -1.157874 3.233592 -4.372937
v -1.165998 3.230592 -4.367937
v -1.174121 3.227592 -4.372937
v -1.174121 3.227592 -4.382937
v -1.165998 3.230592 -4.387937
v -0.424074 1.246731 -4.382937
v -0.424074 1.246731 -4.372937
v -0.432198 1.243731 -4.367937
v -0.440321 1.240730 -4.372937
v -0.440321 1.240730 -4.382937
v -0.432198 1.243731 -4.387938
v 0.309728 -0.740129 -4.382937
v 0.309728 -0.740129 -4.372937
v 0.301604 -0.743129 -4.367937
v 0.293480 -0.746129 -4.372937
v 0.293480 -0.746129 -4.382937
v 0.301604 -0.743129 -4.387938
v 1.043530 -2.726989 -4.382938
v 1.043530 -2.726989 -4.372938
v 1.035406 -2.729989 -4.367938
v 1.027282 -2.732989 -4.372938
v 1.027282 -2.732989 -4.382938
v 1.035406 -2.729989 -4.387938
v 1.777330 -4.713849 -4.382938
v 1.777330 -4.713849 -4.372938
v 1.769206 -4.716849 -4.367938
v 1.761082 -4.719849 -4.372938
v 1.761082 -4.719849 -4.382938
v 1.769206 -4.716849 -4.387938
v 2.511132 -6.700708 -4.382938
v 2.511132 -6.700708 -4.372938
v 2.503008 -6.703709 -4.367938
v 2.494884 -6.706709 -4.372938
v 2.494884 -6.706709 -4.382938
v 2.503008 -6.703709 -4.387938
v -0.573454 0.221885 -4.382937
v -0.573454 0.221885 -4.372937
v -0.565898 0.217654 -4.367937
v -0.558342 0.213423 -4.372937
v -0.558342 0.213423 -4.382937
v -0.565898 0.217654 -4.387938
v -0.529924 0.299619 -4.382937
v -0.529924 0.299619 -4.372937
v -0.522367 0.295388 -4.367937
v -0.514811 0.291156 -4.372937
v -0.514811 0.291156 -4.382937
v -0.522367 0.295388 -4.387938
v -0.486392 0.377352 -4.382937
v -0.486392 0.377352 -4.372937
v -0.478836 0.373120 -4.367937
v -0.471280 0.368889 -4.372937
v -0.471280 0.368889 -4.382937
v -0.478836 0.373120 -4.387938
v -0.442862 0.455084 -4.382937
v -0.442862 0.455084 -4.372937
v -0.435306 0.450853 -4.367937
v -0.427749 0.446621 -4.372937
v -0.427749 0.446621 -4.382937
v -0.435306 0.450853 -4.387938
v -0.399331 0.532818 -4.382937
v -0.399331 0.532818 -4.372937
v -0.391775 0.528587 -4.367937
v -0.384219 0.524355 -4.372937
v -0.384219 0.524355 -4.382937
v -0.391775 0.528587 -4.387938
v -0.355801 0.610552 -4.382937
v -0.355801 0.610552 -4.372937
v -0.348245 0.606320 -4.367937
v -0.340689 0.602089 -4.372937
v -0.340689 0.602089 -4.382937
v -0.348245 0.606320 -4.387938
v -0.312270 0.688283 -4.382937
v -0.312270 0.688283 -4.372937
v -0.304714 0.684051 -4.367937
v -0.297158 0.679820 -4.372937
v -0.297158 0.679820 -4.382937
v -0.304714 0.684051 -4.387938
v -0.263610 0.770099 -4.382937
v -0.263610 0.770099 -4.372937
v -0.261184 0.761785 -4.367937
v -0.258758 0.753472 -4.372937
v -0.258758 0.753472 -4.382937
v -0.261184 0.761785 -4.387938
v -0.129607 0.701013 -4.382937
v -0.129607 0.701013 -4.372937
v -0.133701 0.693382 -4.367937
v -0.137796 0.685751 -4.372937
v -0.137796 0.685751 -4.382937
v -0.133701 0.693382 -4.387938
v -0.002123 0.632606 -4.382937
v -0.002123 0.632606 -4.372937
v -0.006218 0.624975 -4.367937
v -0.010313 0.617344 -4.372937
v -0.010313 0.617344 -4.382937
v -0.006218 0.624975 -4.387938
v 0.125358 0.564201 -4.382937
v 0.125358 0.564201 -4.372937
v 0.121264 0.556570 -4.367937
v 0.117169 0.548939 -4.372937
v 0.117169 0.548939 -4.382937
v 0.121264 0.556570 -4.387938
v 0.252842 0.495797 -4.382937
v 0.252842 0.495797 -4.372937
v 0.248747 0.488166 -4.367937
v 0.244652 0.480534 -4.372937
v 0.244652 0.480534 -4.382937
v 0.248747 0.488166 -4.387938
v 0.380322 0.427390 -4.382937
v 0.380322 0.427390 -4.372937
v 0.376227 0.419759 -4.367937
v 0.372133 0.412128 -4.372937
v 0.372133 0.412128 -4.382937
v 0.376227 0.419759 -4.387938
v 0.507806 0.358985 -4.382937
v 0.507806 0.358985 -4.372937
v 0.503712 0.351354 -4.367937
v 0.499617 0.343723 -4.372937
v 0.499617 0.343723 -4.382937
v 0.503712 0.351354 -4.387938
v 0.638048 0.288242 -4.382937
v 0.638048 0.288242 -4.372937
v 0.631194 0.282949 -4.367937
v 0.624340 0.277656 -4.372937
v 0.624340 0.277656 -4.382937
v 0.631194 0.282949 -4.387938
v 0.661378 0.194812 -4.382937
v 0.661378 0.194812 -4.372937
v 0.652960 0.192780 -4.367937
v 0.644541 0.190748 -4.372937
v 0.644541 0.190748 -4.382937
v 0.652960 0.192780 -4.387938
v 0.683142 0.104641 -4.382937
v 0.683142 0.104641 -4.372937
v 0.674724 0.102609 -4.367937
v 0.666305 0.100577 -4.372937
v 0.666305 0.100577 -4.382937
v 0.674724 0.102609 -4.387938
v 0.704908 0.014470 -4.382937
v 0.704908 0.014470 -4.372937
v 0.696489 0.012438 -4.367937
v 0.688071 0.010406 -4.372937
v 0.688071 0.010406 -4.382937
v 0.696489 0.012438 -4.387938
v 0.726673 -0.075700 -4.382937
v 0.726673 -0.075700 -4.372937
v 0.718255 -0.077733 -4.367937
v 0.709837 -0.079765 -4.372937
v 0.709837 -0.079765 -4.382937
v 0.718255 -0.077733 -4.387938
v 0.748439 -0.165872 -4.382937
v 0.748439 -0.165872 -4.372937
v 0.740021 -0.167904 -4.367937
v 0.731602 -0.169936 -4.372937
v 0.731602 -0.169936 -4.382937
v 0.740021 -0.167904 -4.387938
v 0.770203 -0.256043 -4.382937
v 0.770203 -0.256043 -4.372937
v 0.761785 -0.258075 -4.367937
v 0.753366 -0.260107 -4.372937
v 0.753366 -0.260107 -4.382937
v 0.761785 -0.258075 -4.387938
v 0.792148 -0.349279 -4.382937
v 0.792148 -0.349279 -4.372937
v 0.783550 -0.348244 -4.367937
v 0.774952 -0.347209 -4.372937
v 0.774952 -0.347209 -4.382937
v 0.783550 -0.348244 -4.387938
v 0.741498 -0.448606 -4.382937
v 0.741498 -0.448606 -4.372937
v 0.733802 -0.444634 -4.367937
v 0.726106 -0.440662 -4.372937
v 0.726106 -0.440662 -4.382937
v 0.733802 -0.444634 -4.387938
v 0.691749 -0.544994 -4.382937
v 0.691749 -0.544994 -4.372937
v 0.684053 -0.541022 -4.367937
v 0.676358 -0.537050 -4.372937
v 0.676358 -0.537050 -4.382937
v 0.684053 -0.541022 -4.387938
v 0.641998 -0.641383 -4.382937
v 0.641998 -0.641383 -4.372937
v 0.634302 -0.637411 -4.367937
v 0.626606 -0.633439 -4.372937
v 0.626606 -0.633439 -4.382937
v 0.634302 -0.637411 -4.387938
v 0.592249 -0.737773 -4.382937
v 0.592249 -0.737773 -4.372937
v 0.584554 -0.733801 -4.367937
v 0.576858 -0.729829 -4.372937
v 0.576858 -0.729829 -4.382937
v 0.584554 -0.733801 -4.387938
v 0.542499 -0.834161 -4.382937
v 0.542499 -0.834161 -4.372937
v 0.534803 -0.830189 -4.367937
v 0.527108 -0.826217 -4.372937
v 0.527108 -0.826217 -4.382937
v 0.534803 -0.830189 -4.387938
v 0.492751 -0.930550 -4.382937
v 0.492751 -0.930550 -4.372937
v 0.485055 -0.926579 -4.367937
v 0.477359 -0.922607 -4.372937
v 0.477359 -0.922607 -4.382937
v 0.485055 -0.926579 -4.387938
v 0.438780 -1.030901 -4.382937
v 0.438780 -1.030901 -4.372937
v 0.435306 -1.022968 -4.367937
v 0.431831 -1.015035 -4.372937
v 0.431831 -1.015035 -4.382937
v 0.435306 -1.022968 -4.387938
v 0.218461 -0.972240 -4.382937
v 0.218461 -0.972240 -4.372937
v 0.220760 -0.963891 -4.367937
v 0.223059 -0.955541 -4.372937
v 0.223059 -0.955541 -4.382937
v 0.220760 -0.963891 -4.387938
v 0.003920 -0.913163 -4.382937
v 0.003920 -0.913163 -4.372937
v 0.006219 -0.904813 -4.367937
v 0.008518 -0.896464 -4.372937
v 0.008518 -0.896464 -4.382937
v 0.006219 -0.904813 -4.387938
v -0.210624 -0.854085 -4.382937
v -0.210624 -0.854085 -4.372937
v -0.208324 -0.845736 -4.367937
v -0.206025 -0.837386 -4.372937
v -0.206025 -0.837386 -4.382937
v -0.208324 -0.845736 -4.387938
v -0.425168 -0.795008 -4.382937
v -0.425168 -0.795008 -4.372937
v -0.422869 -0.786658 -4.367937
v -0.420570 -0.778309 -4.372937
v -0.420570 -0.778309 -4.382937
v -0.422869 -0.786658 -4.387938
v -0.639711 -0.735932 -4.382937
v -0.639711 -0.735932 -4.372937
v -0.637412 -0.727582 -4.367937
v -0.635113 -0.719233 -4.372937
v -0.635113 -0.719233 -4.382937
v -0.637412 -0.727582 -4.387938
v -0.854255 -0.676854 -4.382937
v -0.854255 -0.676854 -4.372937
v -0.851955 -0.668505 -4.367937
v -0.849656 -0.660155 -4.372937
v -0.849656 -0.660155 -4.382937
v -0.851955 -0.668505 -4.387938
v -1.071998 -0.616118 -4.382937
v -1.071998 -0.616118 -4.372937
v -1.066500 -0.609427 -4.367937
v -1.061001 -0.602737 -4.372937
v -1.061001 -0.602737 -4.382937
v -1.066500 -0.609427 -4.387938
v -1.151979 -0.457833 -4.382937
v -1.151979 -0.457833 -4.372937
v -1.144233 -0.453960 -4.367937
v -1.136487 -0.450087 -4.372937
v -1.136487 -0.450087 -4.382937
v -1.144233 -0.453960 -4.387938
v -1.229711 -0.302368 -4.382937
v -1.229711 -0.302368 -4.372937
v -1.221965 -0.298495 -4.367937
v -1.214219 -0.294622 -4.372937
v -1.214219 -0.294622 -4.382937
v -1.221965 -0.298495 -4.387938
v -1.307446 -0.146901 -4.382937
v -1.307446 -0.146901 -4.372937
v -1.299700 -0.143028 -4.367937
v -1.291954 -0.139155 -4.372937
v -1.291954 -0.139155 -4.382937
v -1.299700 -0.143028 -4.387938
v -1.385178 0.008565 -4.382937
v -1.385178 0.008565 -4.372937
v -1.377432 0.012438 -4.367937
v -1.369686 0.016311 -4.372937
v -1.369686 0.016311 -4.382937
v -1.377432 0.012438 -4.387938
v -1.462913 0.164031 -4.382937
v -1.462913 0.164031 -4.372937
v -1.455167 0.167904 -4.367937
v -1.447421 0.171777 -4.372937
v -1.447421 0.171777 -4.382937
v -1.455167 0.167904 -4.387938
v -1.540645 0.319497 -4.382937
v -1.540645 0.319497 -4.372937
v -1.532899 0.323370 -4.367937
v -1.525153 0.327243 -4.372937
v -1.525153 0.327243 -4.382937
v -1.532899 0.323370 -4.387938
v -1.619150 0.480401 -4.382937
v -1.619150 0.480401 -4.372937
v -1.610632 0.478837 -4.367937
v -1.602114 0.477272 -4.372937
v -1.602114 0.477272 -4.382937
v -1.610632 0.478837 -4.387938
v -1.461030 0.628239 -4.382937
v -1.461030 0.628239 -4.372937
v -1.455167 0.621866 -4.367937
v -1.449303 0.615492 -4.372937
v -1.449303 0.615492 -4.382937
v -1.455167 0.621866 -4.387938
v -1.305563 0.771270 -4.382937
v -1.305563 0.771270 -4.372937
v -1.299700 0.764896 -4.367937
v -1.293836 0.758523 -4.372937
v -1.293836 0.758523 -4.382937
v -1.299700 0.764896 -4.387938
v -1.150097 0.914296 -4.382937
v -1.150097 0.914296 -4.372937
v -1.144234 0.907922 -4.367937
v -1.138370 0.901549 -4.372937
v -1.138370 0.901549 -4.382937
v -1.144234 0.907922 -4.387938
v -0.994630 1.057328 -4.382937
v -0.994630 1.057328 -4.372937
v -0.988767 1.050955 -4.367937
v -0.982903 1.044581 -4.372937
v -0.982903 1.044581 -4.382937
v -0.988767 1.050955 -4.387938
v -0.839165 1.200356 -4.382937
v -0.839165 1.200356 -4.372937
v -0.833302 1.193982 -4.367937
v -0.827438 1.187609 -4.372937
v -0.827438 1.187609 -4.382937
v -0.833302 1.193982 -4.387938
v -0.683697 1.343385 -4.382937
v -0.683697 1.343385 -4.372937
v -0.677834 1.337011 -4.367937
v -0.671970 1.330638 -4.372937
v -0.671970 1.330638 -4.382937
v -0.677834 1.337011 -4.387938
v -0.524524 1.488428 -4.382937
v -0.524524 1.488428 -4.372937
v -0.522367 1.480041 -4.367937
v -0.520211 1.471653 -4.372937
v -0.520211 1.471653 -4.382937
v -0.522367 1.480041 -4.387938
v -0.190716 1.407608 -4.382937
v -0.190716 1.407608 -4.372937
v -0.192780 1.399197 -4.367937
v -0.194843 1.390786 -4.372937
v -0.194843 1.390786 -4.382937
v -0.192780 1.399197 -4.387938
v 0.138873 1.326766 -4.382937
v 0.138873 1.326766 -4.372937
v 0.136810 1.318355 -4.367937
v 0.134747 1.309944 -4.372937
v 0.134747 1.309944 -4.382937
v 0.136810 1.318355 -4.387938
v 0.468462 1.245924 -4.382937
v 0.468462 1.245924 -4.372937
v 0.466399 1.237513 -4.367937
v 0.464336 1.229102 -4.372937
v 0.464336 1.229102 -4.382937
v 0.466399 1.237513 -4.387938
v 0.798050 1.165080 -4.382937
v 0.798050 1.165080 -4.372937
v 0.795987 1.156669 -4.367937
v 0.793924 1.148258 -4.372937
v 0.793924 1.148258 -4.382937
v 0.795987 1.156669 -4.387938
v 1.127641 1.084240 -4.382937
v 1.127641 1.084240 -4.372937
v 1.125578 1.075829 -4.367937
v 1.123515 1.067418 -4.372937
v 1.123515 1.067418 -4.382937
v 1.125578 1.075829 -4.387938
v 1.457229 1.003396 -4.382937
v 1.457229 1.003396 -4.372937
v 1.455166 0.994985 -4.367937
v 1.453103 0.986574 -4.372937
v 1.453103 0.986574 -4.382937
v 1.455166 0.994985 -4.387938
v 1.791205 0.919922 -4.382937
v 1.791205 0.919922 -4.372937
v 1.784755 0.914143 -4.367937
v 1.778304 0.908365 -4.372937
v 1.778304 0.908365 -4.382937
v 1.784755 0.914143 -4.387938
v 1.824435 0.678963 -4.382937
v 1.824435 0.678963 -4.372937
v 1.815848 0.677833 -4.367937
v 1.807262 0.676704 -4.372937
v 1.807262 0.676704 -4.382937
v 1.815848 0.677833 -4.387938
v 1.855528 0.442655 -4.382937
v 1.855528 0.442655 -4.372937
v 1.846942 0.441525 -4.367937
v 1.838356 0.440395 -4.372937
v 1.838356 0.440395 -4.382937
v 1.846942 0.441525 -4.387938
v 1.886621 0.206347 -4.382937
v 1.886621 0.206347 -4.372937
v 1.878035 0.205217 -4.367937
v 1.869448 0.204087 -4.372937
v 1.869448 0.204087 -4.382937
v 1.878035 0.205217 -4.387938
v 1.917713 -0.029963 -4.382937
v 1.917713 -0.029963 -4.372937
v 1.909126 -0.031093 -4.367937
v 1.900540 -0.032223 -4.372937
v 1.900540 -0.032223 -4.382937
v 1.909126 -0.031093 -4.387938
v 1.948808 -0.266273 -4.382937
v 1.948808 -0.266273 -4.372937
v 1.940222 -0.267403 -4.367937
v 1.931635 -0.268533 -4.372937
v 1.931635 -0.268533 -4.382937
v 1.940222 -0.267403 -4.387938
v 1.979900 -0.502580 -4.382937
v 1.979900 -0.502580 -4.372937
v 1.971313 -0.503710 -4.367937
v 1.962727 -0.504839 -4.372937
v 1.962727 -0.504839 -4.382937
v 1.971313 -0.503710 -4.387938
v 2.010716 -0.742460 -4.382937
v 2.010716 -0.742460 -4.372937
v 2.002407 -0.740019 -4.367937
v 1.994098 -0.737579 -4.372937
v 1.994098 -0.737579 -4.382937
v 2.002407 -0.740019 -4.387938
v 1.838004 -0.947721 -4.382937
v 1.838004 -0.947721 -4.372937
v 1.831393 -0.942127 -4.367937
v 1.824782 -0.936533 -4.372937
v 1.824782 -0.936533 -4.382937
v 1.831393 -0.942127 -4.387938
v 1.666992 -1.149825 -4.382937
v 1.666992 -1.149825 -4.372937
v 1.660381 -1.144231 -4.367937
v 1.653770 -1.138637 -4.372937
v 1.653770 -1.138637 -4.382937
v 1.660381 -1.144231 -4.387938
v 1.495979 -1.351933 -4.382937
v 1.495979 -1.351933 -4.372937
v 1.489367 -1.346339 -4.367937
v 1.482756 -1.340744 -4.372937
v 1.482756 -1.340744 -4.382937
v 1.489367 -1.346339 -4.387938
v 1.324965 -1.554038 -4.382937
v 1.324965 -1.554038 -4.372937
v 1.318354 -1.548444 -4.367937
v 1.311743 -1.542850 -4.372937
v 1.311743 -1.542850 -4.382937
v 1.318354 -1.548444 -4.387938
v 1.153951 -1.756145 -4.382938
v 1.153951 -1.756145 -4.372938
v 1.147340 -1.750551 -4.367938
v 1.140729 -1.744957 -4.372938
v 1.140729 -1.744957 -4.382938
v 1.147340 -1.750551 -4.387938
v 0.982941 -1.958250 -4.382938
v 0.982941 -1.958250 -4.372938
v 0.976330 -1.952656 -4.367938
v 0.969719 -1.947062 -4.372938
v 0.969719 -1.947062 -4.382938
v 0.976330 -1.952656 -4.387938
v 0.808042 -2.162984 -4.382938
v 0.808042 -2.162984 -4.372938
v 0.805316 -2.154763 -4.367938
v 0.802590 -2.146543 -4.372938
v 0.802590 -2.146543 -4.382938
v 0.805316 -2.154763 -4.387938
v 0.321409 -2.051263 -4.382938
v 0.321409 -2.051263 -4.372938
v 0.323368 -2.042827 -4.367938
v 0.325327 -2.034391 -4.372938
v 0.325327 -2.034391 -4.382938
v 0.323368 -2.042827 -4.387938
v -0.160535 -1.939327 -4.382938
v -0.160535 -1.939327 -4.372938
v -0.158576 -1.930892 -4.367938
v -0.156617 -1.922456 -4.372938
v -0.156617 -1.922456 -4.382938
v -0.158576 -1.930892 -4.387938
v -0.642481 -1.827391 -4.382938
v -0.642481 -1.827391 -4.372938
v -0.640522 -1.818955 -4.367938
v -0.638563 -1.810519 -4.372938
v -0.638563 -1.810519 -4.382938
v -0.640522 -1.818955 -4.387938
v -1.124426 -1.715456 -4.382938
v -1.124426 -1.715456 -4.372938
v -1.122467 -1.707020 -4.367938
v -1.120508 -1.698585 -4.372938
v -1.120508 -1.698585 -4.382938
v -1.122467 -1.707020 -4.387938
v -1.606373 -1.603520 -4.382937
v -1.606373 -1.603520 -4.372937
v -1.604414 -1.595084 -4.367937
v -1.602455 -1.586648 -4.372937
v -1.602455 -1.586648 -4.382937
v -1.604414 -1.595084 -4.387938
v -2.088316 -1.491585 -4.382937
v -2.088316 -1.491585 -4.372937
v -2.086357 -1.483149 -4.367937
v -2.084398 -1.474713 -4.372937
v -2.084398 -1.474713 -4.382937
v -2.086357 -1.483149 -4.387938
v -2.574577 -1.377184 -4.382937
v -2.574577 -1.377184 -4.372937
v -2.568304 -1.371213 -4.367937
v -2.562032 -1.365241 -4.372937
v -2.562032 -1.365241 -4.382937
v -2.568304 -1.371213 -4.387938
v -2.635904 -1.046275 -4.382937
v -2.635904 -1.046275 -4.372937
v -2.627382 -1.044733 -4.367937
v -2.618860 -1.043191 -4.372937
v -2.618860 -1.043191 -4.382937
v -2.627382 -1.044733 -4.387938
v -2.694980 -0.719796 -4.382937
v -2.694980 -0.719796 -4.372937
v -2.686459 -0.718254 -4.367937
v -2.677937 -0.716712 -4.372937
v -2.677937 -0.716712 -4.382937
v -2.686459 -0.718254 -4.387938
v -2.754059 -0.393317 -4.382937
v -2.754059 -0.393317 -4.372937
v -2.745537 -0.391775 -4.367937
v -2.737015 -0.390233 -4.372937
v -2.737015 -0.390233 -4.382937
v -2.745537 -0.391775 -4.387938
v -2.813135 -0.066837 -4.382937
v -2.813135 -0.066837 -4.372937
v -2.804613 -0.065295 -4.367937
v -2.796091 -0.063753 -4.372937
v -2.796091 -0.063753 -4.382937
v -2.804613 -0.065295 -4.387938
v -2.872211 0.259643 -4.382937
v -2.872211 0.259643 -4.372937
v -2.863689 0.261185 -4.367937
v -2.855168 0.262727 -4.372937
v -2.855168 0.262727 -4.382937
v -2.863689 0.261185 -4.387938
v -2.931289 0.586120 -4.382937
v -2.931289 0.586120 -4.372937
v -2.922768 0.587662 -4.367937
v -2.914246 0.589204 -4.372937
v -2.914246 0.589204 -4.382937
v -2.922768 0.587662 -4.387938
v -2.990026 0.916987 -4.382937
v -2.990026 0.916987 -4.372937
v -2.981846 0.914143 -4.367937
v -2.973666 0.911300 -4.372937
v -2.973666 0.911300 -4.382937
v -2.981846 0.914143 -4.387938
v -2.698404 1.175605 -4.382937
v -2.698404 1.175605 -4.372937
v -2.692677 1.169110 -4.367937
v -2.686949 1.162614 -4.372937
v -2.686949 1.162614 -4.382937
v -2.692677 1.169110 -4.387938
v -2.409239 1.430569 -4.382937
v -2.409239 1.430569 -4.372937
v -2.403511 1.424073 -4.367937
v -2.397784 1.417577 -4.372937
v -2.397784 1.417577 -4.382937
v -2.403511 1.424073 -4.387938
v -2.120070 1.685533 -4.382937
v -2.120070 1.685533 -4.372937
v -2.114343 1.679038 -4.367937
v -2.108615 1.672542 -4.372937
v -2.108615 1.672542 -4.382937
v -2.114343 1.679038 -4.387938
v -1.830904 1.940497 -4.382937
v -1.830904 1.940497 -4.372937
v -1.825176 1.934001 -4.367937
v -1.819449 1.927505 -4.372937
v -1.819449 1.927505 -4.382937
v -1.825176 1.934001 -4.387937
v -1.541735 2.195463 -4.382937
v -1.541735 2.195463 -4.372937
v -1.536008 2.188967 -4.367937
v -1.530280 2.182471 -4.372937
v -1.530280 2.182471 -4.382937
v -1.536008 2.188967 -4.387937
v -1.252568 2.450427 -4.382937
v -1.252568 2.450427 -4.372937
v -1.246840 2.443932 -4.367937
v -1.241113 2.437436 -4.372937
v -1.241113 2.437436 -4.382937
v -1.246840 2.443932 -4.387937
v -0.959691 2.707318 -4.382937
v -0.959691 2.707318 -4.372937
v -0.957673 2.698896 -4.367937
v -0.955656 2.690475 -4.372937
v -0.955656 2.690475 -4.382937
v -0.957673 2.698896 -4.387937
v -0.364737 2.554926 -4.382937
v -0.364737 2.554926 -4.372937
v -0.366899 2.546540 -4.367937
v -0.369062 2.538154 -4.372937
v -0.369062 2.538154 -4.382937
v -0.366899 2.546540 -4.387937
v 0.226034 2.402568 -4.382937
v 0.226034 2.402568 -4.372937
v 0.223871 2.394182 -4.367937
v 0.221709 2.385796 -4.372937
v 0.221709 2.385796 -4.382937
v 0.223871 2.394182 -4.387937
v 0.816807 2.250211 -4.382937
v 0.816807 2.250211 -4.372937
v 0.814644 2.241825 -4.367937
v 0.812481 2.233439 -4.372937
v 0.812481 2.233439 -4.382937
v 0.814644 2.241825 -4.387937
v 1.407577 2.097854 -4.382937
v 1.407577 2.097854 -4.372937
v 1.405415 2.089468 -4.367937
v 1.403252 2.081083 -4.372937
v 1.403252 2.081083 -4.382937
v 1.405415 2.089468 -4.387937
v 1.998351 1.945498 -4.382937
v 1.998351 1.945498 -4.372937
v 1.996188 1.937112 -4.367937
v 1.994025 1.928726 -4.372937
v 1.994025 1.928726 -4.382937
v 1.996188 1.937112 -4.387937
v 2.589122 1.793140 -4.382937
v 2.589122 1.793140 -4.372937
v 2.586959 1.784754 -4.367937
v 2.584796 1.776368 -4.372937
v 2.584796 1.776368 -4.382937
v 2.586959 1.784754 -4.387938
v 3.184088 1.638281 -4.382937
v 3.184088 1.638281 -4.372937
v 3.177733 1.632397 -4.367937
v 3.171379 1.626513 -4.372937
v 3.171379 1.626513 -4.382937
v 3.177733 1.632397 -4.387938
v 3.263995 1.195494 -4.382937
v 3.263995 1.195494 -4.372937
v 3.255467 1.193982 -4.367937
v 3.246940 1.192470 -4.372937
v 3.246940 1.192470 -4.382937
v 3.255467 1.193982 -4.387938
v 3.341726 0.757079 -4.382937
v 3.341726 0.757079 -4.372937
v 3.333199 0.755567 -4.367937
v 3.324671 0.754055 -4.372937
v 3.324671 0.754055 -4.382937
v 3.333199 0.755567 -4.387938
v 3.419460 0.318663 -4.382937
v 3.419460 0.318663 -4.372937
v 3.410933 0.317151 -4.367937
v 3.402405 0.315639 -4.372937
v 3.402405 0.315639 -4.382937
v 3.410933 0.317151 -4.387938
v 3.497193 -0.119750 -4.382937
v 3.497193 -0.119750 -4.372937
v 3.488666 -0.121262 -4.367937
v 3.480138 -0.122774 -4.372937
v 3.480138 -0.122774 -4.382937
v 3.488666 -0.121262 -4.387938
v 3.574927 -0.558168 -4.382937
v 3.574927 -0.558168 -4.372937
v 3.566400 -0.559680 -4.367937
v 3.557872 -0.561192 -4.372937
v 3.557872 -0.561192 -4.382937
v 3.566400 -0.559680 -4.387938
v 3.652658 -0.996580 -4.382937
v 3.652658 -0.996580 -4.372937
v 3.644131 -0.998091 -4.367937
v 3.635603 -0.999603 -4.372937
v 3.635603 -0.999603 -4.382937
v 3.644131 -0.998091 -4.387938
v 3.730035 -1.439380 -4.382937
v 3.730035 -1.439380 -4.372937
v 3.721865 -1.436509 -4.367937
v 3.713694 -1.433638 -4.372937
v 3.713694 -1.433638 -4.382937
v 3.721865 -1.436509 -4.387938
v 3.376216 -1.750846 -4.382938
v 3.376216 -1.750846 -4.372938
v 3.370509 -1.744332 -4.367938
v 3.364802 -1.737818 -4.372938
v 3.364802 -1.737818 -4.382938
v 3.370509 -1.744332 -4.387938
v 3.024864 -2.058669 -4.382938
v 3.024864 -2.058669 -4.372938
v 3.019157 -2.052155 -4.367938
v 3.013451 -2.045641 -4.372938
v 3.013451 -2.045641 -4.382938
v 3.019157 -2.052155 -4.387938
v 2.673510 -2.366493 -4.382938
v 2.673510 -2.366493 -4.372938
v 2.667803 -2.359979 -4.367938
v 2.662096 -2.353465 -4.372938
v 2.662096 -2.353465 -4.382938
v 2.667803 -2.359979 -4.387938
v 2.322157 -2.674316 -4.382938
v 2.322157 -2.674316 -4.372938
v 2.316450 -2.667802 -4.367938
v 2.310743 -2.661288 -4.372938
v 2.310743 -2.661288 -4.382938
v 2.316450 -2.667802 -4.387938
v 1.970803 -2.982139 -4.382938
v 1.970803 -2.982139 -4.372938
v 1.965096 -2.975626 -4.367938
v 1.959390 -2.969112 -4.372938
v 1.959390 -2.969112 -4.382938
v 1.965096 -2.975626 -4.387938
v 1.619452 -3.289962 -4.382938
v 1.619452 -3.289962 -4.372938
v 1.613745 -3.283448 -4.367938
v 1.608038 -3.276935 -4.372938
v 1.608038 -3.276935 -4.382938
v 1.613745 -3.283448 -4.387938
v 1.264347 -3.599708 -4.382938
v 1.264347 -3.599708 -4.372938
v 1.262388 -3.591272 -4.367938
v 1.260429 -3.582836 -4.372938
v 1.260429 -3.582836 -4.382938
v 1.262388 -3.591272 -4.387938
v 0.498352 -3.394419 -4.382938
v 0.498352 -3.394419 -4.372938
v 0.500605 -3.386057 -4.367938
v 0.502857 -3.377695 -4.372938
v 0.502857 -3.377695 -4.382938
v 0.500605 -3.386057 -4.387938
v -0.263440 -3.189202 -4.382938
v -0.263440 -3.189202 -4.372938
v -0.261188 -3.180840 -4.367938
v -0.258935 -3.172478 -4.372938
v -0.258935 -3.172478 -4.382938
v -0.261188 -3.180840 -4.387938
v -1.025223 -2.983987 -4.382938
v -1.025223 -2.983987 -4.372938
v -1.022970 -2.975625 -4.367938
v -1.020718 -2.967263 -4.372938
v -1.020718 -2.967263 -4.382938
v -1.022970 -2.975625 -4.387938
v -1.787006 -2.778772 -4.382938
v -1.787006 -2.778772 -4.372938
v -1.784753 -2.770410 -4.367938
v -1.782500 -2.762048 -4.372938
v -1.782500 -2.762048 -4.382938
v -1.784753 -2.770410 -4.387938
v -2.548788 -2.573557 -4.382938
v -2.548788 -2.573557 -4.372938
v -2.546535 -2.565195 -4.367938
v -2.544283 -2.556833 -4.372938
v -2.544283 -2.556833 -4.382938
v -2.546535 -2.565195 -4.387938
v -3.310581 -2.368340 -4.382938
v -3.310581 -2.368340 -4.372938
v -3.308329 -2.359978 -4.367938
v -3.306076 -2.351616 -4.372938
v -3.306076 -2.351616 -4.382938
v -3.308329 -2.359978 -4.387938
v -4.076777 -2.160291 -4.382938
v -4.076777 -2.160291 -4.372938
v -4.070110 -2.154763 -4.367938
v -4.063443 -2.149236 -4.372938
v -4.063443 -2.149236 -4.382938
v -4.070110 -2.154763 -4.387938
v -4.119167 -1.629953 -4.382937
v -4.119167 -1.629953 -4.372937
v -4.110533 -1.629289 -4.367937
v -4.101898 -1.628624 -4.372937
v -4.101898 -1.628624 -4.382937
v -4.110533 -1.629289 -4.387938
v -4.159590 -1.104471 -4.382937
v -4.159590 -1.104471 -4.372937
v -4.150955 -1.103807 -4.367937
v -4.142321 -1.103143 -4.372937
v -4.142321 -1.103143 -4.382937
v -4.150955 -1.103807 -4.387938
v -4.200008 -0.578998 -4.382937
v -4.200008 -0.578998 -4.372937
v -4.191374 -0.578334 -4.367937
v -4.182739 -0.577670 -4.372937
v -4.182739 -0.577670 -4.382937
v -4.191374 -0.578334 -4.387938
v -4.240431 -0.053523 -4.382937
v -4.240431 -0.053523 -4.372937
v -4.231796 -0.052858 -4.367937
v -4.223162 -0.052194 -4.372937
v -4.223162 -0.052194 -4.382937
v -4.231796 -0.052858 -4.387938
v -4.280851 0.471950 -4.382937
v -4.280851 0.471950 -4.372937
v -4.272217 0.472614 -4.367937
v -4.263582 0.473278 -4.372937
v -4.263582 0.473278 -4.382937
v -4.272217 0.472614 -4.387938
v -4.321272 0.997432 -4.382937
v -4.321272 0.997432 -4.372937
v -4.312637 0.998097 -4.367937
v -4.304003 0.998761 -4.372937
v -4.304003 0.998761 -4.382937
v -4.312637 0.998097 -4.387938
v -4.361242 1.526404 -4.382937
v -4.361242 1.526404 -4.372937
v -4.353058 1.523571 -4.367937
v -4.344874 1.520738 -4.372937
v -4.344874 1.520738 -4.382937
v -4.353058 1.523571 -4.387938
v -3.970771 1.952298 -4.382937
v -3.970771 1.952298 -4.372937
v -3.964395 1.946438 -4.367937
v -3.958018 1.940577 -4.372937
v -3.958018 1.940577 -4.382937
v -3.964395 1.946438 -4.387937
v -3.582102 2.375171 -4.382937
v -3.582102 2.375171 -4.372937
v -3.575726 2.369311 -4.367937
v -3.569349 2.363450 -4.372937
v -3.569349 2.363450 -4.382937
v -3.575726 2.369311 -4.387937
v -3.193436 2.798038 -4.382937
v -3.193436 2.798038 -4.372937
v -3.187060 2.792177 -4.367937
v -3.180684 2.786317 -4.372937
v -3.180684 2.786317 -4.382937
v -3.187060 2.792177 -4.387937
v -2.804771 3.220904 -4.382937
v -2.804771 3.220904 -4.372937
v -2.798395 3.215044 -4.367937
v -2.792019 3.209183 -4.372937
v -2.792019 3.209183 -4.382937
v -2.798395 3.215044 -4.387937
v -2.416108 3.643770 -4.382937
v -2.416108 3.643770 -4.372937
v -2.409732 3.637910 -4.367937
v -2.403356 3.632050 -4.372937
v -2.403356 3.632050 -4.382937
v -2.409732 3.637910 -4.387937
v -2.027437 4.066645 -4.382937
v -2.027437 4.066645 -4.372937
v -2.021061 4.060785 -4.367937
v -2.014685 4.054924 -4.372937
v -2.014685 4.054924 -4.382937
v -2.021061 4.060785 -4.387937
v -1.634625 4.492019 -4.382937
v -1.634625 4.492019 -4.372937
v -1.632398 4.483650 -4.367937
v -1.630170 4.475281 -4.372937
v -1.630170 4.475281 -4.382937
v -1.632398 4.483650 -4.387937
v -0.728075 4.205848 -4.382937
v -0.728075 4.205848 -4.372937
v -0.730694 4.197593 -4.367937
v -0.733313 4.189338 -4.372937
v -0.733313 4.189338 -4.382937
v -0.730694 4.197593 -4.387937
v 0.173636 3.919786 -4.382937
v 0.173636 3.919786 -4.372937
v 0.171018 3.911531 -4.367937
v 0.168399 3.903277 -4.372937
v 0.168399 3.903277 -4.382937
v 0.171018 3.911531 -4.387937
v 1.075337 3.633731 -4.382937
v 1.075337 3.633731 -4.372937
v 1.072719 3.625476 -4.367937
v 1.070100 3.617221 -4.372937
v 1.070100 3.617221 -4.382937
v 1.072719 3.625476 -4.387937
v 1.977041 3.347673 -4.382937
v 1.977041 3.347673 -4.372937
v 1.974422 3.339418 -4.367937
v 1.971804 3.331163 -4.372937
v 1.971804 3.331163 -4.382937
v 1.974422 3.339418 -4.387937
v 2.878740 3.061618 -4.382937
v 2.878740 3.061618 -4.372937
v 2.876122 3.053363 -4.367937
v 2.873503 3.045108 -4.372937
v 2.873503 3.045108 -4.382937
v 2.876122 3.053363 -4.387937
v 3.780455 2.775556 -4.382937
v 3.780455 2.775556 -4.372937
v 3.777836 2.767301 -4.367937
v 3.775217 2.759047 -4.372937
v 3.775217 2.759047 -4.382937
v 3.777836 2.767301 -4.387937
v 4.686011 2.486995 -4.382937
v 4.686011 2.486995 -4.372937
v 4.679537 2.481243 -4.367937
v 4.673063 2.475491 -4.372937
v 4.673063 2.475491 -4.382937
v 4.679537 2.481243 -4.387937
v 4.815523 1.817480 -4.382937
v 4.815523 1.817480 -4.372937
v 4.807018 1.815850 -4.367937
v 4.798512 1.814221 -4.372937
v 4.798512 1.814221 -4.382937
v 4.807018 1.815850 -4.387938
v 4.943007 1.152078 -4.382937
v 4.943007 1.152078 -4.372937
v 4.934502 1.150448 -4.367937
v 4.925996 1.148819 -4.372937
v 4.925996 1.148819 -4.382937
v 4.934502 1.150448 -4.387938
v 5.070491 0.486684 -4.382937
v 5.070491 0.486684 -4.372937
v 5.061986 0.485054 -4.367937
v 5.053481 0.483425 -4.372937
v 5.053481 0.483425 -4.382937
v 5.061986 0.485054 -4.387938
v 5.197973 -0.178710 -4.382937
v 5.197973 -0.178710 -4.372937
v 5.189468 -0.180339 -4.367937
v 5.180963 -0.181969 -4.372937
v 5.180963 -0.181969 -4.382937
v 5.189468 -0.180339 -4.387938
v 5.325454 -0.844104 -4.382937
v 5.325454 -0.844104 -4.372937
v 5.316948 -0.845733 -4.367937
v 5.308443 -0.847363 -4.372937
v 5.308443 -0.847363 -4.382937
v 5.316948 -0.845733 -4.387938
v 5.452938 -1.509506 -4.382937
v 5.452938 -1.509506 -4.372937
v 5.444433 -1.511135 -4.367937
v 5.435927 -1.512765 -4.372937
v 5.435927 -1.512765 -4.382937
v 5.444433 -1.511135 -4.387938
v 5.580095 -2.179371 -4.382938
v 5.580095 -2.179371 -4.372938
v 5.571915 -2.176529 -4.367938
v 5.563734 -2.173687 -4.372938
v 5.563734 -2.173687 -4.382938
v 5.571915 -2.176529 -4.387938
v 5.073869 -2.618386 -4.382938
v 5.073869 -2.618386 -4.372938
v 5.068207 -2.611833 -4.367938
v 5.062544 -2.605281 -4.372938
v 5.062544 -2.605281 -4.382938
v 5.068207 -2.611833 -4.387938
v 4.570152 -3.053696 -4.382938
v 4.570152 -3.053696 -4.372938
v 4.564489 -3.047143 -4.367938
v 4.558827 -3.040591 -4.372938
v 4.558827 -3.040591 -4.382938
v 4.564489 -3.047143 -4.387938
v 4.066444 -3.488999 -4.382938
v 4.066444 -3.488999 -4.372938
v 4.060781 -3.482447 -4.367938
v 4.055119 -3.475894 -4.372938
v 4.055119 -3.475894 -4.382938
v 4.060781 -3.482447 -4.387938
v 3.562734 -3.924304 -4.382938
v 3.562734 -3.924304 -4.372938
v 3.557072 -3.917751 -4.367938
v 3.551409 -3.911199 -4.372938
v 3.551409 -3.911199 -4.382938
v 3.557072 -3.917751 -4.387938
v 3.059026 -4.359607 -4.382938
v 3.059026 -4.359608 -4.372938
v 3.053364 -4.353055 -4.367938
v 3.047701 -4.346503 -4.372938
v 3.047701 -4.346502 -4.382938
v 3.053364 -4.353055 -4.387938
v 2.555311 -4.794917 -4.382938
v 2.555311 -4.794918 -4.372938
v 2.549648 -4.788365 -4.367938
v 2.543986 -4.781813 -4.372938
v 2.543986 -4.781812 -4.382938
v 2.549648 -4.788365 -4.387938
v 2.047828 -5.232121 -4.382938
v 2.047828 -5.232121 -4.372938
v 2.045938 -5.223670 -4.367938
v 2.044049 -5.215218 -4.372938
v 2.044049 -5.215218 -4.382938
v 2.045938 -5.223670 -4.387938
v 0.921141 -4.917969 -4.382938
v 0.921141 -4.917969 -4.372938
v 0.923474 -4.909629 -4.367938
v 0.925808 -4.901289 -4.372938
v 0.925808 -4.901289 -4.382938
v 0.923474 -4.909629 -4.387938
v -0.201338 -4.603922 -4.382938
v -0.201338 -4.603922 -4.372938
v -0.199004 -4.595582 -4.367938
v -0.196671 -4.587243 -4.372938
v -0.196671 -4.587243 -4.382938
v -0.199004 -4.595582 -4.387938
v -1.323800 -4.289882 -4.382938
v -1.323800 -4.289882 -4.372938
v -1.321466 -4.281542 -4.367938
v -1.319133 -4.273202 -4.372938
v -1.319133 -4.273202 -4.382938
v -1.321466 -4.281542 -4.387938
v -2.446263 -3.975842 -4.382938
v -2.446263 -3.975842 -4.372938
v -2.443930 -3.967502 -4.367938
v -2.441596 -3.959162 -4.372938
v -2.441596 -3.959162 -4.382938
v -2.443930 -3.967502 -4.387938
v -3.568726 -3.661801 -4.382938
v -3.568726 -3.661801 -4.372938
v -3.566393 -3.653461 -4.367938
v -3.564059 -3.645121 -4.372938
v -3.564059 -3.645121 -4.382938
v -3.566393 -3.653461 -4.387938
v -4.691205 -3.347755 -4.382938
v -4.691205 -3.347755 -4.372938
v -4.688871 -3.339415 -4.367938
v -4.686538 -3.331075 -4.372938
v -4.686538 -3.331075 -4.382938
v -4.688871 -3.339415 -4.387938
v -5.818391 -3.030396 -4.382938
v -5.818391 -3.030396 -4.372938
v -5.811335 -3.025375 -4.367938
v -5.804278 -3.020354 -4.372938
v -5.804278 -3.020354 -4.382938
v -5.811335 -3.025375 -4.387938
v -5.776447 -2.312812 -4.382938
v -5.776447 -2.312812 -4.372938
v -5.767803 -2.313341 -4.367938
v -5.759159 -2.313869 -4.372938
v -5.759159 -2.313869 -4.382938
v -5.767803 -2.313341 -4.387938
v -5.732916 -1.600772 -4.382937
v -5.732916 -1.600772 -4.372937
v -5.724272 -1.601300 -4.367937
v -5.715628 -1.601829 -4.372937
v -5.715628 -1.601829 -4.382937
v -5.724272 -1.601300 -4.387938
v -5.689386 -0.888736 -4.382937
v -5.689386 -0.888736 -4.372937
v -5.680742 -0.889265 -4.367937
v -5.672098 -0.889793 -4.372937
v -5.672098 -0.889793 -4.382937
v -5.680742 -0.889265 -4.387938
v -5.645855 -0.176704 -4.382937
v -5.645855 -0.176704 -4.372937
v -5.637211 -0.177233 -4.367937
v -5.628567 -0.177761 -4.372937
v -5.628567 -0.177761 -4.382937
v -5.637211 -0.177233 -4.387938
v -5.602325 0.535330 -4.382937
v -5.602325 0.535330 -4.372937
v -5.593681 0.534801 -4.367937
v -5.585037 0.534273 -4.372937
v -5.585037 0.534273 -4.382937
v -5.593681 0.534801 -4.387938
v -5.558792 1.247372 -4.382937
v -5.558792 1.247372 -4.372937
v -5.550148 1.246844 -4.367937
v -5.541504 1.246315 -4.372937
v -5.541504 1.246315 -4.382937
v -5.550148 1.246844 -4.387938
v -5.514628 1.962170 -4.382937
v -5.514628 1.962170 -4.372937
v -5.506618 1.958876 -4.367937
v -5.498609 1.955583 -4.372937
v -5.498609 1.955583 -4.382937
v -5.506618 1.958876 -4.387937
v -5.031188 2.514931 -4.382937
v -5.031188 2.514931 -4.372937
v -5.024673 2.509225 -4.367937
v -5.018158 2.503520 -4.372937
v -5.018158 2.503520 -4.382937
v -5.024673 2.509225 -4.387937
v -4.549240 3.065287 -4.382937
v -4.549240 3.065287 -4.372937
v -4.542725 3.059582 -4.367937
v -4.536210 3.053877 -4.372937
v -4.536210 3.053877 -4.382937
v -4.542725 3.059582 -4.387937
v -4.067295 3.615635 -4.382937
v -4.067295 3.615635 -4.372937
v -4.060780 3.609929 -4.367937
v -4.054265 3.604224 -4.372937
v -4.054265 3.604224 -4.382937
v -4.060780 3.609929 -4.387937
v -3.585352 4.165985 -4.382937
v -3.585352 4.165985 -4.372937
v -3.578836 4.160280 -4.367937
v -3.572321 4.154574 -4.372937
v -3.572321 4.154574 -4.382937
v -3.578836 4.160280 -4.387937
v -3.103408 4.716334 -4.382937
v -3.103408 4.716334 -4.372937
v -3.096892 4.710629 -4.367937
v -3.090377 4.704924 -4.372937
v -3.090377 4.704924 -4.382937
v -3.096892 4.710629 -4.387937
v -2.621456 5.266689 -4.382937
v -2.621456 5.266689 -4.372937
v -2.614941 5.260984 -4.367937
v -2.608425 5.255279 -4.372937
v -2.608425 5.255279 -4.382937
v -2.614941 5.260984 -4.387937
v -2.135370 5.819663 -4.382936
v -2.135370 5.819663 -4.372936
v -2.132998 5.811333 -4.367936
v -2.130627 5.803004 -4.372936
v -2.130627 5.803004 -4.382936
v -2.132998 5.811333 -4.387937
v -0.920941 5.449607 -4.382936
v -0.920941 5.449607 -4.372936
v -0.923474 5.441326 -4.367936
v -0.926008 5.433045 -4.372936
v -0.926008 5.433045 -4.382936
v -0.923474 5.441326 -4.387937
v 0.288599 5.079593 -4.382937
v 0.288599 5.079593 -4.372937
v 0.286065 5.071311 -4.367937
v 0.283532 5.063030 -4.372937
v 0.283532 5.063030 -4.382937
v 0.286065 5.071311 -4.387937
v 1.498122 4.709583 -4.382937
v 1.498122 4.709583 -4.372937
v 1.495588 4.701302 -4.367937
v 1.493055 4.693020 -4.372937
v 1.493055 4.693020 -4.382937
v 1.495588 4.701302 -4.387937
v 2.707647 4.339576 -4.382937
v 2.707647 4.339576 -4.372937
v 2.705113 4.331295 -4.367937
v 2.702580 4.323013 -4.372937
v 2.702580 4.323013 -4.382937
v 2.705113 4.331295 -4.387937
v 3.917170 3.969566 -4.382937
v 3.917170 3.969566 -4.372937
v 3.914637 3.961285 -4.367937
v 3.912103 3.953003 -4.372937
v 3.912103 3.953003 -4.382937
v 3.914637 3.961285 -4.387937
v 5.126712 3.599551 -4.382937
v 5.126712 3.599551 -4.372937
v 5.124178 3.591270 -4.367937
v 5.121645 3.582988 -4.372937
v 5.121645 3.582988 -4.382937
v 5.124178 3.591270 -4.387937
v 6.339804 3.227406 -4.382937
v 6.339804 3.227406 -4.372937
v 6.333700 3.221263 -4.367937
v 6.327595 3.215120 -4.372937
v 6.327595 3.215120 -4.382937
v 6.333700 3.221263 -4.387937
v 6.624914 2.319037 -4.382937
v 6.624914 2.319037 -4.372937
v 6.616649 2.316453 -4.367937
v 6.608383 2.313868 -4.372937
v 6.608383 2.313868 -4.382937
v 6.616649 2.316453 -4.387937
v 6.907864 1.414214 -4.382937
v 6.907864 1.414214 -4.372937
v 6.899598 1.411629 -4.367937
v 6.891333 1.409045 -4.372937
v 6.891333 1.409045 -4.382937
v 6.899598 1.411629 -4.387938
v 7.190813 0.509404 -4.382937
v 7.190813 0.509404 -4.372937
v 7.182548 0.506819 -4.367937
v 7.174282 0.504234 -4.372937
v 7.174282 0.504234 -4.382937
v 7.182548 0.506819 -4.387938
v 7.473760 -0.395407 -4.382937
v 7.473760 -0.395407 -4.372937
v 7.465495 -0.397992 -4.367937
v 7.457229 -0.400576 -4.372937
v 7.457229 -0.400576 -4.382937
v 7.465495 -0.397992 -4.387938
v 7.756710 -1.300217 -4.382937
v 7.756710 -1.300217 -4.372937
v 7.748444 -1.302801 -4.367937
v 7.740179 -1.305386 -4.372937
v 7.740179 -1.305386 -4.382937
v 7.748444 -1.302801 -4.387938
v 8.039660 -2.205041 -4.382938
v 8.039660 -2.205041 -4.372938
v 8.031395 -2.207626 -4.367938
v 8.023129 -2.210210 -4.372938
v 8.023129 -2.210210 -4.382938
v 8.031395 -2.207626 -4.387938
v 8.322608 -3.109851 -4.382938
v 8.322608 -3.109851 -4.372938
v 8.314342 -3.112436 -4.367938
v 8.306077 -3.115021 -4.372938
v 8.306077 -3.115021 -4.382938
v 8.314342 -3.112436 -4.387938
vn 0.3038 0.8110 -0.5000
vn 0.3038 0.8110 0.5000
vn -0.0000 -0.0000 1.0000
vn -0.3038 -0.8110 0.5000
vn -0.3038 -0.8110 -0.5000
vn -0.0000 -0.0000 -1.0000
vn -0.3940 0.7712 -0.5000
vn -0.3940 0.7712 0.5000
vn 0.3940 -0.7712 0.5000
vn 0.3940 -0.7712 -0.5000
vn 0.8124 0.3000 -0.5000
vn 0.8124 0.3000 0.5000
vn -0.8124 -0.3000 0.5000
vn -0.8124 -0.3000 -0.5000
vn -0.7556 0.4231 -0.5000
vn -0.7556 0.4231 0.5000
vn 0.7556 -0.4231 0.5000
vn 0.7556 -0.4231 -0.5000
vn -0.7556 0.4232 -0.5000
vn -0.7556 0.4232 0.5000
vn -0.7589 0.4360 -0.4837
vn -0.7589 0.4360 0.4837
vn 0.0034 0.0034 1.0000
vn 0.7696 -0.4185 0.4823
vn 0.7696 -0.4185 -0.4823
vn 0.0034 0.0034 -1.0000
vn -0.2465 0.8556 -0.4551
vn -0.2465 0.8556 0.4551
vn -0.0543 0.1916 0.9800
vn 0.2085 -0.6993 0.6838
vn 0.2085 -0.6993 -0.6838
vn -0.0543 0.1916 -0.9800
vn 0.4084 0.7739 -0.4841
vn 0.4084 0.7739 0.4841
vn -0.0029 0.0006 1.0000
vn -0.4197 -0.7683 0.4833
vn -0.4197 -0.7683 -0.4833
vn -0.0029 0.0006 -1.0000
vn 0.4095 0.7631 -0.5000
vn 0.4095 0.7631 0.5000
vn -0.4095 -0.7631 0.5000
vn -0.4095 -0.7631 -0.5000
vn 0.4123 0.7645 -0.4955
vn 0.4123 0.7645 0.4955
vn 0.0006 -0.0005 1.0000
vn -0.4090 -0.7664 0.4953
vn -0.4090 -0.7664 -0.4953
vn 0.0006 -0.0005 -1.0000
vn 0.7025 0.5437 -0.4593
vn 0.7025 0.5437 0.4593
vn 0.0997 0.0776 0.9920
vn -0.6466 -0.4979 0.5779
vn -0.6466 -0.4979 -0.5779
vn 0.0997 0.0776 -0.9920
vn 0.8438 0.2066 -0.4953
vn 0.8438 0.2066 0.4953
vn -0.0005 0.0011 1.0000
vn -0.8453 -0.2009 0.4951
vn -0.8453 -0.2009 -0.4951
vn -0.0005 0.0011 -1.0000
vn 0.8419 0.2032 -0.5000
vn 0.8419 0.2032 0.5000
vn -0.8419 -0.2032 0.5000
vn -0.8419 -0.2032 -0.5000
vn 0.8418 0.2032 -0.5000
vn 0.8418 0.2032 0.5000
vn -0.8418 -0.2032 0.5000
vn 0.8442 0.2016 -0.4966
vn 0.8442 0.2016 0.4966
vn 0.0001 -0.0009 1.0000
vn -0.8433 -0.2058 0.4965
vn -0.8433 -0.2058 -0.4965
vn 0.0001 -0.0009 -1.0000
vn 0.8798 -0.1062 -0.4633
vn 0.8798 -0.1062 0.4633
vn 0.1082 -0.0131 0.9940
vn -0.8203 0.0984 0.5633
vn -0.8203 0.0984 -0.5633
vn 0.1082 -0.0131 -0.9940
vn 0.7721 -0.3965 -0.4967
vn 0.7721 -0.3965 0.4967
vn 0.0003 0.0007 1.0000
vn -0.7705 0.3998 0.4966
vn -0.7705 0.3998 -0.4966
vn 0.0003 0.0007 -1.0000
vn 0.7696 -0.3972 -0.5000
vn 0.7696 -0.3972 0.5000
vn -0.7696 0.3972 0.5000
vn -0.7696 0.3972 -0.5000
vn 0.7729 -0.4059 -0.4877
vn 0.7729 -0.4059 0.4877
vn -0.0019 -0.0022 1.0000
vn -0.7793 0.3945 0.4869
vn -0.7793 0.3945 -0.4869
vn -0.0019 -0.0022 -1.0000
vn 0.3552 -0.8178 -0.4528
vn 0.3552 -0.8178 0.4528
vn 0.0726 -0.1691 0.9829
vn -0.3082 0.6949 0.6497
vn -0.3082 0.6949 -0.6497
vn 0.0726 -0.1691 -0.9829
vn -0.2287 -0.8423 -0.4881
vn -0.2287 -0.8423 0.4881
vn 0.0014 -0.0000 1.0000
vn 0.2349 0.8408 0.4877
vn 0.2349 0.8408 -0.4877
vn 0.0014 -0.0000 -1.0000
vn -0.2299 -0.8350 -0.5000
vn -0.2299 -0.8350 0.5000
vn 0.2299 0.8350 0.5000
vn 0.2299 0.8350 -0.5000
vn -0.2317 -0.8371 -0.4956
vn -0.2317 -0.8371 0.4956
vn -0.0005 0.0002 1.0000
vn 0.2294 0.8378 0.4955
vn 0.2294 0.8378 -0.4955
vn -0.0005 0.0002 -1.0000
vn -0.5638 -0.6865 -0.4592
vn -0.5638 -0.6865 0.4592
vn -0.0797 -0.0972 0.9921
vn 0.5189 0.6308 0.5769
vn 0.5189 0.6308 -0.5769
vn -0.0797 -0.0972 -0.9921
vn -0.7762 -0.3898 -0.4955
vn -0.7762 -0.3898 0.4955
vn 0.0004 -0.0005 1.0000
vn 0.7776 0.3870 0.4954
vn 0.7776 0.3870 -0.4954
vn 0.0004 -0.0005 -1.0000
vn -0.7746 -0.3873 -0.5000
vn -0.7746 -0.3873 0.5000
vn 0.7746 0.3873 0.5000
vn 0.7746 0.3873 -0.5000
vn -0.7817 -0.3868 -0.4892
vn -0.7817 -0.3869 0.4892
vn -0.0004 0.0016 1.0000
vn 0.7786 0.3935 0.4889
vn 0.7786 0.3935 -0.4889
vn -0.0004 0.0016 -1.0000
vn -0.8770 0.1617 -0.4526
vn -0.8770 0.1617 0.4526
vn -0.1742 0.0323 0.9842
vn 0.7579 -0.1385 0.6375
vn 0.7579 -0.1385 -0.6375
vn -0.1742 0.0323 -0.9842
vn -0.5926 0.6398 -0.4893
vn -0.5926 0.6398 0.4893
vn -0.0008 -0.0011 1.0000
vn 0.5883 -0.6440 0.4890
vn 0.5883 -0.6440 -0.4890
vn -0.0007 -0.0011 -1.0000
vn -0.5863 0.6373 -0.5000
vn -0.5863 0.6373 0.5000
vn 0.5864 -0.6373 0.5000
vn 0.5864 -0.6373 -0.5000
vn -0.5864 0.6373 -0.5000
vn -0.5864 0.6373 0.5000
vn 0.5863 -0.6373 0.5000
vn 0.5863 -0.6373 -0.5000
vn -0.5874 0.6411 -0.4939
vn -0.5874 0.6411 0.4939
vn 0.0006 0.0004 1.0000
vn 0.5901 -0.6387 0.4938
vn 0.5901 -0.6387 -0.4938
vn 0.0006 0.0004 -1.0000
vn -0.2210 0.8623 -0.4557
vn -0.2210 0.8623 0.4557
vn -0.0356 0.1396 0.9896
vn 0.2009 -0.7787 0.5944
vn 0.2009 -0.7787 -0.5944
vn -0.0356 0.1396 -0.9896
vn 0.2061 0.8447 -0.4940
vn 0.2061 0.8447 0.4940
vn -0.0005 -0.0000 1.0000
vn -0.2082 -0.8442 0.4939
vn -0.2082 -0.8442 -0.4939
vn -0.0005 -0.0000 -1.0000
vn 0.2063 0.8411 -0.5000
vn 0.2063 0.8411 0.5000
vn -0.2063 -0.8411 0.5000
vn -0.2063 -0.8411 -0.5000
vn 0.2091 0.8457 -0.4909
vn 0.2091 0.8457 0.4910
vn 0.0006 -0.0003 1.0000
vn -0.2060 -0.8466 0.4908
vn -0.2060 -0.8466 -0.4908
vn 0.0006 -0.0003 -1.0000
vn 0.6637 0.5954 -0.4528
vn 0.6637 0.5954 0.4528
vn 0.1249 0.1123 0.9858
vn -0.5829 -0.5213 0.6233
vn -0.5829 -0.5213 -0.6233
vn 0.1249 0.1123 -0.9858
vn 0.8635 0.1159 -0.4909
vn 0.8635 0.1159 0.4909
vn -0.0003 0.0010 1.0000
vn -0.8642 -0.1113 0.4907
vn -0.8642 -0.1113 -0.4907
vn -0.0003 0.0010 -1.0000
vn 0.8586 0.1130 -0.5000
vn 0.8586 0.1130 0.5000
vn -0.8586 -0.1130 0.5000
vn -0.8586 -0.1130 -0.5000
vn 0.8612 0.1122 -0.4957
vn 0.8612 0.1122 0.4957
vn -0.0000 -0.0005 1.0000
vn -0.8610 -0.1144 0.4956
vn -0.8610 -0.1144 -0.4956
vn -0.0000 -0.0005 -1.0000
vn 0.8522 -0.2505 -0.4593
vn 0.8522 -0.2505 0.4593
vn 0.1199 -0.0353 0.9922
vn -0.7843 0.2303 0.5761
vn -0.7843 0.2303 -0.5761
vn 0.1199 -0.0353 -0.9922
vn 0.6637 -0.5602 -0.4957
vn 0.6637 -0.5602 0.4957
vn 0.0002 0.0004 1.0000
vn -0.6624 0.5618 0.4956
vn -0.6624 0.5618 -0.4956
vn 0.0002 0.0004 -1.0000
vn 0.6611 -0.5594 -0.5000
vn 0.6611 -0.5594 0.5000
vn -0.6611 0.5594 0.5000
vn -0.6611 0.5594 -0.5000
vn 0.6633 -0.5635 -0.4924
vn 0.6633 -0.5635 0.4924
vn -0.0006 -0.0005 1.0000
vn -0.6656 0.5609 0.4923
vn -0.6656 0.5609 -0.4923
vn -0.0006 -0.0005 -1.0000
vn 0.2798 -0.8461 -0.4538
vn 0.2798 -0.8461 0.4538
vn 0.0491 -0.1491 0.9876
vn -0.2505 0.7527 0.6088
vn -0.2505 0.7527 -0.6088
vn 0.0491 -0.1491 -0.9876
vn -0.1960 -0.8479 -0.4925
vn -0.1960 -0.8479 0.4925
vn 0.0004 -0.0000 1.0000
vn 0.1978 0.8476 0.4925
vn 0.1978 0.8476 -0.4925
vn 0.0004 -0.0000 -1.0000
vn -0.1959 -0.8436 -0.5000
vn -0.1959 -0.8436 0.5000
vn 0.1959 0.8436 0.5000
vn 0.1959 0.8436 -0.5000
vn -0.1980 -0.8480 -0.4916
vn -0.1980 -0.8480 0.4916
vn -0.0004 0.0002 1.0000
vn 0.1960 0.8485 0.4915
vn 0.1960 0.8485 -0.4915
vn -0.0004 0.0002 -1.0000
vn -0.6454 -0.6150 -0.4531
vn -0.6454 -0.6150 0.4531
vn -0.1187 -0.1133 0.9864
vn 0.5699 0.5418 0.6178
vn 0.5699 0.5418 -0.6178
vn -0.1187 -0.1133 -0.9864
vn -0.8567 -0.1566 -0.4915
vn -0.8567 -0.1566 0.4915
vn 0.0003 -0.0006 1.0000
vn 0.8573 0.1535 0.4914
vn 0.8573 0.1535 -0.4914
vn 0.0003 -0.0006 -1.0000
vn -0.8522 -0.1542 -0.5000
vn -0.8522 -0.1542 0.5000
vn 0.8522 0.1542 0.5000
vn 0.8522 0.1542 -0.5000
vn -0.8561 -0.1537 -0.4934
vn -0.8561 -0.1537 0.4934
vn -0.0000 0.0005 1.0000
vn 0.8557 0.1561 0.4933
vn 0.8557 0.1561 -0.4933
vn -0.0000 0.0005 -1.0000
vn -0.8411 0.2926 -0.4548
vn -0.8411 0.2926 0.4548
vn -0.1408 0.0490 0.9888
vn 0.7560 -0.2626 0.5996
vn 0.7560 -0.2626 -0.5996
vn -0.1408 0.0490 -0.9888
vn -0.5760 0.6517 -0.4934
vn -0.5760 0.6517 0.4934
vn -0.0003 -0.0003 1.0000
vn 0.5745 -0.6531 0.4934
vn 0.5745 -0.6531 -0.4934
vn -0.0003 -0.0004 -1.0000
vn -0.5727 0.6496 -0.5000
vn -0.5727 0.6496 0.5000
vn 0.5727 -0.6496 0.5000
vn 0.5727 -0.6496 -0.5000
vn -0.5743 0.6527 -0.4941
vn -0.5743 0.6527 0.4941
vn 0.0003 0.0002 1.0000
vn 0.5757 -0.6515 0.4940
vn 0.5757 -0.6515 -0.4940
vn 0.0003 0.0002 -1.0000
vn -0.2070 0.8657 -0.4558
vn -0.2070 0.8657 0.4558
vn -0.0331 0.1389 0.9898
vn 0.1880 -0.7831 0.5928
vn 0.1880 -0.7831 -0.5928
vn -0.0331 0.1389 -0.9898
vn 0.2165 0.8420 -0.4942
vn 0.2165 0.8420 0.4942
vn -0.0003 -0.0000 1.0000
vn -0.2177 -0.8417 0.4941
vn -0.2177 -0.8417 -0.4941
vn -0.0003 -0.0000 -1.0000
vn 0.2163 0.8386 -0.5000
vn 0.2163 0.8386 0.5000
vn -0.2163 -0.8386 0.5000
vn -0.2163 -0.8386 -0.5000
vn 0.2182 0.8429 -0.4919
vn 0.2182 0.8429 0.4919
vn 0.0003 -0.0002 1.0000
vn -0.2166 -0.8433 0.4918
vn -0.2166 -0.8433 -0.4918
vn 0.0003 -0.0002 -1.0000
vn 0.6539 0.6058 -0.4532
vn 0.6539 0.6058 0.4532
vn 0.1187 0.1101 0.9868
vn -0.5789 -0.5356 0.6148
vn -0.5789 -0.5356 -0.6148
vn 0.1187 0.1101 -0.9868
vn 0.8571 0.1531 -0.4919
vn 0.8571 0.1531 0.4919
vn -0.0002 0.0005 1.0000
vn -0.8576 -0.1509 0.4918
vn -0.8576 -0.1509 -0.4918
vn -0.0002 0.0004 -1.0000
vn 0.8527 0.1512 -0.5000
vn 0.8527 0.1512 0.5000
vn -0.8527 -0.1512 0.5000
vn -0.8527 -0.1512 -0.5000
vn 0.8566 0.1510 -0.4935
vn 0.8566 0.1510 0.4935
vn -0.0000 -0.0004 1.0000
vn -0.8563 -0.1528 0.4934
vn -0.8563 -0.1528 -0.4934
vn -0.0000 -0.0004 -1.0000
vn 0.8402 -0.2953 -0.4548
vn 0.8402 -0.2953 0.4548
vn 0.1405 -0.0494 0.9888
vn -0.7552 0.2653 0.5994
vn -0.7552 0.2653 -0.5994
vn 0.1405 -0.0494 -0.9888
vn 0.5738 -0.6536 -0.4935
vn 0.5738 -0.6536 0.4935
vn 0.0002 0.0003 1.0000
vn -0.5725 0.6548 0.4934
vn -0.5725 0.6548 -0.4934
vn 0.0002 0.0003 -1.0000
vn 0.5707 -0.6514 -0.5000
vn 0.5707 -0.6514 0.5000
vn -0.5707 0.6514 0.5000
vn -0.5707 0.6514 -0.5000
vn 0.5723 -0.6545 -0.4940
vn 0.5723 -0.6545 0.4940
vn -0.0003 -0.0002 1.0000
vn -0.5736 0.6535 0.4940
vn -0.5736 0.6535 -0.4940
vn -0.0003 -0.0002 -1.0000
vn 0.2011 -0.8672 -0.4556
vn 0.2011 -0.8672 0.4556
vn 0.0324 -0.1399 0.9896
vn -0.1823 0.7838 0.5937
vn -0.1823 0.7838 -0.5937
vn 0.0324 -0.1399 -0.9896
vn -0.2257 -0.8396 -0.4941
vn -0.2257 -0.8396 0.4941
vn 0.0002 -0.0000 1.0000
vn 0.2266 0.8394 0.4940
vn 0.2266 0.8394 -0.4941
vn 0.0002 -0.0000 -1.0000
vn -0.2253 -0.8362 -0.5000
vn -0.2253 -0.8362 0.5000
vn 0.2253 0.8362 0.5000
vn 0.2253 0.8362 -0.5000
vn -0.2274 -0.8412 -0.4906
vn -0.2274 -0.8412 0.4906
vn -0.0003 0.0001 1.0000
vn 0.2260 0.8416 0.4905
vn 0.2260 0.8416 -0.4905
vn -0.0003 0.0002 -1.0000
vn -0.6863 -0.5694 -0.4526
vn -0.6863 -0.5694 0.4526
vn -0.1314 -0.1091 0.9853
vn 0.6000 0.4969 0.6270
vn 0.6000 0.4969 -0.6270
vn -0.1314 -0.1091 -0.9853
vn -0.8688 -0.0679 -0.4905
vn -0.8688 -0.0679 0.4905
vn 0.0001 -0.0005 1.0000
vn 0.8690 0.0657 0.4904
vn 0.8690 0.0657 -0.4904
vn 0.0001 -0.0005 -1.0000
vn -0.8635 -0.0664 -0.5000
vn -0.8635 -0.0664 0.5000
vn 0.8635 0.0664 0.5000
vn 0.8635 0.0664 -0.5000
vn -0.8659 -0.0661 -0.4959
vn -0.8659 -0.0661 0.4959
vn -0.0000 0.0002 1.0000
vn 0.8658 0.0671 0.4959
vn 0.8658 0.0671 -0.4959
vn -0.0000 0.0002 -1.0000
vn -0.8393 0.2906 -0.4596
vn -0.8393 0.2906 0.4596
vn -0.1163 0.0403 0.9924
vn 0.7737 -0.2678 0.5742
vn 0.7737 -0.2678 -0.5742
vn -0.1163 0.0403 -0.9924
vn -0.6397 0.5873 -0.4959
vn -0.6397 0.5873 0.4959
vn -0.0001 -0.0002 1.0000
vn 0.6391 -0.5880 0.4959
vn 0.6391 -0.5880 -0.4959
vn -0.0001 -0.0002 -1.0000
vn -0.6376 0.5860 -0.5000
vn -0.6376 0.5860 0.5000
vn 0.6376 -0.5860 0.5000
vn 0.6376 -0.5860 -0.5000
vn -0.6404 0.5898 -0.4920
vn -0.6404 0.5898 0.4920
vn 0.6416 -0.5885 0.4919
vn 0.6416 -0.5885 -0.4919
vn -0.2290 0.8615 -0.4533
vn -0.2290 0.8615 0.4533
vn -0.0413 0.1555 0.9870
vn 0.2035 -0.7631 0.6135
vn 0.2035 -0.7631 -0.6135
vn -0.0413 0.1555 -0.9870
vn 0.2628 0.8300 -0.4921
vn 0.2628 0.8300 0.4921
vn -0.0002 -0.0000 1.0000
vn -0.2638 -0.8297 0.4920
vn -0.2638 -0.8297 -0.4920
vn -0.0002 -0.0000 -1.0000
vn 0.2619 0.8255 -0.5000
vn 0.2619 0.8255 0.5000
vn -0.2619 -0.8255 0.5000
vn -0.2619 -0.8255 -0.5000
vn 0.2635 0.8292 -0.4929
vn 0.2635 0.8292 0.4929
vn 0.0002 -0.0001 1.0000
vn -0.2627 -0.8295 0.4929
vn -0.2627 -0.8295 -0.4929
vn 0.0002 -0.0001 -1.0000
vn 0.6659 0.5919 -0.4540
vn 0.6659 0.5919 0.4540
vn 0.1153 0.1025 0.9880
vn -0.5952 -0.5286 0.6053
vn -0.5951 -0.5286 -0.6053
vn 0.1153 0.1025 -0.9880
vn 0.8544 0.1644 -0.4929
vn 0.8544 0.1644 0.4929
vn -0.0001 0.0003 1.0000
vn -0.8547 -0.1631 0.4928
vn -0.8547 -0.1631 -0.4928
vn -0.0001 0.0003 -1.0000
vn 0.8506 0.1630 -0.5000
vn 0.8506 0.1630 0.5000
vn -0.8506 -0.1630 0.5000
vn -0.8506 -0.1630 -0.5000
vn 0.8545 0.1631 -0.4932
vn 0.8545 0.1631 0.4932
vn -0.0000 -0.0003 1.0000
vn -0.8543 -0.1643 0.4932
vn -0.8543 -0.1643 -0.4932
vn -0.0000 -0.0003 -1.0000
vn 0.8414 -0.2923 -0.4544
vn 0.8414 -0.2924 0.4544
vn 0.1429 -0.0497 0.9885
vn -0.7543 0.2621 0.6019
vn -0.7543 0.2621 -0.6019
vn 0.1429 -0.0496 -0.9885
vn 0.5693 -0.6578 -0.4932
vn 0.5693 -0.6578 0.4932
vn 0.0002 0.0002 1.0000
vn -0.5683 0.6586 0.4932
vn -0.5683 0.6586 -0.4932
vn 0.0002 0.0002 -1.0000
vn 0.5663 -0.6553 -0.5000
vn 0.5663 -0.6553 0.5000
vn -0.5663 0.6552 0.5000
vn -0.5663 0.6552 -0.5000
vn 0.5663 -0.6552 -0.5000
vn 0.5663 -0.6552 0.5000
vn -0.5663 0.6553 0.5000
vn -0.5663 0.6553 -0.5000
vn 0.5681 -0.6582 -0.4941
vn 0.5681 -0.6582 0.4940
vn -0.0002 -0.0001 1.0000
vn -0.5689 0.6575 0.4940
vn -0.5689 0.6575 -0.4940
vn -0.0002 -0.0001 -1.0000
vn 0.1940 -0.8688 -0.4555
vn 0.1940 -0.8688 0.4555
vn 0.0313 -0.1405 0.9896
vn -0.1758 0.7851 0.5939
vn -0.1758 0.7851 -0.5939
vn 0.0313 -0.1405 -0.9896
vn -0.2339 -0.8374 -0.4941
vn -0.2339 -0.8374 0.4941
vn 0.0001 -0.0000 1.0000
vn 0.2346 0.8372 0.4941
vn 0.2346 0.8372 -0.4940
vn 0.0001 -0.0000 -1.0000
vn -0.2333 -0.8340 -0.5000
vn -0.2333 -0.8340 0.5000
vn 0.2333 0.8340 0.5000
vn 0.2333 0.8340 -0.5000
vn -0.2357 -0.8402 -0.4884
vn -0.2357 -0.8402 0.4884
vn -0.0002 0.0001 1.0000
vn 0.2345 0.8405 0.4884
vn 0.2345 0.8405 -0.4884
vn -0.0002 0.0001 -1.0000
vn -0.7263 -0.5172 -0.4528
vn -0.7263 -0.5172 0.4528
vn -0.1484 -0.1058 0.9832
vn 0.6223 0.4423 0.6458
vn 0.6223 0.4423 -0.6458
vn -0.1484 -0.1058 -0.9832
vn -0.8711 0.0523 -0.4884
vn -0.8711 0.0523 0.4884
vn 0.0001 -0.0004 1.0000
vn 0.8710 -0.0542 0.4883
vn 0.8710 -0.0542 -0.4883
vn 0.0001 -0.0004 -1.0000
vn -0.8644 0.0528 -0.5000
vn -0.8644 0.0528 0.5000
vn 0.8644 -0.0528 0.5000
vn 0.8644 -0.0528 -0.5000
vn -0.8659 0.0532 -0.4974
vn -0.8659 0.0532 0.4974
vn -0.0000 0.0001 1.0000
vn 0.8659 -0.0527 0.4974
vn 0.8659 -0.0527 -0.4974
vn -0.0000 0.0001 -1.0000
vn -0.8188 0.3367 -0.4650
vn -0.8188 0.3367 0.4650
vn -0.0933 0.0384 0.9949
vn 0.7684 -0.3160 0.5565
vn 0.7684 -0.3160 -0.5565
vn -0.0933 0.0384 -0.9949
vn -0.6528 0.5714 -0.4974
vn -0.6528 0.5714 0.4974
vn -0.0000 -0.0001 1.0000
vn 0.6525 -0.5717 0.4974
vn 0.6525 -0.5717 -0.4974
vn -0.0001 -0.0001 -1.0000
vn -0.6515 0.5706 -0.5000
vn -0.6515 0.5705 0.5000
vn 0.6515 -0.5705 0.5000
vn 0.6515 -0.5706 -0.5000
vn -0.6515 0.5705 -0.5000
vn 0.6515 -0.5705 -0.5000
vn -0.6546 0.5741 -0.4918
vn -0.6546 0.5741 0.4918
vn 0.6555 -0.5731 0.4918
vn 0.6555 -0.5731 -0.4918
vn -0.2438 0.8574 -0.4531
vn -0.2438 0.8574 0.4531
vn -0.0443 0.1561 0.9867
vn 0.2161 -0.7582 0.6152
vn 0.2161 -0.7582 -0.6152
vn -0.0443 0.1561 -0.9867
vn 0.2543 0.8327 -0.4919
vn 0.2543 0.8327 0.4919
vn -0.2551 -0.8325 0.4918
vn -0.2551 -0.8325 -0.4918
vn 0.2533 0.8281 -0.5000
vn 0.2533 0.8281 0.5000
vn -0.2533 -0.8281 0.5000
vn -0.2533 -0.8281 -0.5000
vn 0.2546 0.8312 -0.4943
vn 0.2546 0.8312 0.4943
vn 0.0001 -0.0001 1.0000
vn -0.2540 -0.8314 0.4942
vn -0.2540 -0.8314 -0.4942
vn 0.0001 -0.0001 -1.0000
vn 0.6274 0.6314 -0.4558
vn 0.6274 0.6314 0.4558
vn 0.1002 0.1009 0.9898
vn -0.5682 -0.5716 0.5920
vn -0.5682 -0.5716 -0.5920
vn 0.1002 0.1009 -0.9898
vn 0.8296 0.2598 -0.4942
vn 0.8296 0.2598 0.4942
vn -0.0001 0.0001 1.0000
vn -0.8298 -0.2591 0.4942
vn -0.8298 -0.2591 -0.4942
vn -0.0001 0.0001 -1.0000
vn 0.8266 0.2585 -0.5000
vn 0.8266 0.2585 0.5000
vn -0.8266 -0.2585 0.5000
vn -0.8266 -0.2585 -0.5000
vt 0.000000 1.000000
vt 0.142857 1.000000
vt 0.142857 0.833333
vt 0.000000 0.833333
vt 0.000000 0.166667
vt 0.142857 0.166667
vt 0.142857 0.000000
vt 0.000000 0.000000
vt 0.000000 0.333333
vt 0.142857 0.333333
vt 0.000000 0.500000
vt 0.142857 0.500000
vt 0.000000 0.666667
vt 0.142857 0.666667
vt 0.285714 1.000000
vt 0.285714 0.833333
vt 0.285714 0.166667
vt 0.285714 0.000000
vt 0.285714 0.333333
vt 0.285714 0.500000
vt 0.285714 0.666667
vt 0.428571 1.000000
vt 0.428571 0.833333
vt 0.428571 0.166667
vt 0.428571 0.000000
vt 0.428571 0.333333
vt 0.428571 0.500000
vt 0.428571 0.666667
vt 0.571429 1.000000
vt 0.571429 0.833333
vt 0.571429 0.166667
vt 0.571429 0.000000
vt 0.571429 0.333333
vt 0.571429 0.500000
vt 0.571429 0.666667
vt 0.714286 1.000000
vt 0.714286 0.833333
vt 0.714286 0.166667
vt 0.714286 0.000000
vt 0.714286 0.333333
vt 0.714286 0.500000
vt 0.714286 0.666667
vt 0.857143 1.000000
vt 0.857143 0.833333
vt 0.857143 0.166667
vt 0.857143 0.000000
vt 0.857143 0.333333
vt 0.857143 0.500000
vt 0.857143 0.666667
vt 1.000000 1.000000
vt 1.000000 0.833333
vt 1.000000 0.166667
vt 1.000000 0.000000
vt 1.000000 0.333333
vt 1.000000 0.500000
vt 1.000000 0.666667
vt 0.005291 1.000000
vt 0.005291 0.833333
vt 0.005291 0.166667
vt 0.005291 0.000000
vt 0.005291 0.333333
vt 0.005291 0.500000
vt 0.005291 0.666667
vt 0.010582 1.000000
vt 0.010582 0.833333
vt 0.010582 0.166667
vt 0.010582 0.000000
vt 0.010582 0.333333
vt 0.010582 0.500000
vt 0.010582 0.666667
vt 0.015873 1.000000
vt 0.015873 0.833333
vt 0.015873 0.166667
vt 0.015873 0.000000
vt 0.015873 0.333333
vt 0.015873 0.500000
vt 0.015873 0.666667
vt 0.021164 1.000000
vt 0.021164 0.833333
vt 0.021164 0.166667
vt 0.021164 0.000000
vt 0.021164 0.333333
vt 0.021164 0.500000
vt 0.021164 0.666667
vt 0.026455 1.000000
vt 0.026455 0.833333
vt 0.026455 0.166667
vt 0.026455 0.000000
vt 0.026455 0.333333
vt 0.026455 0.500000
vt 0.026455 0.666667
vt 0.031746 1.000000
vt 0.031746 0.833333
vt 0.031746 0.166667
vt 0.031746 0.000000
vt 0.031746 0.333333
vt 0.031746 0.500000
vt 0.031746 0.666667
vt 0.037037 1.000000
vt 0.037037 0.833333
vt 0.037037 0.166667
vt 0.037037 0.000000
vt 0.037037 0.333333
vt 0.037037 0.500000
vt 0.037037 0.666667
vt 0.042328 1.000000
vt 0.042328 0.833333
vt 0.042328 0.166667
vt 0.042328 0.000000
vt 0.042328 0.333333
vt 0.042328 0.500000
vt 0.042328 0.666667
vt 0.047619 1.000000
vt 0.047619 0.833333
vt 0.047619 0.166667
vt 0.047619 0.000000
vt 0.047619 0.333333
vt 0.047619 0.500000
vt 0.047619 0.666667
vt 0.052910 1.000000
vt 0.052910 0.833333
vt 0.052910 0.166667
vt 0.052910 0.000000
vt 0.052910 0.333333
vt 0.052910 0.500000
vt 0.052910 0.666667
vt 0.058201 1.000000
vt 0.058201 0.833333
vt 0.058201 0.166667
vt 0.058201 0.000000
vt 0.058201 0.333333
vt 0.058201 0.500000
vt 0.058201 0.666667
vt 0.063492 1.000000
vt 0.063492 0.833333
vt 0.063492 0.166667
vt 0.063492 0.000000
vt 0.063492 0.333333
vt 0.063492 0.500000
vt 0.063492 0.666667
vt 0.068783 1.000000
vt 0.068783 0.833333
vt 0.068783 0.166667
vt 0.068783 0.000000
vt 0.068783 0.333333
vt 0.068783 0.500000
vt 0.068783 0.666667
vt 0.074074 1.000000
vt 0.074074 0.833333
vt 0.074074 0.166667
vt 0.074074 0.000000
vt 0.074074 0.333333
vt 0.074074 0.500000
vt 0.074074 0.666667
vt 0.079365 1.000000
vt 0.079365 0.833333
vt 0.079365 0.166667
vt 0.079365 0.000000
vt 0.079365 0.333333
vt 0.079365 0.500000
vt 0.079365 0.666667
vt 0.084656 1.000000
vt 0.084656 0.833333
vt 0.084656 0.166667
vt 0.084656 0.000000
vt 0.084656 0.333333
vt 0.084656 0.500000
vt 0.084656 0.666667
vt 0.089947 1.000000
vt 0.089947 0.833333
vt 0.089947 0.166667
vt 0.089947 0.000000
vt 0.089947 0.333333
vt 0.089947 0.500000
vt 0.089947 0.666667
vt 0.095238 1.000000
vt 0.095238 0.833333
vt 0.095238 0.166667
vt 0.095238 0.000000
vt 0.095238 0.333333
vt 0.095238 0.500000
vt 0.095238 0.666667
vt 0.100529 1.000000
vt 0.100529 0.833333
vt 0.100529 0.166667
vt 0.100529 0.000000
vt 0.100529 0.333333
vt 0.100529 0.500000
vt 0.100529 0.666667
vt 0.105820 1.000000
vt 0.105820 0.833333
vt 0.105820 0.166667
vt 0.105820 0.000000
vt 0.105820 0.333333
vt 0.105820 0.500000
vt 0.105820 0.666667
vt 0.111111 1.000000
vt 0.111111 0.833333
vt 0.111111 0.166667
vt 0.111111 0.000000
vt 0.111111 0.333333
vt 0.111111 0.500000
vt 0.111111 0.666667
vt 0.116402 1.000000
vt 0.116402 0.833333
vt 0.116402 0.166667
vt 0.116402 0.000000
vt 0.116402 0.333333
vt 0.116402 0.500000
vt 0.116402 0.666667
vt 0.121693 1.000000
vt 0.121693 0.833333
vt 0.121693 0.166667
vt 0.121693 0.000000
vt 0.121693 0.333333
vt 0.121693 0.500000
vt 0.121693 0.666667
vt 0.126984 1.000000
vt 0.126984 0.833333
vt 0.126984 0.166667
vt 0.126984 0.000000
vt 0.126984 0.333333
vt 0.126984 0.500000
vt 0.126984 0.666667
vt 0.132275 1.000000
vt 0.132275 0.833333
vt 0.132275 0.166667
vt 0.132275 0.000000
vt 0.132275 0.333333
vt 0.132275 0.500000
vt 0.132275 0.666667
vt 0.137566 1.000000
vt 0.137566 0.833333
vt 0.137566 0.166667
vt 0.137566 0.000000
vt 0.137566 0.333333
vt 0.137566 0.500000
vt 0.137566 0.666667
vt 0.148148 1.000000
vt 0.148148 0.833333
vt 0.148148 0.166667
vt 0.148148 0.000000
vt 0.148148 0.333333
vt 0.148148 0.500000
vt 0.148148 0.666667
vt 0.153439 1.000000
vt 0.153439 0.833333
vt 0.153439 0.166667
vt 0.153439 0.000000
vt 0.153439 0.333333
vt 0.153439 0.500000
vt 0.153439 0.666667
vt 0.158730 1.000000
vt 0.158730 0.833333
vt 0.158730 0.166667
vt 0.158730 0.000000
vt 0.158730 0.333333
vt 0.158730 0.500000
vt 0.158730 0.666667
vt 0.164021 1.000000
vt 0.164021 0.833333
vt 0.164021 0.166667
vt 0.164021 0.000000
vt 0.164021 0.333333
vt 0.164021 0.500000
vt 0.164021 0.666667
vt 0.169312 1.000000
vt 0.169312 0.833333
vt 0.169312 0.166667
vt 0.169312 0.000000
vt 0.169312 0.333333
vt 0.169312 0.500000
vt 0.169312 0.666667
vt 0.174603 1.000000
vt 0.174603 0.833333
vt 0.174603 0.166667
vt 0.174603 0.000000
vt 0.174603 0.333333
vt 0.174603 0.500000
vt 0.174603 0.666667
vt 0.179894 1.000000
vt 0.179894 0.833333
vt 0.179894 0.166667
vt 0.179894 0.000000
vt 0.179894 0.333333
vt 0.179894 0.500000
vt 0.179894 0.666667
vt 0.185185 1.000000
vt 0.185185 0.833333
vt 0.185185 0.166667
vt 0.185185 0.000000
vt 0.185185 0.333333
vt 0.185185 0.500000
vt 0.185185 0.666667
vt 0.190476 1.000000
vt 0.190476 0.833333
vt 0.190476 0.166667
vt 0.190476 0.000000
vt 0.190476 0.333333
vt 0.190476 0.500000
vt 0.190476 0.666667
vt 0.195767 1.000000
vt 0.195767 0.833333
vt 0.195767 0.166667
vt 0.195767 0.000000
vt 0.195767 0.333333
vt 0.195767 0.500000
vt 0.195767 0.666667
vt 0.201058 1.000000
vt 0.201058 0.833333
vt 0.201058 0.166667
vt 0.201058 0.000000
vt 0.201058 0.333333
vt 0.201058 0.500000
vt 0.201058 0.666667
vt 0.206349 1.000000
vt 0.206349 0.833333
vt 0.206349 0.166667
vt 0.206349 0.000000
vt 0.206349 0.333333
vt 0.206349 0.500000
vt 0.206349 0.666667
vt 0.211640 1.000000
vt 0.211640 0.833333
vt 0.211640 0.166667
vt 0.211640 0.000000
vt 0.211640 0.333333
vt 0.211640 0.500000
vt 0.211640 0.666667
vt 0.216931 1.000000
vt 0.216931 0.833333
vt 0.216931 0.166667
vt 0.216931 0.000000
vt 0.216931 0.333333
vt 0.216931 0.500000
vt 0.216931 0.666667
vt 0.222222 1.000000
vt 0.222222 0.833333
vt 0.222222 0.166667
vt 0.222222 0.000000
vt 0.222222 0.333333
vt 0.222222 0.500000
vt 0.222222 0.666667
vt 0.227513 1.000000
vt 0.227513 0.833333
vt 0.227513 0.166667
vt 0.227513 0.000000
vt 0.227513 0.333333
vt 0.227513 0.500000
vt 0.227513 0.666667
vt 0.232804 1.000000
vt 0.232804 0.833333
vt 0.232804 0.166667
vt 0.232804 0.000000
vt 0.232804 0.333333
vt 0.232804 0.500000
vt 0.232804 0.666667
vt 0.238095 1.000000
vt 0.238095 0.833333
vt 0.238095 0.166667
vt 0.238095 0.000000
vt 0.238095 0.333333
vt 0.238095 0.500000
vt 0.238095 0.666667
vt 0.243386 1.000000
vt 0.243386 0.833333
vt 0.243386 0.166667
vt 0.243386 0.000000
vt 0.243386 0.333333
vt 0.243386 0.500000
vt 0.243386 0.666667
vt 0.248677 1.000000
vt 0.248677 0.833333
vt 0.248677 0.166667
vt 0.248677 0.000000
vt 0.248677 0.333333
vt 0.248677 0.500000
vt 0.248677 0.666667
vt 0.253968 1.000000
vt 0.253968 0.833333
vt 0.253968 0.166667
vt 0.253968 0.000000
vt 0.253968 0.333333
vt 0.253968 0.500000
vt 0.253968 0.666667
vt 0.259259 1.000000
vt 0.259259 0.833333
vt 0.259259 0.166667
vt 0.259259 0.000000
vt 0.259259 0.333333
vt 0.259259 0.500000
vt 0.259259 0.666667
vt 0.264550 1.000000
vt 0.264550 0.833333
vt 0.264550 0.166667
vt 0.264550 0.000000
vt 0.264550 0.333333
vt 0.264550 0.500000
vt 0.264550 0.666667
vt 0.269841 1.000000
vt 0.269841 0.833333
vt 0.269841 0.166667
vt 0.269841 0.000000
vt 0.269841 0.333333
vt 0.269841 0.500000
vt 0.269841 0.666667
vt 0.275132 1.000000
vt 0.275132 0.833333
vt 0.275132 0.166667
vt 0.275132 0.000000
vt 0.275132 0.333333
vt 0.275132 0.500000
vt 0.275132 0.666667
vt 0.280423 1.000000
vt 0.280423 0.833333
vt 0.280423 0.166667
vt 0.280423 0.000000
vt 0.280423 0.333333
vt 0.280423 0.500000
vt 0.280423 0.666667
vt 0.291005 1.000000
vt 0.291005 0.833333
vt 0.291005 0.166667
vt 0.291005 0.000000
vt 0.291005 0.333333
vt 0.291005 0.500000
vt 0.291005 0.666667
vt 0.296296 1.000000
vt 0.296296 0.833333
vt 0.296296 0.166667
vt 0.296296 0.000000
vt 0.296296 0.333333
vt 0.296296 0.500000
vt 0.296296 0.666667
vt 0.301587 1.000000
vt 0.301587 0.833333
vt 0.301587 0.166667
vt 0.301587 0.000000
vt 0.301587 0.333333
vt 0.301587 0.500000
vt 0.301587 0.666667
vt 0.306878 1.000000
vt 0.306878 0.833333
vt 0.306878 0.166667
vt 0.306878 0.000000
vt 0.306878 0.333333
vt 0.306878 0.500000
vt 0.306878 0.666667
vt 0.312169 1.000000
vt 0.312169 0.833333
vt 0.312169 0.166667
vt 0.312169 0.000000
vt 0.312169 0.333333
vt 0.312169 0.500000
vt 0.312169 0.666667
vt 0.317460 1.000000
vt 0.317460 0.833333
vt 0.317460 0.166667
vt 0.317460 0.000000
vt 0.317460 0.333333
vt 0.317460 0.500000
vt 0.317460 0.666667
vt 0.322751 1.000000
vt 0.322751 0.833333
vt 0.322751 0.166667
vt 0.322751 0.000000
vt 0.322751 0.333333
vt 0.322751 0.500000
vt 0.322751 0.666667
vt 0.328042 1.000000
vt 0.328042 0.833333
vt 0.328042 0.166667
vt 0.328042 0.000000
vt 0.328042 0.333333
vt 0.328042 0.500000
vt 0.328042 0.666667
vt 0.333333 1.000000
vt 0.333333 0.833333
vt 0.333333 0.166667
vt 0.333333 0.000000
vt 0.333333 0.333333
vt 0.333333 0.500000
vt 0.333333 0.666667
vt 0.338624 1.000000
vt 0.338624 0.833333
vt 0.338624 0.166667
vt 0.338624 0.000000
vt 0.338624 0.333333
vt 0.338624 0.500000
vt 0.338624 0.666667
vt 0.343915 1.000000
vt 0.343915 0.833333
vt 0.343915 0.166667
vt 0.343915 0.000000
vt 0.343915 0.333333
vt 0.343915 0.500000
vt 0.343915 0.666667
vt 0.349206 1.000000
vt 0.349206 0.833333
vt 0.349206 0.166667
vt 0.349206 0.000000
vt 0.349206 0.333333
vt 0.349206 0.500000
vt 0.349206 0.666667
vt 0.354497 1.000000
vt 0.354497 0.833333
vt 0.354497 0.166667
vt 0.354497 0.000000
vt 0.354497 0.333333
vt 0.354497 0.500000
vt 0.354497 0.666667
vt 0.359788 1.000000
vt 0.359788 0.833333
vt 0.359788 0.166667
vt 0.359788 0.000000
vt 0.359788 0.333333
vt 0.359788 0.500000
vt 0.359788 0.666667
vt 0.365079 1.000000
vt 0.365079 0.833333
vt 0.365079 0.166667
vt 0.365079 0.000000
vt 0.365079 0.333333
vt 0.365079 0.500000
vt 0.365079 0.666667
vt 0.370370 1.000000
vt 0.370370 0.833333
vt 0.370370 0.166667
vt 0.370370 0.000000
vt 0.370370 0.333333
vt 0.370370 0.500000
vt 0.370370 0.666667
vt 0.375661 1.000000
vt 0.375661 0.833333
vt 0.375661 0.166667
vt 0.375661 0.000000
vt 0.375661 0.333333
vt 0.375661 0.500000
vt 0.375661 0.666667
vt 0.380952 1.000000
vt 0.380952 0.833333
vt 0.380952 0.166667
vt 0.380952 0.000000
vt 0.380952 0.333333
vt 0.380952 0.500000
vt 0.380952 0.666667
vt 0.386243 1.000000
vt 0.386243 0.833333
vt 0.386243 0.166667
vt 0.386243 0.000000
vt 0.386243 0.333333
vt 0.386243 0.500000
vt 0.386243 0.666667
vt 0.391534 1.000000
vt 0.391534 0.833333
vt 0.391534 0.166667
vt 0.391534 0.000000
vt 0.391534 0.333333
vt 0.391534 0.500000
vt 0.391534 0.666667
vt 0.396825 1.000000
vt 0.396825 0.833333
vt 0.396825 0.166667
vt 0.396825 0.000000
vt 0.396825 0.333333
vt 0.396825 0.500000
vt 0.396825 0.666667
vt 0.402116 1.000000
vt 0.402116 0.833333
vt 0.402116 0.166667
vt 0.402116 0.000000
vt 0.402116 0.333333
vt 0.402116 0.500000
vt 0.402116 0.666667
vt 0.407407 1.000000
vt 0.407407 0.833333
vt 0.407407 0.166667
vt 0.407407 0.000000
vt 0.407407 0.333333
vt 0.407407 0.500000
vt 0.407407 0.666667
vt 0.412698 1.000000
vt 0.412698 0.833333
vt 0.412698 0.166667
vt 0.412698 0.000000
vt 0.412698 0.333333
vt 0.412698 0.500000
vt 0.412698 0.666667
vt 0.417989 1.000000
vt 0.417989 0.833333
vt 0.417989 0.166667
vt 0.417989 0.000000
vt 0.417989 0.333333
vt 0.417989 0.500000
vt 0.417989 0.666667
vt 0.423280 1.000000
vt 0.423280 0.833333
vt 0.423280 0.166667
vt 0.423280 0.000000
vt 0.423280 0.333333
vt 0.423280 0.500000
vt 0.423280 0.666667
vt 0.433862 1.000000
vt 0.433862 0.833333
vt 0.433862 0.166667
vt 0.433862 0.000000
vt 0.433862 0.333333
vt 0.433862 0.500000
vt 0.433862 0.666667
vt 0.439153 1.000000
vt 0.439153 0.833333
vt 0.439153 0.166667
vt 0.439153 0.000000
vt 0.439153 0.333333
vt 0.439153 0.500000
vt 0.439153 0.666667
vt 0.444444 1.000000
vt 0.444444 0.833333
vt 0.444444 0.166667
vt 0.444444 0.000000
vt 0.444444 0.333333
vt 0.444444 0.500000
vt 0.444444 0.666667
vt 0.449735 1.000000
vt 0.449735 0.833333
vt 0.449735 0.166667
vt 0.449735 0.000000
vt 0.449735 0.333333
vt 0.449735 0.500000
vt 0.449735 0.666667
vt 0.455026 1.000000
vt 0.455026 0.833333
vt 0.455026 0.166667
vt 0.455026 0.000000
vt 0.455026 0.333333
vt 0.455026 0.500000
vt 0.455026 0.666667
vt 0.460317 1.000000
vt 0.460317 0.833333
vt 0.460317 0.166667
vt 0.460317 0.000000
vt 0.460317 0.333333
vt 0.460317 0.500000
vt 0.460317 0.666667
vt 0.465608 1.000000
vt 0.465608 0.833333
vt 0.465608 0.166667
vt 0.465608 0.000000
vt 0.465608 0.333333
vt 0.465608 0.500000
vt 0.465608 0.666667
vt 0.470899 1.000000
vt 0.470899 0.833333
vt 0.470899 0.166667
vt 0.470899 0.000000
vt 0.470899 0.333333
vt 0.470899 0.500000
vt 0.470899 0.666667
vt 0.476190 1.000000
vt 0.476190 0.833333
vt 0.476190 0.166667
vt 0.476190 0.000000
vt 0.476190 0.333333
vt 0.476190 0.500000
vt 0.476190 0.666667
vt 0.481481 1.000000
vt 0.481481 0.833333
vt 0.481481 0.166667
vt 0.481481 0.000000
vt 0.481481 0.333333
vt 0.481481 0.500000
vt 0.481481 0.666667
vt 0.486772 1.000000
vt 0.486772 0.833333
vt 0.486772 0.166667
vt 0.486772 0.000000
vt 0.486772 0.333333
vt 0.486772 0.500000
vt 0.486772 0.666667
vt 0.492063 1.000000
vt 0.492063 0.833333
vt 0.492063 0.166667
vt 0.492063 0.000000
vt 0.492063 0.333333
vt 0.492063 0.500000
vt 0.492063 0.666667
vt 0.497355 1.000000
vt 0.497355 0.833333
vt 0.497355 0.166667
vt 0.497355 0.000000
vt 0.497355 0.333333
vt 0.497355 0.500000
vt 0.497355 0.666667
vt 0.502645 1.000000
vt 0.502645 0.833333
vt 0.502645 0.166667
vt 0.502645 0.000000
vt 0.502645 0.333333
vt 0.502645 0.500000
vt 0.502645 0.666667
vt 0.507937 1.000000
vt 0.507937 0.833333
vt 0.507937 0.166667
vt 0.507937 0.000000
vt 0.507937 0.333333
vt 0.507937 0.500000
vt 0.507937 0.666667
vt 0.513228 1.000000
vt 0.513228 0.833333
vt 0.513228 0.166667
vt 0.513228 0.000000
vt 0.513228 0.333333
vt 0.513228 0.500000
vt 0.513228 0.666667
vt 0.518519 1.000000
vt 0.518519 0.833333
vt 0.518519 0.166667
vt 0.518519 0.000000
vt 0.518519 0.333333
vt 0.518519 0.500000
vt 0.518519 0.666667
vt 0.523810 1.000000
vt 0.523810 0.833333
vt 0.523810 0.166667
vt 0.523810 0.000000
vt 0.523810 0.333333
vt 0.523810 0.500000
vt 0.523810 0.666667
vt 0.529101 1.000000
vt 0.529101 0.833333
vt 0.529101 0.166667
vt 0.529101 0.000000
vt 0.529101 0.333333
vt 0.529101 0.500000
vt 0.529101 0.666667
vt 0.534392 1.000000
vt 0.534392 0.833333
vt 0.534392 0.166667
vt 0.534392 0.000000
vt 0.534392 0.333333
vt 0.534392 0.500000
vt 0.534392 0.666667
vt 0.539683 1.000000
vt 0.539683 0.833333
vt 0.539683 0.166667
vt 0.539683 0.000000
vt 0.539683 0.333333
vt 0.539683 0.500000
vt 0.539683 0.666667
vt 0.544974 1.000000
vt 0.544974 0.833333
vt 0.544974 0.166667
vt 0.544974 0.000000
vt 0.544974 0.333333
vt 0.544974 0.500000
vt 0.544974 0.666667
vt 0.550265 1.000000
vt 0.550265 0.833333
vt 0.550265 0.166667
vt 0.550265 0.000000
vt 0.550265 0.333333
vt 0.550265 0.500000
vt 0.550265 0.666667
vt 0.555556 1.000000
vt 0.555556 0.833333
vt 0.555556 0.166667
vt 0.555556 0.000000
vt 0.555556 0.333333
vt 0.555556 0.500000
vt 0.555556 0.666667
vt 0.560847 1.000000
vt 0.560847 0.833333
vt 0.560847 0.166667
vt 0.560847 0.000000
vt 0.560847 0.333333
vt 0.560847 0.500000
vt 0.560847 0.666667
vt 0.566138 1.000000
vt 0.566138 0.833333
vt 0.566138 0.166667
vt 0.566138 0.000000
vt 0.566138 0.333333
vt 0.566138 0.500000
vt 0.566138 0.666667
vt 0.576720 1.000000
vt 0.576720 0.833333
vt 0.576720 0.166667
vt 0.576720 0.000000
vt 0.576720 0.333333
vt 0.576720 0.500000
vt 0.576720 0.666667
vt 0.582011 1.000000
vt 0.582011 0.833333
vt 0.582011 0.166667
vt 0.582011 0.000000
vt 0.582011 0.333333
vt 0.582011 0.500000
vt 0.582011 0.666667
vt 0.587302 1.000000
vt 0.587302 0.833333
vt 0.587302 0.166667
vt 0.587302 0.000000
vt 0.587302 0.333333
vt 0.587302 0.500000
vt 0.587302 0.666667
vt 0.592593 1.000000
vt 0.592593 0.833333
vt 0.592593 0.166667
vt 0.592593 0.000000
vt 0.592593 0.333333
vt 0.592593 0.500000
vt 0.592593 0.666667
vt 0.597884 1.000000
vt 0.597884 0.833333
vt 0.597884 0.166667
vt 0.597884 0.000000
vt 0.597884 0.333333
vt 0.597884 0.500000
vt 0.597884 0.666667
vt 0.603175 1.000000
vt 0.603175 0.833333
vt 0.603175 0.166667
vt 0.603175 0.000000
vt 0.603175 0.333333
vt 0.603175 0.500000
vt 0.603175 0.666667
vt 0.608466 1.000000
vt 0.608466 0.833333
vt 0.608466 0.166667
vt 0.608466 0.000000
vt 0.608466 0.333333
vt 0.608466 0.500000
vt 0.608466 0.666667
vt 0.613757 1.000000
vt 0.613757 0.833333
vt 0.613757 0.166667
vt 0.613757 0.000000
vt 0.613757 0.333333
vt 0.613757 0.500000
vt 0.613757 0.666667
vt 0.619048 1.000000
vt 0.619048 0.833333
vt 0.619048 0.166667
vt 0.619048 0.000000
vt 0.619048 0.333333
vt 0.619048 0.500000
vt 0.619048 0.666667
vt 0.624339 1.000000
vt 0.624339 0.833333
vt 0.624339 0.166667
vt 0.624339 0.000000
vt 0.624339 0.333333
vt 0.624339 0.500000
vt 0.624339 0.666667
vt 0.629630 1.000000
vt 0.629630 0.833333
vt 0.629630 0.166667
vt 0.629630 0.000000
vt 0.629630 0.333333
vt 0.629630 0.500000
vt 0.629630 0.666667
vt 0.634921 1.000000
vt 0.634921 0.833333
vt 0.634921 0.166667
vt 0.634921 0.000000
vt 0.634921 0.333333
vt 0.634921 0.500000
vt 0.634921 0.666667
vt 0.640212 1.000000
vt 0.640212 0.833333
vt 0.640212 0.166667
vt 0.640212 0.000000
vt 0.640212 0.333333
vt 0.640212 0.500000
vt 0.640212 0.666667
vt 0.645503 1.000000
vt 0.645503 0.833333
vt 0.645503 0.166667
vt 0.645503 0.000000
vt 0.645503 0.333333
vt 0.645503 0.500000
vt 0.645503 0.666667
vt 0.650794 1.000000
vt 0.650794 0.833333
vt 0.650794 0.166667
vt 0.650794 0.000000
vt 0.650794 0.333333
vt 0.650794 0.500000
vt 0.650794 0.666667
vt 0.656085 1.000000
vt 0.656085 0.833333
vt 0.656085 0.166667
vt 0.656085 0.000000
vt 0.656085 0.333333
vt 0.656085 0.500000
vt 0.656085 0.666667
vt 0.661376 1.000000
vt 0.661376 0.833333
vt 0.661376 0.166667
vt 0.661376 0.000000
vt 0.661376 0.333333
vt 0.661376 0.500000
vt 0.661376 0.666667
vt 0.666667 1.000000
vt 0.666667 0.833333
vt 0.666667 0.166667
vt 0.666667 0.000000
vt 0.666667 0.333333
vt 0.666667 0.500000
vt 0.666667 0.666667
vt 0.671958 1.000000
vt 0.671958 0.833333
vt 0.671958 0.166667
vt 0.671958 0.000000
vt 0.671958 0.333333
vt 0.671958 0.500000
vt 0.671958 0.666667
vt 0.677249 1.000000
vt 0.677249 0.833333
vt 0.677249 0.166667
vt 0.677249 0.000000
vt 0.677249 0.333333
vt 0.677249 0.500000
vt 0.677249 0.666667
vt 0.682540 1.000000
vt 0.682540 0.833333
vt 0.682540 0.166667
vt 0.682540 0.000000
vt 0.682540 0.333333
vt 0.682540 0.500000
vt 0.682540 0.666667
vt 0.687831 1.000000
vt 0.687831 0.833333
vt 0.687831 0.166667
vt 0.687831 0.000000
vt 0.687831 0.333333
vt 0.687831 0.500000
vt 0.687831 0.666667
vt 0.693122 1.000000
vt 0.693122 0.833333
vt 0.693122 0.166667
vt 0.693122 0.000000
vt 0.693122 0.333333
vt 0.693122 0.500000
vt 0.693122 0.666667
vt 0.698413 1.000000
vt 0.698413 0.833333
vt 0.698413 0.166667
vt 0.698413 0.000000
vt 0.698413 0.333333
vt 0.698413 0.500000
vt 0.698413 0.666667
vt 0.703704 1.000000
vt 0.703704 0.833333
vt 0.703704 0.166667
vt 0.703704 0.000000
vt 0.703704 0.333333
vt 0.703704 0.500000
vt 0.703704 0.666667
vt 0.708995 1.000000
vt 0.708995 0.833333
vt 0.708995 0.166667
vt 0.708995 0.000000
vt 0.708995 0.333333
vt 0.708995 0.500000
vt 0.708995 0.666667
vt 0.719577 1.000000
vt 0.719577 0.833333
vt 0.719577 0.166667
vt 0.719577 0.000000
vt 0.719577 0.333333
vt 0.719577 0.500000
vt 0.719577 0.666667
vt 0.724868 1.000000
vt 0.724868 0.833333
vt 0.724868 0.166667
vt 0.724868 0.000000
vt 0.724868 0.333333
vt 0.724868 0.500000
vt 0.724868 0.666667
vt 0.730159 1.000000
vt 0.730159 0.833333
vt 0.730159 0.166667
vt 0.730159 0.000000
vt 0.730159 0.333333
vt 0.730159 0.500000
vt 0.730159 0.666667
vt 0.735450 1.000000
vt 0.735450 0.833333
vt 0.735450 0.166667
vt 0.735450 0.000000
vt 0.735450 0.333333
vt 0.735450 0.500000
vt 0.735450 0.666667
vt 0.740741 1.000000
vt 0.740741 0.833333
vt 0.740741 0.166667
vt 0.740741 0.000000
vt 0.740741 0.333333
vt 0.740741 0.500000
vt 0.740741 0.666667
vt 0.746032 1.000000
vt 0.746032 0.833333
vt 0.746032 0.166667
vt 0.746032 0.000000
vt 0.746032 0.333333
vt 0.746032 0.500000
vt 0.746032 0.666667
vt 0.751323 1.000000
vt 0.751323 0.833333
vt 0.751323 0.166667
vt 0.751323 0.000000
vt 0.751323 0.333333
vt 0.751323 0.500000
vt 0.751323 0.666667
vt 0.756614 1.000000
vt 0.756614 0.833333
vt 0.756614 0.166667
vt 0.756614 0.000000
vt 0.756614 0.333333
vt 0.756614 0.500000
vt 0.756614 0.666667
vt 0.761905 1.000000
vt 0.761905 0.833333
vt 0.761905 0.166667
vt 0.761905 0.000000
vt 0.761905 0.333333
vt 0.761905 0.500000
vt 0.761905 0.666667
vt 0.767196 1.000000
vt 0.767196 0.833333
vt 0.767196 0.166667
vt 0.767196 0.000000
vt 0.767196 0.333333
vt 0.767196 0.500000
vt 0.767196 0.666667
vt 0.772487 1.000000
vt 0.772487 0.833333
vt 0.772487 0.166667
vt 0.772487 0.000000
vt 0.772487 0.333333
vt 0.772487 0.500000
vt 0.772487 0.666667
vt 0.777778 1.000000
vt 0.777778 0.833333
vt 0.777778 0.166667
vt 0.777778 0.000000
vt 0.777778 0.333333
vt 0.777778 0.500000
vt 0.777778 0.666667
vt 0.783069 1.000000
vt 0.783069 0.833333
vt 0.783069 0.166667
vt 0.783069 0.000000
vt 0.783069 0.333333
vt 0.783069 0.500000
vt 0.783069 0.666667
vt 0.788360 1.000000
vt 0.788360 0.833333
vt 0.788360 0.166667
vt 0.788360 0.000000
vt 0.788360 0.333333
vt 0.788360 0.500000
vt 0.788360 0.666667
vt 0.793651 1.000000
vt 0.793651 0.833333
vt 0.793651 0.166667
vt 0.793651 0.000000
vt 0.793651 0.333333
vt 0.793651 0.500000
vt 0.793651 0.666667
vt 0.798942 1.000000
vt 0.798942 0.833333
vt 0.798942 0.166667
vt 0.798942 0.000000
vt 0.798942 0.333333
vt 0.798942 0.500000
vt 0.798942 0.666667
vt 0.804233 1.000000
vt 0.804233 0.833333
vt 0.804233 0.166667
vt 0.804233 0.000000
vt 0.804233 0.333333
vt 0.804233 0.500000
vt 0.804233 0.666667
vt 0.809524 1.000000
vt 0.809524 0.833333
vt 0.809524 0.166667
vt 0.809524 0.000000
vt 0.809524 0.333333
vt 0.809524 0.500000
vt 0.809524 0.666667
vt 0.814815 1.000000
vt 0.814815 0.833333
vt 0.814815 0.166667
vt 0.814815 0.000000
vt 0.814815 0.333333
vt 0.814815 0.500000
vt 0.814815 0.666667
vt 0.820106 1.000000
vt 0.820106 0.833333
vt 0.820106 0.166667
vt 0.820106 0.000000
vt 0.820106 0.333333
vt 0.820106 0.500000
vt 0.820106 0.666667
vt 0.825397 1.000000
vt 0.825397 0.833333
vt 0.825397 0.166667
vt 0.825397 0.000000
vt 0.825397 0.333333
vt 0.825397 0.500000
vt 0.825397 0.666667
vt 0.830688 1.000000
vt 0.830688 0.833333
vt 0.830688 0.166667
vt 0.830688 0.000000
vt 0.830688 0.333333
vt 0.830688 0.500000
vt 0.830688 0.666667
vt 0.835979 1.000000
vt 0.835979 0.833333
vt 0.835979 0.166667
vt 0.835979 0.000000
vt 0.835979 0.333333
vt 0.835979 0.500000
vt 0.835979 0.666667
vt 0.841270 1.000000
vt 0.841270 0.833333
vt 0.841270 0.166667
vt 0.841270 0.000000
vt 0.841270 0.333333
vt 0.841270 0.500000
vt 0.841270 0.666667
vt 0.846561 1.000000
vt 0.846561 0.833333
vt 0.846561 0.166667
vt 0.846561 0.000000
vt 0.846561 0.333333
vt 0.846561 0.500000
vt 0.846561 0.666667
vt 0.851852 1.000000
vt 0.851852 0.833333
vt 0.851852 0.166667
vt 0.851852 0.000000
vt 0.851852 0.333333
vt 0.851852 0.500000
vt 0.851852 0.666667
vt 0.862434 1.000000
vt 0.862434 0.833333
vt 0.862434 0.166667
vt 0.862434 0.000000
vt 0.862434 0.333333
vt 0.862434 0.500000
vt 0.862434 0.666667
vt 0.867725 1.000000
vt 0.867725 0.833333
vt 0.867725 0.166667
vt 0.867725 0.000000
vt 0.867725 0.333333
vt 0.867725 0.500000
vt 0.867725 0.666667
vt 0.873016 1.000000
vt 0.873016 0.833333
vt 0.873016 0.166667
vt 0.873016 0.000000
vt 0.873016 0.333333
vt 0.873016 0.500000
vt 0.873016 0.666667
vt 0.878307 1.000000
vt 0.878307 0.833333
vt 0.878307 0.166667
vt 0.878307 0.000000
vt 0.878307 0.333333
vt 0.878307 0.500000
vt 0.878307 0.666667
vt 0.883598 1.000000
vt 0.883598 0.833333
vt 0.883598 0.166667
vt 0.883598 0.000000
vt 0.883598 0.333333
vt 0.883598 0.500000
vt 0.883598 0.666667
vt 0.888889 1.000000
vt 0.888889 0.833333
vt 0.888889 0.166667
vt 0.888889 0.000000
vt 0.888889 0.333333
vt 0.888889 0.500000
vt 0.888889 0.666667
vt 0.894180 1.000000
vt 0.894180 0.833333
vt 0.894180 0.166667
vt 0.894180 0.000000
vt 0.894180 0.333333
vt 0.894180 0.500000
vt 0.894180 0.666667
vt 0.899471 1.000000
vt 0.899471 0.833333
vt 0.899471 0.166667
vt 0.899471 0.000000
vt 0.899471 0.333333
vt 0.899471 0.500000
vt 0.899471 0.666667
vt 0.904762 1.000000
vt 0.904762 0.833333
vt 0.904762 0.166667
vt 0.904762 0.000000
vt 0.904762 0.333333
vt 0.904762 0.500000
vt 0.904762 0.666667
vt 0.910053 1.000000
vt 0.910053 0.833333
vt 0.910053 0.166667
vt 0.910053 0.000000
vt 0.910053 0.333333
vt 0.910053 0.500000
vt 0.910053 0.666667
vt 0.915344 1.000000
vt 0.915344 0.833333
vt 0.915344 0.166667
vt 0.915344 0.000000
vt 0.915344 0.333333
vt 0.915344 0.500000
vt 0.915344 0.666667
vt 0.920635 1.000000
vt 0.920635 0.833333
vt 0.920635 0.166667
vt 0.920635 0.000000
vt 0.920635 0.333333
vt 0.920635 0.500000
vt 0.920635 0.666667
vt 0.925926 1.000000
vt 0.925926 0.833333
vt 0.925926 0.166667
vt 0.925926 0.000000
vt 0.925926 0.333333
vt 0.925926 0.500000
vt 0.925926 0.666667
vt 0.931217 1.000000
vt 0.931217 0.833333
vt 0.931217 0.166667
vt 0.931217 0.000000
vt 0.931217 0.333333
vt 0.931217 0.500000
vt 0.931217 0.666667
vt 0.936508 1.000000
vt 0.936508 0.833333
vt 0.936508 0.166667
vt 0.936508 0.000000
vt 0.936508 0.333333
vt 0.936508 0.500000
vt 0.936508 0.666667
vt 0.941799 1.000000
vt 0.941799 0.833333
vt 0.941799 0.166667
vt 0.941799 0.000000
vt 0.941799 0.333333
vt 0.941799 0.500000
vt 0.941799 0.666667
vt 0.947090 1.000000
vt 0.947090 0.833333
vt 0.947090 0.166667
vt 0.947090 0.000000
vt 0.947090 0.333333
vt 0.947090 0.500000
vt 0.947090 0.666667
vt 0.952381 1.000000
vt 0.952381 0.833333
vt 0.952381 0.166667
vt 0.952381 0.000000
vt 0.952381 0.333333
vt 0.952381 0.500000
vt 0.952381 0.666667
vt 0.957672 1.000000
vt 0.957672 0.833333
vt 0.957672 0.166667
vt 0.957672 0.000000
vt 0.957672 0.333333
vt 0.957672 0.500000
vt 0.957672 0.666667
vt 0.962963 1.000000
vt 0.962963 0.833333
vt 0.962963 0.166667
vt 0.962963 0.000000
vt 0.962963 0.333333
vt 0.962963 0.500000
vt 0.962963 0.666667
vt 0.968254 1.000000
vt 0.968254 0.833333
vt 0.968254 0.166667
vt 0.968254 0.000000
vt 0.968254 0.333333
vt 0.968254 0.500000
vt 0.968254 0.666667
vt 0.973545 1.000000
vt 0.973545 0.833333
vt 0.973545 0.166667
vt 0.973545 0.000000
vt 0.973545 0.333333
vt 0.973545 0.500000
vt 0.973545 0.666667
vt 0.978836 1.000000
vt 0.978836 0.833333
vt 0.978836 0.166667
vt 0.978836 0.000000
vt 0.978836 0.333333
vt 0.978836 0.500000
vt 0.978836 0.666667
vt 0.984127 1.000000
vt 0.984127 0.833333
vt 0.984127 0.166667
vt 0.984127 0.000000
vt 0.984127 0.333333
vt 0.984127 0.500000
vt 0.984127 0.666667
vt 0.989418 1.000000
vt 0.989418 0.833333
vt 0.989418 0.166667
vt 0.989418 0.000000
vt 0.989418 0.333333
vt 0.989418 0.500000
vt 0.989418 0.666667
vt 0.994709 1.000000
vt 0.994709 0.833333
vt 0.994709 0.166667
vt 0.994709 0.000000
vt 0.994709 0.333333
vt 0.994709 0.500000
vt 0.994709 0.666667
s 1
f 1/1/1 7/2/1 12/3/6 6/4/6
f 2/5/2 8/6/2 7/7/1 1/8/1
f 3/9/3 9/10/3 8/6/2 2/5/2
f 4/11/4 10/12/4 9/10/3 3/9/3
f 5/13/5 11/14/5 10/12/4 4/11/4
f 6/4/6 12/3/6 11/14/5 5/13/5
f 7/2/1 13/15/1 18/16/6 12/3/6
f 8/6/2 14/17/2 13/18/1 7/7/1
f 9/10/3 15/19/3 14/17/2 8/6/2
f 10/12/4 16/20/4 15/19/3 9/10/3
f 11/14/5 17/21/5 16/20/4 10/12/4
f 12/3/6 18/16/6 17/21/5 11/14/5
f 13/15/1 19/22/1 24/23/6 18/16/6
f 14/17/2 20/24/2 19/25/1 13/18/1
f 15/19/3 21/26/3 20/24/2 14/17/2
f 16/20/4 22/27/4 21/26/3 15/19/3
f 17/21/5 23/28/5 22/27/4 16/20/4
f 18/16/6 24/23/6 23/28/5 17/21/5
f 19/22/1 25/29/1 30/30/6 24/23/6
f 20/24/2 26/31/2 25/32/1 19/25/1
f 21/26/3 27/33/3 26/31/2 20/24/2
f 22/27/4 28/34/4 27/33/3 21/26/3
f 23/28/5 29/35/5 28/34/4 22/27/4
f 24/23/6 30/30/6 29/35/5 23/28/5
f 25/29/1 31/36/1 36/37/6 30/30/6
f 26/31/2 32/38/2 31/39/1 25/32/1
f 27/33/3 33/40/3 32/38/2 26/31/2
f 28/34/4 34/41/4 33/40/3 27/33/3
f 29/35/5 35/42/5 34/41/4 28/34/4
f 30/30/6 36/37/6 35/42/5 29/35/5
f 31/36/1 37/43/1 42/44/6 36/37/6
f 32/38/2 38/45/2 37/46/1 31/39/1
f 33/40/3 39/47/3 38/45/2 32/38/2
f 34/41/4 40/48/4 39/47/3 33/40/3
f 35/42/5 41/49/5 40/48/4 34/41/4
f 36/37/6 42/44/6 41/49/5 35/42/5
f 37/43/1 43/50/1 48/51/6 42/44/6
f 38/45/2 44/52/2 43/53/1 37/46/1
f 39/47/3 45/54/3 44/52/2 38/45/2
f 40/48/4 46/55/4 45/54/3 39/47/3
f 41/49/5 47/56/5 46/55/4 40/48/4
f 42/44/6 48/51/6 47/56/5 41/49/5
f 49/1/7 55/2/7 60/3/6 54/4/6
f 50/5/8 56/6/8 55/7/7 49/8/7
f 51/9/3 57/10/3 56/6/8 50/5/8
f 52/11/9 58/12/9 57/10/3 51/9/3
f 53/13/10 59/14/10 58/12/9 52/11/9
f 54/4/6 60/3/6 59/14/10 53/13/10
f 55/2/7 61/15/7 66/16/6 60/3/6
f 56/6/8 62/17/8 61/18/7 55/7/7
f 57/10/3 63/19/3 62/17/8 56/6/8
f 58/12/9 64/20/9 63/19/3 57/10/3
f 59/14/10 65/21/10 64/20/9 58/12/9
f 60/3/6 66/16/6 65/21/10 59/14/10
f 61/15/7 67/22/7 72/23/6 66/16/6
f 62/17/8 68/24/8 67/25/7 61/18/7
f 63/19/3 69/26/3 68/24/8 62/17/8
f 64/20/9 70/27/9 69/26/3 63/19/3
f 65/21/10 71/28/10 70/27/9 64/20/9
f 66/16/6 72/23/6 71/28/10 65/21/10
f 67/22/7 73/29/7 78/30/6 72/23/6
f 68/24/8 74/31/8 73/32/7 67/25/7
f 69/26/3 75/33/3 74/31/8 68/24/8
f 70/27/9 76/34/9 75/33/3 69/26/3
f 71/28/10 77/35/10 76/34/9 70/27/9
f 72/23/6 78/30/6 77/35/10 71/28/10
f 73/29/7 79/36/7 84/37/6 78/30/6
f 74/31/8 80/38/8 79/39/7 73/32/7
f 75/33/3 81/40/3 80/38/8 74/31/8
f 76/34/9 82/41/9 81/40/3 75/33/3
f 77/35/10 83/42/10 82/41/9 76/34/9
f 78/30/6 84/37/6 83/42/10 77/35/10
f 79/36/7 85/43/7 90/44/6 84/37/6
f 80/38/8 86/45/8 85/46/7 79/39/7
f 81/40/3 87/47/3 86/45/8 80/38/8
f 82/41/9 88/48/9 87/47/3 81/40/3
f 83/42/10 89/49/10 88/48/9 82/41/9
f 84/37/6 90/44/6 89/49/10 83/42/10
f 85/43/7 91/50/7 96/51/6 90/44/6
f 86/45/8 92/52/8 91/53/7 85/46/7
f 87/47/3 93/54/3 92/52/8 86/45/8
f 88/48/9 94/55/9 93/54/3 87/47/3
f 89/49/10 95/56/10 94/55/9 88/48/9
f 90/44/6 96/51/6 95/56/10 89/49/10
f 97/1/11 103/2/11 108/3/6 102/4/6
f 98/5/12 104/6/12 103/7/11 97/8/11
f 99/9/3 105/10/3 104/6/12 98/5/12
f 100/11/13 106/12/13 105/10/3 99/9/3
f 101/13/14 107/14/14 106/12/13 100/11/13
f 102/4/6 108/3/6 107/14/14 101/13/14
f 103/2/11 109/15/11 114/16/6 108/3/6
f 104/6/12 110/17/12 109/18/11 103/7/11
f 105/10/3 111/19/3 110/17/12 104/6/12
f 106/12/13 112/20/13 111/19/3 105/10/3
f 107/14/14 113/21/14 112/20/13 106/12/13
f 108/3/6 114/16/6 113/21/14 107/14/14
f 109/15/11 115/22/11 120/23/6 114/16/6
f 110/17/12 116/24/12 115/25/11 109/18/11
f 111/19/3 117/26/3 116/24/12 110/17/12
f 112/20/13 118/27/13 117/26/3 111/19/3
f 113/21/14 119/28/14 118/27/13 112/20/13
f 114/16/6 120/23/6 119/28/14 113/21/14
f 115/22/11 121/29/11 126/30/6 120/23/6
f 116/24/12 122/31/12 121/32/11 115/25/11
f 117/26/3 123/33/3 122/31/12 116/24/12
f 118/27/13 124/34/13 123/33/3 117/26/3
f 119/28/14 125/35/14 124/34/13 118/27/13
f 120/23/6 126/30/6 125/35/14 119/28/14
f 121/29/11 127/36/11 132/37/6 126/30/6
f 122/31/12 128/38/12 127/39/11 121/32/11
f 123/33/3 129/40/3 128/38/12 122/31/12
f 124/34/13 130/41/13 129/40/3 123/33/3
f 125/35/14 131/42/14 130/41/13 124/34/13
f 126/30/6 132/37/6 131/42/14 125/35/14
f 127/36/11 133/43/11 138/44/6 132/37/6
f 128/38/12 134/45/12 133/46/11 127/39/11
f 129/40/3 135/47/3 134/45/12 128/38/12
f 130/41/13 136/48/13 135/47/3 129/40/3
f 131/42/14 137/49/14 136/48/13 130/41/13
f 132/37/6 138/44/6 137/49/14 131/42/14
f 133/43/11 139/50/11 144/51/6 138/44/6
f 134/45/12 140/52/12 139/53/11 133/46/11
f 135/47/3 141/54/3 140/52/12 134/45/12
f 136/48/13 142/55/13 141/54/3 135/47/3
f 137/49/14 143/56/14 142/55/13 136/48/13
f 138/44/6 144/51/6 143/56/14 137/49/14
f 145/1/15 151/57/15 156/58/6 150/4/6
f 146/5/16 152/59/16 151/60/15 145/8/15
f 147/9/3 153/61/3 152/59/16 146/5/16
f 148/11/17 154/62/17 153/61/3 147/9/3
f 149/13/18 155/63/18 154/62/17 148/11/17
f 150/4/6 156/58/6 155/63/18 149/13/18
f 151/57/15 157/64/19 162/65/6 156/58/6
f 152/59/16 158/66/20 157/67/19 151/60/15
f 153/61/3 159/68/3 158/66/20 152/59/16
f 154/62/17 160/69/17 159/68/3 153/61/3
f 155/63/18 161/70/18 160/69/17 154/62/17
f 156/58/6 162/65/6 161/70/18 155/63/18
f 157/64/19 163/71/15 168/72/6 162/65/6
f 158/66/20 164/73/16 163/74/15 157/67/19
f 159/68/3 165/75/3 164/73/16 158/66/20
f 160/69/17 166/76/17 165/75/3 159/68/3
f 161/70/18 167/77/18 166/76/17 160/69/17
f 162/65/6 168/72/6 167/77/18 161/70/18
f 163/71/15 169/78/15 174/79/6 168/72/6
f 164/73/16 170/80/16 169/81/15 163/74/15
f 165/75/3 171/82/3 170/80/16 164/73/16
f 166/76/17 172/83/17 171/82/3 165/75/3
f 167/77/18 173/84/18 172/83/17 166/76/17
f 168/72/6 174/79/6 173/84/18 167/77/18
f 169/78/15 175/85/15 180/86/6 174/79/6
f 170/80/16 176/87/16 175/88/15 169/81/15
f 171/82/3 177/89/3 176/87/16 170/80/16
f 172/83/17 178/90/17 177/89/3 171/82/3
f 173/84/18 179/91/18 178/90/17 172/83/17
f 174/79/6 180/86/6 179/91/18 173/84/18
f 175/85/15 181/92/21 186/93/26 180/86/6
f 176/87/16 182/94/22 181/95/21 175/88/15
f 177/89/3 183/96/23 182/94/22 176/87/16
f 178/90/17 184/97/24 183/96/23 177/89/3
f 179/91/18 185/98/25 184/97/24 178/90/17
f 180/86/6 186/93/26 185/98/25 179/91/18
f 181/92/21 187/99/27 192/100/32 186/93/26
f 182/94/22 188/101/28 187/102/27 181/95/21
f 183/96/23 189/103/29 188/101/28 182/94/22
f 184/97/24 190/104/30 189/103/29 183/96/23
f 185/98/25 191/105/31 190/104/30 184/97/24
f 186/93/26 192/100/32 191/105/31 185/98/25
f 187/99/27 193/106/33 198/107/38 192/100/32
f 188/101/28 194/108/34 193/109/33 187/102/27
f 189/103/29 195/110/35 194/108/34 188/101/28
f 190/104/30 196/111/36 195/110/35 189/103/29
f 191/105/31 197/112/37 196/111/36 190/104/30
f 192/100/32 198/107/38 197/112/37 191/105/31
f 193/106/33 199/113/39 204/114/6 198/107/38
f 194/108/34 200/115/40 199/116/39 193/109/33
f 195/110/35 201/117/3 200/115/40 194/108/34
f 196/111/36 202/118/41 201/117/3 195/110/35
f 197/112/37 203/119/42 202/118/41 196/111/36
f 198/107/38 204/114/6 203/119/42 197/112/37
f 199/113/39 205/120/39 210/121/6 204/114/6
f 200/115/40 206/122/40 205/123/39 199/116/39
f 201/117/3 207/124/3 206/122/40 200/115/40
f 202/118/41 208/125/41 207/124/3 201/117/3
f 203/119/42 209/126/42 208/125/41 202/118/41
f 204/114/6 210/121/6 209/126/42 203/119/42
f 205/120/39 211/127/39 216/128/6 210/121/6
f 206/122/40 212/129/40 211/130/39 205/123/39
f 207/124/3 213/131/3 212/129/40 206/122/40
f 208/125/41 214/132/41 213/131/3 207/124/3
f 209/126/42 215/133/42 214/132/41 208/125/41
f 210/121/6 216/128/6 215/133/42 209/126/42
f 211/127/39 217/134/39 222/135/6 216/128/6
f 212/129/40 218/136/40 217/137/39 211/130/39
f 213/131/3 219/138/3 218/136/40 212/129/40
f 214/132/41 220/139/41 219/138/3 213/131/3
f 215/133/42 221/140/42 220/139/41 214/132/41
f 216/128/6 222/135/6 221/140/42 215/133/42
f 217/134/39 223/141/43 228/142/48 222/135/6
f 218/136/40 224/143/44 223/144/43 217/137/39
f 219/138/3 225/145/45 224/143/44 218/136/40
f 220/139/41 226/146/46 225/145/45 219/138/3
f 221/140/42 227/147/47 226/146/46 220/139/41
f 222/135/6 228/142/48 227/147/47 221/140/42
f 223/141/43 229/148/49 234/149/54 228/142/48
f 224/143/44 230/150/50 229/151/49 223/144/43
f 225/145/45 231/152/51 230/150/50 224/143/44
f 226/146/46 232/153/52 231/152/51 225/145/45
f 227/147/47 233/154/53 232/153/52 226/146/46
f 228/142/48 234/149/54 233/154/53 227/147/47
f 229/148/49 235/155/55 240/156/60 234/149/54
f 230/150/50 236/157/56 235/158/55 229/151/49
f 231/152/51 237/159/57 236/157/56 230/150/50
f 232/153/52 238/160/58 237/159/57 231/152/51
f 233/154/53 239/161/59 238/160/58 232/153/52
f 234/149/54 240/156/60 239/161/59 233/154/53
f 235/155/55 241/162/61 246/163/6 240/156/60
f 236/157/56 242/164/62 241/165/61 235/158/55
f 237/159/57 243/166/3 242/164/62 236/157/56
f 238/160/58 244/167/63 243/166/3 237/159/57
f 239/161/59 245/168/64 244/167/63 238/160/58
f 240/156/60 246/163/6 245/168/64 239/161/59
f 241/162/61 247/169/65 252/170/6 246/163/6
f 242/164/62 248/171/66 247/172/65 241/165/61
f 243/166/3 249/173/3 248/171/66 242/164/62
f 244/167/63 250/174/67 249/173/3 243/166/3
f 245/168/64 251/175/64 250/174/67 244/167/63
f 246/163/6 252/170/6 251/175/64 245/168/64
f 247/169/65 253/176/61 258/177/6 252/170/6
f 248/171/66 254/178/62 253/179/61 247/172/65
f 249/173/3 255/180/3 254/178/62 248/171/66
f 250/174/67 256/181/67 255/180/3 249/173/3
f 251/175/64 257/182/64 256/181/67 250/174/67
f 252/170/6 258/177/6 257/182/64 251/175/64
f 253/176/61 259/183/61 264/184/6 258/177/6
f 254/178/62 260/185/62 259/186/61 253/179/61
f 255/180/3 261/187/3 260/185/62 254/178/62
f 256/181/67 262/188/63 261/187/3 255/180/3
f 257/182/64 263/189/64 262/188/63 256/181/67
f 258/177/6 264/184/6 263/189/64 257/182/64
f 259/183/61 265/190/68 270/191/73 264/184/6
f 260/185/62 266/192/69 265/193/68 259/186/61
f 261/187/3 267/194/70 266/192/69 260/185/62
f 262/188/63 268/195/71 267/194/70 261/187/3
f 263/189/64 269/196/72 268/195/71 262/188/63
f 264/184/6 270/191/73 269/196/72 263/189/64
f 265/190/68 271/197/74 276/198/79 270/191/73
f 266/192/69 272/199/75 271/200/74 265/193/68
f 267/194/70 273/201/76 272/199/75 266/192/69
f 268/195/71 274/202/77 273/201/76 267/194/70
f 269/196/72 275/203/78 274/202/77 268/195/71
f 270/191/73 276/198/79 275/203/78 269/196/72
f 271/197/74 277/204/80 282/205/85 276/198/79
f 272/199/75 278/206/81 277/207/80 271/200/74
f 273/201/76 279/208/82 278/206/81 272/199/75
f 274/202/77 280/209/83 279/208/82 273/201/76
f 275/203/78 281/210/84 280/209/83 274/202/77
f 276/198/79 282/205/85 281/210/84 275/203/78
f 277/204/80 283/211/86 288/212/6 282/205/85
f 278/206/81 284/213/87 283/214/86 277/207/80
f 279/208/82 285/215/3 284/213/87 278/206/81
f 280/209/83 286/216/88 285/215/3 279/208/82
f 281/210/84 287/217/89 286/216/88 280/209/83
f 282/205/85 288/212/6 287/217/89 281/210/84
f 283/211/86 289/218/86 294/219/6 288/212/6
f 284/213/87 290/220/87 289/221/86 283/214/86
f 285/215/3 291/222/3 290/220/87 284/213/87
f 286/216/88 292/223/88 291/222/3 285/215/3
f 287/217/89 293/224/89 292/223/88 286/216/88
f 288/212/6 294/219/6 293/224/89 287/217/89
f 289/218/86 295/225/86 300/226/6 294/219/6
f 290/220/87 296/227/87 295/228/86 289/221/86
f 291/222/3 297/229/3 296/227/87 290/220/87
f 292/223/88 298/230/88 297/229/3 291/222/3
f 293/224/89 299/231/89 298/230/88 292/223/88
f 294/219/6 300/226/6 299/231/89 293/224/89
f 295/225/86 301/232/86 306/233/6 300/226/6
f 296/227/87 302/234/87 301/235/86 295/228/86
f 297/229/3 303/236/3 302/234/87 296/227/87
f 298/230/88 304/237/88 303/236/3 297/229/3
f 299/231/89 305/238/89 304/237/88 298/230/88
f 300/226/6 306/233/6 305/238/89 299/231/89
f 301/232/86 307/2/90 312/3/95 306/233/6
f 302/234/87 308/6/91 307/7/90 301/235/86
f 303/236/3 309/10/92 308/6/91 302/234/87
f 304/237/88 310/12/93 309/10/92 303/236/3
f 305/238/89 311/14/94 310/12/93 304/237/88
f 306/233/6 312/3/95 311/14/94 305/238/89
f 307/2/90 313/239/96 318/240/101 312/3/95
f 308/6/91 314/241/97 313/242/96 307/7/90
f 309/10/92 315/243/98 314/241/97 308/6/91
f 310/12/93 316/244/99 315/243/98 309/10/92
f 311/14/94 317/245/100 316/244/99 310/12/93
f 312/3/95 318/240/101 317/245/100 311/14/94
f 313/239/96 319/246/102 324/247/107 318/240/101
f 314/241/97 320/248/103 319/249/102 313/242/96
f 315/243/98 321/250/104 320/248/103 314/241/97
f 316/244/99 322/251/105 321/250/104 315/243/98
f 317/245/100 323/252/106 322/251/105 316/244/99
f 318/240/101 324/247/107 323/252/106 317/245/100
f 319/246/102 325/253/108 330/254/6 324/247/107
f 320/248/103 326/255/109 325/256/108 319/249/102
f 321/250/104 327/257/3 326/255/109 320/248/103
f 322/251/105 328/258/110 327/257/3 321/250/104
f 323/252/106 329/259/111 328/258/110 322/251/105
f 324/247/107 330/254/6 329/259/111 323/252/106
f 325/253/108 331/260/108 336/261/6 330/254/6
f 326/255/109 332/262/109 331/263/108 325/256/108
f 327/257/3 333/264/3 332/262/109 326/255/109
f 328/258/110 334/265/110 333/264/3 327/257/3
f 329/259/111 335/266/111 334/265/110 328/258/110
f 330/254/6 336/261/6 335/266/111 329/259/111
f 331/260/108 337/267/108 342/268/6 336/261/6
f 332/262/109 338/269/109 337/270/108 331/263/108
f 333/264/3 339/271/3 338/269/109 332/262/109
f 334/265/110 340/272/110 339/271/3 333/264/3
f 335/266/111 341/273/111 340/272/110 334/265/110
f 336/261/6 342/268/6 341/273/111 335/266/111
f 337/267/108 343/274/108 348/275/6 342/268/6
f 338/269/109 344/276/109 343/277/108 337/270/108
f 339/271/3 345/278/3 344/276/109 338/269/109
f 340/272/110 346/279/110 345/278/3 339/271/3
f 341/273/111 347/280/111 346/279/110 340/272/110
f 342/268/6 348/275/6 347/280/111 341/273/111
f 343/274/108 349/281/112 354/282/117 348/275/6
f 344/276/109 350/283/113 349/284/112 343/277/108
f 345/278/3 351/285/114 350/283/113 344/276/109
f 346/279/110 352/286/115 351/285/114 345/278/3
f 347/280/111 353/287/116 352/286/115 346/279/110
f 348/275/6 354/282/117 353/287/116 347/280/111
f 349/281/112 355/288/118 360/289/123 354/282/117
f 350/283/113 356/290/119 355/291/118 349/284/112
f 351/285/114 357/292/120 356/290/119 350/283/113
f 352/286/115 358/293/121 357/292/120 351/285/114
f 353/287/116 359/294/122 358/293/121 352/286/115
f 354/282/117 360/289/123 359/294/122 353/287/116
f 355/288/118 361/295/124 366/296/129 360/289/123
f 356/290/119 362/297/125 361/298/124 355/291/118
f 357/292/120 363/299/126 362/297/125 356/290/119
f 358/293/121 364/300/127 363/299/126 357/292/120
f 359/294/122 365/301/128 364/300/127 358/293/121
f 360/289/123 366/296/129 365/301/128 359/294/122
f 361/295/124 367/302/130 372/303/6 366/296/129
f 362/297/125 368/304/131 367/305/130 361/298/124
f 363/299/126 369/306/3 368/304/131 362/297/125
f 364/300/127 370/307/132 369/306/3 363/299/126
f 365/301/128 371/308/133 370/307/132 364/300/127
f 366/296/129 372/303/6 371/308/133 365/301/128
f 367/302/130 373/309/130 378/310/6 372/303/6
f 368/304/131 374/311/131 373/312/130 367/305/130
f 369/306/3 375/313/3 374/311/131 368/304/131
f 370/307/132 376/314/132 375/313/3 369/306/3
f 371/308/133 377/315/133 376/314/132 370/307/132
f 372/303/6 378/310/6 377/315/133 371/308/133
f 373/309/130 379/316/130 384/317/6 378/310/6
f 374/311/131 380/318/131 379/319/130 373/312/130
f 375/313/3 381/320/3 380/318/131 374/311/131
f 376/314/132 382/321/132 381/320/3 375/313/3
f 377/315/133 383/322/133 382/321/132 376/314/132
f 378/310/6 384/317/6 383/322/133 377/315/133
f 379/316/130 385/323/130 390/324/6 384/317/6
f 380/318/131 386/325/131 385/326/130 379/319/130
f 381/320/3 387/327/3 386/325/131 380/318/131
f 382/321/132 388/328/132 387/327/3 381/320/3
f 383/322/133 389/329/133 388/328/132 382/321/132
f 384/317/6 390/324/6 389/329/133 383/322/133
f 385/323/130 391/330/134 396/331/139 390/324/6
f 386/325/131 392/332/135 391/333/134 385/326/130
f 387/327/3 393/334/136 392/332/135 386/325/131
f 388/328/132 394/335/137 393/334/136 387/327/3
f 389/329/133 395/336/138 394/335/137 388/328/132
f 390/324/6 396/331/139 395/336/138 389/329/133
f 391/330/134 397/337/140 402/338/145 396/331/139
f 392/332/135 398/339/141 397/340/140 391/333/134
f 393/334/136 399/341/142 398/339/141 392/332/135
f 394/335/137 400/342/143 399/341/142 393/334/136
f 395/336/138 401/343/144 400/342/143 394/335/137
f 396/331/139 402/338/145 401/343/144 395/336/138
f 397/337/140 403/344/146 408/345/151 402/338/145
f 398/339/141 404/346/147 403/347/146 397/340/140
f 399/341/142 405/348/148 404/346/147 398/339/141
f 400/342/143 406/349/149 405/348/148 399/341/142
f 401/343/144 407/350/150 406/349/149 400/342/143
f 402/338/145 408/345/151 407/350/150 401/343/144
f 403/344/146 409/351/152 414/352/6 408/345/151
f 404/346/147 410/353/153 409/354/152 403/347/146
f 405/348/148 411/355/3 410/353/153 404/346/147
f 406/349/149 412/356/154 411/355/3 405/348/148
f 407/350/150 413/357/155 412/356/154 406/349/149
f 408/345/151 414/352/6 413/357/155 407/350/150
f 409/351/152 415/358/156 420/359/6 414/352/6
f 410/353/153 416/360/157 415/361/156 409/354/152
f 411/355/3 417/362/3 416/360/157 410/353/153
f 412/356/154 418/363/158 417/362/3 411/355/3
f 413/357/155 419/364/159 418/363/158 412/356/154
f 414/352/6 420/359/6 419/364/159 413/357/155
f 415/358/156 421/365/156 426/366/6 420/359/6
f 416/360/157 422/367/157 421/368/156 415/361/156
f 417/362/3 423/369/3 422/367/157 416/360/157
f 418/363/158 424/370/154 423/369/3 417/362/3
f 419/364/159 425/371/155 424/370/154 418/363/158
f 420/359/6 426/366/6 425/371/155 419/364/159
f 421/365/156 427/372/156 432/373/6 426/366/6
f 422/367/157 428/374/157 427/375/156 421/368/156
f 423/369/3 429/376/3 428/374/157 422/367/157
f 424/370/154 430/377/154 429/376/3 423/369/3
f 425/371/155 431/378/155 430/377/154 424/370/154
f 426/366/6 432/373/6 431/378/155 425/371/155
f 427/372/156 433/379/160 438/380/165 432/373/6
f 428/374/157 434/381/161 433/382/160 427/375/156
f 429/376/3 435/383/162 434/381/161 428/374/157
f 430/377/154 436/384/163 435/383/162 429/376/3
f 431/378/155 437/385/164 436/384/163 430/377/154
f 432/373/6 438/380/165 437/385/164 431/378/155
f 433/379/160 439/386/166 444/387/171 438/380/165
f 434/381/161 440/388/167 439/389/166 433/382/160
f 435/383/162 441/390/168 440/388/167 434/381/161
f 436/384/163 442/391/169 441/390/168 435/383/162
f 437/385/164 443/392/170 442/391/169 436/384/163
f 438/380/165 444/387/171 443/392/170 437/385/164
f 439/386/166 445/393/172 450/394/177 444/387/171
f 440/388/167 446/395/173 445/396/172 439/389/166
f 441/390/168 447/397/174 446/395/173 440/388/167
f 442/391/169 448/398/175 447/397/174 441/390/168
f 443/392/170 449/399/176 448/398/175 442/391/169
f 444/387/171 450/394/177 449/399/176 443/392/170
f 445/393/172 451/400/178 456/401/6 450/394/177
f 446/395/173 452/402/179 451/403/178 445/396/172
f 447/397/174 453/404/3 452/402/179 446/395/173
f 448/398/175 454/405/180 453/404/3 447/397/174
f 449/399/176 455/406/181 454/405/180 448/398/175
f 450/394/177 456/401/6 455/406/181 449/399/176
f 451/400/178 457/407/178 462/408/6 456/401/6
f 452/402/179 458/409/179 457/410/178 451/403/178
f 453/404/3 459/411/3 458/409/179 452/402/179
f 454/405/180 460/412/180 459/411/3 453/404/3
f 455/406/181 461/413/181 460/412/180 454/405/180
f 456/401/6 462/408/6 461/413/181 455/406/181
f 457/407/178 463/414/178 468/415/6 462/408/6
f 458/409/179 464/416/179 463/417/178 457/410/178
f 459/411/3 465/418/3 464/416/179 458/409/179
f 460/412/180 466/419/180 465/418/3 459/411/3
f 461/413/181 467/420/181 466/419/180 460/412/180
f 462/408/6 468/415/6 467/420/181 461/413/181
f 463/414/178 469/15/178 474/16/6 468/415/6
f 464/416/179 470/17/179 469/18/178 463/417/178
f 465/418/3 471/19/3 470/17/179 464/416/179
f 466/419/180 472/20/180 471/19/3 465/418/3
f 467/420/181 473/21/181 472/20/180 466/419/180
f 468/415/6 474/16/6 473/21/181 467/420/181
f 469/15/178 475/421/182 480/422/187 474/16/6
f 470/17/179 476/423/183 475/424/182 469/18/178
f 471/19/3 477/425/184 476/423/183 470/17/179
f 472/20/180 478/426/185 477/425/184 471/19/3
f 473/21/181 479/427/186 478/426/185 472/20/180
f 474/16/6 480/422/187 479/427/186 473/21/181
f 475/421/182 481/428/188 486/429/193 480/422/187
f 476/423/183 482/430/189 481/431/188 475/424/182
f 477/425/184 483/432/190 482/430/189 476/423/183
f 478/426/185 484/433/191 483/432/190 477/425/184
f 479/427/186 485/434/192 484/433/191 478/426/185
f 480/422/187 486/429/193 485/434/192 479/427/186
f 481/428/188 487/435/194 492/436/199 486/429/193
f 482/430/189 488/437/195 487/438/194 481/431/188
f 483/432/190 489/439/196 488/437/195 482/430/189
f 484/433/191 490/440/197 489/439/196 483/432/190
f 485/434/192 491/441/198 490/440/197 484/433/191
f 486/429/193 492/436/199 491/441/198 485/434/192
f 487/435/194 493/442/200 498/443/6 492/436/199
f 488/437/195 494/444/201 493/445/200 487/438/194
f 489/439/196 495/446/3 494/444/201 488/437/195
f 490/440/197 496/447/202 495/446/3 489/439/196
f 491/441/198 497/448/203 496/447/202 490/440/197
f 492/436/199 498/443/6 497/448/203 491/441/198
f 493/442/200 499/449/200 504/450/6 498/443/6
f 494/444/201 500/451/201 499/452/200 493/445/200
f 495/446/3 501/453/3 500/451/201 494/444/201
f 496/447/202 502/454/202 501/453/3 495/446/3
f 497/448/203 503/455/203 502/454/202 496/447/202
f 498/443/6 504/450/6 503/455/203 497/448/203
f 499/449/200 505/456/200 510/457/6 504/450/6
f 500/451/201 506/458/201 505/459/200 499/452/200
f 501/453/3 507/460/3 506/458/201 500/451/201
f 502/454/202 508/461/202 507/460/3 501/453/3
f 503/455/203 509/462/203 508/461/202 502/454/202
f 504/450/6 510/457/6 509/462/203 503/455/203
f 505/456/200 511/463/200 516/464/6 510/457/6
f 506/458/201 512/465/201 511/466/200 505/459/200
f 507/460/3 513/467/3 512/465/201 506/458/201
f 508/461/202 514/468/202 513/467/3 507/460/3
f 509/462/203 515/469/203 514/468/202 508/461/202
f 510/457/6 516/464/6 515/469/203 509/462/203
f 511/463/200 517/470/204 522/471/209 516/464/6
f 512/465/201 518/472/205 517/473/204 511/466/200
f 513/467/3 519/474/206 518/472/205 512/465/201
f 514/468/202 520/475/207 519/474/206 513/467/3
f 515/469/203 521/476/208 520/475/207 514/468/202
f 516/464/6 522/471/209 521/476/208 515/469/203
f 517/470/204 523/477/210 528/478/215 522/471/209
f 518/472/205 524/479/211 523/480/210 517/473/204
f 519/474/206 525/481/212 524/479/211 518/472/205
f 520/475/207 526/482/213 525/481/212 519/474/206
f 521/476/208 527/483/214 526/482/213 520/475/207
f 522/471/209 528/478/215 527/483/214 521/476/208
f 523/477/210 529/484/216 534/485/221 528/478/215
f 524/479/211 530/486/217 529/487/216 523/480/210
f 525/481/212 531/488/218 530/486/217 524/479/211
f 526/482/213 532/489/219 531/488/218 525/481/212
f 527/483/214 533/490/220 532/489/219 526/482/213
f 528/478/215 534/485/221 533/490/220 527/483/214
f 529/484/216 535/491/222 540/492/6 534/485/221
f 530/486/217 536/493/223 535/494/222 529/487/216
f 531/488/218 537/495/3 536/493/223 530/486/217
f 532/489/219 538/496/224 537/495/3 531/488/218
f 533/490/220 539/497/225 538/496/224 532/489/219
f 534/485/221 540/492/6 539/497/225 533/490/220
f 535/491/222 541/498/222 546/499/6 540/492/6
f 536/493/223 542/500/223 541/501/222 535/494/222
f 537/495/3 543/502/3 542/500/223 536/493/223
f 538/496/224 544/503/224 543/502/3 537/495/3
f 539/497/225 545/504/225 544/503/224 538/496/224
f 540/492/6 546/499/6 545/504/225 539/497/225
f 541/498/222 547/505/222 552/506/6 546/499/6
f 542/500/223 548/507/223 547/508/222 541/501/222
f 543/502/3 549/509/3 548/507/223 542/500/223
f 544/503/224 550/510/224 549/509/3 543/502/3
f 545/504/225 551/511/225 550/510/224 544/503/224
f 546/499/6 552/506/6 551/511/225 545/504/225
f 547/505/222 553/512/222 558/513/6 552/506/6
f 548/507/223 554/514/223 553/515/222 547/508/222
f 549/509/3 555/516/3 554/514/223 548/507/223
f 550/510/224 556/517/224 555/516/3 549/509/3
f 551/511/225 557/518/225 556/517/224 550/510/224
f 552/506/6 558/513/6 557/518/225 551/511/225
f 553/512/222 559/519/226 564/520/231 558/513/6
f 554/514/223 560/521/227 559/522/226 553/515/222
f 555/516/3 561/523/228 560/521/227 554/514/223
f 556/517/224 562/524/229 561/523/228 555/516/3
f 557/518/225 563/525/230 562/524/229 556/517/224
f 558/513/6 564/520/231 563/525/230 557/518/225
f 559/519/226 565/526/232 570/527/237 564/520/231
f 560/521/227 566/528/233 565/529/232 559/522/226
f 561/523/228 567/530/234 566/528/233 560/521/227
f 562/524/229 568/531/235 567/530/234 561/523/228
f 563/525/230 569/532/236 568/531/235 562/524/229
f 564/520/231 570/527/237 569/532/236 563/525/230
f 565/526/232 571/533/238 576/534/243 570/527/237
f 566/528/233 572/535/239 571/536/238 565/529/232
f 567/530/234 573/537/240 572/535/239 566/528/233
f 568/531/235 574/538/241 573/537/240 567/530/234
f 569/532/236 575/539/242 574/538/241 568/531/235
f 570/527/237 576/534/243 575/539/242 569/532/236
f 571/533/238 577/540/244 582/541/6 576/534/243
f 572/535/239 578/542/245 577/543/244 571/536/238
f 573/537/240 579/544/3 578/542/245 572/535/239
f 574/538/241 580/545/246 579/544/3 573/537/240
f 575/539/242 581/546/247 580/545/246 574/538/241
f 576/534/243 582/541/6 581/546/247 575/539/242
f 577/540/244 583/547/244 588/548/6 582/541/6
f 578/542/245 584/549/245 583/550/244 577/543/244
f 579/544/3 585/551/3 584/549/245 578/542/245
f 580/545/246 586/552/246 585/551/3 579/544/3
f 581/546/247 587/553/247 586/552/246 580/545/246
f 582/541/6 588/548/6 587/553/247 581/546/247
f 583/547/244 589/554/244 594/555/6 588/548/6
f 584/549/245 590/556/245 589/557/244 583/550/244
f 585/551/3 591/558/3 590/556/245 584/549/245
f 586/552/246 592/559/246 591/558/3 585/551/3
f 587/553/247 593/560/247 592/559/246 586/552/246
f 588/548/6 594/555/6 593/560/247 587/553/247
f 589/554/244 595/561/244 600/562/6 594/555/6
f 590/556/245 596/563/245 595/564/244 589/557/244
f 591/558/3 597/565/3 596/563/245 590/556/245
f 592/559/246 598/566/246 597/565/3 591/558/3
f 593/560/247 599/567/247 598/566/246 592/559/246
f 594/555/6 600/562/6 599/567/247 593/560/247
f 595/561/244 601/568/248 606/569/253 600/562/6
f 596/563/245 602/570/249 601/571/248 595/564/244
f 597/565/3 603/572/250 602/570/249 596/563/245
f 598/566/246 604/573/251 603/572/250 597/565/3
f 599/567/247 605/574/252 604/573/251 598/566/246
f 600/562/6 606/569/253 605/574/252 599/567/247
f 601/568/248 607/575/254 612/576/259 606/569/253
f 602/570/249 608/577/255 607/578/254 601/571/248
f 603/572/250 609/579/256 608/577/255 602/570/249
f 604/573/251 610/580/257 609/579/256 603/572/250
f 605/574/252 611/581/258 610/580/257 604/573/251
f 606/569/253 612/576/259 611/581/258 605/574/252
f 607/575/254 613/582/260 618/583/265 612/576/259
f 608/577/255 614/584/261 613/585/260 607/578/254
f 609/579/256 615/586/262 614/584/261 608/577/255
f 610/580/257 616/587/263 615/586/262 609/579/256
f 611/581/258 617/588/264 616/587/263 610/580/257
f 612/576/259 618/583/265 617/588/264 611/581/258
f 613/582/260 619/589/266 624/590/6 618/583/265
f 614/584/261 620/591/267 619/592/266 613/585/260
f 615/586/262 621/593/3 620/591/267 614/584/261
f 616/587/263 622/594/268 621/593/3 615/586/262
f 617/588/264 623/595/269 622/594/268 616/587/263
f 618/583/265 624/590/6 623/595/269 617/588/264
f 619/589/266 625/596/266 630/597/6 624/590/6
f 620/591/267 626/598/267 625/599/266 619/592/266
f 621/593/3 627/600/3 626/598/267 620/591/267
f 622/594/268 628/601/268 627/600/3 621/593/3
f 623/595/269 629/602/269 628/601/268 622/594/268
f 624/590/6 630/597/6 629/602/269 623/595/269
f 625/596/266 631/22/266 636/23/6 630/597/6
f 626/598/267 632/24/267 631/25/266 625/599/266
f 627/600/3 633/26/3 632/24/267 626/598/267
f 628/601/268 634/27/268 633/26/3 627/600/3
f 629/602/269 635/28/269 634/27/268 628/601/268
f 630/597/6 636/23/6 635/28/269 629/602/269
f 631/22/266 637/603/266 642/604/6 636/23/6
f 632/24/267 638/605/267 637/606/266 631/25/266
f 633/26/3 639/607/3 638/605/267 632/24/267
f 634/27/268 640/608/268 639/607/3 633/26/3
f 635/28/269 641/609/269 640/608/268 634/27/268
f 636/23/6 642/604/6 641/609/269 635/28/269
f 637/603/266 643/610/270 648/611/275 642/604/6
f 638/605/267 644/612/271 643/613/270 637/606/266
f 639/607/3 645/614/272 644/612/271 638/605/267
f 640/608/268 646/615/273 645/614/272 639/607/3
f 641/609/269 647/616/274 646/615/273 640/608/268
f 642/604/6 648/611/275 647/616/274 641/609/269
f 643/610/270 649/617/276 654/618/281 648/611/275
f 644/612/271 650/619/277 649/620/276 643/613/270
f 645/614/272 651/621/278 650/619/277 644/612/271
f 646/615/273 652/622/279 651/621/278 645/614/272
f 647/616/274 653/623/280 652/622/279 646/615/273
f 648/611/275 654/618/281 653/623/280 647/616/274
f 649/617/276 655/624/282 660/625/287 654/618/281
f 650/619/277 656/626/283 655/627/282 649/620/276
f 651/621/278 657/628/284 656/626/283 650/619/277
f 652/622/279 658/629/285 657/628/284 651/621/278
f 653/623/280 659/630/286 658/629/285 652/622/279
f 654/618/281 660/625/287 659/630/286 653/623/280
f 655/624/282 661/631/288 666/632/6 660/625/287
f 656/626/283 662/633/289 661/634/288 655/627/282
f 657/628/284 663/635/3 662/633/289 656/626/283
f 658/629/285 664/636/290 663/635/3 657/628/284
f 659/630/286 665/637/291 664/636/290 658/629/285
f 660/625/287 666/632/6 665/637/291 659/630/286
f 661/631/288 667/638/288 672/639/6 666/632/6
f 662/633/289 668/640/289 667/641/288 661/634/288
f 663/635/3 669/642/3 668/640/289 662/633/289
f 664/636/290 670/643/290 669/642/3 663/635/3
f 665/637/291 671/644/291 670/643/290 664/636/290
f 666/632/6 672/639/6 671/644/291 665/637/291
f 667/638/288 673/645/288 678/646/6 672/639/6
f 668/640/289 674/647/289 673/648/288 667/641/288
f 669/642/3 675/649/3 674/647/289 668/640/289
f 670/643/290 676/650/290 675/649/3 669/642/3
f 671/644/291 677/651/291 676/650/290 670/643/290
f 672/639/6 678/646/6 677/651/291 671/644/291
f 673/645/288 679/652/288 684/653/6 678/646/6
f 674/647/289 680/654/289 679/655/288 673/648/288
f 675/649/3 681/656/3 680/654/289 674/647/289
f 676/650/290 682/657/290 681/656/3 675/649/3
f 677/651/291 683/658/291 682/657/290 676/650/290
f 678/646/6 684/653/6 683/658/291 677/651/291
f 679/652/288 685/659/292 690/660/297 684/653/6
f 680/654/289 686/661/293 685/662/292 679/655/288
f 681/656/3 687/663/294 686/661/293 680/654/289
f 682/657/290 688/664/295 687/663/294 681/656/3
f 683/658/291 689/665/296 688/664/295 682/657/290
f 684/653/6 690/660/297 689/665/296 683/658/291
f 685/659/292 691/666/298 696/667/303 690/660/297
f 686/661/293 692/668/299 691/669/298 685/662/292
f 687/663/294 693/670/300 692/668/299 686/661/293
f 688/664/295 694/671/301 693/670/300 687/663/294
f 689/665/296 695/672/302 694/671/301 688/664/295
f 690/660/297 696/667/303 695/672/302 689/665/296
f 691/666/298 697/673/304 702/674/309 696/667/303
f 692/668/299 698/675/305 697/676/304 691/669/298
f 693/670/300 699/677/306 698/675/305 692/668/299
f 694/671/301 700/678/307 699/677/306 693/670/300
f 695/672/302 701/679/308 700/678/307 694/671/301
f 696/667/303 702/674/309 701/679/308 695/672/302
f 697/673/304 703/680/310 708/681/6 702/674/309
f 698/675/305 704/682/311 703/683/310 697/676/304
f 699/677/306 705/684/3 704/682/311 698/675/305
f 700/678/307 706/685/312 705/684/3 699/677/306
f 701/679/308 707/686/313 706/685/312 700/678/307
f 702/674/309 708/681/6 707/686/313 701/679/308
f 703/680/310 709/687/310 714/688/6 708/681/6
f 704/682/311 710/689/311 709/690/310 703/683/310
f 705/684/3 711/691/3 710/689/311 704/682/311
f 706/685/312 712/692/312 711/691/3 705/684/3
f 707/686/313 713/693/313 712/692/312 706/685/312
f 708/681/6 714/688/6 713/693/313 707/686/313
f 709/687/310 715/694/310 720/695/6 714/688/6
f 710/689/311 716/696/311 715/697/310 709/690/310
f 711/691/3 717/698/3 716/696/311 710/689/311
f 712/692/312 718/699/312 717/698/3 711/691/3
f 713/693/313 719/700/313 718/699/312 712/692/312
f 714/688/6 720/695/6 719/700/313 713/693/313
f 715/694/310 721/701/310 726/702/6 720/695/6
f 716/696/311 722/703/311 721/704/310 715/697/310
f 717/698/3 723/705/3 722/703/311 716/696/311
f 718/699/312 724/706/312 723/705/3 717/698/3
f 719/700/313 725/707/313 724/706/312 718/699/312
f 720/695/6 726/702/6 725/707/313 719/700/313
f 721/701/310 727/708/314 732/709/319 726/702/6
f 722/703/311 728/710/315 727/711/314 721/704/310
f 723/705/3 729/712/316 728/710/315 722/703/311
f 724/706/312 730/713/317 729/712/316 723/705/3
f 725/707/313 731/714/318 730/713/317 724/706/312
f 726/702/6 732/709/319 731/714/318 725/707/313
f 727/708/314 733/715/320 738/716/325 732/709/319
f 728/710/315 734/717/321 733/718/320 727/711/314
f 729/712/316 735/719/322 734/717/321 728/710/315
f 730/713/317 736/720/323 735/719/322 729/712/316
f 731/714/318 737/721/324 736/720/323 730/713/317
f 732/709/319 738/716/325 737/721/324 731/714/318
f 733/715/320 739/722/326 744/723/331 738/716/325
f 734/717/321 740/724/327 739/725/326 733/718/320
f 735/719/322 741/726/328 740/724/327 734/717/321
f 736/720/323 742/727/329 741/726/328 735/719/322
f 737/721/324 743/728/330 742/727/329 736/720/323
f 738/716/325 744/723/331 743/728/330 737/721/324
f 739/722/326 745/729/332 750/730/6 744/723/331
f 740/724/327 746/731/333 745/732/332 739/725/326
f 741/726/328 747/733/3 746/731/333 740/724/327
f 742/727/329 748/734/334 747/733/3 741/726/328
f 743/728/330 749/735/335 748/734/334 742/727/329
f 744/723/331 750/730/6 749/735/335 743/728/330
f 745/729/332 751/736/332 756/737/6 750/730/6
f 746/731/333 752/738/333 751/739/332 745/732/332
f 747/733/3 753/740/3 752/738/333 746/731/333
f 748/734/334 754/741/334 753/740/3 747/733/3
f 749/735/335 755/742/335 754/741/334 748/734/334
f 750/730/6 756/737/6 755/742/335 749/735/335
f 751/736/332 757/743/332 762/744/6 756/737/6
f 752/738/333 758/745/333 757/746/332 751/739/332
f 753/740/3 759/747/3 758/745/333 752/738/333
f 754/741/334 760/748/334 759/747/3 753/740/3
f 755/742/335 761/749/335 760/748/334 754/741/334
f 756/737/6 762/744/6 761/749/335 755/742/335
f 757/743/332 763/750/332 768/751/6 762/744/6
f 758/745/333 764/752/333 763/753/332 757/746/332
f 759/747/3 765/754/3 764/752/333 758/745/333
f 760/748/334 766/755/334 765/754/3 759/747/3
f 761/749/335 767/756/335 766/755/334 760/748/334
f 762/744/6 768/751/6 767/756/335 761/749/335
f 763/750/332 769/757/336 774/758/341 768/751/6
f 764/752/333 770/759/337 769/760/336 763/753/332
f 765/754/3 771/761/338 770/759/337 764/752/333
f 766/755/334 772/762/339 771/761/338 765/754/3
f 767/756/335 773/763/340 772/762/339 766/755/334
f 768/751/6 774/758/341 773/763/340 767/756/335
f 769/757/336 775/764/342 780/765/347 774/758/341
f 770/759/337 776/766/343 775/767/342 769/760/336
f 771/761/338 777/768/344 776/766/343 770/759/337
f 772/762/339 778/769/345 777/768/344 771/761/338
f 773/763/340 779/770/346 778/769/345 772/762/339
f 774/758/341 780/765/347 779/770/346 773/763/340
f 775/764/342 781/771/348 786/772/353 780/765/347
f 776/766/343 782/773/349 781/774/348 775/767/342
f 777/768/344 783/775/350 782/773/349 776/766/343
f 778/769/345 784/776/351 783/775/350 777/768/344
f 779/770/346 785/777/352 784/776/351 778/769/345
f 780/765/347 786/772/353 785/777/352 779/770/346
f 781/771/348 787/778/354 792/779/6 786/772/353
f 782/773/349 788/780/355 787/781/354 781/774/348
f 783/775/350 789/782/3 788/780/355 782/773/349
f 784/776/351 790/783/356 789/782/3 783/775/350
f 785/777/352 791/784/357 790/783/356 784/776/351
f 786/772/353 792/779/6 791/784/357 785/777/352
f 787/778/354 793/29/354 798/30/6 792/779/6
f 788/780/355 794/31/355 793/32/354 787/781/354
f 789/782/3 795/33/3 794/31/355 788/780/355
f 790/783/356 796/34/356 795/33/3 789/782/3
f 791/784/357 797/35/357 796/34/356 790/783/356
f 792/779/6 798/30/6 797/35/357 791/784/357
f 793/29/354 799/785/354 804/786/6 798/30/6
f 794/31/355 800/787/355 799/788/354 793/32/354
f 795/33/3 801/789/3 800/787/355 794/31/355
f 796/34/356 802/790/356 801/789/3 795/33/3
f 797/35/357 803/791/357 802/790/356 796/34/356
f 798/30/6 804/786/6 803/791/357 797/35/357
f 799/785/354 805/792/354 810/793/6 804/786/6
f 800/787/355 806/794/355 805/795/354 799/788/354
f 801/789/3 807/796/3 806/794/355 800/787/355
f 802/790/356 808/797/356 807/796/3 801/789/3
f 803/791/357 809/798/357 808/797/356 802/790/356
f 804/786/6 810/793/6 809/798/357 803/791/357
f 805/792/354 811/799/358 816/800/363 810/793/6
f 806/794/355 812/801/359 811/802/358 805/795/354
f 807/796/3 813/803/360 812/801/359 806/794/355
f 808/797/356 814/804/361 813/803/360 807/796/3
f 809/798/357 815/805/362 814/804/361 808/797/356
f 810/793/6 816/800/363 815/805/362 809/798/357
f 811/799/358 817/806/364 822/807/369 816/800/363
f 812/801/359 818/808/365 817/809/364 811/802/358
f 813/803/360 819/810/366 818/808/365 812/801/359
f 814/804/361 820/811/367 819/810/366 813/803/360
f 815/805/362 821/812/368 820/811/367 814/804/361
f 816/800/363 822/807/369 821/812/368 815/805/362
f 817/806/364 823/813/370 828/814/375 822/807/369
f 818/808/365 824/815/371 823/816/370 817/809/364
f 819/810/366 825/817/372 824/815/371 818/808/365
f 820/811/367 826/818/373 825/817/372 819/810/366
f 821/812/368 827/819/374 826/818/373 820/811/367
f 822/807/369 828/814/375 827/819/374 821/812/368
f 823/813/370 829/820/376 834/821/6 828/814/375
f 824/815/371 830/822/377 829/823/376 823/816/370
f 825/817/372 831/824/3 830/822/377 824/815/371
f 826/818/373 832/825/378 831/824/3 825/817/372
f 827/819/374 833/826/379 832/825/378 826/818/373
f 828/814/375 834/821/6 833/826/379 827/819/374
f 829/820/376 835/827/376 840/828/6 834/821/6
f 830/822/377 836/829/377 835/830/376 829/823/376
f 831/824/3 837/831/3 836/829/377 830/822/377
f 832/825/378 838/832/378 837/831/3 831/824/3
f 833/826/379 839/833/379 838/832/378 832/825/378
f 834/821/6 840/828/6 839/833/379 833/826/379
f 835/827/376 841/834/376 846/835/6 840/828/6
f 836/829/377 842/836/377 841/837/376 835/830/376
f 837/831/3 843/838/3 842/836/377 836/829/377
f 838/832/378 844/839/378 843/838/3 837/831/3
f 839/833/379 845/840/379 844/839/378 838/832/378
f 840/828/6 846/835/6 845/840/379 839/833/379
f 841/834/376 847/841/376 852/842/6 846/835/6
f 842/836/377 848/843/377 847/844/376 841/837/376
f 843/838/3 849/845/3 848/843/377 842/836/377
f 844/839/378 850/846/378 849/845/3 843/838/3
f 845/840/379 851/847/379 850/846/378 844/839/378
f 846/835/6 852/842/6 851/847/379 845/840/379
f 847/841/376 853/848/380 858/849/385 852/842/6
f 848/843/377 854/850/381 853/851/380 847/844/376
f 849/845/3 855/852/382 854/850/381 848/843/377
f 850/846/378 856/853/383 855/852/382 849/845/3
f 851/847/379 857/854/384 856/853/383 850/846/378
f 852/842/6 858/849/385 857/854/384 851/847/379
f 853/848/380 859/855/386 864/856/391 858/849/385
f 854/850/381 860/857/387 859/858/386 853/851/380
f 855/852/382 861/859/388 860/857/387 854/850/381
f 856/853/383 862/860/389 861/859/388 855/852/382
f 857/854/384 863/861/390 862/860/389 856/853/383
f 858/849/385 864/856/391 863/861/390 857/854/384
f 859/855/386 865/862/392 870/863/397 864/856/391
f 860/857/387 866/864/393 865/865/392 859/858/386
f 861/859/388 867/866/394 866/864/393 860/857/387
f 862/860/389 868/867/395 867/866/394 861/859/388
f 863/861/390 869/868/396 868/867/395 862/860/389
f 864/856/391 870/863/397 869/868/396 863/861/390
f 865/862/392 871/869/398 876/870/6 870/863/397
f 866/864/393 872/871/399 871/872/398 865/865/392
f 867/866/394 873/873/3 872/871/399 866/864/393
f 868/867/395 874/874/400 873/873/3 867/866/394
f 869/868/396 875/875/401 874/874/400 868/867/395
f 870/863/397 876/870/6 875/875/401 869/868/396
f 871/869/398 877/876/398 882/877/6 876/870/6
f 872/871/399 878/878/399 877/879/398 871/872/398
f 873/873/3 879/880/3 878/878/399 872/871/399
f 874/874/400 880/881/400 879/880/3 873/873/3
f 875/875/401 881/882/401 880/881/400 874/874/400
f 876/870/6 882/877/6 881/882/401 875/875/401
f 877/876/398 883/883/398 888/884/6 882/877/6
f 878/878/399 884/885/399 883/886/398 877/879/398
f 879/880/3 885/887/3 884/885/399 878/878/399
f 880/881/400 886/888/400 885/887/3 879/880/3
f 881/882/401 887/889/401 886/888/400 880/881/400
f 882/877/6 888/884/6 887/889/401 881/882/401
f 883/883/398 889/890/398 894/891/6 888/884/6
f 884/885/399 890/892/399 889/893/398 883/886/398
f 885/887/3 891/894/3 890/892/399 884/885/399
f 886/888/400 892/895/400 891/894/3 885/887/3
f 887/889/401 893/896/401 892/895/400 886/888/400
f 888/884/6 894/891/6 893/896/401 887/889/401
f 889/890/398 895/897/402 900/898/407 894/891/6
f 890/892/399 896/899/403 895/900/402 889/893/398
f 891/894/3 897/901/404 896/899/403 890/892/399
f 892/895/400 898/902/405 897/901/404 891/894/3
f 893/896/401 899/903/406 898/902/405 892/895/400
f 894/891/6 900/898/407 899/903/406 893/896/401
f 895/897/402 901/904/408 906/905/413 900/898/407
f 896/899/403 902/906/409 901/907/408 895/900/402
f 897/901/404 903/908/410 902/906/409 896/899/403
f 898/902/405 904/909/411 903/908/410 897/901/404
f 899/903/406 905/910/412 904/909/411 898/902/405
f 900/898/407 906/905/413 905/910/412 899/903/406
f 901/904/408 907/911/414 912/912/419 906/905/413
f 902/906/409 908/913/415 907/914/414 901/907/408
f 903/908/410 909/915/416 908/913/415 902/906/409
f 904/909/411 910/916/417 909/915/416 903/908/410
f 905/910/412 911/917/418 910/916/417 904/909/411
f 906/905/413 912/912/419 911/917/418 905/910/412
f 907/911/414 913/918/420 918/919/6 912/912/419
f 908/913/415 914/920/421 913/921/420 907/914/414
f 909/915/416 915/922/3 914/920/421 908/913/415
f 910/916/417 916/923/422 915/922/3 909/915/416
f 911/917/418 917/924/423 916/923/422 910/916/417
f 912/912/419 918/919/6 917/924/423 911/917/418
f 913/918/420 919/925/420 924/926/6 918/919/6
f 914/920/421 920/927/421 919/928/420 913/921/420
f 915/922/3 921/929/3 920/927/421 914/920/421
f 916/923/422 922/930/422 921/929/3 915/922/3
f 917/924/423 923/931/423 922/930/422 916/923/422
f 918/919/6 924/926/6 923/931/423 917/924/423
f 919/925/420 925/932/420 930/933/6 924/926/6
f 920/927/421 926/934/421 925/935/420 919/928/420
f 921/929/3 927/936/3 926/934/421 920/927/421
f 922/930/422 928/937/422 927/936/3 921/929/3
f 923/931/423 929/938/423 928/937/422 922/930/422
f 924/926/6 930/933/6 929/938/423 923/931/423
f 925/932/420 931/939/420 936/940/6 930/933/6
f 926/934/421 932/941/421 931/942/420 925/935/420
f 927/936/3 933/943/3 932/941/421 926/934/421
f 928/937/422 934/944/422 933/943/3 927/936/3
f 929/938/423 935/945/423 934/944/422 928/937/422
f 930/933/6 936/940/6 935/945/423 929/938/423
f 931/939/420 937/946/424 942/947/297 936/940/6
f 932/941/421 938/948/425 937/949/424 931/942/420
f 933/943/3 939/950/294 938/948/425 932/941/421
f 934/944/422 940/951/426 939/950/294 933/943/3
f 935/945/423 941/952/427 940/951/426 934/944/422
f 936/940/6 942/947/297 941/952/427 935/945/423
f 937/946/424 943/953/428 948/954/433 942/947/297
f 938/948/425 944/955/429 943/956/428 937/949/424
f 939/950/294 945/957/430 944/955/429 938/948/425
f 940/951/426 946/958/431 945/957/430 939/950/294
f 941/952/427 947/959/432 946/958/431 940/951/426
f 942/947/297 948/954/433 947/959/432 941/952/427
f 943/953/428 949/960/434 954/961/439 948/954/433
f 944/955/429 950/962/435 949/963/434 943/956/428
f 945/957/430 951/964/436 950/962/435 944/955/429
f 946/958/431 952/965/437 951/964/436 945/957/430
f 947/959/432 953/966/438 952/965/437 946/958/431
f 948/954/433 954/961/439 953/966/438 947/959/432
f 949/960/434 955/36/440 960/37/6 954/961/439
f 950/962/435 956/38/441 955/39/440 949/963/434
f 951/964/436 957/40/3 956/38/441 950/962/435
f 952/965/437 958/41/442 957/40/3 951/964/436
f 953/966/438 959/42/443 958/41/442 952/965/437
f 954/961/439 960/37/6 959/42/443 953/966/438
f 955/36/440 961/967/440 966/968/6 960/37/6
f 956/38/441 962/969/441 961/970/440 955/39/440
f 957/40/3 963/971/3 962/969/441 956/38/441
f 958/41/442 964/972/442 963/971/3 957/40/3
f 959/42/443 965/973/443 964/972/442 958/41/442
f 960/37/6 966/968/6 965/973/443 959/42/443
f 961/967/440 967/974/440 972/975/6 966/968/6
f 962/969/441 968/976/441 967/977/440 961/970/440
f 963/971/3 969/978/3 968/976/441 962/969/441
f 964/972/442 970/979/442 969/978/3 963/971/3
f 965/973/443 971/980/443 970/979/442 964/972/442
f 966/968/6 972/975/6 971/980/443 965/973/443
f 967/974/440 973/981/440 978/982/6 972/975/6
f 968/976/441 974/983/441 973/984/440 967/977/440
f 969/978/3 975/985/3 974/983/441 968/976/441
f 970/979/442 976/986/442 975/985/3 969/978/3
f 971/980/443 977/987/443 976/986/442 970/979/442
f 972/975/6 978/982/6 977/987/443 971/980/443
f 973/981/440 979/988/444 984/989/449 978/982/6
f 974/983/441 980/990/445 979/991/444 973/984/440
f 975/985/3 981/992/446 980/990/445 974/983/441
f 976/986/442 982/993/447 981/992/446 975/985/3
f 977/987/443 983/994/448 982/993/447 976/986/442
f 978/982/6 984/989/449 983/994/448 977/987/443
f 979/988/444 985/995/450 990/996/455 984/989/449
f 980/990/445 986/997/451 985/998/450 979/991/444
f 981/992/446 987/999/452 986/997/451 980/990/445
f 982/993/447 988/1000/453 987/999/452 981/992/446
f 983/994/448 989/1001/454 988/1000/453 982/993/447
f 984/989/449 990/996/455 989/1001/454 983/994/448
f 985/995/450 991/1002/456 996/1003/461 990/996/455
f 986/997/451 992/1004/457 991/1005/456 985/998/450
f 987/999/452 993/1006/458 992/1004/457 986/997/451
f 988/1000/453 994/1007/459 993/1006/458 987/999/452
f 989/1001/454 995/1008/460 994/1007/459 988/1000/453
f 990/996/455 996/1003/461 995/1008/460 989/1001/454
f 991/1002/456 997/1009/462 1002/1010/6 996/1003/461
f 992/1004/457 998/1011/463 997/1012/462 991/1005/456
f 993/1006/458 999/1013/3 998/1011/463 992/1004/457
f 994/1007/459 1000/1014/464 999/1013/3 993/1006/458
f 995/1008/460 1001/1015/465 1000/1014/464 994/1007/459
f 996/1003/461 1002/1010/6 1001/1015/465 995/1008/460
f 997/1009/462 1003/1016/462 1008/1017/6 1002/1010/6
f 998/1011/463 1004/1018/463 1003/1019/462 997/1012/462
f 999/1013/3 1005/1020/3 1004/1018/463 998/1011/463
f 1000/1014/464 1006/1021/464 1005/1020/3 999/1013/3
f 1001/1015/465 1007/1022/465 1006/1021/464 1000/1014/464
f 1002/1010/6 1008/1017/6 1007/1022/465 1001/1015/465
f 1003/1016/462 1009/1023/462 1014/1024/6 1008/1017/6
f 1004/1018/463 1010/1025/463 1009/1026/462 1003/1019/462
f 1005/1020/3 1011/1027/3 1010/1025/463 1004/1018/463
f 1006/1021/464 1012/1028/464 1011/1027/3 1005/1020/3
f 1007/1022/465 1013/1029/465 1012/1028/464 1006/1021/464
f 1008/1017/6 1014/1024/6 1013/1029/465 1007/1022/465
f 1009/1023/462 1015/1030/462 1020/1031/6 1014/1024/6
f 1010/1025/463 1016/1032/463 1015/1033/462 1009/1026/462
f 1011/1027/3 1017/1034/3 1016/1032/463 1010/1025/463
f 1012/1028/464 1018/1035/464 1017/1034/3 1011/1027/3
f 1013/1029/465 1019/1036/465 1018/1035/464 1012/1028/464
f 1014/1024/6 1020/1031/6 1019/1036/465 1013/1029/465
f 1015/1030/462 1021/1037/466 1026/1038/471 1020/1031/6
f 1016/1032/463 1022/1039/467 1021/1040/466 1015/1033/462
f 1017/1034/3 1023/1041/468 1022/1039/467 1016/1032/463
f 1018/1035/464 1024/1042/469 1023/1041/468 1017/1034/3
f 1019/1036/465 1025/1043/470 1024/1042/469 1018/1035/464
f 1020/1031/6 1026/1038/471 1025/1043/470 1019/1036/465
f 1021/1037/466 1027/1044/472 1032/1045/477 1026/1038/471
f 1022/1039/467 1028/1046/473 1027/1047/472 1021/1040/466
f 1023/1041/468 1029/1048/474 1028/1046/473 1022/1039/467
f 1024/1042/469 1030/1049/475 1029/1048/474 1023/1041/468
f 1025/1043/470 1031/1050/476 1030/1049/475 1024/1042/469
f 1026/1038/471 1032/1045/477 1031/1050/476 1025/1043/470
f 1027/1044/472 1033/1051/478 1038/1052/483 1032/1045/477
f 1028/1046/473 1034/1053/479 1033/1054/478 1027/1047/472
f 1029/1048/474 1035/1055/480 1034/1053/479 1028/1046/473
f 1030/1049/475 1036/1056/481 1035/1055/480 1029/1048/474
f 1031/1050/476 1037/1057/482 1036/1056/481 1030/1049/475
f 1032/1045/477 1038/1052/483 1037/1057/482 1031/1050/476
f 1033/1051/478 1039/1058/484 1044/1059/6 1038/1052/483
f 1034/1053/479 1040/1060/485 1039/1061/484 1033/1054/478
f 1035/1055/480 1041/1062/3 1040/1060/485 1034/1053/479
f 1036/1056/481 1042/1063/486 1041/1062/3 1035/1055/480
f 1037/1057/482 1043/1064/487 1042/1063/486 1036/1056/481
f 1038/1052/483 1044/1059/6 1043/1064/487 1037/1057/482
f 1039/1058/484 1045/1065/488 1050/1066/6 1044/1059/6
f 1040/1060/485 1046/1067/489 1045/1068/488 1039/1061/484
f 1041/1062/3 1047/1069/3 1046/1067/489 1040/1060/485
f 1042/1063/486 1048/1070/490 1047/1069/3 1041/1062/3
f 1043/1064/487 1049/1071/491 1048/1070/490 1042/1063/486
f 1044/1059/6 1050/1066/6 1049/1071/491 1043/1064/487
f 1045/1065/488 1051/1072/488 1056/1073/6 1050/1066/6
f 1046/1067/489 1052/1074/489 1051/1075/488 1045/1068/488
f 1047/1069/3 1053/1076/3 1052/1074/489 1046/1067/489
f 1048/1070/490 1054/1077/486 1053/1076/3 1047/1069/3
f 1049/1071/491 1055/1078/491 1054/1077/486 1048/1070/490
f 1050/1066/6 1056/1073/6 1055/1078/491 1049/1071/491
f 1051/1072/488 1057/1079/488 1062/1080/6 1056/1073/6
f 1052/1074/489 1058/1081/485 1057/1082/488 1051/1075/488
f 1053/1076/3 1059/1083/3 1058/1081/485 1052/1074/489
f 1054/1077/486 1060/1084/486 1059/1083/3 1053/1076/3
f 1055/1078/491 1061/1085/491 1060/1084/486 1054/1077/486
f 1056/1073/6 1062/1080/6 1061/1085/491 1055/1078/491
f 1057/1079/488 1063/1086/492 1068/1087/497 1062/1080/6
f 1058/1081/485 1064/1088/493 1063/1089/492 1057/1082/488
f 1059/1083/3 1065/1090/494 1064/1088/493 1058/1081/485
f 1060/1084/486 1066/1091/495 1065/1090/494 1059/1083/3
f 1061/1085/491 1067/1092/496 1066/1091/495 1060/1084/486
f 1062/1080/6 1068/1087/497 1067/1092/496 1061/1085/491
f 1063/1086/492 1069/1093/498 1074/1094/503 1068/1087/497
f 1064/1088/493 1070/1095/499 1069/1096/498 1063/1089/492
f 1065/1090/494 1071/1097/500 1070/1095/499 1064/1088/493
f 1066/1091/495 1072/1098/501 1071/1097/500 1065/1090/494
f 1067/1092/496 1073/1099/502 1072/1098/501 1066/1091/495
f 1068/1087/497 1074/1094/503 1073/1099/502 1067/1092/496
f 1069/1093/498 1075/1100/504 1080/1101/509 1074/1094/503
f 1070/1095/499 1076/1102/505 1075/1103/504 1069/1096/498
f 1071/1097/500 1077/1104/506 1076/1102/505 1070/1095/499
f 1072/1098/501 1078/1105/507 1077/1104/506 1071/1097/500
f 1073/1099/502 1079/1106/508 1078/1105/507 1072/1098/501
f 1074/1094/503 1080/1101/509 1079/1106/508 1073/1099/502
f 1075/1100/504 1081/1107/510 1086/1108/6 1080/1101/509
f 1076/1102/505 1082/1109/511 1081/1110/510 1075/1103/504
f 1077/1104/506 1083/1111/3 1082/1109/511 1076/1102/505
f 1078/1105/507 1084/1112/512 1083/1111/3 1077/1104/506
f 1079/1106/508 1085/1113/513 1084/1112/512 1078/1105/507
f 1080/1101/509 1086/1108/6 1085/1113/513 1079/1106/508
f 1081/1107/510 1087/1114/510 1092/1115/6 1086/1108/6
f 1082/1109/511 1088/1116/511 1087/1117/510 1081/1110/510
f 1083/1111/3 1089/1118/3 1088/1116/511 1082/1109/511
f 1084/1112/512 1090/1119/512 1089/1118/3 1083/1111/3
f 1085/1113/513 1091/1120/513 1090/1119/512 1084/1112/512
f 1086/1108/6 1092/1115/6 1091/1120/513 1085/1113/513
f 1087/1114/510 1093/1121/510 1098/1122/6 1092/1115/6
f 1088/1116/511 1094/1123/511 1093/1124/510 1087/1117/510
f 1089/1118/3 1095/1125/3 1094/1123/511 1088/1116/511
f 1090/1119/512 1096/1126/512 1095/1125/3 1089/1118/3
f 1091/1120/513 1097/1127/513 1096/1126/512 1090/1119/512
f 1092/1115/6 1098/1122/6 1097/1127/513 1091/1120/513
f 1093/1121/510 1099/1128/510 1104/1129/6 1098/1122/6
f 1094/1123/511 1100/1130/511 1099/1131/510 1093/1124/510
f 1095/1125/3 1101/1132/3 1100/1130/511 1094/1123/511
f 1096/1126/512 1102/1133/512 1101/1132/3 1095/1125/3
f 1097/1127/513 1103/1134/513 1102/1133/512 1096/1126/512
f 1098/1122/6 1104/1129/6 1103/1134/513 1097/1127/513
f 1099/1128/510 1105/1135/514 1110/1136/519 1104/1129/6
f 1100/1130/511 1106/1137/515 1105/1138/514 1099/1131/510
f 1101/1132/3 1107/1139/516 1106/1137/515 1100/1130/511
f 1102/1133/512 1108/1140/517 1107/1139/516 1101/1132/3
f 1103/1134/513 1109/1141/518 1108/1140/517 1102/1133/512
f 1104/1129/6 1110/1136/519 1109/1141/518 1103/1134/513
f 1105/1135/514 1111/1142/520 1116/1143/525 1110/1136/519
f 1106/1137/515 1112/1144/521 1111/1145/520 1105/1138/514
f 1107/1139/516 1113/1146/522 1112/1144/521 1106/1137/515
f 1108/1140/517 1114/1147/523 1113/1146/522 1107/1139/516
f 1109/1141/518 1115/1148/524 1114/1147/523 1108/1140/517
f 1110/1136/519 1116/1143/525 1115/1148/524 1109/1141/518
f 1111/1142/520 1117/43/526 1122/44/531 1116/1143/525
f 1112/1144/521 1118/45/527 1117/46/526 1111/1145/520
f 1113/1146/522 1119/47/528 1118/45/527 1112/1144/521
f 1114/1147/523 1120/48/529 1119/47/528 1113/1146/522
f 1115/1148/524 1121/49/530 1120/48/529 1114/1147/523
f 1116/1143/525 1122/44/531 1121/49/530 1115/1148/524
f 1117/43/526 1123/1149/532 1128/1150/6 1122/44/531
f 1118/45/527 1124/1151/533 1123/1152/532 1117/46/526
f 1119/47/528 1125/1153/3 1124/1151/533 1118/45/527
f 1120/48/529 1126/1154/534 1125/1153/3 1119/47/528
f 1121/49/530 1127/1155/535 1126/1154/534 1120/48/529
f 1122/44/531 1128/1150/6 1127/1155/535 1121/49/530
f 1123/1149/532 1129/1156/532 1134/1157/6 1128/1150/6
f 1124/1151/533 1130/1158/533 1129/1159/532 1123/1152/532
f 1125/1153/3 1131/1160/3 1130/1158/533 1124/1151/533
f 1126/1154/534 1132/1161/534 1131/1160/3 1125/1153/3
f 1127/1155/535 1133/1162/535 1132/1161/534 1126/1154/534
f 1128/1150/6 1134/1157/6 1133/1162/535 1127/1155/535
f 1129/1156/532 1135/1163/532 1140/1164/6 1134/1157/6
f 1130/1158/533 1136/1165/533 1135/1166/532 1129/1159/532
f 1131/1160/3 1137/1167/3 1136/1165/533 1130/1158/533
f 1132/1161/534 1138/1168/534 1137/1167/3 1131/1160/3
f 1133/1162/535 1139/1169/535 1138/1168/534 1132/1161/534
f 1134/1157/6 1140/1164/6 1139/1169/535 1133/1162/535
f 1135/1163/532 1141/1170/532 1146/1171/6 1140/1164/6
f 1136/1165/533 1142/1172/533 1141/1173/532 1135/1166/532
f 1137/1167/3 1143/1174/3 1142/1172/533 1136/1165/533
f 1138/1168/534 1144/1175/534 1143/1174/3 1137/1167/3
f 1139/1169/535 1145/1176/535 1144/1175/534 1138/1168/534
f 1140/1164/6 1146/1171/6 1145/1176/535 1139/1169/535
f 1141/1170/532 1147/1177/536 1152/1178/541 1146/1171/6
f 1142/1172/533 1148/1179/537 1147/1180/536 1141/1173/532
f 1143/1174/3 1149/1181/538 1148/1179/537 1142/1172/533
f 1144/1175/534 1150/1182/539 1149/1181/538 1143/1174/3
f 1145/1176/535 1151/1183/540 1150/1182/539 1144/1175/534
f 1146/1171/6 1152/1178/541 1151/1183/540 1145/1176/535
f 1147/1177/536 1153/1184/542 1158/1185/547 1152/1178/541
f 1148/1179/537 1154/1186/543 1153/1187/542 1147/1180/536
f 1149/1181/538 1155/1188/544 1154/1186/543 1148/1179/537
f 1150/1182/539 1156/1189/545 1155/1188/544 1149/1181/538
f 1151/1183/540 1157/1190/546 1156/1189/545 1150/1182/539
f 1152/1178/541 1158/1185/547 1157/1190/546 1151/1183/540
f 1153/1184/542 1159/1191/548 1164/1192/553 1158/1185/547
f 1154/1186/543 1160/1193/549 1159/1194/548 1153/1187/542
f 1155/1188/544 1161/1195/550 1160/1193/549 1154/1186/543
f 1156/1189/545 1162/1196/551 1161/1195/550 1155/1188/544
f 1157/1190/546 1163/1197/552 1162/1196/551 1156/1189/545
f 1158/1185/547 1164/1192/553 1163/1197/552 1157/1190/546
f 1159/1191/548 1165/1198/554 1170/1199/6 1164/1192/553
f 1160/1193/549 1166/1200/555 1165/1201/554 1159/1194/548
f 1161/1195/550 1167/1202/3 1166/1200/555 1160/1193/549
f 1162/1196/551 1168/1203/556 1167/1202/3 1161/1195/550
f 1163/1197/552 1169/1204/557 1168/1203/556 1162/1196/551
f 1164/1192/553 1170/1199/6 1169/1204/557 1163/1197/552
f 1165/1198/554 1171/1205/558 1176/1206/6 1170/1199/6
f 1166/1200/555 1172/1207/555 1171/1208/558 1165/1201/554
f 1167/1202/3 1173/1209/3 1172/1207/555 1166/1200/555
f 1168/1203/556 1174/1210/556 1173/1209/3 1167/1202/3
f 1169/1204/557 1175/1211/559 1174/1210/556 1168/1203/556
f 1170/1199/6 1176/1206/6 1175/1211/559 1169/1204/557
f 1171/1205/558 1177/1212/558 1182/1213/6 1176/1206/6
f 1172/1207/555 1178/1214/555 1177/1215/558 1171/1208/558
f 1173/1209/3 1179/1216/3 1178/1214/555 1172/1207/555
f 1174/1210/556 1180/1217/556 1179/1216/3 1173/1209/3
f 1175/1211/559 1181/1218/559 1180/1217/556 1174/1210/556
f 1176/1206/6 1182/1213/6 1181/1218/559 1175/1211/559
f 1177/1212/558 1183/1219/558 1188/1220/6 1182/1213/6
f 1178/1214/555 1184/1221/555 1183/1222/558 1177/1215/558
f 1179/1216/3 1185/1223/3 1184/1221/555 1178/1214/555
f 1180/1217/556 1186/1224/556 1185/1223/3 1179/1216/3
f 1181/1218/559 1187/1225/559 1186/1224/556 1180/1217/556
f 1182/1213/6 1188/1220/6 1187/1225/559 1181/1218/559
f 1183/1219/558 1189/1226/560 1194/1227/483 1188/1220/6
f 1184/1221/555 1190/1228/561 1189/1229/560 1183/1222/558
f 1185/1223/3 1191/1230/480 1190/1228/561 1184/1221/555
f 1186/1224/556 1192/1231/562 1191/1230/480 1185/1223/3
f 1187/1225/559 1193/1232/563 1192/1231/562 1186/1224/556
f 1188/1220/6 1194/1227/483 1193/1232/563 1187/1225/559
f 1189/1226/560 1195/1233/564 1200/1234/569 1194/1227/483
f 1190/1228/561 1196/1235/565 1195/1236/564 1189/1229/560
f 1191/1230/480 1197/1237/566 1196/1235/565 1190/1228/561
f 1192/1231/562 1198/1238/567 1197/1237/566 1191/1230/480
f 1193/1232/563 1199/1239/568 1198/1238/567 1192/1231/562
f 1194/1227/483 1200/1234/569 1199/1239/568 1193/1232/563
f 1195/1233/564 1201/1240/570 1206/1241/439 1200/1234/569
f 1196/1235/565 1202/1242/571 1201/1243/570 1195/1236/564
f 1197/1237/566 1203/1244/436 1202/1242/571 1196/1235/565
f 1198/1238/567 1204/1245/572 1203/1244/436 1197/1237/566
f 1199/1239/568 1205/1246/573 1204/1245/572 1198/1238/567
f 1200/1234/569 1206/1241/439 1205/1246/573 1199/1239/568
f 1201/1240/570 1207/1247/574 1212/1248/6 1206/1241/439
f 1202/1242/571 1208/1249/575 1207/1250/574 1201/1243/570
f 1203/1244/436 1209/1251/3 1208/1249/575 1202/1242/571
f 1204/1245/572 1210/1252/576 1209/1251/3 1203/1244/436
f 1205/1246/573 1211/1253/577 1210/1252/576 1204/1245/572
f 1206/1241/439 1212/1248/6 1211/1253/577 1205/1246/573
f 1207/1247/574 1213/1254/574 1218/1255/6 1212/1248/6
f 1208/1249/575 1214/1256/575 1213/1257/574 1207/1250/574
f 1209/1251/3 1215/1258/3 1214/1256/575 1208/1249/575
f 1210/1252/576 1216/1259/576 1215/1258/3 1209/1251/3
f 1211/1253/577 1217/1260/577 1216/1259/576 1210/1252/576
f 1212/1248/6 1218/1255/6 1217/1260/577 1211/1253/577
f 1213/1254/574 1219/1261/574 1224/1262/6 1218/1255/6
f 1214/1256/575 1220/1263/575 1219/1264/574 1213/1257/574
f 1215/1258/3 1221/1265/3 1220/1263/575 1214/1256/575
f 1216/1259/576 1222/1266/576 1221/1265/3 1215/1258/3
f 1217/1260/577 1223/1267/577 1222/1266/576 1216/1259/576
f 1218/1255/6 1224/1262/6 1223/1267/577 1217/1260/577
f 1219/1261/574 1225/1268/574 1230/1269/6 1224/1262/6
f 1220/1263/575 1226/1270/575 1225/1271/574 1219/1264/574
f 1221/1265/3 1227/1272/3 1226/1270/575 1220/1263/575
f 1222/1266/576 1228/1273/576 1227/1272/3 1221/1265/3
f 1223/1267/577 1229/1274/577 1228/1273/576 1222/1266/576
f 1224/1262/6 1230/1269/6 1229/1274/577 1223/1267/577
f 1225/1268/574 1231/1275/578 1236/1276/583 1230/1269/6
f 1226/1270/575 1232/1277/579 1231/1278/578 1225/1271/574
f 1227/1272/3 1233/1279/580 1232/1277/579 1226/1270/575
f 1228/1273/576 1234/1280/581 1233/1279/580 1227/1272/3
f 1229/1274/577 1235/1281/582 1234/1280/581 1228/1273/576
f 1230/1269/6 1236/1276/583 1235/1281/582 1229/1274/577
f 1231/1275/578 1237/1282/584 1242/1283/589 1236/1276/583
f 1232/1277/579 1238/1284/585 1237/1285/584 1231/1278/578
f 1233/1279/580 1239/1286/586 1238/1284/585 1232/1277/579
f 1234/1280/581 1240/1287/587 1239/1286/586 1233/1279/580
f 1235/1281/582 1241/1288/588 1240/1287/587 1234/1280/581
f 1236/1276/583 1242/1283/589 1241/1288/588 1235/1281/582
f 1237/1282/584 1243/1289/590 1248/1290/595 1242/1283/589
f 1238/1284/585 1244/1291/591 1243/1292/590 1237/1285/584
f 1239/1286/586 1245/1293/592 1244/1291/591 1238/1284/585
f 1240/1287/587 1246/1294/593 1245/1293/592 1239/1286/586
f 1241/1288/588 1247/1295/594 1246/1294/593 1240/1287/587
f 1242/1283/589 1248/1290/595 1247/1295/594 1241/1288/588
f 1243/1289/590 1249/1296/596 1254/1297/6 1248/1290/595
f 1244/1291/591 1250/1298/597 1249/1299/596 1243/1292/590
f 1245/1293/592 1251/1300/3 1250/1298/597 1244/1291/591
f 1246/1294/593 1252/1301/598 1251/1300/3 1245/1293/592
f 1247/1295/594 1253/1302/599 1252/1301/598 1246/1294/593
f 1248/1290/595 1254/1297/6 1253/1302/599 1247/1295/594
f 1249/1296/596 1255/1303/596 1260/1304/6 1254/1297/6
f 1250/1298/597 1256/1305/597 1255/1306/596 1249/1299/596
f 1251/1300/3 1257/1307/3 1256/1305/597 1250/1298/597
f 1252/1301/598 1258/1308/598 1257/1307/3 1251/1300/3
f 1253/1302/599 1259/1309/599 1258/1308/598 1252/1301/598
f 1254/1297/6 1260/1304/6 1259/1309/599 1253/1302/599
f 1255/1303/596 1261/1310/596 1266/1311/6 1260/1304/6
f 1256/1305/597 1262/1312/597 1261/1313/596 1255/1306/596
f 1257/1307/3 1263/1314/3 1262/1312/597 1256/1305/597
f 1258/1308/598 1264/1315/598 1263/1314/3 1257/1307/3
f 1259/1309/599 1265/1316/599 1264/1315/598 1258/1308/598
f 1260/1304/6 1266/1311/6 1265/1316/599 1259/1309/599
f 1261/1310/596 1267/1317/596 1272/1318/6 1266/1311/6
f 1262/1312/597 1268/1319/597 1267/1320/596 1261/1313/596
f 1263/1314/3 1269/1321/3 1268/1319/597 1262/1312/597
f 1264/1315/598 1270/1322/598 1269/1321/3 1263/1314/3
f 1265/1316/599 1271/1323/599 1270/1322/598 1264/1315/598
f 1266/1311/6 1272/1318/6 1271/1323/599 1265/1316/599
f 1267/1317/596 1273/1324/596 1278/1325/6 1272/1318/6
f 1268/1319/597 1274/1326/597 1273/1327/596 1267/1320/596
f 1269/1321/3 1275/1328/3 1274/1326/597 1268/1319/597
f 1270/1322/598 1276/1329/598 1275/1328/3 1269/1321/3
f 1271/1323/599 1277/1330/599 1276/1329/598 1270/1322/598
f 1272/1318/6 1278/1325/6 1277/1330/599 1271/1323/599
f 1273/1324/596 1279/50/596 1284/51/6 1278/1325/6
f 1274/1326/597 1280/52/597 1279/53/596 1273/1327/596
f 1275/1328/3 1281/54/3 1280/52/597 1274/1326/597
f 1276/1329/598 1282/55/598 1281/54/3 1275/1328/3
f 1277/1330/599 1283/56/599 1282/55/598 1276/1329/598
f 1278/1325/6 1284/51/6 1283/56/599 1277/1330/599
