# Blender 4.5.1 LTS
# www.blender.org
mtllib Cobweb.mtl
o GPencil_curve_Layer.001
v -1.242293 0.573366 -4.385008
v -1.241076 0.576031 -4.377937
v -1.242293 0.573366 -4.370866
v -1.245230 0.566934 -4.367937
v -1.248167 0.560502 -4.370866
v -1.249383 0.557838 -4.377937
v -1.248167 0.560502 -4.385008
v -1.245230 0.566934 -4.387938
v -0.892298 0.413555 -4.385008
v -0.891081 0.416219 -4.377937
v -0.892298 0.413555 -4.370866
v -0.895235 0.407123 -4.367937
v -0.898172 0.400690 -4.370866
v -0.899389 0.398026 -4.377937
v -0.898172 0.400690 -4.385008
v -0.895235 0.407123 -4.387938
v -0.542303 0.253743 -4.385008
v -0.541087 0.256408 -4.377937
v -0.542303 0.253743 -4.370866
v -0.545240 0.247311 -4.367937
v -0.548177 0.240879 -4.370866
v -0.549394 0.238215 -4.377937
v -0.548177 0.240879 -4.385008
v -0.545240 0.247311 -4.387938
v -0.192309 0.093931 -4.385008
v -0.191092 0.096596 -4.377937
v -0.192309 0.093931 -4.370866
v -0.195246 0.087499 -4.367937
v -0.198183 0.081067 -4.370866
v -0.199399 0.078403 -4.377937
v -0.198183 0.081067 -4.385008
v -0.195246 0.087499 -4.387938
v 0.157686 -0.065880 -4.385008
v 0.158903 -0.063216 -4.377937
v 0.157686 -0.065880 -4.370866
v 0.154749 -0.072312 -4.367937
v 0.151812 -0.078745 -4.370866
v 0.150595 -0.081409 -4.377937
v 0.151812 -0.078745 -4.385008
v 0.154749 -0.072312 -4.387938
v 0.507682 -0.225692 -4.385008
v 0.508898 -0.223027 -4.377937
v 0.507682 -0.225692 -4.370866
v 0.504745 -0.232124 -4.367937
v 0.501808 -0.238556 -4.370866
v 0.500591 -0.241221 -4.377937
v 0.501808 -0.238556 -4.385008
v 0.504745 -0.232124 -4.387938
v 0.857675 -0.385503 -4.385008
v 0.858892 -0.382839 -4.377937
v 0.857675 -0.385503 -4.370866
v 0.854738 -0.391936 -4.367937
v 0.851801 -0.398368 -4.370866
v 0.850585 -0.401032 -4.377937
v 0.851801 -0.398368 -4.385008
v 0.854738 -0.391936 -4.387938
v 1.207671 -0.545315 -4.385008
v 1.208887 -0.542651 -4.377937
v 1.207671 -0.545315 -4.370866
v 1.204734 -0.551747 -4.367937
v 1.201797 -0.558180 -4.370866
v 1.200580 -0.560844 -4.377937
v 1.201797 -0.558180 -4.385008
v 1.204734 -0.551747 -4.387938
v -1.227903 -0.555432 -4.385008
v -1.229113 -0.552765 -4.377937
v -1.227903 -0.555432 -4.370866
v -1.224981 -0.561871 -4.367937
v -1.222060 -0.568310 -4.370866
v -1.220850 -0.570978 -4.377937
v -1.222060 -0.568310 -4.385008
v -1.224981 -0.561871 -4.387938
v -0.845367 -0.381880 -4.385008
v -0.846577 -0.379213 -4.377937
v -0.845367 -0.381880 -4.370866
v -0.842445 -0.388320 -4.367937
v -0.839524 -0.394759 -4.370866
v -0.838314 -0.397426 -4.377937
v -0.839524 -0.394759 -4.385008
v -0.842445 -0.388320 -4.387938
v -0.462832 -0.208330 -4.385008
v -0.464042 -0.205662 -4.377937
v -0.462832 -0.208330 -4.370866
v -0.459910 -0.214769 -4.367937
v -0.456989 -0.221208 -4.370866
v -0.455779 -0.223876 -4.377937
v -0.456989 -0.221208 -4.385008
v -0.459910 -0.214769 -4.387938
v -0.080296 -0.034778 -4.385008
v -0.081506 -0.032111 -4.377937
v -0.080296 -0.034778 -4.370866
v -0.077374 -0.041218 -4.367937
v -0.074453 -0.047657 -4.370866
v -0.073243 -0.050324 -4.377937
v -0.074453 -0.047657 -4.385008
v -0.077374 -0.041218 -4.387938
v 0.302240 0.138773 -4.385008
v 0.301030 0.141440 -4.377937
v 0.302240 0.138773 -4.370866
v 0.305161 0.132333 -4.367937
v 0.308083 0.125894 -4.370866
v 0.309293 0.123227 -4.377937
v 0.308083 0.125894 -4.385008
v 0.305161 0.132333 -4.387938
v 0.684775 0.312324 -4.385008
v 0.683565 0.314991 -4.377937
v 0.684775 0.312324 -4.370866
v 0.687696 0.305885 -4.367937
v 0.690618 0.299445 -4.370866
v 0.691828 0.296778 -4.377937
v 0.690618 0.299445 -4.385008
v 0.687696 0.305885 -4.387938
v 1.067311 0.485875 -4.385008
v 1.066101 0.488542 -4.377937
v 1.067311 0.485875 -4.370866
v 1.070232 0.479436 -4.367937
v 1.073154 0.472996 -4.370866
v 1.074364 0.470329 -4.377937
v 1.073154 0.472996 -4.385008
v 1.070232 0.479436 -4.387938
v 1.449846 0.659426 -4.385008
v 1.448636 0.662093 -4.377937
v 1.449846 0.659426 -4.370866
v 1.452767 0.652987 -4.367937
v 1.455689 0.646547 -4.370866
v 1.456899 0.643880 -4.377937
v 1.455689 0.646547 -4.385008
v 1.452767 0.652987 -4.387938
v -0.479414 1.172017 -4.385008
v -0.476710 1.173141 -4.377937
v -0.479414 1.172017 -4.370866
v -0.485943 1.169301 -4.367937
v -0.492472 1.166586 -4.370866
v -0.495176 1.165461 -4.377937
v -0.492472 1.166586 -4.385008
v -0.485943 1.169301 -4.387938
v -0.347081 0.853839 -4.385008
v -0.344377 0.854964 -4.377937
v -0.347081 0.853839 -4.370866
v -0.353610 0.851124 -4.367937
v -0.360139 0.848409 -4.370866
v -0.362843 0.847284 -4.377937
v -0.360139 0.848409 -4.385008
v -0.353610 0.851124 -4.387938
v -0.214748 0.535663 -4.385008
v -0.212044 0.536787 -4.377937
v -0.214748 0.535663 -4.370866
v -0.221277 0.532947 -4.367937
v -0.227806 0.530232 -4.370866
v -0.230510 0.529107 -4.377937
v -0.227806 0.530232 -4.385008
v -0.221277 0.532947 -4.387938
v -0.082416 0.217486 -4.385008
v -0.079711 0.218610 -4.377937
v -0.082416 0.217486 -4.370866
v -0.088944 0.214770 -4.367937
v -0.095473 0.212055 -4.370866
v -0.098178 0.210930 -4.377937
v -0.095473 0.212055 -4.385008
v -0.088944 0.214770 -4.387938
v 0.049917 -0.100692 -4.385008
v 0.052622 -0.099567 -4.377937
v 0.049917 -0.100692 -4.370866
v 0.043388 -0.103407 -4.367937
v 0.036859 -0.106122 -4.370866
v 0.034155 -0.107247 -4.377937
v 0.036859 -0.106122 -4.385008
v 0.043388 -0.103407 -4.387938
v 0.182250 -0.418869 -4.385008
v 0.184954 -0.417744 -4.377937
v 0.182250 -0.418869 -4.370866
v 0.175721 -0.421584 -4.367937
v 0.169192 -0.424299 -4.370866
v 0.166488 -0.425424 -4.377937
v 0.169192 -0.424299 -4.385008
v 0.175721 -0.421584 -4.387938
v 0.314583 -0.737046 -4.385008
v 0.317287 -0.735921 -4.377937
v 0.314583 -0.737046 -4.370866
v 0.308054 -0.739761 -4.367937
v 0.301525 -0.742476 -4.370866
v 0.298821 -0.743601 -4.377937
v 0.301525 -0.742476 -4.385008
v 0.308054 -0.739761 -4.387938
v 0.446915 -1.055223 -4.385008
v 0.449619 -1.054098 -4.377937
v 0.446915 -1.055223 -4.370866
v 0.440386 -1.057938 -4.367937
v 0.433857 -1.060654 -4.370866
v 0.431153 -1.061778 -4.377937
v 0.433857 -1.060654 -4.385008
v 0.440386 -1.057938 -4.387938
v -0.142254 0.060023 -4.385008
v -0.144566 0.061821 -4.377937
v -0.142254 0.060023 -4.370866
v -0.136673 0.055682 -4.367937
v -0.131091 0.051340 -4.370866
v -0.128780 0.049542 -4.377937
v -0.131091 0.051340 -4.385008
v -0.136673 0.055682 -4.387938
v -0.132130 0.073039 -4.385008
v -0.134442 0.074837 -4.377937
v -0.132130 0.073039 -4.370866
v -0.126549 0.068698 -4.367937
v -0.120967 0.064357 -4.370866
v -0.118655 0.062558 -4.377937
v -0.120967 0.064357 -4.385008
v -0.126549 0.068698 -4.387938
v -0.122006 0.086056 -4.385008
v -0.124318 0.087854 -4.377937
v -0.122006 0.086056 -4.370866
v -0.116425 0.081714 -4.367937
v -0.110843 0.077373 -4.370866
v -0.108531 0.075575 -4.377937
v -0.110843 0.077373 -4.385008
v -0.116425 0.081714 -4.387938
v -0.111882 0.099072 -4.385008
v -0.114194 0.100870 -4.377937
v -0.111882 0.099072 -4.370866
v -0.106300 0.094731 -4.367937
v -0.100719 0.090389 -4.370866
v -0.098407 0.088591 -4.377937
v -0.100719 0.090389 -4.385008
v -0.106300 0.094731 -4.387938
v -0.101758 0.112088 -4.385008
v -0.104070 0.113886 -4.377937
v -0.101758 0.112088 -4.370866
v -0.096176 0.107747 -4.367937
v -0.090595 0.103406 -4.370866
v -0.088283 0.101608 -4.377937
v -0.090595 0.103406 -4.385008
v -0.096176 0.107747 -4.387938
v -0.091634 0.125104 -4.385008
v -0.093946 0.126903 -4.377937
v -0.091634 0.125104 -4.370866
v -0.086053 0.120763 -4.367937
v -0.080471 0.116422 -4.370866
v -0.078159 0.114624 -4.377937
v -0.080471 0.116422 -4.385008
v -0.086053 0.120763 -4.387938
v -0.081510 0.138121 -4.385008
v -0.083822 0.139919 -4.377937
v -0.081510 0.138121 -4.370866
v -0.075929 0.133780 -4.367937
v -0.070347 0.129438 -4.370866
v -0.068035 0.127640 -4.377937
v -0.070347 0.129438 -4.385008
v -0.075929 0.133780 -4.387938
v -0.068128 0.153474 -4.385008
v -0.069091 0.156241 -4.377937
v -0.068128 0.153474 -4.370866
v -0.065804 0.146796 -4.367937
v -0.063481 0.140118 -4.370866
v -0.062518 0.137352 -4.377937
v -0.063481 0.140118 -4.385008
v -0.065804 0.146796 -4.387938
v -0.027116 0.144609 -4.385008
v -0.026419 0.147454 -4.377937
v -0.027116 0.144609 -4.370866
v -0.028796 0.137740 -4.367937
v -0.030477 0.130872 -4.370866
v -0.031173 0.128027 -4.377937
v -0.030477 0.130872 -4.385008
v -0.028796 0.137740 -4.387938
v 0.009893 0.135553 -4.385008
v 0.010589 0.138398 -4.377937
v 0.009893 0.135553 -4.370866
v 0.008212 0.128684 -4.367937
v 0.006531 0.121816 -4.370866
v 0.005835 0.118971 -4.377937
v 0.006531 0.121816 -4.385008
v 0.008212 0.128684 -4.387938
v 0.046901 0.126497 -4.385008
v 0.047597 0.129342 -4.377937
v 0.046901 0.126497 -4.370866
v 0.045220 0.119629 -4.367937
v 0.043540 0.112760 -4.370866
v 0.042844 0.109915 -4.377937
v 0.043540 0.112760 -4.385008
v 0.045220 0.119629 -4.387938
v 0.083909 0.117441 -4.385008
v 0.084606 0.120286 -4.377937
v 0.083909 0.117441 -4.370866
v 0.082229 0.110573 -4.367937
v 0.080548 0.103704 -4.370866
v 0.079852 0.100860 -4.377937
v 0.080548 0.103704 -4.385008
v 0.082229 0.110573 -4.387938
v 0.120918 0.108386 -4.385008
v 0.121614 0.111231 -4.377937
v 0.120918 0.108386 -4.370866
v 0.119237 0.101517 -4.367937
v 0.117556 0.094649 -4.370866
v 0.116860 0.091804 -4.377937
v 0.117556 0.094649 -4.385008
v 0.119237 0.101517 -4.387938
v 0.157926 0.099330 -4.385008
v 0.158622 0.102175 -4.377937
v 0.157926 0.099330 -4.370866
v 0.156245 0.092461 -4.367937
v 0.154565 0.085593 -4.370866
v 0.153868 0.082748 -4.377937
v 0.154565 0.085593 -4.385008
v 0.156245 0.092461 -4.387938
v 0.197843 0.088785 -4.385008
v 0.199744 0.091013 -4.377937
v 0.197843 0.088785 -4.370866
v 0.193254 0.083405 -4.367937
v 0.188664 0.078026 -4.370866
v 0.186763 0.075798 -4.377937
v 0.188664 0.078026 -4.385008
v 0.193254 0.083405 -4.387938
v 0.212849 0.055052 -4.385008
v 0.215549 0.056187 -4.377937
v 0.212849 0.055052 -4.370866
v 0.206331 0.052310 -4.367937
v 0.199813 0.049569 -4.370866
v 0.197113 0.048434 -4.377937
v 0.199813 0.049569 -4.385008
v 0.206331 0.052310 -4.387938
v 0.225926 0.023956 -4.385008
v 0.228626 0.025092 -4.377937
v 0.225926 0.023956 -4.370866
v 0.219408 0.021215 -4.367937
v 0.212890 0.018474 -4.370866
v 0.210190 0.017338 -4.377937
v 0.212890 0.018474 -4.385008
v 0.219408 0.021215 -4.387938
v 0.239004 -0.007139 -4.385008
v 0.241704 -0.006003 -4.377937
v 0.239004 -0.007139 -4.370866
v 0.232486 -0.009880 -4.367937
v 0.225968 -0.012622 -4.370866
v 0.223268 -0.013757 -4.377937
v 0.225968 -0.012622 -4.385008
v 0.232486 -0.009880 -4.387938
v 0.252082 -0.038234 -4.385008
v 0.254781 -0.037099 -4.377937
v 0.252082 -0.038234 -4.370866
v 0.245564 -0.040975 -4.367937
v 0.239045 -0.043716 -4.370866
v 0.236346 -0.044852 -4.377937
v 0.239045 -0.043716 -4.385008
v 0.245564 -0.040975 -4.387938
v 0.265158 -0.069329 -4.385008
v 0.267858 -0.068194 -4.377937
v 0.265158 -0.069329 -4.370866
v 0.258640 -0.072071 -4.367937
v 0.252122 -0.074812 -4.370866
v 0.249422 -0.075947 -4.377937
v 0.252122 -0.074812 -4.385008
v 0.258640 -0.072071 -4.387938
v 0.278236 -0.100424 -4.385008
v 0.280936 -0.099289 -4.377937
v 0.278236 -0.100424 -4.370866
v 0.271718 -0.103166 -4.367937
v 0.265200 -0.105907 -4.370866
v 0.262500 -0.107043 -4.377937
v 0.265200 -0.105907 -4.385008
v 0.271718 -0.103166 -4.387938
v 0.291667 -0.135931 -4.385008
v 0.294513 -0.136622 -4.377937
v 0.291667 -0.135931 -4.370866
v 0.284796 -0.134261 -4.367937
v 0.277925 -0.132591 -4.370866
v 0.275079 -0.131900 -4.377937
v 0.277925 -0.132591 -4.385008
v 0.284796 -0.134261 -4.387938
v 0.264628 -0.160321 -4.385008
v 0.266505 -0.162569 -4.377937
v 0.264628 -0.160321 -4.370866
v 0.260095 -0.154894 -4.367937
v 0.255562 -0.149467 -4.370866
v 0.253684 -0.147220 -4.377937
v 0.255562 -0.149467 -4.385008
v 0.260095 -0.154894 -4.387938
v 0.239926 -0.180954 -4.385008
v 0.241803 -0.183202 -4.377937
v 0.239926 -0.180954 -4.370866
v 0.235393 -0.175528 -4.367937
v 0.230859 -0.170101 -4.370866
v 0.228982 -0.167853 -4.377937
v 0.230859 -0.170101 -4.385008
v 0.235393 -0.175528 -4.387938
v 0.215225 -0.201588 -4.385008
v 0.217102 -0.203836 -4.377937
v 0.215225 -0.201588 -4.370866
v 0.210691 -0.196161 -4.367937
v 0.206158 -0.190734 -4.370866
v 0.204281 -0.188486 -4.377937
v 0.206158 -0.190734 -4.385008
v 0.210691 -0.196161 -4.387938
v 0.190522 -0.222221 -4.385008
v 0.192400 -0.224469 -4.377937
v 0.190522 -0.222221 -4.370866
v 0.185989 -0.216794 -4.367937
v 0.181456 -0.211367 -4.370866
v 0.179579 -0.209119 -4.377937
v 0.181456 -0.211367 -4.385008
v 0.185989 -0.216794 -4.387938
v 0.165821 -0.242854 -4.385008
v 0.167699 -0.245102 -4.377937
v 0.165821 -0.242854 -4.370866
v 0.161288 -0.237427 -4.367937
v 0.156755 -0.232001 -4.370866
v 0.154877 -0.229753 -4.377937
v 0.156755 -0.232001 -4.385008
v 0.161288 -0.237427 -4.387938
v 0.141120 -0.263488 -4.385008
v 0.142998 -0.265735 -4.377937
v 0.141120 -0.263488 -4.370866
v 0.136587 -0.258061 -4.367937
v 0.132054 -0.252634 -4.370866
v 0.130176 -0.250386 -4.377937
v 0.132054 -0.252634 -4.385008
v 0.136587 -0.258061 -4.387938
v 0.113180 -0.285645 -4.385008
v 0.113716 -0.288525 -4.377937
v 0.113180 -0.285645 -4.370866
v 0.111885 -0.278694 -4.367937
v 0.110590 -0.271742 -4.370866
v 0.110054 -0.268863 -4.377937
v 0.110590 -0.271742 -4.385008
v 0.111885 -0.278694 -4.387938
v 0.050616 -0.265337 -4.385008
v 0.049674 -0.268110 -4.377937
v 0.050616 -0.265337 -4.370866
v 0.052892 -0.258642 -4.367937
v 0.055167 -0.251947 -4.370866
v 0.056110 -0.249174 -4.377937
v 0.055167 -0.251947 -4.385008
v 0.052892 -0.258642 -4.387938
v -0.008378 -0.245285 -4.385008
v -0.009321 -0.248058 -4.377937
v -0.008378 -0.245285 -4.370866
v -0.006103 -0.238590 -4.367937
v -0.003827 -0.231895 -4.370866
v -0.002884 -0.229122 -4.377937
v -0.003827 -0.231895 -4.385008
v -0.006103 -0.238590 -4.387938
v -0.067372 -0.225233 -4.385008
v -0.068314 -0.228006 -4.377937
v -0.067372 -0.225233 -4.370866
v -0.065096 -0.218538 -4.367937
v -0.062820 -0.211843 -4.370866
v -0.061878 -0.209070 -4.377937
v -0.062820 -0.211843 -4.385008
v -0.065096 -0.218538 -4.387938
v -0.126366 -0.205181 -4.385008
v -0.127308 -0.207954 -4.377937
v -0.126366 -0.205181 -4.370866
v -0.124090 -0.198486 -4.367937
v -0.121815 -0.191791 -4.370866
v -0.120872 -0.189018 -4.377937
v -0.121815 -0.191791 -4.385008
v -0.124090 -0.198486 -4.387938
v -0.185359 -0.185129 -4.385008
v -0.186302 -0.187902 -4.377937
v -0.185359 -0.185129 -4.370866
v -0.183084 -0.178434 -4.367937
v -0.180808 -0.171739 -4.370866
v -0.179865 -0.168966 -4.377937
v -0.180808 -0.171739 -4.385008
v -0.183084 -0.178434 -4.387938
v -0.244353 -0.165077 -4.385008
v -0.245296 -0.167850 -4.377937
v -0.244353 -0.165077 -4.370866
v -0.242078 -0.158382 -4.367937
v -0.239802 -0.151687 -4.370866
v -0.238860 -0.148914 -4.377937
v -0.239802 -0.151687 -4.385008
v -0.242078 -0.158382 -4.387938
v -0.306414 -0.142961 -4.385008
v -0.308627 -0.144880 -4.377937
v -0.306414 -0.142961 -4.370866
v -0.301071 -0.138330 -4.367937
v -0.295728 -0.133698 -4.370866
v -0.293515 -0.131779 -4.377937
v -0.295728 -0.133698 -4.385008
v -0.301071 -0.138330 -4.387938
v -0.315868 -0.097785 -4.385008
v -0.318747 -0.098325 -4.377937
v -0.315868 -0.097785 -4.370866
v -0.308918 -0.096482 -4.367937
v -0.301968 -0.095179 -4.370866
v -0.299089 -0.094639 -4.377937
v -0.301968 -0.095179 -4.385008
v -0.308918 -0.096482 -4.387938
v -0.323715 -0.055937 -4.385008
v -0.326594 -0.056477 -4.377937
v -0.323715 -0.055937 -4.370866
v -0.316765 -0.054634 -4.367937
v -0.309815 -0.053331 -4.370866
v -0.306936 -0.052791 -4.377937
v -0.309815 -0.053331 -4.385008
v -0.316765 -0.054634 -4.387938
v -0.331562 -0.014089 -4.385008
v -0.334440 -0.014629 -4.377937
v -0.331562 -0.014089 -4.370866
v -0.324612 -0.012786 -4.367937
v -0.317662 -0.011483 -4.370866
v -0.314783 -0.010943 -4.377937
v -0.317662 -0.011483 -4.385008
v -0.324612 -0.012786 -4.387938
v -0.339408 0.027758 -4.385008
v -0.342287 0.027219 -4.377937
v -0.339408 0.027758 -4.370866
v -0.332458 0.029062 -4.367937
v -0.325509 0.030365 -4.370866
v -0.322630 0.030905 -4.377937
v -0.325509 0.030365 -4.385008
v -0.332458 0.029062 -4.387938
v -0.347255 0.069606 -4.385008
v -0.350134 0.069067 -4.377937
v -0.347255 0.069606 -4.370866
v -0.340305 0.070909 -4.367937
v -0.333355 0.072212 -4.370866
v -0.330477 0.072752 -4.377937
v -0.333355 0.072212 -4.385008
v -0.340305 0.070909 -4.387938
v -0.355101 0.111454 -4.385008
v -0.357980 0.110914 -4.377937
v -0.355101 0.111454 -4.370866
v -0.348151 0.112757 -4.367937
v -0.341201 0.114060 -4.370866
v -0.338322 0.114600 -4.377937
v -0.341201 0.114060 -4.385008
v -0.348151 0.112757 -4.387938
v -0.362525 0.157325 -4.385008
v -0.365229 0.158451 -4.377937
v -0.362525 0.157325 -4.370866
v -0.355998 0.154605 -4.367937
v -0.349471 0.151885 -4.370866
v -0.346767 0.150758 -4.377937
v -0.349471 0.151885 -4.385008
v -0.355998 0.154605 -4.387938
v -0.325674 0.183706 -4.385008
v -0.327317 0.186131 -4.377937
v -0.325674 0.183706 -4.370866
v -0.321706 0.177854 -4.367937
v -0.317738 0.172001 -4.370866
v -0.316094 0.169576 -4.377937
v -0.317738 0.172001 -4.385008
v -0.321706 0.177854 -4.387938
v -0.291382 0.206955 -4.385008
v -0.293025 0.209379 -4.377937
v -0.291382 0.206955 -4.370866
v -0.287414 0.201102 -4.367937
v -0.283446 0.195250 -4.370866
v -0.281802 0.192825 -4.377937
v -0.283446 0.195250 -4.385008
v -0.287414 0.201102 -4.387938
v -0.257090 0.230204 -4.385008
v -0.258734 0.232628 -4.377937
v -0.257090 0.230204 -4.370866
v -0.253122 0.224351 -4.367937
v -0.249154 0.218498 -4.370866
v -0.247511 0.216074 -4.377937
v -0.249154 0.218498 -4.385008
v -0.253122 0.224351 -4.387938
v -0.222798 0.253453 -4.385008
v -0.224442 0.255877 -4.377937
v -0.222798 0.253453 -4.370866
v -0.218830 0.247600 -4.367937
v -0.214862 0.241747 -4.370866
v -0.213219 0.239323 -4.377937
v -0.214862 0.241747 -4.385008
v -0.218830 0.247600 -4.387938
v -0.188506 0.276701 -4.385008
v -0.190149 0.279126 -4.377937
v -0.188506 0.276701 -4.370866
v -0.184538 0.270849 -4.367937
v -0.180570 0.264996 -4.370866
v -0.178926 0.262572 -4.377937
v -0.180570 0.264996 -4.385008
v -0.184538 0.270849 -4.387938
v -0.154214 0.299950 -4.385008
v -0.155857 0.302374 -4.377937
v -0.154214 0.299950 -4.370866
v -0.150246 0.294097 -4.367937
v -0.146278 0.288245 -4.370866
v -0.144634 0.285820 -4.377937
v -0.146278 0.288245 -4.385008
v -0.150246 0.294097 -4.387938
v -0.117290 0.324290 -4.385008
v -0.117844 0.327166 -4.377937
v -0.117290 0.324290 -4.370866
v -0.115953 0.317346 -4.367937
v -0.114617 0.310403 -4.370866
v -0.114063 0.307526 -4.377937
v -0.114617 0.310403 -4.385008
v -0.115953 0.317346 -4.387938
v -0.037430 0.307398 -4.385008
v -0.036804 0.310260 -4.377937
v -0.037430 0.307398 -4.370866
v -0.038942 0.300491 -4.367937
v -0.040454 0.293583 -4.370866
v -0.041080 0.290722 -4.377937
v -0.040454 0.293583 -4.385008
v -0.038942 0.300491 -4.387938
v 0.039582 0.290543 -4.385008
v 0.040208 0.293404 -4.377937
v 0.039582 0.290543 -4.370866
v 0.038070 0.283636 -4.367937
v 0.036558 0.276728 -4.370866
v 0.035932 0.273867 -4.377937
v 0.036558 0.276728 -4.385008
v 0.038070 0.283636 -4.387938
v 0.116593 0.273688 -4.385008
v 0.117219 0.276549 -4.377937
v 0.116593 0.273688 -4.370866
v 0.115081 0.266780 -4.367937
v 0.113569 0.259873 -4.370866
v 0.112943 0.257011 -4.377937
v 0.113569 0.259873 -4.385008
v 0.115081 0.266780 -4.387938
v 0.193605 0.256832 -4.385008
v 0.194231 0.259693 -4.377937
v 0.193605 0.256832 -4.370866
v 0.192093 0.249925 -4.367937
v 0.190581 0.243017 -4.370866
v 0.189955 0.240156 -4.377937
v 0.190581 0.243017 -4.385008
v 0.192093 0.249925 -4.387938
v 0.270616 0.239977 -4.385008
v 0.271242 0.242838 -4.377937
v 0.270616 0.239977 -4.370866
v 0.269104 0.233069 -4.367937
v 0.267592 0.226162 -4.370866
v 0.266966 0.223301 -4.377937
v 0.267592 0.226162 -4.385008
v 0.269104 0.233069 -4.387938
v 0.347627 0.223122 -4.385008
v 0.348253 0.225983 -4.377937
v 0.347627 0.223122 -4.370866
v 0.346115 0.216214 -4.367937
v 0.344603 0.209306 -4.370866
v 0.343977 0.206445 -4.377937
v 0.344603 0.209306 -4.385008
v 0.346115 0.216214 -4.387938
v 0.428190 0.204295 -4.385008
v 0.430288 0.206339 -4.377937
v 0.428190 0.204295 -4.370866
v 0.423127 0.199359 -4.367937
v 0.418064 0.194423 -4.370866
v 0.415967 0.192378 -4.377937
v 0.418064 0.194423 -4.385008
v 0.423127 0.199359 -4.387938
v 0.441695 0.140247 -4.385008
v 0.444572 0.140800 -4.377937
v 0.441695 0.140247 -4.370866
v 0.434752 0.138912 -4.367937
v 0.427808 0.137576 -4.370866
v 0.424931 0.137023 -4.377937
v 0.427808 0.137576 -4.385008
v 0.434752 0.138912 -4.387938
v 0.453320 0.079801 -4.385008
v 0.456196 0.080354 -4.377937
v 0.453320 0.079801 -4.370866
v 0.446376 0.078465 -4.367937
v 0.439432 0.077130 -4.370866
v 0.436556 0.076577 -4.377937
v 0.439432 0.077130 -4.385008
v 0.446376 0.078465 -4.387938
v 0.464944 0.019354 -4.385008
v 0.467820 0.019907 -4.377937
v 0.464944 0.019354 -4.370866
v 0.458000 0.018018 -4.367937
v 0.451056 0.016683 -4.370866
v 0.448180 0.016130 -4.377937
v 0.451056 0.016683 -4.385008
v 0.458000 0.018018 -4.387938
v 0.476568 -0.041093 -4.385008
v 0.479445 -0.040540 -4.377937
v 0.476568 -0.041093 -4.370866
v 0.469625 -0.042428 -4.367937
v 0.462681 -0.043764 -4.370866
v 0.459804 -0.044317 -4.377937
v 0.462681 -0.043764 -4.385008
v 0.469625 -0.042428 -4.387938
v 0.488193 -0.101540 -4.385008
v 0.491069 -0.100987 -4.377937
v 0.488193 -0.101540 -4.370866
v 0.481249 -0.102875 -4.367937
v 0.474305 -0.104211 -4.370866
v 0.471429 -0.104764 -4.377937
v 0.474305 -0.104211 -4.385008
v 0.481249 -0.102875 -4.387938
v 0.499817 -0.161986 -4.385008
v 0.502693 -0.161433 -4.377937
v 0.499817 -0.161986 -4.370866
v 0.492873 -0.163322 -4.367937
v 0.485929 -0.164657 -4.370866
v 0.483053 -0.165210 -4.377937
v 0.485929 -0.164657 -4.385008
v 0.492873 -0.163322 -4.387938
v 0.511239 -0.225901 -4.385008
v 0.514032 -0.226784 -4.377937
v 0.511239 -0.225901 -4.370866
v 0.504498 -0.223769 -4.367937
v 0.497756 -0.221637 -4.370866
v 0.494963 -0.220753 -4.377937
v 0.497756 -0.221637 -4.385008
v 0.504498 -0.223769 -4.387938
v 0.466400 -0.270411 -4.385008
v 0.468435 -0.272518 -4.377937
v 0.466400 -0.270411 -4.370866
v 0.461487 -0.265326 -4.367937
v 0.456573 -0.260241 -4.370866
v 0.454538 -0.258134 -4.377937
v 0.456573 -0.260241 -4.385008
v 0.461487 -0.265326 -4.387938
v 0.423390 -0.311968 -4.385008
v 0.425426 -0.314074 -4.377937
v 0.423390 -0.311968 -4.370866
v 0.418477 -0.306883 -4.367937
v 0.413564 -0.301798 -4.370866
v 0.411528 -0.299691 -4.377937
v 0.413564 -0.301798 -4.385008
v 0.418477 -0.306883 -4.387938
v 0.380380 -0.353526 -4.385008
v 0.382415 -0.355632 -4.377937
v 0.380380 -0.353526 -4.370866
v 0.375466 -0.348440 -4.367937
v 0.370553 -0.343355 -4.370866
v 0.368518 -0.341249 -4.377937
v 0.370553 -0.343355 -4.385008
v 0.375466 -0.348440 -4.387938
v 0.337370 -0.395082 -4.385008
v 0.339405 -0.397189 -4.377937
v 0.337370 -0.395082 -4.370866
v 0.332457 -0.389997 -4.367937
v 0.327543 -0.384912 -4.370866
v 0.325508 -0.382806 -4.377937
v 0.327543 -0.384912 -4.385008
v 0.332457 -0.389997 -4.387938
v 0.294360 -0.436640 -4.385008
v 0.296395 -0.438746 -4.377937
v 0.294360 -0.436640 -4.370866
v 0.289447 -0.431555 -4.367937
v 0.284533 -0.426469 -4.370866
v 0.282498 -0.424363 -4.377937
v 0.284533 -0.426469 -4.385008
v 0.289447 -0.431555 -4.387938
v 0.251349 -0.478197 -4.385008
v 0.253385 -0.480303 -4.377937
v 0.251349 -0.478197 -4.370866
v 0.246436 -0.473112 -4.367937
v 0.241523 -0.468026 -4.370866
v 0.239488 -0.465920 -4.377937
v 0.241523 -0.468026 -4.385008
v 0.246436 -0.473112 -4.387938
v 0.205169 -0.521522 -4.385008
v 0.205891 -0.524360 -4.377937
v 0.205169 -0.521522 -4.370866
v 0.203426 -0.514669 -4.367937
v 0.201684 -0.507816 -4.370866
v 0.200962 -0.504977 -4.377937
v 0.201684 -0.507816 -4.385008
v 0.203426 -0.514669 -4.387938
v 0.088201 -0.490098 -4.385008
v 0.087419 -0.492920 -4.377937
v 0.088201 -0.490098 -4.370866
v 0.090088 -0.483283 -4.367937
v 0.091975 -0.476468 -4.370866
v 0.092757 -0.473646 -4.377937
v 0.091975 -0.476468 -4.385008
v 0.090088 -0.483283 -4.387938
v -0.025136 -0.458712 -4.385008
v -0.025917 -0.461535 -4.377937
v -0.025136 -0.458712 -4.370866
v -0.023249 -0.451897 -4.367937
v -0.021362 -0.445083 -4.370866
v -0.020580 -0.442260 -4.377937
v -0.021362 -0.445083 -4.385008
v -0.023249 -0.451897 -4.387938
v -0.138474 -0.427326 -4.385008
v -0.139256 -0.430149 -4.377937
v -0.138474 -0.427326 -4.370866
v -0.136587 -0.420511 -4.367937
v -0.134700 -0.413697 -4.370866
v -0.133918 -0.410874 -4.377937
v -0.134700 -0.413697 -4.385008
v -0.136587 -0.420511 -4.387938
v -0.251811 -0.395940 -4.385008
v -0.252593 -0.398763 -4.377937
v -0.251811 -0.395940 -4.370866
v -0.249924 -0.389126 -4.367937
v -0.248037 -0.382311 -4.370866
v -0.247255 -0.379488 -4.377937
v -0.248037 -0.382311 -4.385008
v -0.249924 -0.389126 -4.387938
v -0.365149 -0.364554 -4.385008
v -0.365931 -0.367377 -4.377937
v -0.365149 -0.364554 -4.370866
v -0.363262 -0.357740 -4.367937
v -0.361375 -0.350925 -4.370866
v -0.360593 -0.348102 -4.377937
v -0.361375 -0.350925 -4.385008
v -0.363262 -0.357740 -4.387938
v -0.478486 -0.333169 -4.385008
v -0.479268 -0.335991 -4.377937
v -0.478486 -0.333169 -4.370866
v -0.476599 -0.326354 -4.367937
v -0.474712 -0.319539 -4.370866
v -0.473930 -0.316717 -4.377937
v -0.474712 -0.319539 -4.385008
v -0.476599 -0.326354 -4.387938
v -0.595596 -0.299208 -4.385008
v -0.597941 -0.300964 -4.377937
v -0.595596 -0.299208 -4.370866
v -0.589937 -0.294968 -4.367937
v -0.584278 -0.290729 -4.370866
v -0.581934 -0.288973 -4.377937
v -0.584278 -0.290729 -4.385008
v -0.589937 -0.294968 -4.387938
v -0.595845 -0.216108 -4.385008
v -0.598774 -0.216065 -4.377937
v -0.595845 -0.216108 -4.370866
v -0.588775 -0.216213 -4.367937
v -0.581704 -0.216317 -4.370866
v -0.578776 -0.216360 -4.377937
v -0.581704 -0.216317 -4.385008
v -0.588775 -0.216213 -4.387938
v -0.594682 -0.137353 -4.385008
v -0.597611 -0.137310 -4.377937
v -0.594682 -0.137353 -4.370866
v -0.587612 -0.137458 -4.367937
v -0.580542 -0.137562 -4.370866
v -0.577613 -0.137605 -4.377937
v -0.580542 -0.137562 -4.385008
v -0.587612 -0.137458 -4.387938
v -0.593520 -0.058598 -4.385008
v -0.596449 -0.058555 -4.377937
v -0.593520 -0.058598 -4.370866
v -0.586450 -0.058702 -4.367937
v -0.579379 -0.058807 -4.370866
v -0.576451 -0.058850 -4.377937
v -0.579379 -0.058807 -4.385008
v -0.586450 -0.058702 -4.387938
v -0.592358 0.020157 -4.385008
v -0.595287 0.020200 -4.377937
v -0.592358 0.020157 -4.370866
v -0.585288 0.020053 -4.367937
v -0.578218 0.019948 -4.370866
v -0.575289 0.019905 -4.377937
v -0.578218 0.019948 -4.385008
v -0.585288 0.020053 -4.387938
v -0.591196 0.098912 -4.385008
v -0.594124 0.098955 -4.377937
v -0.591196 0.098912 -4.370866
v -0.584126 0.098808 -4.367937
v -0.577055 0.098704 -4.370866
v -0.574127 0.098660 -4.377937
v -0.577055 0.098704 -4.385008
v -0.584126 0.098808 -4.387938
v -0.590033 0.177667 -4.385008
v -0.592962 0.177710 -4.377937
v -0.590033 0.177667 -4.370866
v -0.582963 0.177563 -4.367937
v -0.575893 0.177458 -4.370866
v -0.572964 0.177415 -4.377937
v -0.575893 0.177458 -4.385008
v -0.582963 0.177563 -4.387938
v -0.588271 0.259169 -4.385008
v -0.590952 0.260350 -4.377937
v -0.588271 0.259169 -4.370866
v -0.581800 0.256318 -4.367937
v -0.575329 0.253467 -4.370866
v -0.572649 0.252287 -4.377937
v -0.575329 0.253467 -4.385008
v -0.581800 0.256318 -4.387938
v -0.536374 0.308834 -4.385008
v -0.538382 0.310966 -4.377937
v -0.536374 0.308834 -4.370866
v -0.531525 0.303688 -4.367937
v -0.526676 0.298541 -4.370866
v -0.524667 0.296409 -4.377937
v -0.526676 0.298541 -4.385008
v -0.531525 0.303688 -4.387938
v -0.486099 0.356203 -4.385008
v -0.488107 0.358335 -4.377937
v -0.486099 0.356203 -4.370866
v -0.481250 0.351057 -4.367937
v -0.476401 0.345910 -4.370866
v -0.474392 0.343778 -4.377937
v -0.476401 0.345910 -4.385008
v -0.481250 0.351057 -4.387938
v -0.435823 0.403573 -4.385008
v -0.437832 0.405705 -4.377937
v -0.435823 0.403573 -4.370866
v -0.430974 0.398426 -4.367937
v -0.426125 0.393280 -4.370866
v -0.424116 0.391148 -4.377937
v -0.426125 0.393280 -4.385008
v -0.430974 0.398426 -4.387938
v -0.385548 0.450942 -4.385008
v -0.387557 0.453074 -4.377937
v -0.385548 0.450942 -4.370866
v -0.380699 0.445796 -4.367937
v -0.375850 0.440649 -4.370866
v -0.373842 0.438517 -4.377937
v -0.375850 0.440649 -4.385008
v -0.380699 0.445796 -4.387938
v -0.335272 0.498312 -4.385008
v -0.337281 0.500443 -4.377937
v -0.335272 0.498312 -4.370866
v -0.330423 0.493165 -4.367937
v -0.325574 0.488018 -4.370866
v -0.323566 0.485887 -4.377937
v -0.325574 0.488018 -4.385008
v -0.330423 0.493165 -4.387938
v -0.284997 0.545681 -4.385008
v -0.287005 0.547812 -4.377937
v -0.284997 0.545681 -4.370866
v -0.280148 0.540534 -4.367937
v -0.275299 0.535388 -4.370866
v -0.273290 0.533256 -4.377937
v -0.275299 0.535388 -4.385008
v -0.280148 0.540534 -4.387938
v -0.231632 0.594752 -4.385008
v -0.232362 0.597589 -4.377937
v -0.231632 0.594752 -4.370866
v -0.229872 0.587904 -4.367937
v -0.228111 0.581055 -4.370866
v -0.227382 0.578219 -4.377937
v -0.228111 0.581055 -4.385008
v -0.229872 0.587904 -4.387938
v -0.089486 0.559006 -4.385008
v -0.088754 0.561842 -4.377937
v -0.089486 0.559006 -4.370866
v -0.091251 0.552159 -4.367937
v -0.093017 0.545312 -4.370866
v -0.093748 0.542475 -4.377937
v -0.093017 0.545312 -4.385008
v -0.091251 0.552159 -4.387938
v 0.049135 0.523261 -4.385008
v 0.049866 0.526097 -4.377937
v 0.049135 0.523261 -4.370866
v 0.047369 0.516414 -4.367937
v 0.045603 0.509567 -4.370866
v 0.044872 0.506731 -4.377937
v 0.045603 0.509567 -4.385008
v 0.047369 0.516414 -4.387938
v 0.187755 0.487516 -4.385008
v 0.188486 0.490352 -4.377937
v 0.187755 0.487516 -4.370866
v 0.185989 0.480669 -4.367937
v 0.184224 0.473821 -4.370866
v 0.183492 0.470985 -4.377937
v 0.184224 0.473821 -4.385008
v 0.185989 0.480669 -4.387938
v 0.326375 0.451771 -4.385008
v 0.327107 0.454607 -4.377937
v 0.326375 0.451771 -4.370866
v 0.324610 0.444924 -4.367937
v 0.322844 0.438077 -4.370866
v 0.322113 0.435241 -4.377937
v 0.322844 0.438077 -4.385008
v 0.324610 0.444924 -4.387938
v 0.464997 0.416026 -4.385008
v 0.465728 0.418862 -4.377937
v 0.464997 0.416026 -4.370866
v 0.463231 0.409179 -4.367937
v 0.461465 0.402332 -4.370866
v 0.460734 0.399496 -4.377937
v 0.461465 0.402332 -4.385008
v 0.463231 0.409179 -4.387938
v 0.603616 0.380281 -4.385008
v 0.604347 0.383117 -4.377937
v 0.603616 0.380281 -4.370866
v 0.601851 0.373434 -4.367937
v 0.600085 0.366587 -4.370866
v 0.599354 0.363751 -4.377937
v 0.600085 0.366587 -4.385008
v 0.601851 0.373434 -4.387938
v 0.745667 0.342486 -4.385008
v 0.747819 0.344473 -4.377937
v 0.745667 0.342486 -4.370866
v 0.740472 0.337689 -4.367937
v 0.735277 0.332892 -4.370866
v 0.733125 0.330905 -4.377937
v 0.735277 0.332892 -4.385008
v 0.740472 0.337689 -4.387938
v 0.766036 0.232250 -4.385008
v 0.768922 0.232753 -4.377937
v 0.766036 0.232250 -4.370866
v 0.759070 0.231035 -4.367937
v 0.752104 0.229820 -4.370866
v 0.749219 0.229317 -4.377937
v 0.752104 0.229820 -4.385008
v 0.759070 0.231035 -4.387938
v 0.784636 0.125597 -4.385008
v 0.787521 0.126100 -4.377937
v 0.784636 0.125597 -4.370866
v 0.777670 0.124382 -4.367937
v 0.770704 0.123167 -4.370866
v 0.767819 0.122664 -4.377937
v 0.770704 0.123167 -4.385008
v 0.777670 0.124382 -4.387938
v 0.803235 0.018942 -4.385008
v 0.806121 0.019446 -4.377937
v 0.803235 0.018942 -4.370866
v 0.796269 0.017728 -4.367937
v 0.789303 0.016513 -4.370866
v 0.786418 0.016010 -4.377937
v 0.789303 0.016513 -4.385008
v 0.796269 0.017728 -4.387938
v 0.821834 -0.087711 -4.385008
v 0.824719 -0.087208 -4.377937
v 0.821834 -0.087711 -4.370866
v 0.814868 -0.088926 -4.367937
v 0.807902 -0.090141 -4.370866
v 0.805017 -0.090644 -4.377937
v 0.807902 -0.090141 -4.385008
v 0.814868 -0.088926 -4.387938
v 0.840433 -0.194365 -4.385008
v 0.843319 -0.193862 -4.377937
v 0.840433 -0.194365 -4.370866
v 0.833467 -0.195580 -4.367937
v 0.826502 -0.196795 -4.370866
v 0.823616 -0.197298 -4.377937
v 0.826502 -0.196795 -4.385008
v 0.833467 -0.195580 -4.387938
v 0.859032 -0.301018 -4.385008
v 0.861917 -0.300515 -4.377937
v 0.859032 -0.301018 -4.370866
v 0.852066 -0.302233 -4.367937
v 0.845100 -0.303448 -4.370866
v 0.842215 -0.303951 -4.377937
v 0.845100 -0.303448 -4.385008
v 0.852066 -0.302233 -4.387938
v 0.877150 -0.411707 -4.385008
v 0.879836 -0.412876 -4.377937
v 0.877150 -0.411707 -4.370866
v 0.870666 -0.408887 -4.367937
v 0.864181 -0.406067 -4.370866
v 0.861495 -0.404898 -4.377937
v 0.864181 -0.406066 -4.385008
v 0.870666 -0.408887 -4.387938
v 0.796933 -0.465377 -4.385008
v 0.798532 -0.467831 -4.377937
v 0.796933 -0.465377 -4.370866
v 0.793073 -0.459453 -4.367937
v 0.789212 -0.453529 -4.370866
v 0.787613 -0.451075 -4.377937
v 0.789212 -0.453529 -4.385008
v 0.793073 -0.459453 -4.387938
v 0.719341 -0.515943 -4.385008
v 0.720940 -0.518397 -4.377937
v 0.719341 -0.515943 -4.370866
v 0.715480 -0.510019 -4.367937
v 0.711619 -0.504095 -4.370866
v 0.710020 -0.501641 -4.377937
v 0.711619 -0.504095 -4.385008
v 0.715480 -0.510019 -4.387938
v 0.641748 -0.566509 -4.385008
v 0.643347 -0.568963 -4.377937
v 0.641748 -0.566509 -4.370866
v 0.637887 -0.560585 -4.367937
v 0.634026 -0.554661 -4.370866
v 0.632427 -0.552207 -4.377937
v 0.634026 -0.554661 -4.385008
v 0.637887 -0.560585 -4.387938
v 0.564155 -0.617075 -4.385008
v 0.565754 -0.619529 -4.377937
v 0.564155 -0.617075 -4.370866
v 0.560294 -0.611151 -4.367937
v 0.556433 -0.605227 -4.370866
v 0.554834 -0.602773 -4.377937
v 0.556433 -0.605227 -4.385008
v 0.560294 -0.611151 -4.387938
v 0.486562 -0.667641 -4.385008
v 0.488161 -0.670095 -4.377937
v 0.486562 -0.667641 -4.370866
v 0.482701 -0.661717 -4.367937
v 0.478841 -0.655793 -4.370866
v 0.477241 -0.653339 -4.377937
v 0.478841 -0.655793 -4.385008
v 0.482701 -0.661717 -4.387938
v 0.408970 -0.718207 -4.385008
v 0.410569 -0.720661 -4.377937
v 0.408970 -0.718207 -4.370866
v 0.405109 -0.712283 -4.367937
v 0.401249 -0.706359 -4.370866
v 0.399650 -0.703905 -4.377937
v 0.401249 -0.706359 -4.385008
v 0.405109 -0.712283 -4.387938
v 0.331377 -0.768773 -4.385008
v 0.332976 -0.771227 -4.377937
v 0.331377 -0.768773 -4.370866
v 0.327517 -0.762849 -4.367937
v 0.323656 -0.756925 -4.370866
v 0.322057 -0.754471 -4.377937
v 0.323656 -0.756925 -4.385008
v 0.327517 -0.762849 -4.387938
vn 0.2937 0.6432 -0.7071
vn 0.4154 0.9097 -0.0000
vn 0.2937 0.6432 0.7071
vn -0.0000 -0.0000 1.0000
vn -0.2937 -0.6432 0.7071
vn -0.4154 -0.9097 -0.0000
vn -0.2937 -0.6432 -0.7071
vn -0.0000 -0.0000 -1.0000
vn -0.2922 0.6439 -0.7071
vn -0.4132 0.9107 -0.0000
vn -0.2921 0.6439 0.7071
vn 0.2921 -0.6439 0.7071
vn 0.4132 -0.9107 -0.0000
vn 0.2922 -0.6439 -0.7071
vn -0.2922 0.6439 0.7071
vn 0.2922 -0.6439 0.7071
vn 0.6529 0.2716 -0.7071
vn 0.9233 0.3840 -0.0000
vn 0.6529 0.2715 0.7071
vn -0.6529 -0.2715 0.7071
vn -0.9233 -0.3840 -0.0000
vn -0.6529 -0.2716 -0.7071
vn 0.6529 0.2715 -0.7071
vn -0.6529 -0.2715 -0.7071
vn -0.5582 0.4341 -0.7071
vn -0.7893 0.6139 -0.0000
vn -0.5582 0.4341 0.7071
vn 0.5582 -0.4341 0.7071
vn 0.7894 -0.6139 -0.0000
vn 0.5582 -0.4341 -0.7071
vn -0.7893 0.6140 -0.0000
vn 0.7893 -0.6140 -0.0000
vn -0.7894 0.6139 -0.0000
vn -0.5552 0.4571 -0.6949
vn -0.7691 0.6391 -0.0000
vn -0.5552 0.4571 0.6949
vn 0.0063 0.0050 1.0000
vn 0.5931 -0.4178 0.6882
vn 0.8231 -0.5679 -0.0000
vn 0.5931 -0.4178 -0.6882
vn 0.0063 0.0050 -1.0000
vn -0.2337 0.7051 -0.6695
vn -0.3153 0.9490 -0.0000
vn -0.2337 0.7051 0.6695
vn -0.0386 0.1234 0.9916
vn 0.2066 -0.5433 0.8137
vn 0.3705 -0.9288 -0.0000
vn 0.2066 -0.5433 -0.8137
vn -0.0386 0.1234 -0.9916
vn 0.1613 0.7000 -0.6957
vn 0.2221 0.9750 -0.0000
vn 0.1613 0.7000 0.6957
vn -0.0034 -0.0000 1.0000
vn -0.1831 -0.6968 0.6935
vn -0.2575 -0.9663 -0.0000
vn -0.1831 -0.6968 -0.6935
vn -0.0034 -0.0000 -1.0000
vn 0.1681 0.6869 -0.7071
vn 0.2377 0.9713 -0.0000
vn 0.1681 0.6868 0.7071
vn -0.1681 -0.6868 0.7071
vn -0.2377 -0.9713 -0.0000
vn -0.1681 -0.6868 -0.7071
vn 0.1681 0.6869 0.7071
vn -0.1681 -0.6869 0.7071
vn 0.1681 0.6868 -0.7071
vn 0.1762 0.6925 -0.6996
vn 0.2482 0.9687 -0.0000
vn 0.1762 0.6925 0.6996
vn 0.0020 -0.0009 1.0000
vn -0.1625 -0.6971 0.6984
vn -0.2247 -0.9744 -0.0000
vn -0.1625 -0.6971 -0.6983
vn 0.0020 -0.0009 -1.0000
vn 0.4804 0.5643 -0.6714
vn 0.6482 0.7615 -0.0000
vn 0.4804 0.5643 0.6714
vn 0.0694 0.0817 0.9942
vn -0.4032 -0.4711 0.7845
vn -0.6507 -0.7593 -0.0000
vn -0.4032 -0.4711 -0.7845
vn 0.0694 0.0817 -0.9942
vn 0.6559 0.2838 -0.6995
vn 0.9170 0.3988 -0.0000
vn 0.6559 0.2838 0.6995
vn -0.0014 0.0021 1.0000
vn -0.6635 -0.2693 0.6981
vn -0.9276 -0.3736 -0.0000
vn -0.6635 -0.2693 -0.6981
vn -0.0014 0.0021 -1.0000
vn 0.6518 0.2741 -0.7071
vn 0.9218 0.3877 -0.0000
vn 0.6518 0.2741 0.7071
vn -0.6518 -0.2741 0.7071
vn -0.9218 -0.3877 -0.0000
vn -0.6518 -0.2741 -0.7071
vn 0.6694 0.2673 -0.6931
vn 0.9299 0.3677 -0.0000
vn 0.6694 0.2673 0.6931
vn 0.0006 -0.0048 1.0000
vn -0.6606 -0.2968 0.6896
vn -0.9101 -0.4144 -0.0000
vn -0.6606 -0.2968 -0.6896
vn 0.0006 -0.0048 -1.0000
vn 0.7217 -0.1748 -0.6698
vn 0.9719 -0.2354 -0.0000
vn 0.7217 -0.1747 0.6698
vn 0.1349 -0.0326 0.9903
vn -0.5507 0.1346 0.8237
vn -0.9712 0.2381 -0.0000
vn -0.5508 0.1346 -0.8237
vn 0.1349 -0.0326 -0.9903
vn 0.4725 -0.5443 -0.6931
vn 0.6581 -0.7529 -0.0000
vn 0.4725 -0.5443 0.6931
vn 0.0029 0.0042 1.0000
vn -0.4501 0.5676 0.6894
vn -0.6172 0.7868 -0.0000
vn -0.4501 0.5676 -0.6894
vn 0.0029 0.0042 -1.0000
vn 0.4533 -0.5427 -0.7071
vn 0.6411 -0.7675 -0.0000
vn 0.4533 -0.5427 0.7071
vn -0.4533 0.5427 0.7071
vn -0.6411 0.7675 -0.0000
vn -0.4533 0.5427 -0.7071
vn 0.4521 -0.5554 -0.6979
vn 0.6295 -0.7770 -0.0000
vn 0.4521 -0.5554 0.6979
vn -0.0028 -0.0015 1.0000
vn -0.4692 0.5436 0.6960
vn -0.6559 0.7548 -0.0000
vn -0.4692 0.5436 -0.6960
vn -0.0028 -0.0015 -1.0000
vn 0.1314 -0.7304 -0.6703
vn 0.1773 -0.9842 -0.0000
vn 0.1314 -0.7303 0.6703
vn 0.0198 -0.1142 0.9933
vn -0.1162 0.5976 0.7933
vn -0.1946 0.9809 -0.0000
vn -0.1162 0.5976 -0.7933
vn 0.0198 -0.1143 -0.9933
vn -0.2257 -0.6793 -0.6983
vn -0.3140 -0.9494 -0.0000
vn -0.2257 -0.6793 0.6983
vn 0.0016 -0.0002 1.0000
vn 0.2359 0.6767 0.6974
vn 0.3307 0.9437 -0.0000
vn 0.2359 0.6767 -0.6974
vn 0.0016 -0.0002 -1.0000
vn -0.2276 -0.6695 -0.7071
vn -0.3218 -0.9468 -0.0000
vn -0.2276 -0.6695 0.7071
vn 0.2276 0.6695 0.7071
vn 0.3218 0.9468 -0.0000
vn 0.2276 0.6695 -0.7071
vn -0.2355 -0.6766 -0.6977
vn -0.3301 -0.9439 -0.0000
vn -0.2355 -0.6765 0.6977
vn -0.0015 0.0009 1.0000
vn 0.2252 0.6811 0.6967
vn 0.3123 0.9500 -0.0000
vn 0.2252 0.6811 -0.6967
vn -0.0015 0.0009 -1.0000
vn -0.5593 -0.4881 -0.6701
vn -0.7535 -0.6574 -0.0000
vn -0.5593 -0.4881 0.6701
vn -0.0894 -0.0785 0.9929
vn 0.4589 0.3945 0.7961
vn 0.7595 0.6505 -0.0000
vn 0.4589 0.3945 -0.7961
vn -0.0894 -0.0785 -0.9929
vn -0.7029 -0.1394 -0.6975
vn -0.9805 -0.1965 -0.0000
vn -0.7029 -0.1394 0.6975
vn 0.0010 -0.0024 1.0000
vn 0.7074 0.1234 0.6960
vn 0.9856 0.1693 -0.0000
vn 0.7074 0.1234 -0.6960
vn 0.0010 -0.0024 -1.0000
vn -0.6950 -0.1303 -0.7071
vn -0.9829 -0.1843 -0.0000
vn -0.6950 -0.1303 0.7071
vn 0.6950 0.1303 0.7071
vn 0.9829 0.1843 -0.0000
vn 0.6950 0.1303 -0.7071
vn -0.7077 -0.1236 -0.6956
vn -0.9855 -0.1697 -0.0000
vn -0.7077 -0.1236 0.6956
vn 0.0002 0.0031 1.0000
vn 0.7059 0.1435 0.6936
vn 0.9793 0.2024 -0.0000
vn 0.7059 0.1435 -0.6936
vn 0.0002 0.0031 -1.0000
vn -0.6856 0.2854 -0.6697
vn -0.9232 0.3844 -0.0000
vn -0.6856 0.2854 0.6697
vn -0.1187 0.0494 0.9917
vn 0.5433 -0.2267 0.8084
vn 0.9228 -0.3853 -0.0000
vn 0.5433 -0.2267 -0.8084
vn -0.1187 0.0494 -0.9917
vn -0.4107 0.5894 -0.6956
vn -0.5736 0.8191 -0.0000
vn -0.4107 0.5895 0.6956
vn -0.0022 -0.0024 1.0000
vn 0.3949 -0.6026 0.6935
vn 0.5453 -0.8382 -0.0000
vn 0.3949 -0.6026 -0.6935
vn -0.0022 -0.0024 -1.0000
vn -0.3968 0.5853 -0.7071
vn -0.5612 0.8277 -0.0000
vn -0.3968 0.5853 0.7071
vn 0.3968 -0.5853 0.7071
vn 0.5612 -0.8277 -0.0000
vn 0.3968 -0.5853 -0.7071
vn -0.3961 0.5925 -0.7014
vn -0.5547 0.8320 -0.0000
vn -0.3962 0.5925 0.7014
vn 0.0014 0.0006 1.0000
vn 0.4048 -0.5875 0.7007
vn 0.5687 -0.8226 -0.0000
vn 0.4048 -0.5875 -0.7007
vn 0.0014 0.0006 -1.0000
vn -0.1375 0.7264 -0.6734
vn -0.1859 0.9826 -0.0000
vn -0.1375 0.7264 0.6734
vn -0.0172 0.0928 0.9955
vn 0.1226 -0.6250 0.7710
vn 0.1940 -0.9810 -0.0000
vn 0.1226 -0.6250 -0.7710
vn -0.0172 0.0928 -0.9955
vn 0.1499 0.6966 -0.7016
vn 0.2097 0.9778 -0.0000
vn 0.1499 0.6966 0.7016
vn -0.0008 -0.0000 1.0000
vn -0.1551 -0.6958 0.7013
vn -0.2183 -0.9759 -0.0000
vn -0.1551 -0.6958 -0.7013
vn -0.0008 -0.0000 -1.0000
vn 0.1512 0.6908 -0.7071
vn 0.2138 0.9769 -0.0000
vn 0.1512 0.6908 0.7071
vn -0.1512 -0.6908 0.7071
vn -0.2138 -0.9769 -0.0000
vn -0.1512 -0.6908 -0.7071
vn 0.1585 0.7005 -0.6958
vn 0.1585 0.7005 0.6958
vn 0.0015 -0.0008 1.0000
vn -0.1482 -0.7038 0.6948
vn -0.2045 -0.9789 -0.0000
vn -0.1482 -0.7038 -0.6948
vn 0.0015 -0.0008 -1.0000
vn 0.5306 0.5193 -0.6699
vn 0.7148 0.6994 -0.0000
vn 0.5306 0.5193 0.6699
vn 0.0915 0.0898 0.9917
vn -0.4245 -0.4119 0.8063
vn -0.7184 -0.6956 -0.0000
vn -0.4245 -0.4119 -0.8063
vn 0.0915 0.0898 -0.9917
vn 0.7041 0.1419 -0.6957
vn 0.9799 0.1993 -0.0000
vn 0.7041 0.1419 0.6957
vn -0.0009 0.0020 1.0000
vn -0.7080 -0.1286 0.6944
vn -0.9843 -0.1766 -0.0000
vn -0.7080 -0.1286 -0.6944
vn -0.0009 0.0020 -1.0000
vn 0.6944 0.1335 -0.7071
vn 0.9820 0.1888 -0.0000
vn 0.6944 0.1335 0.7071
vn -0.6944 -0.1335 0.7071
vn -0.9820 -0.1888 -0.0000
vn -0.6944 -0.1335 -0.7071
vn 0.7033 0.1305 -0.6988
vn 0.9835 0.1811 -0.0000
vn 0.7033 0.1305 0.6988
vn -0.0000 -0.0016 1.0000
vn -0.7022 -0.1405 0.6980
vn -0.9803 -0.1977 -0.0000
vn -0.7022 -0.1404 -0.6980
vn -0.0000 -0.0016 -1.0000
vn 0.7074 -0.2235 -0.6706
vn 0.9535 -0.3014 -0.0000
vn 0.7074 -0.2235 0.6706
vn 0.1074 -0.0339 0.9936
vn -0.5862 0.1855 0.7886
vn -0.9534 0.3018 -0.0000
vn -0.5862 0.1855 -0.7886
vn 0.1074 -0.0339 -0.9936
vn 0.5005 -0.5110 -0.6988
vn 0.7006 -0.7135 -0.0000
vn 0.5005 -0.5110 0.6988
vn 0.0009 0.0013 1.0000
vn -0.4937 0.5188 0.6979
vn -0.6882 0.7255 -0.0000
vn -0.4937 0.5188 -0.6979
vn 0.0009 0.0013 -1.0000
vn 0.4913 -0.5085 -0.7071
vn 0.6949 -0.7191 -0.0000
vn 0.4913 -0.5085 0.7071
vn -0.4913 0.5085 0.7071
vn -0.6949 0.7191 -0.0000
vn -0.4913 0.5085 -0.7071
vn -0.4914 0.5085 -0.7071
vn 0.6949 -0.7192 -0.0000
vn -0.6948 0.7192 -0.0000
vn 0.4937 -0.5186 -0.6980
vn 0.6885 -0.7252 -0.0000
vn 0.4938 -0.5186 0.6980
vn -0.0015 -0.0009 1.0000
vn -0.5025 0.5115 0.6970
vn -0.7021 0.7121 -0.0000
vn -0.5025 0.5114 -0.6971
vn -0.0015 -0.0009 -1.0000
vn 0.1802 -0.7200 -0.6702
vn 0.2430 -0.9700 -0.0000
vn 0.1802 -0.7200 0.6702
vn 0.0280 -0.1133 0.9932
vn -0.1527 0.5903 0.7926
vn -0.2523 0.9677 -0.0000
vn -0.1527 0.5903 -0.7926
vn 0.0280 -0.1133 -0.9932
vn -0.1884 -0.6906 -0.6983
vn -0.2624 -0.9650 -0.0000
vn -0.1884 -0.6906 0.6983
vn 0.0009 -0.0000 1.0000
vn 0.1940 0.6895 0.6978
vn 0.2717 0.9624 -0.0000
vn 0.1940 0.6895 -0.6978
vn 0.0009 -0.0001 -1.0000
vn -0.1887 -0.6815 -0.7071
vn -0.2669 -0.9637 -0.0000
vn -0.1887 -0.6815 0.7071
vn 0.1887 0.6815 0.7071
vn 0.2669 0.9637 -0.0000
vn 0.1887 0.6815 -0.7071
vn -0.1966 -0.6937 -0.6929
vn -0.2739 -0.9618 -0.0000
vn -0.1967 -0.6937 0.6929
vn -0.0013 0.0008 1.0000
vn 0.1881 0.6970 0.6919
vn 0.2592 0.9658 -0.0000
vn 0.1881 0.6970 -0.6919
vn -0.0013 0.0008 -1.0000
vn -0.5919 -0.4462 -0.6712
vn -0.7987 -0.6018 -0.0000
vn -0.5919 -0.4462 0.6712
vn -0.1115 -0.0844 0.9902
vn 0.4575 0.3403 0.8215
vn 0.8033 0.5955 -0.0000
vn 0.4575 0.3403 -0.8215
vn -0.1115 -0.0844 -0.9902
vn -0.7212 0.0042 -0.6927
vn -1.0000 0.0041 -0.0000
vn -0.7212 0.0042 0.6927
vn 0.0006 -0.0022 1.0000
vn 0.7224 -0.0179 0.6913
vn 0.9996 -0.0269 -0.0000
vn 0.7224 -0.0179 -0.6913
vn 0.0006 -0.0022 -1.0000
vn -0.7070 0.0104 -0.7071
vn -0.9999 0.0148 -0.0000
vn -0.7070 0.0104 0.7071
vn 0.7070 -0.0104 0.7071
vn 0.9999 -0.0148 -0.0000
vn 0.7070 -0.0104 -0.7071
vn -0.7123 0.0130 -0.7018
vn -0.9998 0.0189 -0.0000
vn -0.7123 0.0130 0.7018
vn 0.0001 0.0008 1.0000
vn 0.7127 -0.0079 0.7014
vn 0.9999 -0.0103 -0.0000
vn 0.7127 -0.0079 -0.7014
vn 0.0001 0.0008 -1.0000
vn -0.6766 0.2977 -0.6736
vn -0.9153 0.4027 -0.0000
vn -0.6766 0.2977 0.6736
vn -0.0852 0.0374 0.9957
vn 0.5845 -0.2579 0.7694
vn 0.9148 -0.4038 -0.0000
vn 0.5845 -0.2578 -0.7694
vn -0.0852 0.0374 -0.9957
vn -0.4906 0.5166 -0.7017
vn -0.6891 0.7246 -0.0000
vn -0.4906 0.5166 0.7017
vn -0.0005 -0.0007 1.0000
vn 0.4866 -0.5209 0.7013
vn 0.6820 -0.7313 -0.0000
vn 0.4866 -0.5209 -0.7013
vn -0.0005 -0.0007 -1.0000
vn -0.4849 0.5147 -0.7071
vn -0.6858 0.7278 -0.0000
vn -0.4849 0.5147 0.7071
vn 0.4849 -0.5147 0.7071
vn 0.6858 -0.7278 -0.0000
vn 0.4849 -0.5147 -0.7071
vn -0.4849 0.5146 0.7071
vn -0.4875 0.5237 -0.6986
vn -0.6804 0.7328 -0.0000
vn -0.4875 0.5237 0.6986
vn 0.0012 0.0007 1.0000
vn 0.4947 -0.5180 0.6978
vn 0.6917 -0.7222 -0.0000
vn 0.4947 -0.5180 -0.6978
vn 0.0012 0.0007 -1.0000
vn -0.1824 0.7192 -0.6704
vn -0.2459 0.9693 -0.0000
vn -0.1824 0.7192 0.6704
vn -0.0276 0.1103 0.9935
vn 0.1550 -0.5943 0.7891
vn 0.2538 -0.9672 -0.0000
vn 0.1550 -0.5943 -0.7892
vn -0.0276 0.1104 -0.9935
vn 0.1765 0.6932 -0.6988
vn 0.2462 0.9692 -0.0000
vn 0.1765 0.6932 0.6988
vn -0.0007 -0.0000 1.0000
vn -0.1809 -0.6924 0.6985
vn -0.2534 -0.9674 -0.0000
vn -0.1809 -0.6924 -0.6985
vn -0.0007 -0.0000 -1.0000
vn 0.1766 0.6847 -0.7071
vn 0.2497 0.9683 -0.0000
vn 0.1766 0.6847 0.7071
vn -0.1766 -0.6847 0.7071
vn -0.2497 -0.9683 -0.0000
vn -0.1766 -0.6847 -0.7071
vn 0.1819 0.6942 -0.6964
vn 0.2542 0.9672 -0.0000
vn 0.1819 0.6942 0.6964
vn 0.0008 -0.0005 1.0000
vn -0.1765 -0.6961 0.6959
vn -0.2449 -0.9695 -0.0000
vn -0.1765 -0.6961 -0.6959
vn 0.0008 -0.0004 -1.0000
vn 0.5448 0.5043 -0.6700
vn 0.7339 0.6793 -0.0000
vn 0.5448 0.5043 0.6700
vn 0.0924 0.0857 0.9920
vn -0.4388 -0.4040 0.8026
vn -0.7360 -0.6769 -0.0000
vn -0.4388 -0.4040 -0.8026
vn 0.0924 0.0857 -0.9920
vn 0.7064 0.1269 -0.6963
vn 0.9841 0.1778 -0.0000
vn 0.7064 0.1269 0.6963
vn -0.0005 0.0011 1.0000
vn -0.7084 -0.1196 0.6956
vn -0.9862 -0.1653 -0.0000
vn -0.7084 -0.1195 -0.6956
vn -0.0005 0.0011 -1.0000
vn 0.6966 0.1215 -0.7071
vn 0.9851 0.1718 -0.0000
vn 0.6966 0.1215 0.7071
vn -0.6966 -0.1215 0.7071
vn -0.9851 -0.1718 -0.0000
vn -0.6966 -0.1215 -0.7071
vn 0.7081 0.1197 -0.6959
vn 0.9862 0.1656 -0.0000
vn 0.7081 0.1197 0.6959
vn -0.0001 -0.0012 1.0000
vn -0.7074 -0.1275 0.6952
vn -0.9839 -0.1785 -0.0000
vn -0.7074 -0.1275 -0.6952
vn -0.0001 -0.0012 -1.0000
vn 0.6810 -0.2955 -0.6700
vn 0.9173 -0.3981 -0.0000
vn 0.6810 -0.2955 0.6700
vn 0.1173 -0.0508 0.9918
vn -0.5435 0.2371 0.8052
vn -0.9164 0.4002 -0.0000
vn -0.5435 0.2371 -0.8052
vn 0.1173 -0.0508 -0.9918
vn 0.3957 -0.5993 -0.6959
vn 0.5521 -0.8338 -0.0000
vn 0.3957 -0.5993 0.6959
vn 0.0010 0.0011 1.0000
vn -0.3885 0.6050 0.6950
vn -0.5392 0.8422 -0.0000
vn -0.3885 0.6050 -0.6950
vn 0.0010 0.0011 -1.0000
vn 0.3861 -0.5924 -0.7071
vn 0.5460 -0.8378 -0.0000
vn 0.3861 -0.5924 0.7071
vn -0.3861 0.5924 0.7071
vn -0.5460 0.8378 -0.0000
vn -0.3861 0.5924 -0.7071
vt 0.000000 1.000000
vt 0.142857 1.000000
vt 0.142857 0.875000
vt 0.000000 0.875000
vt 0.000000 0.125000
vt 0.142857 0.125000
vt 0.142857 0.000000
vt 0.000000 0.000000
vt 0.000000 0.250000
vt 0.142857 0.250000
vt 0.000000 0.375000
vt 0.142857 0.375000
vt 0.000000 0.500000
vt 0.142857 0.500000
vt 0.000000 0.625000
vt 0.142857 0.625000
vt 0.000000 0.750000
vt 0.142857 0.750000
vt 0.285714 1.000000
vt 0.285714 0.875000
vt 0.285714 0.125000
vt 0.285714 0.000000
vt 0.285714 0.250000
vt 0.285714 0.375000
vt 0.285714 0.500000
vt 0.285714 0.625000
vt 0.285714 0.750000
vt 0.428571 1.000000
vt 0.428571 0.875000
vt 0.428571 0.125000
vt 0.428571 0.000000
vt 0.428571 0.250000
vt 0.428571 0.375000
vt 0.428571 0.500000
vt 0.428571 0.625000
vt 0.428571 0.750000
vt 0.571429 1.000000
vt 0.571429 0.875000
vt 0.571429 0.125000
vt 0.571429 0.000000
vt 0.571429 0.250000
vt 0.571429 0.375000
vt 0.571429 0.500000
vt 0.571429 0.625000
vt 0.571429 0.750000
vt 0.714286 1.000000
vt 0.714286 0.875000
vt 0.714286 0.125000
vt 0.714286 0.000000
vt 0.714286 0.250000
vt 0.714286 0.375000
vt 0.714286 0.500000
vt 0.714286 0.625000
vt 0.714286 0.750000
vt 0.857143 1.000000
vt 0.857143 0.875000
vt 0.857143 0.125000
vt 0.857143 0.000000
vt 0.857143 0.250000
vt 0.857143 0.375000
vt 0.857143 0.500000
vt 0.857143 0.625000
vt 0.857143 0.750000
vt 1.000000 1.000000
vt 1.000000 0.875000
vt 1.000000 0.125000
vt 1.000000 0.000000
vt 1.000000 0.250000
vt 1.000000 0.375000
vt 1.000000 0.500000
vt 1.000000 0.625000
vt 1.000000 0.750000
vt 0.008929 1.000000
vt 0.008929 0.875000
vt 0.008929 0.125000
vt 0.008929 0.000000
vt 0.008929 0.250000
vt 0.008929 0.375000
vt 0.008929 0.500000
vt 0.008929 0.625000
vt 0.008929 0.750000
vt 0.017857 1.000000
vt 0.017857 0.875000
vt 0.017857 0.125000
vt 0.017857 0.000000
vt 0.017857 0.250000
vt 0.017857 0.375000
vt 0.017857 0.500000
vt 0.017857 0.625000
vt 0.017857 0.750000
vt 0.026786 1.000000
vt 0.026786 0.875000
vt 0.026786 0.125000
vt 0.026786 0.000000
vt 0.026786 0.250000
vt 0.026786 0.375000
vt 0.026786 0.500000
vt 0.026786 0.625000
vt 0.026786 0.750000
vt 0.035714 1.000000
vt 0.035714 0.875000
vt 0.035714 0.125000
vt 0.035714 0.000000
vt 0.035714 0.250000
vt 0.035714 0.375000
vt 0.035714 0.500000
vt 0.035714 0.625000
vt 0.035714 0.750000
vt 0.044643 1.000000
vt 0.044643 0.875000
vt 0.044643 0.125000
vt 0.044643 0.000000
vt 0.044643 0.250000
vt 0.044643 0.375000
vt 0.044643 0.500000
vt 0.044643 0.625000
vt 0.044643 0.750000
vt 0.053571 1.000000
vt 0.053571 0.875000
vt 0.053571 0.125000
vt 0.053571 0.000000
vt 0.053571 0.250000
vt 0.053571 0.375000
vt 0.053571 0.500000
vt 0.053571 0.625000
vt 0.053571 0.750000
vt 0.062500 1.000000
vt 0.062500 0.875000
vt 0.062500 0.125000
vt 0.062500 0.000000
vt 0.062500 0.250000
vt 0.062500 0.375000
vt 0.062500 0.500000
vt 0.062500 0.625000
vt 0.062500 0.750000
vt 0.071429 1.000000
vt 0.071429 0.875000
vt 0.071429 0.125000
vt 0.071429 0.000000
vt 0.071429 0.250000
vt 0.071429 0.375000
vt 0.071429 0.500000
vt 0.071429 0.625000
vt 0.071429 0.750000
vt 0.080357 1.000000
vt 0.080357 0.875000
vt 0.080357 0.125000
vt 0.080357 0.000000
vt 0.080357 0.250000
vt 0.080357 0.375000
vt 0.080357 0.500000
vt 0.080357 0.625000
vt 0.080357 0.750000
vt 0.089286 1.000000
vt 0.089286 0.875000
vt 0.089286 0.125000
vt 0.089286 0.000000
vt 0.089286 0.250000
vt 0.089286 0.375000
vt 0.089286 0.500000
vt 0.089286 0.625000
vt 0.089286 0.750000
vt 0.098214 1.000000
vt 0.098214 0.875000
vt 0.098214 0.125000
vt 0.098214 0.000000
vt 0.098214 0.250000
vt 0.098214 0.375000
vt 0.098214 0.500000
vt 0.098214 0.625000
vt 0.098214 0.750000
vt 0.107143 1.000000
vt 0.107143 0.875000
vt 0.107143 0.125000
vt 0.107143 0.000000
vt 0.107143 0.250000
vt 0.107143 0.375000
vt 0.107143 0.500000
vt 0.107143 0.625000
vt 0.107143 0.750000
vt 0.116071 1.000000
vt 0.116071 0.875000
vt 0.116071 0.125000
vt 0.116071 0.000000
vt 0.116071 0.250000
vt 0.116071 0.375000
vt 0.116071 0.500000
vt 0.116071 0.625000
vt 0.116071 0.750000
vt 0.125000 1.000000
vt 0.125000 0.875000
vt 0.125000 0.125000
vt 0.125000 0.000000
vt 0.125000 0.250000
vt 0.125000 0.375000
vt 0.125000 0.500000
vt 0.125000 0.625000
vt 0.125000 0.750000
vt 0.133929 1.000000
vt 0.133929 0.875000
vt 0.133929 0.125000
vt 0.133929 0.000000
vt 0.133929 0.250000
vt 0.133929 0.375000
vt 0.133929 0.500000
vt 0.133929 0.625000
vt 0.133929 0.750000
vt 0.151786 1.000000
vt 0.151786 0.875000
vt 0.151786 0.125000
vt 0.151786 0.000000
vt 0.151786 0.250000
vt 0.151786 0.375000
vt 0.151786 0.500000
vt 0.151786 0.625000
vt 0.151786 0.750000
vt 0.160714 1.000000
vt 0.160714 0.875000
vt 0.160714 0.125000
vt 0.160714 0.000000
vt 0.160714 0.250000
vt 0.160714 0.375000
vt 0.160714 0.500000
vt 0.160714 0.625000
vt 0.160714 0.750000
vt 0.169643 1.000000
vt 0.169643 0.875000
vt 0.169643 0.125000
vt 0.169643 0.000000
vt 0.169643 0.250000
vt 0.169643 0.375000
vt 0.169643 0.500000
vt 0.169643 0.625000
vt 0.169643 0.750000
vt 0.178571 1.000000
vt 0.178571 0.875000
vt 0.178571 0.125000
vt 0.178571 0.000000
vt 0.178571 0.250000
vt 0.178571 0.375000
vt 0.178571 0.500000
vt 0.178571 0.625000
vt 0.178571 0.750000
vt 0.187500 1.000000
vt 0.187500 0.875000
vt 0.187500 0.125000
vt 0.187500 0.000000
vt 0.187500 0.250000
vt 0.187500 0.375000
vt 0.187500 0.500000
vt 0.187500 0.625000
vt 0.187500 0.750000
vt 0.196429 1.000000
vt 0.196429 0.875000
vt 0.196429 0.125000
vt 0.196429 0.000000
vt 0.196429 0.250000
vt 0.196429 0.375000
vt 0.196429 0.500000
vt 0.196429 0.625000
vt 0.196429 0.750000
vt 0.205357 1.000000
vt 0.205357 0.875000
vt 0.205357 0.125000
vt 0.205357 0.000000
vt 0.205357 0.250000
vt 0.205357 0.375000
vt 0.205357 0.500000
vt 0.205357 0.625000
vt 0.205357 0.750000
vt 0.214286 1.000000
vt 0.214286 0.875000
vt 0.214286 0.125000
vt 0.214286 0.000000
vt 0.214286 0.250000
vt 0.214286 0.375000
vt 0.214286 0.500000
vt 0.214286 0.625000
vt 0.214286 0.750000
vt 0.223214 1.000000
vt 0.223214 0.875000
vt 0.223214 0.125000
vt 0.223214 0.000000
vt 0.223214 0.250000
vt 0.223214 0.375000
vt 0.223214 0.500000
vt 0.223214 0.625000
vt 0.223214 0.750000
vt 0.232143 1.000000
vt 0.232143 0.875000
vt 0.232143 0.125000
vt 0.232143 0.000000
vt 0.232143 0.250000
vt 0.232143 0.375000
vt 0.232143 0.500000
vt 0.232143 0.625000
vt 0.232143 0.750000
vt 0.241071 1.000000
vt 0.241071 0.875000
vt 0.241071 0.125000
vt 0.241071 0.000000
vt 0.241071 0.250000
vt 0.241071 0.375000
vt 0.241071 0.500000
vt 0.241071 0.625000
vt 0.241071 0.750000
vt 0.250000 1.000000
vt 0.250000 0.875000
vt 0.250000 0.125000
vt 0.250000 0.000000
vt 0.250000 0.250000
vt 0.250000 0.375000
vt 0.250000 0.500000
vt 0.250000 0.625000
vt 0.250000 0.750000
vt 0.258929 1.000000
vt 0.258929 0.875000
vt 0.258929 0.125000
vt 0.258929 0.000000
vt 0.258929 0.250000
vt 0.258929 0.375000
vt 0.258929 0.500000
vt 0.258929 0.625000
vt 0.258929 0.750000
vt 0.267857 1.000000
vt 0.267857 0.875000
vt 0.267857 0.125000
vt 0.267857 0.000000
vt 0.267857 0.250000
vt 0.267857 0.375000
vt 0.267857 0.500000
vt 0.267857 0.625000
vt 0.267857 0.750000
vt 0.276786 1.000000
vt 0.276786 0.875000
vt 0.276786 0.125000
vt 0.276786 0.000000
vt 0.276786 0.250000
vt 0.276786 0.375000
vt 0.276786 0.500000
vt 0.276786 0.625000
vt 0.276786 0.750000
vt 0.294643 1.000000
vt 0.294643 0.875000
vt 0.294643 0.125000
vt 0.294643 0.000000
vt 0.294643 0.250000
vt 0.294643 0.375000
vt 0.294643 0.500000
vt 0.294643 0.625000
vt 0.294643 0.750000
vt 0.303571 1.000000
vt 0.303571 0.875000
vt 0.303571 0.125000
vt 0.303571 0.000000
vt 0.303571 0.250000
vt 0.303571 0.375000
vt 0.303571 0.500000
vt 0.303571 0.625000
vt 0.303571 0.750000
vt 0.312500 1.000000
vt 0.312500 0.875000
vt 0.312500 0.125000
vt 0.312500 0.000000
vt 0.312500 0.250000
vt 0.312500 0.375000
vt 0.312500 0.500000
vt 0.312500 0.625000
vt 0.312500 0.750000
vt 0.321429 1.000000
vt 0.321429 0.875000
vt 0.321429 0.125000
vt 0.321429 0.000000
vt 0.321429 0.250000
vt 0.321429 0.375000
vt 0.321429 0.500000
vt 0.321429 0.625000
vt 0.321429 0.750000
vt 0.330357 1.000000
vt 0.330357 0.875000
vt 0.330357 0.125000
vt 0.330357 0.000000
vt 0.330357 0.250000
vt 0.330357 0.375000
vt 0.330357 0.500000
vt 0.330357 0.625000
vt 0.330357 0.750000
vt 0.339286 1.000000
vt 0.339286 0.875000
vt 0.339286 0.125000
vt 0.339286 0.000000
vt 0.339286 0.250000
vt 0.339286 0.375000
vt 0.339286 0.500000
vt 0.339286 0.625000
vt 0.339286 0.750000
vt 0.348214 1.000000
vt 0.348214 0.875000
vt 0.348214 0.125000
vt 0.348214 0.000000
vt 0.348214 0.250000
vt 0.348214 0.375000
vt 0.348214 0.500000
vt 0.348214 0.625000
vt 0.348214 0.750000
vt 0.357143 1.000000
vt 0.357143 0.875000
vt 0.357143 0.125000
vt 0.357143 0.000000
vt 0.357143 0.250000
vt 0.357143 0.375000
vt 0.357143 0.500000
vt 0.357143 0.625000
vt 0.357143 0.750000
vt 0.366071 1.000000
vt 0.366071 0.875000
vt 0.366071 0.125000
vt 0.366071 0.000000
vt 0.366071 0.250000
vt 0.366071 0.375000
vt 0.366071 0.500000
vt 0.366071 0.625000
vt 0.366071 0.750000
vt 0.375000 1.000000
vt 0.375000 0.875000
vt 0.375000 0.125000
vt 0.375000 0.000000
vt 0.375000 0.250000
vt 0.375000 0.375000
vt 0.375000 0.500000
vt 0.375000 0.625000
vt 0.375000 0.750000
vt 0.383929 1.000000
vt 0.383929 0.875000
vt 0.383929 0.125000
vt 0.383929 0.000000
vt 0.383929 0.250000
vt 0.383929 0.375000
vt 0.383929 0.500000
vt 0.383929 0.625000
vt 0.383929 0.750000
vt 0.392857 1.000000
vt 0.392857 0.875000
vt 0.392857 0.125000
vt 0.392857 0.000000
vt 0.392857 0.250000
vt 0.392857 0.375000
vt 0.392857 0.500000
vt 0.392857 0.625000
vt 0.392857 0.750000
vt 0.401786 1.000000
vt 0.401786 0.875000
vt 0.401786 0.125000
vt 0.401786 0.000000
vt 0.401786 0.250000
vt 0.401786 0.375000
vt 0.401786 0.500000
vt 0.401786 0.625000
vt 0.401786 0.750000
vt 0.410714 1.000000
vt 0.410714 0.875000
vt 0.410714 0.125000
vt 0.410714 0.000000
vt 0.410714 0.250000
vt 0.410714 0.375000
vt 0.410714 0.500000
vt 0.410714 0.625000
vt 0.410714 0.750000
vt 0.419643 1.000000
vt 0.419643 0.875000
vt 0.419643 0.125000
vt 0.419643 0.000000
vt 0.419643 0.250000
vt 0.419643 0.375000
vt 0.419643 0.500000
vt 0.419643 0.625000
vt 0.419643 0.750000
vt 0.437500 1.000000
vt 0.437500 0.875000
vt 0.437500 0.125000
vt 0.437500 0.000000
vt 0.437500 0.250000
vt 0.437500 0.375000
vt 0.437500 0.500000
vt 0.437500 0.625000
vt 0.437500 0.750000
vt 0.446429 1.000000
vt 0.446429 0.875000
vt 0.446429 0.125000
vt 0.446429 0.000000
vt 0.446429 0.250000
vt 0.446429 0.375000
vt 0.446429 0.500000
vt 0.446429 0.625000
vt 0.446429 0.750000
vt 0.455357 1.000000
vt 0.455357 0.875000
vt 0.455357 0.125000
vt 0.455357 0.000000
vt 0.455357 0.250000
vt 0.455357 0.375000
vt 0.455357 0.500000
vt 0.455357 0.625000
vt 0.455357 0.750000
vt 0.464286 1.000000
vt 0.464286 0.875000
vt 0.464286 0.125000
vt 0.464286 0.000000
vt 0.464286 0.250000
vt 0.464286 0.375000
vt 0.464286 0.500000
vt 0.464286 0.625000
vt 0.464286 0.750000
vt 0.473214 1.000000
vt 0.473214 0.875000
vt 0.473214 0.125000
vt 0.473214 0.000000
vt 0.473214 0.250000
vt 0.473214 0.375000
vt 0.473214 0.500000
vt 0.473214 0.625000
vt 0.473214 0.750000
vt 0.482143 1.000000
vt 0.482143 0.875000
vt 0.482143 0.125000
vt 0.482143 0.000000
vt 0.482143 0.250000
vt 0.482143 0.375000
vt 0.482143 0.500000
vt 0.482143 0.625000
vt 0.482143 0.750000
vt 0.491071 1.000000
vt 0.491071 0.875000
vt 0.491071 0.125000
vt 0.491071 0.000000
vt 0.491071 0.250000
vt 0.491071 0.375000
vt 0.491071 0.500000
vt 0.491071 0.625000
vt 0.491071 0.750000
vt 0.500000 1.000000
vt 0.500000 0.875000
vt 0.500000 0.125000
vt 0.500000 0.000000
vt 0.500000 0.250000
vt 0.500000 0.375000
vt 0.500000 0.500000
vt 0.500000 0.625000
vt 0.500000 0.750000
vt 0.508929 1.000000
vt 0.508929 0.875000
vt 0.508929 0.125000
vt 0.508929 0.000000
vt 0.508929 0.250000
vt 0.508929 0.375000
vt 0.508929 0.500000
vt 0.508929 0.625000
vt 0.508929 0.750000
vt 0.517857 1.000000
vt 0.517857 0.875000
vt 0.517857 0.125000
vt 0.517857 0.000000
vt 0.517857 0.250000
vt 0.517857 0.375000
vt 0.517857 0.500000
vt 0.517857 0.625000
vt 0.517857 0.750000
vt 0.526786 1.000000
vt 0.526786 0.875000
vt 0.526786 0.125000
vt 0.526786 0.000000
vt 0.526786 0.250000
vt 0.526786 0.375000
vt 0.526786 0.500000
vt 0.526786 0.625000
vt 0.526786 0.750000
vt 0.535714 1.000000
vt 0.535714 0.875000
vt 0.535714 0.125000
vt 0.535714 0.000000
vt 0.535714 0.250000
vt 0.535714 0.375000
vt 0.535714 0.500000
vt 0.535714 0.625000
vt 0.535714 0.750000
vt 0.544643 1.000000
vt 0.544643 0.875000
vt 0.544643 0.125000
vt 0.544643 0.000000
vt 0.544643 0.250000
vt 0.544643 0.375000
vt 0.544643 0.500000
vt 0.544643 0.625000
vt 0.544643 0.750000
vt 0.553571 1.000000
vt 0.553571 0.875000
vt 0.553571 0.125000
vt 0.553571 0.000000
vt 0.553571 0.250000
vt 0.553571 0.375000
vt 0.553571 0.500000
vt 0.553571 0.625000
vt 0.553571 0.750000
vt 0.562500 1.000000
vt 0.562500 0.875000
vt 0.562500 0.125000
vt 0.562500 0.000000
vt 0.562500 0.250000
vt 0.562500 0.375000
vt 0.562500 0.500000
vt 0.562500 0.625000
vt 0.562500 0.750000
vt 0.580357 1.000000
vt 0.580357 0.875000
vt 0.580357 0.125000
vt 0.580357 0.000000
vt 0.580357 0.250000
vt 0.580357 0.375000
vt 0.580357 0.500000
vt 0.580357 0.625000
vt 0.580357 0.750000
vt 0.589286 1.000000
vt 0.589286 0.875000
vt 0.589286 0.125000
vt 0.589286 0.000000
vt 0.589286 0.250000
vt 0.589286 0.375000
vt 0.589286 0.500000
vt 0.589286 0.625000
vt 0.589286 0.750000
vt 0.598214 1.000000
vt 0.598214 0.875000
vt 0.598214 0.125000
vt 0.598214 0.000000
vt 0.598214 0.250000
vt 0.598214 0.375000
vt 0.598214 0.500000
vt 0.598214 0.625000
vt 0.598214 0.750000
vt 0.607143 1.000000
vt 0.607143 0.875000
vt 0.607143 0.125000
vt 0.607143 0.000000
vt 0.607143 0.250000
vt 0.607143 0.375000
vt 0.607143 0.500000
vt 0.607143 0.625000
vt 0.607143 0.750000
vt 0.616071 1.000000
vt 0.616071 0.875000
vt 0.616071 0.125000
vt 0.616071 0.000000
vt 0.616071 0.250000
vt 0.616071 0.375000
vt 0.616071 0.500000
vt 0.616071 0.625000
vt 0.616071 0.750000
vt 0.625000 1.000000
vt 0.625000 0.875000
vt 0.625000 0.125000
vt 0.625000 0.000000
vt 0.625000 0.250000
vt 0.625000 0.375000
vt 0.625000 0.500000
vt 0.625000 0.625000
vt 0.625000 0.750000
vt 0.633929 1.000000
vt 0.633929 0.875000
vt 0.633929 0.125000
vt 0.633929 0.000000
vt 0.633929 0.250000
vt 0.633929 0.375000
vt 0.633929 0.500000
vt 0.633929 0.625000
vt 0.633929 0.750000
vt 0.642857 1.000000
vt 0.642857 0.875000
vt 0.642857 0.125000
vt 0.642857 0.000000
vt 0.642857 0.250000
vt 0.642857 0.375000
vt 0.642857 0.500000
vt 0.642857 0.625000
vt 0.642857 0.750000
vt 0.651786 1.000000
vt 0.651786 0.875000
vt 0.651786 0.125000
vt 0.651786 0.000000
vt 0.651786 0.250000
vt 0.651786 0.375000
vt 0.651786 0.500000
vt 0.651786 0.625000
vt 0.651786 0.750000
vt 0.660714 1.000000
vt 0.660714 0.875000
vt 0.660714 0.125000
vt 0.660714 0.000000
vt 0.660714 0.250000
vt 0.660714 0.375000
vt 0.660714 0.500000
vt 0.660714 0.625000
vt 0.660714 0.750000
vt 0.669643 1.000000
vt 0.669643 0.875000
vt 0.669643 0.125000
vt 0.669643 0.000000
vt 0.669643 0.250000
vt 0.669643 0.375000
vt 0.669643 0.500000
vt 0.669643 0.625000
vt 0.669643 0.750000
vt 0.678571 1.000000
vt 0.678571 0.875000
vt 0.678571 0.125000
vt 0.678571 0.000000
vt 0.678571 0.250000
vt 0.678571 0.375000
vt 0.678571 0.500000
vt 0.678571 0.625000
vt 0.678571 0.750000
vt 0.687500 1.000000
vt 0.687500 0.875000
vt 0.687500 0.125000
vt 0.687500 0.000000
vt 0.687500 0.250000
vt 0.687500 0.375000
vt 0.687500 0.500000
vt 0.687500 0.625000
vt 0.687500 0.750000
vt 0.696429 1.000000
vt 0.696429 0.875000
vt 0.696429 0.125000
vt 0.696429 0.000000
vt 0.696429 0.250000
vt 0.696429 0.375000
vt 0.696429 0.500000
vt 0.696429 0.625000
vt 0.696429 0.750000
vt 0.705357 1.000000
vt 0.705357 0.875000
vt 0.705357 0.125000
vt 0.705357 0.000000
vt 0.705357 0.250000
vt 0.705357 0.375000
vt 0.705357 0.500000
vt 0.705357 0.625000
vt 0.705357 0.750000
vt 0.723214 1.000000
vt 0.723214 0.875000
vt 0.723214 0.125000
vt 0.723214 0.000000
vt 0.723214 0.250000
vt 0.723214 0.375000
vt 0.723214 0.500000
vt 0.723214 0.625000
vt 0.723214 0.750000
vt 0.732143 1.000000
vt 0.732143 0.875000
vt 0.732143 0.125000
vt 0.732143 0.000000
vt 0.732143 0.250000
vt 0.732143 0.375000
vt 0.732143 0.500000
vt 0.732143 0.625000
vt 0.732143 0.750000
vt 0.741071 1.000000
vt 0.741071 0.875000
vt 0.741071 0.125000
vt 0.741071 0.000000
vt 0.741071 0.250000
vt 0.741071 0.375000
vt 0.741071 0.500000
vt 0.741071 0.625000
vt 0.741071 0.750000
vt 0.750000 1.000000
vt 0.750000 0.875000
vt 0.750000 0.125000
vt 0.750000 0.000000
vt 0.750000 0.250000
vt 0.750000 0.375000
vt 0.750000 0.500000
vt 0.750000 0.625000
vt 0.750000 0.750000
vt 0.758929 1.000000
vt 0.758929 0.875000
vt 0.758929 0.125000
vt 0.758929 0.000000
vt 0.758929 0.250000
vt 0.758929 0.375000
vt 0.758929 0.500000
vt 0.758929 0.625000
vt 0.758929 0.750000
vt 0.767857 1.000000
vt 0.767857 0.875000
vt 0.767857 0.125000
vt 0.767857 0.000000
vt 0.767857 0.250000
vt 0.767857 0.375000
vt 0.767857 0.500000
vt 0.767857 0.625000
vt 0.767857 0.750000
vt 0.776786 1.000000
vt 0.776786 0.875000
vt 0.776786 0.125000
vt 0.776786 0.000000
vt 0.776786 0.250000
vt 0.776786 0.375000
vt 0.776786 0.500000
vt 0.776786 0.625000
vt 0.776786 0.750000
vt 0.785714 1.000000
vt 0.785714 0.875000
vt 0.785714 0.125000
vt 0.785714 0.000000
vt 0.785714 0.250000
vt 0.785714 0.375000
vt 0.785714 0.500000
vt 0.785714 0.625000
vt 0.785714 0.750000
vt 0.794643 1.000000
vt 0.794643 0.875000
vt 0.794643 0.125000
vt 0.794643 0.000000
vt 0.794643 0.250000
vt 0.794643 0.375000
vt 0.794643 0.500000
vt 0.794643 0.625000
vt 0.794643 0.750000
vt 0.803571 1.000000
vt 0.803571 0.875000
vt 0.803571 0.125000
vt 0.803571 0.000000
vt 0.803571 0.250000
vt 0.803571 0.375000
vt 0.803571 0.500000
vt 0.803571 0.625000
vt 0.803571 0.750000
vt 0.812500 1.000000
vt 0.812500 0.875000
vt 0.812500 0.125000
vt 0.812500 0.000000
vt 0.812500 0.250000
vt 0.812500 0.375000
vt 0.812500 0.500000
vt 0.812500 0.625000
vt 0.812500 0.750000
vt 0.821429 1.000000
vt 0.821429 0.875000
vt 0.821429 0.125000
vt 0.821429 0.000000
vt 0.821429 0.250000
vt 0.821429 0.375000
vt 0.821429 0.500000
vt 0.821429 0.625000
vt 0.821429 0.750000
vt 0.830357 1.000000
vt 0.830357 0.875000
vt 0.830357 0.125000
vt 0.830357 0.000000
vt 0.830357 0.250000
vt 0.830357 0.375000
vt 0.830357 0.500000
vt 0.830357 0.625000
vt 0.830357 0.750000
vt 0.839286 1.000000
vt 0.839286 0.875000
vt 0.839286 0.125000
vt 0.839286 0.000000
vt 0.839286 0.250000
vt 0.839286 0.375000
vt 0.839286 0.500000
vt 0.839286 0.625000
vt 0.839286 0.750000
vt 0.848214 1.000000
vt 0.848214 0.875000
vt 0.848214 0.125000
vt 0.848214 0.000000
vt 0.848214 0.250000
vt 0.848214 0.375000
vt 0.848214 0.500000
vt 0.848214 0.625000
vt 0.848214 0.750000
vt 0.866071 1.000000
vt 0.866071 0.875000
vt 0.866071 0.125000
vt 0.866071 0.000000
vt 0.866071 0.250000
vt 0.866071 0.375000
vt 0.866071 0.500000
vt 0.866071 0.625000
vt 0.866071 0.750000
vt 0.875000 1.000000
vt 0.875000 0.875000
vt 0.875000 0.125000
vt 0.875000 0.000000
vt 0.875000 0.250000
vt 0.875000 0.375000
vt 0.875000 0.500000
vt 0.875000 0.625000
vt 0.875000 0.750000
vt 0.883929 1.000000
vt 0.883929 0.875000
vt 0.883929 0.125000
vt 0.883929 0.000000
vt 0.883929 0.250000
vt 0.883929 0.375000
vt 0.883929 0.500000
vt 0.883929 0.625000
vt 0.883929 0.750000
vt 0.892857 1.000000
vt 0.892857 0.875000
vt 0.892857 0.125000
vt 0.892857 0.000000
vt 0.892857 0.250000
vt 0.892857 0.375000
vt 0.892857 0.500000
vt 0.892857 0.625000
vt 0.892857 0.750000
vt 0.901786 1.000000
vt 0.901786 0.875000
vt 0.901786 0.125000
vt 0.901786 0.000000
vt 0.901786 0.250000
vt 0.901786 0.375000
vt 0.901786 0.500000
vt 0.901786 0.625000
vt 0.901786 0.750000
vt 0.910714 1.000000
vt 0.910714 0.875000
vt 0.910714 0.125000
vt 0.910714 0.000000
vt 0.910714 0.250000
vt 0.910714 0.375000
vt 0.910714 0.500000
vt 0.910714 0.625000
vt 0.910714 0.750000
vt 0.919643 1.000000
vt 0.919643 0.875000
vt 0.919643 0.125000
vt 0.919643 0.000000
vt 0.919643 0.250000
vt 0.919643 0.375000
vt 0.919643 0.500000
vt 0.919643 0.625000
vt 0.919643 0.750000
vt 0.928571 1.000000
vt 0.928571 0.875000
vt 0.928571 0.125000
vt 0.928571 0.000000
vt 0.928571 0.250000
vt 0.928571 0.375000
vt 0.928571 0.500000
vt 0.928571 0.625000
vt 0.928571 0.750000
vt 0.937500 1.000000
vt 0.937500 0.875000
vt 0.937500 0.125000
vt 0.937500 0.000000
vt 0.937500 0.250000
vt 0.937500 0.375000
vt 0.937500 0.500000
vt 0.937500 0.625000
vt 0.937500 0.750000
vt 0.946429 1.000000
vt 0.946429 0.875000
vt 0.946429 0.125000
vt 0.946429 0.000000
vt 0.946429 0.250000
vt 0.946429 0.375000
vt 0.946429 0.500000
vt 0.946429 0.625000
vt 0.946429 0.750000
vt 0.955357 1.000000
vt 0.955357 0.875000
vt 0.955357 0.125000
vt 0.955357 0.000000
vt 0.955357 0.250000
vt 0.955357 0.375000
vt 0.955357 0.500000
vt 0.955357 0.625000
vt 0.955357 0.750000
vt 0.964286 1.000000
vt 0.964286 0.875000
vt 0.964286 0.125000
vt 0.964286 0.000000
vt 0.964286 0.250000
vt 0.964286 0.375000
vt 0.964286 0.500000
vt 0.964286 0.625000
vt 0.964286 0.750000
vt 0.973214 1.000000
vt 0.973214 0.875000
vt 0.973214 0.125000
vt 0.973214 0.000000
vt 0.973214 0.250000
vt 0.973214 0.375000
vt 0.973214 0.500000
vt 0.973214 0.625000
vt 0.973214 0.750000
vt 0.982143 1.000000
vt 0.982143 0.875000
vt 0.982143 0.125000
vt 0.982143 0.000000
vt 0.982143 0.250000
vt 0.982143 0.375000
vt 0.982143 0.500000
vt 0.982143 0.625000
vt 0.982143 0.750000
vt 0.991071 1.000000
vt 0.991071 0.875000
vt 0.991071 0.125000
vt 0.991071 0.000000
vt 0.991071 0.250000
vt 0.991071 0.375000
vt 0.991071 0.500000
vt 0.991071 0.625000
vt 0.991071 0.750000
s 1
f 1/1/1 9/2/1 16/3/8 8/4/8
f 2/5/2 10/6/2 9/7/1 1/8/1
f 3/9/3 11/10/3 10/6/2 2/5/2
f 4/11/4 12/12/4 11/10/3 3/9/3
f 5/13/5 13/14/5 12/12/4 4/11/4
f 6/15/6 14/16/6 13/14/5 5/13/5
f 7/17/7 15/18/7 14/16/6 6/15/6
f 8/4/8 16/3/8 15/18/7 7/17/7
f 9/2/1 17/19/1 24/20/8 16/3/8
f 10/6/2 18/21/2 17/22/1 9/7/1
f 11/10/3 19/23/3 18/21/2 10/6/2
f 12/12/4 20/24/4 19/23/3 11/10/3
f 13/14/5 21/25/5 20/24/4 12/12/4
f 14/16/6 22/26/6 21/25/5 13/14/5
f 15/18/7 23/27/7 22/26/6 14/16/6
f 16/3/8 24/20/8 23/27/7 15/18/7
f 17/19/1 25/28/1 32/29/8 24/20/8
f 18/21/2 26/30/2 25/31/1 17/22/1
f 19/23/3 27/32/3 26/30/2 18/21/2
f 20/24/4 28/33/4 27/32/3 19/23/3
f 21/25/5 29/34/5 28/33/4 20/24/4
f 22/26/6 30/35/6 29/34/5 21/25/5
f 23/27/7 31/36/7 30/35/6 22/26/6
f 24/20/8 32/29/8 31/36/7 23/27/7
f 25/28/1 33/37/1 40/38/8 32/29/8
f 26/30/2 34/39/2 33/40/1 25/31/1
f 27/32/3 35/41/3 34/39/2 26/30/2
f 28/33/4 36/42/4 35/41/3 27/32/3
f 29/34/5 37/43/5 36/42/4 28/33/4
f 30/35/6 38/44/6 37/43/5 29/34/5
f 31/36/7 39/45/7 38/44/6 30/35/6
f 32/29/8 40/38/8 39/45/7 31/36/7
f 33/37/1 41/46/1 48/47/8 40/38/8
f 34/39/2 42/48/2 41/49/1 33/40/1
f 35/41/3 43/50/3 42/48/2 34/39/2
f 36/42/4 44/51/4 43/50/3 35/41/3
f 37/43/5 45/52/5 44/51/4 36/42/4
f 38/44/6 46/53/6 45/52/5 37/43/5
f 39/45/7 47/54/7 46/53/6 38/44/6
f 40/38/8 48/47/8 47/54/7 39/45/7
f 41/46/1 49/55/1 56/56/8 48/47/8
f 42/48/2 50/57/2 49/58/1 41/49/1
f 43/50/3 51/59/3 50/57/2 42/48/2
f 44/51/4 52/60/4 51/59/3 43/50/3
f 45/52/5 53/61/5 52/60/4 44/51/4
f 46/53/6 54/62/6 53/61/5 45/52/5
f 47/54/7 55/63/7 54/62/6 46/53/6
f 48/47/8 56/56/8 55/63/7 47/54/7
f 49/55/1 57/64/1 64/65/8 56/56/8
f 50/57/2 58/66/2 57/67/1 49/58/1
f 51/59/3 59/68/3 58/66/2 50/57/2
f 52/60/4 60/69/4 59/68/3 51/59/3
f 53/61/5 61/70/5 60/69/4 52/60/4
f 54/62/6 62/71/6 61/70/5 53/61/5
f 55/63/7 63/72/7 62/71/6 54/62/6
f 56/56/8 64/65/8 63/72/7 55/63/7
f 65/1/9 73/2/9 80/3/8 72/4/8
f 66/5/10 74/6/10 73/7/9 65/8/9
f 67/9/11 75/10/11 74/6/10 66/5/10
f 68/11/4 76/12/4 75/10/11 67/9/11
f 69/13/12 77/14/12 76/12/4 68/11/4
f 70/15/13 78/16/13 77/14/12 69/13/12
f 71/17/14 79/18/14 78/16/13 70/15/13
f 72/4/8 80/3/8 79/18/14 71/17/14
f 73/2/9 81/19/9 88/20/8 80/3/8
f 74/6/10 82/21/10 81/22/9 73/7/9
f 75/10/11 83/23/15 82/21/10 74/6/10
f 76/12/4 84/24/4 83/23/15 75/10/11
f 77/14/12 85/25/12 84/24/4 76/12/4
f 78/16/13 86/26/13 85/25/12 77/14/12
f 79/18/14 87/27/14 86/26/13 78/16/13
f 80/3/8 88/20/8 87/27/14 79/18/14
f 81/19/9 89/28/9 96/29/8 88/20/8
f 82/21/10 90/30/10 89/31/9 81/22/9
f 83/23/15 91/32/11 90/30/10 82/21/10
f 84/24/4 92/33/4 91/32/11 83/23/15
f 85/25/12 93/34/12 92/33/4 84/24/4
f 86/26/13 94/35/13 93/34/12 85/25/12
f 87/27/14 95/36/14 94/35/13 86/26/13
f 88/20/8 96/29/8 95/36/14 87/27/14
f 89/28/9 97/37/9 104/38/8 96/29/8
f 90/30/10 98/39/10 97/40/9 89/31/9
f 91/32/11 99/41/11 98/39/10 90/30/10
f 92/33/4 100/42/4 99/41/11 91/32/11
f 93/34/12 101/43/16 100/42/4 92/33/4
f 94/35/13 102/44/13 101/43/16 93/34/12
f 95/36/14 103/45/14 102/44/13 94/35/13
f 96/29/8 104/38/8 103/45/14 95/36/14
f 97/37/9 105/46/9 112/47/8 104/38/8
f 98/39/10 106/48/10 105/49/9 97/40/9
f 99/41/11 107/50/11 106/48/10 98/39/10
f 100/42/4 108/51/4 107/50/11 99/41/11
f 101/43/16 109/52/12 108/51/4 100/42/4
f 102/44/13 110/53/13 109/52/12 101/43/16
f 103/45/14 111/54/14 110/53/13 102/44/13
f 104/38/8 112/47/8 111/54/14 103/45/14
f 105/46/9 113/55/9 120/56/8 112/47/8
f 106/48/10 114/57/10 113/58/9 105/49/9
f 107/50/11 115/59/11 114/57/10 106/48/10
f 108/51/4 116/60/4 115/59/11 107/50/11
f 109/52/12 117/61/12 116/60/4 108/51/4
f 110/53/13 118/62/13 117/61/12 109/52/12
f 111/54/14 119/63/14 118/62/13 110/53/13
f 112/47/8 120/56/8 119/63/14 111/54/14
f 113/55/9 121/64/9 128/65/8 120/56/8
f 114/57/10 122/66/10 121/67/9 113/58/9
f 115/59/11 123/68/11 122/66/10 114/57/10
f 116/60/4 124/69/4 123/68/11 115/59/11
f 117/61/12 125/70/12 124/69/4 116/60/4
f 118/62/13 126/71/13 125/70/12 117/61/12
f 119/63/14 127/72/14 126/71/13 118/62/13
f 120/56/8 128/65/8 127/72/14 119/63/14
f 129/1/17 137/2/17 144/3/8 136/4/8
f 130/5/18 138/6/18 137/7/17 129/8/17
f 131/9/19 139/10/19 138/6/18 130/5/18
f 132/11/4 140/12/4 139/10/19 131/9/19
f 133/13/20 141/14/20 140/12/4 132/11/4
f 134/15/21 142/16/21 141/14/20 133/13/20
f 135/17/22 143/18/22 142/16/21 134/15/21
f 136/4/8 144/3/8 143/18/22 135/17/22
f 137/2/17 145/19/17 152/20/8 144/3/8
f 138/6/18 146/21/18 145/22/17 137/7/17
f 139/10/19 147/23/19 146/21/18 138/6/18
f 140/12/4 148/24/4 147/23/19 139/10/19
f 141/14/20 149/25/20 148/24/4 140/12/4
f 142/16/21 150/26/21 149/25/20 141/14/20
f 143/18/22 151/27/22 150/26/21 142/16/21
f 144/3/8 152/20/8 151/27/22 143/18/22
f 145/19/17 153/28/17 160/29/8 152/20/8
f 146/21/18 154/30/18 153/31/17 145/22/17
f 147/23/19 155/32/19 154/30/18 146/21/18
f 148/24/4 156/33/4 155/32/19 147/23/19
f 149/25/20 157/34/20 156/33/4 148/24/4
f 150/26/21 158/35/21 157/34/20 149/25/20
f 151/27/22 159/36/22 158/35/21 150/26/21
f 152/20/8 160/29/8 159/36/22 151/27/22
f 153/28/17 161/37/17 168/38/8 160/29/8
f 154/30/18 162/39/18 161/40/17 153/31/17
f 155/32/19 163/41/19 162/39/18 154/30/18
f 156/33/4 164/42/4 163/41/19 155/32/19
f 157/34/20 165/43/20 164/42/4 156/33/4
f 158/35/21 166/44/21 165/43/20 157/34/20
f 159/36/22 167/45/22 166/44/21 158/35/21
f 160/29/8 168/38/8 167/45/22 159/36/22
f 161/37/17 169/46/17 176/47/8 168/38/8
f 162/39/18 170/48/18 169/49/17 161/40/17
f 163/41/19 171/50/19 170/48/18 162/39/18
f 164/42/4 172/51/4 171/50/19 163/41/19
f 165/43/20 173/52/20 172/51/4 164/42/4
f 166/44/21 174/53/21 173/52/20 165/43/20
f 167/45/22 175/54/22 174/53/21 166/44/21
f 168/38/8 176/47/8 175/54/22 167/45/22
f 169/46/17 177/55/23 184/56/8 176/47/8
f 170/48/18 178/57/18 177/58/23 169/49/17
f 171/50/19 179/59/19 178/57/18 170/48/18
f 172/51/4 180/60/4 179/59/19 171/50/19
f 173/52/20 181/61/20 180/60/4 172/51/4
f 174/53/21 182/62/21 181/61/20 173/52/20
f 175/54/22 183/63/24 182/62/21 174/53/21
f 176/47/8 184/56/8 183/63/24 175/54/22
f 177/55/23 185/64/23 192/65/8 184/56/8
f 178/57/18 186/66/18 185/67/23 177/58/23
f 179/59/19 187/68/19 186/66/18 178/57/18
f 180/60/4 188/69/4 187/68/19 179/59/19
f 181/61/20 189/70/20 188/69/4 180/60/4
f 182/62/21 190/71/21 189/70/20 181/61/20
f 183/63/24 191/72/24 190/71/21 182/62/21
f 184/56/8 192/65/8 191/72/24 183/63/24
f 193/1/25 201/73/25 208/74/8 200/4/8
f 194/5/26 202/75/31 201/76/25 193/8/25
f 195/9/27 203/77/27 202/75/31 194/5/26
f 196/11/4 204/78/4 203/77/27 195/9/27
f 197/13/28 205/79/28 204/78/4 196/11/4
f 198/15/29 206/80/29 205/79/28 197/13/28
f 199/17/30 207/81/30 206/80/29 198/15/29
f 200/4/8 208/74/8 207/81/30 199/17/30
f 201/73/25 209/82/25 216/83/8 208/74/8
f 202/75/31 210/84/31 209/85/25 201/76/25
f 203/77/27 211/86/27 210/84/31 202/75/31
f 204/78/4 212/87/4 211/86/27 203/77/27
f 205/79/28 213/88/28 212/87/4 204/78/4
f 206/80/29 214/89/32 213/88/28 205/79/28
f 207/81/30 215/90/30 214/89/32 206/80/29
f 208/74/8 216/83/8 215/90/30 207/81/30
f 209/82/25 217/91/25 224/92/8 216/83/8
f 210/84/31 218/93/31 217/94/25 209/85/25
f 211/86/27 219/95/27 218/93/31 210/84/31
f 212/87/4 220/96/4 219/95/27 211/86/27
f 213/88/28 221/97/28 220/96/4 212/87/4
f 214/89/32 222/98/32 221/97/28 213/88/28
f 215/90/30 223/99/30 222/98/32 214/89/32
f 216/83/8 224/92/8 223/99/30 215/90/30
f 217/91/25 225/100/25 232/101/8 224/92/8
f 218/93/31 226/102/33 225/103/25 217/94/25
f 219/95/27 227/104/27 226/102/33 218/93/31
f 220/96/4 228/105/4 227/104/27 219/95/27
f 221/97/28 229/106/28 228/105/4 220/96/4
f 222/98/32 230/107/29 229/106/28 221/97/28
f 223/99/30 231/108/30 230/107/29 222/98/32
f 224/92/8 232/101/8 231/108/30 223/99/30
f 225/100/25 233/109/25 240/110/8 232/101/8
f 226/102/33 234/111/33 233/112/25 225/103/25
f 227/104/27 235/113/27 234/111/33 226/102/33
f 228/105/4 236/114/4 235/113/27 227/104/27
f 229/106/28 237/115/28 236/114/4 228/105/4
f 230/107/29 238/116/29 237/115/28 229/106/28
f 231/108/30 239/117/30 238/116/29 230/107/29
f 232/101/8 240/110/8 239/117/30 231/108/30
f 233/109/25 241/118/34 248/119/41 240/110/8
f 234/111/33 242/120/35 241/121/34 233/112/25
f 235/113/27 243/122/36 242/120/35 234/111/33
f 236/114/4 244/123/37 243/122/36 235/113/27
f 237/115/28 245/124/38 244/123/37 236/114/4
f 238/116/29 246/125/39 245/124/38 237/115/28
f 239/117/30 247/126/40 246/125/39 238/116/29
f 240/110/8 248/119/41 247/126/40 239/117/30
f 241/118/34 249/127/42 256/128/49 248/119/41
f 242/120/35 250/129/43 249/130/42 241/121/34
f 243/122/36 251/131/44 250/129/43 242/120/35
f 244/123/37 252/132/45 251/131/44 243/122/36
f 245/124/38 253/133/46 252/132/45 244/123/37
f 246/125/39 254/134/47 253/133/46 245/124/38
f 247/126/40 255/135/48 254/134/47 246/125/39
f 248/119/41 256/128/49 255/135/48 247/126/40
f 249/127/42 257/136/50 264/137/57 256/128/49
f 250/129/43 258/138/51 257/139/50 249/130/42
f 251/131/44 259/140/52 258/138/51 250/129/43
f 252/132/45 260/141/53 259/140/52 251/131/44
f 253/133/46 261/142/54 260/141/53 252/132/45
f 254/134/47 262/143/55 261/142/54 253/133/46
f 255/135/48 263/144/56 262/143/55 254/134/47
f 256/128/49 264/137/57 263/144/56 255/135/48
f 257/136/50 265/145/58 272/146/8 264/137/57
f 258/138/51 266/147/59 265/148/58 257/139/50
f 259/140/52 267/149/60 266/147/59 258/138/51
f 260/141/53 268/150/4 267/149/60 259/140/52
f 261/142/54 269/151/61 268/150/4 260/141/53
f 262/143/55 270/152/62 269/151/61 261/142/54
f 263/144/56 271/153/63 270/152/62 262/143/55
f 264/137/57 272/146/8 271/153/63 263/144/56
f 265/145/58 273/154/58 280/155/8 272/146/8
f 266/147/59 274/156/59 273/157/58 265/148/58
f 267/149/60 275/158/64 274/156/59 266/147/59
f 268/150/4 276/159/4 275/158/64 267/149/60
f 269/151/61 277/160/65 276/159/4 268/150/4
f 270/152/62 278/161/62 277/160/65 269/151/61
f 271/153/63 279/162/63 278/161/62 270/152/62
f 272/146/8 280/155/8 279/162/63 271/153/63
f 273/154/58 281/163/66 288/164/8 280/155/8
f 274/156/59 282/165/59 281/166/66 273/157/58
f 275/158/64 283/167/64 282/165/59 274/156/59
f 276/159/4 284/168/4 283/167/64 275/158/64
f 277/160/65 285/169/65 284/168/4 276/159/4
f 278/161/62 286/170/62 285/169/65 277/160/65
f 279/162/63 287/171/63 286/170/62 278/161/62
f 280/155/8 288/164/8 287/171/63 279/162/63
f 281/163/66 289/172/66 296/173/8 288/164/8
f 282/165/59 290/174/59 289/175/66 281/166/66
f 283/167/64 291/176/64 290/174/59 282/165/59
f 284/168/4 292/177/4 291/176/64 283/167/64
f 285/169/65 293/178/61 292/177/4 284/168/4
f 286/170/62 294/179/62 293/178/61 285/169/65
f 287/171/63 295/180/63 294/179/62 286/170/62
f 288/164/8 296/173/8 295/180/63 287/171/63
f 289/172/66 297/181/67 304/182/74 296/173/8
f 290/174/59 298/183/68 297/184/67 289/175/66
f 291/176/64 299/185/69 298/183/68 290/174/59
f 292/177/4 300/186/70 299/185/69 291/176/64
f 293/178/61 301/187/71 300/186/70 292/177/4
f 294/179/62 302/188/72 301/187/71 293/178/61
f 295/180/63 303/189/73 302/188/72 294/179/62
f 296/173/8 304/182/74 303/189/73 295/180/63
f 297/181/67 305/190/75 312/191/82 304/182/74
f 298/183/68 306/192/76 305/193/75 297/184/67
f 299/185/69 307/194/77 306/192/76 298/183/68
f 300/186/70 308/195/78 307/194/77 299/185/69
f 301/187/71 309/196/79 308/195/78 300/186/70
f 302/188/72 310/197/80 309/196/79 301/187/71
f 303/189/73 311/198/81 310/197/80 302/188/72
f 304/182/74 312/191/82 311/198/81 303/189/73
f 305/190/75 313/199/83 320/200/90 312/191/82
f 306/192/76 314/201/84 313/202/83 305/193/75
f 307/194/77 315/203/85 314/201/84 306/192/76
f 308/195/78 316/204/86 315/203/85 307/194/77
f 309/196/79 317/205/87 316/204/86 308/195/78
f 310/197/80 318/206/88 317/205/87 309/196/79
f 311/198/81 319/207/89 318/206/88 310/197/80
f 312/191/82 320/200/90 319/207/89 311/198/81
f 313/199/83 321/2/91 328/3/8 320/200/90
f 314/201/84 322/6/92 321/7/91 313/202/83
f 315/203/85 323/10/93 322/6/92 314/201/84
f 316/204/86 324/12/4 323/10/93 315/203/85
f 317/205/87 325/14/94 324/12/4 316/204/86
f 318/206/88 326/16/95 325/14/94 317/205/87
f 319/207/89 327/18/96 326/16/95 318/206/88
f 320/200/90 328/3/8 327/18/96 319/207/89
f 321/2/91 329/208/91 336/209/8 328/3/8
f 322/6/92 330/210/92 329/211/91 321/7/91
f 323/10/93 331/212/93 330/210/92 322/6/92
f 324/12/4 332/213/4 331/212/93 323/10/93
f 325/14/94 333/214/94 332/213/4 324/12/4
f 326/16/95 334/215/95 333/214/94 325/14/94
f 327/18/96 335/216/96 334/215/95 326/16/95
f 328/3/8 336/209/8 335/216/96 327/18/96
f 329/208/91 337/217/91 344/218/8 336/209/8
f 330/210/92 338/219/92 337/220/91 329/211/91
f 331/212/93 339/221/93 338/219/92 330/210/92
f 332/213/4 340/222/4 339/221/93 331/212/93
f 333/214/94 341/223/94 340/222/4 332/213/4
f 334/215/95 342/224/95 341/223/94 333/214/94
f 335/216/96 343/225/96 342/224/95 334/215/95
f 336/209/8 344/218/8 343/225/96 335/216/96
f 337/217/91 345/226/91 352/227/8 344/218/8
f 338/219/92 346/228/92 345/229/91 337/220/91
f 339/221/93 347/230/93 346/228/92 338/219/92
f 340/222/4 348/231/4 347/230/93 339/221/93
f 341/223/94 349/232/94 348/231/4 340/222/4
f 342/224/95 350/233/95 349/232/94 341/223/94
f 343/225/96 351/234/96 350/233/95 342/224/95
f 344/218/8 352/227/8 351/234/96 343/225/96
f 345/226/91 353/235/97 360/236/104 352/227/8
f 346/228/92 354/237/98 353/238/97 345/229/91
f 347/230/93 355/239/99 354/237/98 346/228/92
f 348/231/4 356/240/100 355/239/99 347/230/93
f 349/232/94 357/241/101 356/240/100 348/231/4
f 350/233/95 358/242/102 357/241/101 349/232/94
f 351/234/96 359/243/103 358/242/102 350/233/95
f 352/227/8 360/236/104 359/243/103 351/234/96
f 353/235/97 361/244/105 368/245/112 360/236/104
f 354/237/98 362/246/106 361/247/105 353/238/97
f 355/239/99 363/248/107 362/246/106 354/237/98
f 356/240/100 364/249/108 363/248/107 355/239/99
f 357/241/101 365/250/109 364/249/108 356/240/100
f 358/242/102 366/251/110 365/250/109 357/241/101
f 359/243/103 367/252/111 366/251/110 358/242/102
f 360/236/104 368/245/112 367/252/111 359/243/103
f 361/244/105 369/253/113 376/254/120 368/245/112
f 362/246/106 370/255/114 369/256/113 361/247/105
f 363/248/107 371/257/115 370/255/114 362/246/106
f 364/249/108 372/258/116 371/257/115 363/248/107
f 365/250/109 373/259/117 372/258/116 364/249/108
f 366/251/110 374/260/118 373/259/117 365/250/109
f 367/252/111 375/261/119 374/260/118 366/251/110
f 368/245/112 376/254/120 375/261/119 367/252/111
f 369/253/113 377/262/121 384/263/8 376/254/120
f 370/255/114 378/264/122 377/265/121 369/256/113
f 371/257/115 379/266/123 378/264/122 370/255/114
f 372/258/116 380/267/4 379/266/123 371/257/115
f 373/259/117 381/268/124 380/267/4 372/258/116
f 374/260/118 382/269/125 381/268/124 373/259/117
f 375/261/119 383/270/126 382/269/125 374/260/118
f 376/254/120 384/263/8 383/270/126 375/261/119
f 377/262/121 385/271/121 392/272/8 384/263/8
f 378/264/122 386/273/122 385/274/121 377/265/121
f 379/266/123 387/275/123 386/273/122 378/264/122
f 380/267/4 388/276/4 387/275/123 379/266/123
f 381/268/124 389/277/124 388/276/4 380/267/4
f 382/269/125 390/278/125 389/277/124 381/268/124
f 383/270/126 391/279/126 390/278/125 382/269/125
f 384/263/8 392/272/8 391/279/126 383/270/126
f 385/271/121 393/280/121 400/281/8 392/272/8
f 386/273/122 394/282/122 393/283/121 385/274/121
f 387/275/123 395/284/123 394/282/122 386/273/122
f 388/276/4 396/285/4 395/284/123 387/275/123
f 389/277/124 397/286/124 396/285/4 388/276/4
f 390/278/125 398/287/125 397/286/124 389/277/124
f 391/279/126 399/288/126 398/287/125 390/278/125
f 392/272/8 400/281/8 399/288/126 391/279/126
f 393/280/121 401/289/121 408/290/8 400/281/8
f 394/282/122 402/291/122 401/292/121 393/283/121
f 395/284/123 403/293/123 402/291/122 394/282/122
f 396/285/4 404/294/4 403/293/123 395/284/123
f 397/286/124 405/295/124 404/294/4 396/285/4
f 398/287/125 406/296/125 405/295/124 397/286/124
f 399/288/126 407/297/126 406/296/125 398/287/125
f 400/281/8 408/290/8 407/297/126 399/288/126
f 401/289/121 409/298/127 416/299/134 408/290/8
f 402/291/122 410/300/128 409/301/127 401/292/121
f 403/293/123 411/302/129 410/300/128 402/291/122
f 404/294/4 412/303/130 411/302/129 403/293/123
f 405/295/124 413/304/131 412/303/130 404/294/4
f 406/296/125 414/305/132 413/304/131 405/295/124
f 407/297/126 415/306/133 414/305/132 406/296/125
f 408/290/8 416/299/134 415/306/133 407/297/126
f 409/298/127 417/307/135 424/308/142 416/299/134
f 410/300/128 418/309/136 417/310/135 409/301/127
f 411/302/129 419/311/137 418/309/136 410/300/128
f 412/303/130 420/312/138 419/311/137 411/302/129
f 413/304/131 421/313/139 420/312/138 412/303/130
f 414/305/132 422/314/140 421/313/139 413/304/131
f 415/306/133 423/315/141 422/314/140 414/305/132
f 416/299/134 424/308/142 423/315/141 415/306/133
f 417/307/135 425/316/143 432/317/150 424/308/142
f 418/309/136 426/318/144 425/319/143 417/310/135
f 419/311/137 427/320/145 426/318/144 418/309/136
f 420/312/138 428/321/146 427/320/145 419/311/137
f 421/313/139 429/322/147 428/321/146 420/312/138
f 422/314/140 430/323/148 429/322/147 421/313/139
f 423/315/141 431/324/149 430/323/148 422/314/140
f 424/308/142 432/317/150 431/324/149 423/315/141
f 425/316/143 433/325/151 440/326/8 432/317/150
f 426/318/144 434/327/152 433/328/151 425/319/143
f 427/320/145 435/329/153 434/327/152 426/318/144
f 428/321/146 436/330/4 435/329/153 427/320/145
f 429/322/147 437/331/154 436/330/4 428/321/146
f 430/323/148 438/332/155 437/331/154 429/322/147
f 431/324/149 439/333/156 438/332/155 430/323/148
f 432/317/150 440/326/8 439/333/156 431/324/149
f 433/325/151 441/334/151 448/335/8 440/326/8
f 434/327/152 442/336/152 441/337/151 433/328/151
f 435/329/153 443/338/153 442/336/152 434/327/152
f 436/330/4 444/339/4 443/338/153 435/329/153
f 437/331/154 445/340/154 444/339/4 436/330/4
f 438/332/155 446/341/155 445/340/154 437/331/154
f 439/333/156 447/342/156 446/341/155 438/332/155
f 440/326/8 448/335/8 447/342/156 439/333/156
f 441/334/151 449/19/151 456/20/8 448/335/8
f 442/336/152 450/21/152 449/22/151 441/337/151
f 443/338/153 451/23/153 450/21/152 442/336/152
f 444/339/4 452/24/4 451/23/153 443/338/153
f 445/340/154 453/25/154 452/24/4 444/339/4
f 446/341/155 454/26/155 453/25/154 445/340/154
f 447/342/156 455/27/156 454/26/155 446/341/155
f 448/335/8 456/20/8 455/27/156 447/342/156
f 449/19/151 457/343/151 464/344/8 456/20/8
f 450/21/152 458/345/152 457/346/151 449/22/151
f 451/23/153 459/347/153 458/345/152 450/21/152
f 452/24/4 460/348/4 459/347/153 451/23/153
f 453/25/154 461/349/154 460/348/4 452/24/4
f 454/26/155 462/350/155 461/349/154 453/25/154
f 455/27/156 463/351/156 462/350/155 454/26/155
f 456/20/8 464/344/8 463/351/156 455/27/156
f 457/343/151 465/352/157 472/353/164 464/344/8
f 458/345/152 466/354/158 465/355/157 457/346/151
f 459/347/153 467/356/159 466/354/158 458/345/152
f 460/348/4 468/357/160 467/356/159 459/347/153
f 461/349/154 469/358/161 468/357/160 460/348/4
f 462/350/155 470/359/162 469/358/161 461/349/154
f 463/351/156 471/360/163 470/359/162 462/350/155
f 464/344/8 472/353/164 471/360/163 463/351/156
f 465/352/157 473/361/165 480/362/172 472/353/164
f 466/354/158 474/363/166 473/364/165 465/355/157
f 467/356/159 475/365/167 474/363/166 466/354/158
f 468/357/160 476/366/168 475/365/167 467/356/159
f 469/358/161 477/367/169 476/366/168 468/357/160
f 470/359/162 478/368/170 477/367/169 469/358/161
f 471/360/163 479/369/171 478/368/170 470/359/162
f 472/353/164 480/362/172 479/369/171 471/360/163
f 473/361/165 481/370/173 488/371/180 480/362/172
f 474/363/166 482/372/174 481/373/173 473/364/165
f 475/365/167 483/374/175 482/372/174 474/363/166
f 476/366/168 484/375/176 483/374/175 475/365/167
f 477/367/169 485/376/177 484/375/176 476/366/168
f 478/368/170 486/377/178 485/376/177 477/367/169
f 479/369/171 487/378/179 486/377/178 478/368/170
f 480/362/172 488/371/180 487/378/179 479/369/171
f 481/370/173 489/379/181 496/380/8 488/371/180
f 482/372/174 490/381/182 489/382/181 481/373/173
f 483/374/175 491/383/183 490/381/182 482/372/174
f 484/375/176 492/384/4 491/383/183 483/374/175
f 485/376/177 493/385/184 492/384/4 484/375/176
f 486/377/178 494/386/185 493/385/184 485/376/177
f 487/378/179 495/387/186 494/386/185 486/377/178
f 488/371/180 496/380/8 495/387/186 487/378/179
f 489/379/181 497/388/181 504/389/8 496/380/8
f 490/381/182 498/390/182 497/391/181 489/382/181
f 491/383/183 499/392/183 498/390/182 490/381/182
f 492/384/4 500/393/4 499/392/183 491/383/183
f 493/385/184 501/394/184 500/393/4 492/384/4
f 494/386/185 502/395/185 501/394/184 493/385/184
f 495/387/186 503/396/186 502/395/185 494/386/185
f 496/380/8 504/389/8 503/396/186 495/387/186
f 497/388/181 505/397/181 512/398/8 504/389/8
f 498/390/182 506/399/182 505/400/181 497/391/181
f 499/392/183 507/401/183 506/399/182 498/390/182
f 500/393/4 508/402/4 507/401/183 499/392/183
f 501/394/184 509/403/184 508/402/4 500/393/4
f 502/395/185 510/404/185 509/403/184 501/394/184
f 503/396/186 511/405/186 510/404/185 502/395/185
f 504/389/8 512/398/8 511/405/186 503/396/186
f 505/397/181 513/406/181 520/407/8 512/398/8
f 506/399/182 514/408/182 513/409/181 505/400/181
f 507/401/183 515/410/183 514/408/182 506/399/182
f 508/402/4 516/411/4 515/410/183 507/401/183
f 509/403/184 517/412/184 516/411/4 508/402/4
f 510/404/185 518/413/185 517/412/184 509/403/184
f 511/405/186 519/414/186 518/413/185 510/404/185
f 512/398/8 520/407/8 519/414/186 511/405/186
f 513/406/181 521/415/187 528/416/194 520/407/8
f 514/408/182 522/417/188 521/418/187 513/409/181
f 515/410/183 523/419/189 522/417/188 514/408/182
f 516/411/4 524/420/190 523/419/189 515/410/183
f 517/412/184 525/421/191 524/420/190 516/411/4
f 518/413/185 526/422/192 525/421/191 517/412/184
f 519/414/186 527/423/193 526/422/192 518/413/185
f 520/407/8 528/416/194 527/423/193 519/414/186
f 521/415/187 529/424/195 536/425/202 528/416/194
f 522/417/188 530/426/196 529/427/195 521/418/187
f 523/419/189 531/428/197 530/426/196 522/417/188
f 524/420/190 532/429/198 531/428/197 523/419/189
f 525/421/191 533/430/199 532/429/198 524/420/190
f 526/422/192 534/431/200 533/430/199 525/421/191
f 527/423/193 535/432/201 534/431/200 526/422/192
f 528/416/194 536/425/202 535/432/201 527/423/193
f 529/424/195 537/433/203 544/434/210 536/425/202
f 530/426/196 538/435/204 537/436/203 529/427/195
f 531/428/197 539/437/205 538/435/204 530/426/196
f 532/429/198 540/438/206 539/437/205 531/428/197
f 533/430/199 541/439/207 540/438/206 532/429/198
f 534/431/200 542/440/208 541/439/207 533/430/199
f 535/432/201 543/441/209 542/440/208 534/431/200
f 536/425/202 544/434/210 543/441/209 535/432/201
f 537/433/203 545/442/211 552/443/8 544/434/210
f 538/435/204 546/444/212 545/445/211 537/436/203
f 539/437/205 547/446/213 546/444/212 538/435/204
f 540/438/206 548/447/4 547/446/213 539/437/205
f 541/439/207 549/448/214 548/447/4 540/438/206
f 542/440/208 550/449/215 549/448/214 541/439/207
f 543/441/209 551/450/216 550/449/215 542/440/208
f 544/434/210 552/443/8 551/450/216 543/441/209
f 545/442/211 553/451/211 560/452/8 552/443/8
f 546/444/212 554/453/212 553/454/211 545/445/211
f 547/446/213 555/455/213 554/453/212 546/444/212
f 548/447/4 556/456/4 555/455/213 547/446/213
f 549/448/214 557/457/214 556/456/4 548/447/4
f 550/449/215 558/458/215 557/457/214 549/448/214
f 551/450/216 559/459/216 558/458/215 550/449/215
f 552/443/8 560/452/8 559/459/216 551/450/216
f 553/451/211 561/460/211 568/461/8 560/452/8
f 554/453/212 562/462/212 561/463/211 553/454/211
f 555/455/213 563/464/213 562/462/212 554/453/212
f 556/456/4 564/465/4 563/464/213 555/455/213
f 557/457/214 565/466/214 564/465/4 556/456/4
f 558/458/215 566/467/215 565/466/214 557/457/214
f 559/459/216 567/468/216 566/467/215 558/458/215
f 560/452/8 568/461/8 567/468/216 559/459/216
f 561/460/211 569/469/211 576/470/8 568/461/8
f 562/462/212 570/471/212 569/472/211 561/463/211
f 563/464/213 571/473/213 570/471/212 562/462/212
f 564/465/4 572/474/4 571/473/213 563/464/213
f 565/466/214 573/475/214 572/474/4 564/465/4
f 566/467/215 574/476/215 573/475/214 565/466/214
f 567/468/216 575/477/216 574/476/215 566/467/215
f 568/461/8 576/470/8 575/477/216 567/468/216
f 569/469/211 577/28/217 584/29/224 576/470/8
f 570/471/212 578/30/218 577/31/217 569/472/211
f 571/473/213 579/32/219 578/30/218 570/471/212
f 572/474/4 580/33/220 579/32/219 571/473/213
f 573/475/214 581/34/221 580/33/220 572/474/4
f 574/476/215 582/35/222 581/34/221 573/475/214
f 575/477/216 583/36/223 582/35/222 574/476/215
f 576/470/8 584/29/224 583/36/223 575/477/216
f 577/28/217 585/478/225 592/479/232 584/29/224
f 578/30/218 586/480/226 585/481/225 577/31/217
f 579/32/219 587/482/227 586/480/226 578/30/218
f 580/33/220 588/483/228 587/482/227 579/32/219
f 581/34/221 589/484/229 588/483/228 580/33/220
f 582/35/222 590/485/230 589/484/229 581/34/221
f 583/36/223 591/486/231 590/485/230 582/35/222
f 584/29/224 592/479/232 591/486/231 583/36/223
f 585/478/225 593/487/233 600/488/240 592/479/232
f 586/480/226 594/489/234 593/490/233 585/481/225
f 587/482/227 595/491/235 594/489/234 586/480/226
f 588/483/228 596/492/236 595/491/235 587/482/227
f 589/484/229 597/493/237 596/492/236 588/483/228
f 590/485/230 598/494/238 597/493/237 589/484/229
f 591/486/231 599/495/239 598/494/238 590/485/230
f 592/479/232 600/488/240 599/495/239 591/486/231
f 593/487/233 601/496/241 608/497/8 600/488/240
f 594/489/234 602/498/242 601/499/241 593/490/233
f 595/491/235 603/500/243 602/498/242 594/489/234
f 596/492/236 604/501/4 603/500/243 595/491/235
f 597/493/237 605/502/244 604/501/4 596/492/236
f 598/494/238 606/503/245 605/502/244 597/493/237
f 599/495/239 607/504/246 606/503/245 598/494/238
f 600/488/240 608/497/8 607/504/246 599/495/239
f 601/496/241 609/505/241 616/506/8 608/497/8
f 602/498/242 610/507/242 609/508/241 601/499/241
f 603/500/243 611/509/243 610/507/242 602/498/242
f 604/501/4 612/510/4 611/509/243 603/500/243
f 605/502/244 613/511/244 612/510/4 604/501/4
f 606/503/245 614/512/245 613/511/244 605/502/244
f 607/504/246 615/513/246 614/512/245 606/503/245
f 608/497/8 616/506/8 615/513/246 607/504/246
f 609/505/241 617/514/241 624/515/8 616/506/8
f 610/507/242 618/516/242 617/517/241 609/508/241
f 611/509/243 619/518/243 618/516/242 610/507/242
f 612/510/4 620/519/4 619/518/243 611/509/243
f 613/511/244 621/520/244 620/519/4 612/510/4
f 614/512/245 622/521/245 621/520/244 613/511/244
f 615/513/246 623/522/246 622/521/245 614/512/245
f 616/506/8 624/515/8 623/522/246 615/513/246
f 617/514/241 625/523/241 632/524/8 624/515/8
f 618/516/242 626/525/242 625/526/241 617/517/241
f 619/518/243 627/527/243 626/525/242 618/516/242
f 620/519/4 628/528/4 627/527/243 619/518/243
f 621/520/244 629/529/244 628/528/4 620/519/4
f 622/521/245 630/530/245 629/529/244 621/520/244
f 623/522/246 631/531/246 630/530/245 622/521/245
f 624/515/8 632/524/8 631/531/246 623/522/246
f 625/523/241 633/532/247 640/533/253 632/524/8
f 626/525/242 634/534/51 633/535/247 625/526/241
f 627/527/243 635/536/248 634/534/51 626/525/242
f 628/528/4 636/537/249 635/536/248 627/527/243
f 629/529/244 637/538/250 636/537/249 628/528/4
f 630/530/245 638/539/251 637/538/250 629/529/244
f 631/531/246 639/540/252 638/539/251 630/530/245
f 632/524/8 640/533/253 639/540/252 631/531/246
f 633/532/247 641/541/254 648/542/261 640/533/253
f 634/534/51 642/543/255 641/544/254 633/535/247
f 635/536/248 643/545/256 642/543/255 634/534/51
f 636/537/249 644/546/257 643/545/256 635/536/248
f 637/538/250 645/547/258 644/546/257 636/537/249
f 638/539/251 646/548/259 645/547/258 637/538/250
f 639/540/252 647/549/260 646/548/259 638/539/251
f 640/533/253 648/542/261 647/549/260 639/540/252
f 641/541/254 649/550/262 656/551/269 648/542/261
f 642/543/255 650/552/263 649/553/262 641/544/254
f 643/545/256 651/554/264 650/552/263 642/543/255
f 644/546/257 652/555/265 651/554/264 643/545/256
f 645/547/258 653/556/266 652/555/265 644/546/257
f 646/548/259 654/557/267 653/556/266 645/547/258
f 647/549/260 655/558/268 654/557/267 646/548/259
f 648/542/261 656/551/269 655/558/268 647/549/260
f 649/550/262 657/559/270 664/560/8 656/551/269
f 650/552/263 658/561/271 657/562/270 649/553/262
f 651/554/264 659/563/272 658/561/271 650/552/263
f 652/555/265 660/564/4 659/563/272 651/554/264
f 653/556/266 661/565/273 660/564/4 652/555/265
f 654/557/267 662/566/274 661/565/273 653/556/266
f 655/558/268 663/567/275 662/566/274 654/557/267
f 656/551/269 664/560/8 663/567/275 655/558/268
f 657/559/270 665/568/270 672/569/8 664/560/8
f 658/561/271 666/570/271 665/571/270 657/562/270
f 659/563/272 667/572/272 666/570/271 658/561/271
f 660/564/4 668/573/4 667/572/272 659/563/272
f 661/565/273 669/574/273 668/573/4 660/564/4
f 662/566/274 670/575/274 669/574/273 661/565/273
f 663/567/275 671/576/275 670/575/274 662/566/274
f 664/560/8 672/569/8 671/576/275 663/567/275
f 665/568/270 673/577/270 680/578/8 672/569/8
f 666/570/271 674/579/271 673/580/270 665/571/270
f 667/572/272 675/581/272 674/579/271 666/570/271
f 668/573/4 676/582/4 675/581/272 667/572/272
f 669/574/273 677/583/273 676/582/4 668/573/4
f 670/575/274 678/584/274 677/583/273 669/574/273
f 671/576/275 679/585/275 678/584/274 670/575/274
f 672/569/8 680/578/8 679/585/275 671/576/275
f 673/577/270 681/586/270 688/587/8 680/578/8
f 674/579/271 682/588/271 681/589/270 673/580/270
f 675/581/272 683/590/272 682/588/271 674/579/271
f 676/582/4 684/591/4 683/590/272 675/581/272
f 677/583/273 685/592/273 684/591/4 676/582/4
f 678/584/274 686/593/274 685/592/273 677/583/273
f 679/585/275 687/594/275 686/593/274 678/584/274
f 680/578/8 688/587/8 687/594/275 679/585/275
f 681/586/270 689/595/276 696/596/283 688/587/8
f 682/588/271 690/597/277 689/598/276 681/589/270
f 683/590/272 691/599/278 690/597/277 682/588/271
f 684/591/4 692/600/279 691/599/278 683/590/272
f 685/592/273 693/601/280 692/600/279 684/591/4
f 686/593/274 694/602/281 693/601/280 685/592/273
f 687/594/275 695/603/282 694/602/281 686/593/274
f 688/587/8 696/596/283 695/603/282 687/594/275
f 689/595/276 697/604/284 704/605/291 696/596/283
f 690/597/277 698/606/285 697/607/284 689/598/276
f 691/599/278 699/608/286 698/606/285 690/597/277
f 692/600/279 700/609/287 699/608/286 691/599/278
f 693/601/280 701/610/288 700/609/287 692/600/279
f 694/602/281 702/611/289 701/610/288 693/601/280
f 695/603/282 703/612/290 702/611/289 694/602/281
f 696/596/283 704/605/291 703/612/290 695/603/282
f 697/604/284 705/37/292 712/38/299 704/605/291
f 698/606/285 706/39/293 705/40/292 697/607/284
f 699/608/286 707/41/294 706/39/293 698/606/285
f 700/609/287 708/42/295 707/41/294 699/608/286
f 701/610/288 709/43/296 708/42/295 700/609/287
f 702/611/289 710/44/297 709/43/296 701/610/288
f 703/612/290 711/45/298 710/44/297 702/611/289
f 704/605/291 712/38/299 711/45/298 703/612/290
f 705/37/292 713/613/300 720/614/8 712/38/299
f 706/39/293 714/615/301 713/616/300 705/40/292
f 707/41/294 715/617/302 714/615/301 706/39/293
f 708/42/295 716/618/4 715/617/302 707/41/294
f 709/43/296 717/619/303 716/618/4 708/42/295
f 710/44/297 718/620/304 717/619/303 709/43/296
f 711/45/298 719/621/305 718/620/304 710/44/297
f 712/38/299 720/614/8 719/621/305 711/45/298
f 713/613/300 721/622/300 728/623/8 720/614/8
f 714/615/301 722/624/301 721/625/300 713/616/300
f 715/617/302 723/626/302 722/624/301 714/615/301
f 716/618/4 724/627/4 723/626/302 715/617/302
f 717/619/303 725/628/303 724/627/4 716/618/4
f 718/620/304 726/629/304 725/628/303 717/619/303
f 719/621/305 727/630/306 726/629/304 718/620/304
f 720/614/8 728/623/8 727/630/306 719/621/305
f 721/622/300 729/631/300 736/632/8 728/623/8
f 722/624/301 730/633/301 729/634/300 721/625/300
f 723/626/302 731/635/302 730/633/301 722/624/301
f 724/627/4 732/636/4 731/635/302 723/626/302
f 725/628/303 733/637/303 732/636/4 724/627/4
f 726/629/304 734/638/304 733/637/303 725/628/303
f 727/630/306 735/639/305 734/638/304 726/629/304
f 728/623/8 736/632/8 735/639/305 727/630/306
f 729/631/300 737/640/300 744/641/8 736/632/8
f 730/633/301 738/642/307 737/643/300 729/634/300
f 731/635/302 739/644/302 738/642/307 730/633/301
f 732/636/4 740/645/4 739/644/302 731/635/302
f 733/637/303 741/646/303 740/645/4 732/636/4
f 734/638/304 742/647/308 741/646/303 733/637/303
f 735/639/305 743/648/305 742/647/308 734/638/304
f 736/632/8 744/641/8 743/648/305 735/639/305
f 737/640/300 745/649/309 752/650/316 744/641/8
f 738/642/307 746/651/310 745/652/309 737/643/300
f 739/644/302 747/653/311 746/651/310 738/642/307
f 740/645/4 748/654/312 747/653/311 739/644/302
f 741/646/303 749/655/313 748/654/312 740/645/4
f 742/647/308 750/656/314 749/655/313 741/646/303
f 743/648/305 751/657/315 750/656/314 742/647/308
f 744/641/8 752/650/316 751/657/315 743/648/305
f 745/649/309 753/658/317 760/659/324 752/650/316
f 746/651/310 754/660/318 753/661/317 745/652/309
f 747/653/311 755/662/319 754/660/318 746/651/310
f 748/654/312 756/663/320 755/662/319 747/653/311
f 749/655/313 757/664/321 756/663/320 748/654/312
f 750/656/314 758/665/322 757/664/321 749/655/313
f 751/657/315 759/666/323 758/665/322 750/656/314
f 752/650/316 760/659/324 759/666/323 751/657/315
f 753/658/317 761/667/325 768/668/332 760/659/324
f 754/660/318 762/669/326 761/670/325 753/661/317
f 755/662/319 763/671/327 762/669/326 754/660/318
f 756/663/320 764/672/328 763/671/327 755/662/319
f 757/664/321 765/673/329 764/672/328 756/663/320
f 758/665/322 766/674/330 765/673/329 757/664/321
f 759/666/323 767/675/331 766/674/330 758/665/322
f 760/659/324 768/668/332 767/675/331 759/666/323
f 761/667/325 769/676/333 776/677/8 768/668/332
f 762/669/326 770/678/334 769/679/333 761/670/325
f 763/671/327 771/680/335 770/678/334 762/669/326
f 764/672/328 772/681/4 771/680/335 763/671/327
f 765/673/329 773/682/336 772/681/4 764/672/328
f 766/674/330 774/683/337 773/682/336 765/673/329
f 767/675/331 775/684/338 774/683/337 766/674/330
f 768/668/332 776/677/8 775/684/338 767/675/331
f 769/676/333 777/685/333 784/686/8 776/677/8
f 770/678/334 778/687/334 777/688/333 769/679/333
f 771/680/335 779/689/335 778/687/334 770/678/334
f 772/681/4 780/690/4 779/689/335 771/680/335
f 773/682/336 781/691/336 780/690/4 772/681/4
f 774/683/337 782/692/337 781/691/336 773/682/336
f 775/684/338 783/693/338 782/692/337 774/683/337
f 776/677/8 784/686/8 783/693/338 775/684/338
f 777/685/333 785/694/333 792/695/8 784/686/8
f 778/687/334 786/696/334 785/697/333 777/688/333
f 779/689/335 787/698/335 786/696/334 778/687/334
f 780/690/4 788/699/4 787/698/335 779/689/335
f 781/691/336 789/700/336 788/699/4 780/690/4
f 782/692/337 790/701/337 789/700/336 781/691/336
f 783/693/338 791/702/338 790/701/337 782/692/337
f 784/686/8 792/695/8 791/702/338 783/693/338
f 785/694/333 793/703/333 800/704/8 792/695/8
f 786/696/334 794/705/334 793/706/333 785/697/333
f 787/698/335 795/707/335 794/705/334 786/696/334
f 788/699/4 796/708/4 795/707/335 787/698/335
f 789/700/336 797/709/336 796/708/4 788/699/4
f 790/701/337 798/710/337 797/709/336 789/700/336
f 791/702/338 799/711/338 798/710/337 790/701/337
f 792/695/8 800/704/8 799/711/338 791/702/338
f 793/703/333 801/712/339 808/713/346 800/704/8
f 794/705/334 802/714/340 801/715/339 793/706/333
f 795/707/335 803/716/341 802/714/340 794/705/334
f 796/708/4 804/717/342 803/716/341 795/707/335
f 797/709/336 805/718/343 804/717/342 796/708/4
f 798/710/337 806/719/344 805/718/343 797/709/336
f 799/711/338 807/720/345 806/719/344 798/710/337
f 800/704/8 808/713/346 807/720/345 799/711/338
f 801/712/339 809/721/347 816/722/354 808/713/346
f 802/714/340 810/723/348 809/724/347 801/715/339
f 803/716/341 811/725/349 810/723/348 802/714/340
f 804/717/342 812/726/350 811/725/349 803/716/341
f 805/718/343 813/727/351 812/726/350 804/717/342
f 806/719/344 814/728/352 813/727/351 805/718/343
f 807/720/345 815/729/353 814/728/352 806/719/344
f 808/713/346 816/722/354 815/729/353 807/720/345
f 809/721/347 817/730/355 824/731/362 816/722/354
f 810/723/348 818/732/356 817/733/355 809/724/347
f 811/725/349 819/734/357 818/732/356 810/723/348
f 812/726/350 820/735/358 819/734/357 811/725/349
f 813/727/351 821/736/359 820/735/358 812/726/350
f 814/728/352 822/737/360 821/736/359 813/727/351
f 815/729/353 823/738/361 822/737/360 814/728/352
f 816/722/354 824/731/362 823/738/361 815/729/353
f 817/730/355 825/739/363 832/740/8 824/731/362
f 818/732/356 826/741/364 825/742/363 817/733/355
f 819/734/357 827/743/365 826/741/364 818/732/356
f 820/735/358 828/744/4 827/743/365 819/734/357
f 821/736/359 829/745/366 828/744/4 820/735/358
f 822/737/360 830/746/367 829/745/366 821/736/359
f 823/738/361 831/747/368 830/746/367 822/737/360
f 824/731/362 832/740/8 831/747/368 823/738/361
f 825/739/363 833/46/363 840/47/8 832/740/8
f 826/741/364 834/48/364 833/49/363 825/742/363
f 827/743/365 835/50/365 834/48/364 826/741/364
f 828/744/4 836/51/4 835/50/365 827/743/365
f 829/745/366 837/52/366 836/51/4 828/744/4
f 830/746/367 838/53/367 837/52/366 829/745/366
f 831/747/368 839/54/368 838/53/367 830/746/367
f 832/740/8 840/47/8 839/54/368 831/747/368
f 833/46/363 841/748/363 848/749/8 840/47/8
f 834/48/364 842/750/364 841/751/363 833/49/363
f 835/50/365 843/752/365 842/750/364 834/48/364
f 836/51/4 844/753/4 843/752/365 835/50/365
f 837/52/366 845/754/366 844/753/4 836/51/4
f 838/53/367 846/755/367 845/754/366 837/52/366
f 839/54/368 847/756/368 846/755/367 838/53/367
f 840/47/8 848/749/8 847/756/368 839/54/368
f 841/748/363 849/757/363 856/758/8 848/749/8
f 842/750/364 850/759/364 849/760/363 841/751/363
f 843/752/365 851/761/365 850/759/364 842/750/364
f 844/753/4 852/762/4 851/761/365 843/752/365
f 845/754/366 853/763/366 852/762/4 844/753/4
f 846/755/367 854/764/367 853/763/366 845/754/366
f 847/756/368 855/765/368 854/764/367 846/755/367
f 848/749/8 856/758/8 855/765/368 847/756/368
f 849/757/363 857/766/369 864/767/376 856/758/8
f 850/759/364 858/768/370 857/769/369 849/760/363
f 851/761/365 859/770/371 858/768/370 850/759/364
f 852/762/4 860/771/372 859/770/371 851/761/365
f 853/763/366 861/772/373 860/771/372 852/762/4
f 854/764/367 862/773/374 861/772/373 853/763/366
f 855/765/368 863/774/375 862/773/374 854/764/367
f 856/758/8 864/767/376 863/774/375 855/765/368
f 857/766/369 865/775/377 872/776/384 864/767/376
f 858/768/370 866/777/378 865/778/377 857/769/369
f 859/770/371 867/779/379 866/777/378 858/768/370
f 860/771/372 868/780/380 867/779/379 859/770/371
f 861/772/373 869/781/381 868/780/380 860/771/372
f 862/773/374 870/782/382 869/781/381 861/772/373
f 863/774/375 871/783/383 870/782/382 862/773/374
f 864/767/376 872/776/384 871/783/383 863/774/375
f 865/775/377 873/784/385 880/785/392 872/776/384
f 866/777/378 874/786/386 873/787/385 865/778/377
f 867/779/379 875/788/387 874/786/386 866/777/378
f 868/780/380 876/789/388 875/788/387 867/779/379
f 869/781/381 877/790/389 876/789/388 868/780/380
f 870/782/382 878/791/390 877/790/389 869/781/381
f 871/783/383 879/792/391 878/791/390 870/782/382
f 872/776/384 880/785/392 879/792/391 871/783/383
f 873/784/385 881/793/393 888/794/8 880/785/392
f 874/786/386 882/795/394 881/796/393 873/787/385
f 875/788/387 883/797/395 882/795/394 874/786/386
f 876/789/388 884/798/4 883/797/395 875/788/387
f 877/790/389 885/799/396 884/798/4 876/789/388
f 878/791/390 886/800/397 885/799/396 877/790/389
f 879/792/391 887/801/398 886/800/397 878/791/390
f 880/785/392 888/794/8 887/801/398 879/792/391
f 881/793/393 889/802/393 896/803/8 888/794/8
f 882/795/394 890/804/394 889/805/393 881/796/393
f 883/797/395 891/806/399 890/804/394 882/795/394
f 884/798/4 892/807/4 891/806/399 883/797/395
f 885/799/396 893/808/396 892/807/4 884/798/4
f 886/800/397 894/809/397 893/808/396 885/799/396
f 887/801/398 895/810/398 894/809/397 886/800/397
f 888/794/8 896/803/8 895/810/398 887/801/398
f 889/802/393 897/811/393 904/812/8 896/803/8
f 890/804/394 898/813/394 897/814/393 889/805/393
f 891/806/399 899/815/395 898/813/394 890/804/394
f 892/807/4 900/816/4 899/815/395 891/806/399
f 893/808/396 901/817/396 900/816/4 892/807/4
f 894/809/397 902/818/397 901/817/396 893/808/396
f 895/810/398 903/819/398 902/818/397 894/809/397
f 896/803/8 904/812/8 903/819/398 895/810/398
f 897/811/393 905/820/393 912/821/8 904/812/8
f 898/813/394 906/822/394 905/823/393 897/814/393
f 899/815/395 907/824/395 906/822/394 898/813/394
f 900/816/4 908/825/4 907/824/395 899/815/395
f 901/817/396 909/826/396 908/825/4 900/816/4
f 902/818/397 910/827/397 909/826/396 901/817/396
f 903/819/398 911/828/398 910/827/397 902/818/397
f 904/812/8 912/821/8 911/828/398 903/819/398
f 905/820/393 913/829/400 920/830/407 912/821/8
f 906/822/394 914/831/401 913/832/400 905/823/393
f 907/824/395 915/833/402 914/831/401 906/822/394
f 908/825/4 916/834/403 915/833/402 907/824/395
f 909/826/396 917/835/404 916/834/403 908/825/4
f 910/827/397 918/836/405 917/835/404 909/826/396
f 911/828/398 919/837/406 918/836/405 910/827/397
f 912/821/8 920/830/407 919/837/406 911/828/398
f 913/829/400 921/838/408 928/839/415 920/830/407
f 914/831/401 922/840/409 921/841/408 913/832/400
f 915/833/402 923/842/410 922/840/409 914/831/401
f 916/834/403 924/843/411 923/842/410 915/833/402
f 917/835/404 925/844/412 924/843/411 916/834/403
f 918/836/405 926/845/413 925/844/412 917/835/404
f 919/837/406 927/846/414 926/845/413 918/836/405
f 920/830/407 928/839/415 927/846/414 919/837/406
f 921/838/408 929/847/416 936/848/423 928/839/415
f 922/840/409 930/849/417 929/850/416 921/841/408
f 923/842/410 931/851/418 930/849/417 922/840/409
f 924/843/411 932/852/419 931/851/418 923/842/410
f 925/844/412 933/853/420 932/852/419 924/843/411
f 926/845/413 934/854/421 933/853/420 925/844/412
f 927/846/414 935/855/422 934/854/421 926/845/413
f 928/839/415 936/848/423 935/855/422 927/846/414
f 929/847/416 937/856/424 944/857/8 936/848/423
f 930/849/417 938/858/425 937/859/424 929/850/416
f 931/851/418 939/860/426 938/858/425 930/849/417
f 932/852/419 940/861/4 939/860/426 931/851/418
f 933/853/420 941/862/427 940/861/4 932/852/419
f 934/854/421 942/863/428 941/862/427 933/853/420
f 935/855/422 943/864/429 942/863/428 934/854/421
f 936/848/423 944/857/8 943/864/429 935/855/422
f 937/856/424 945/865/424 952/866/8 944/857/8
f 938/858/425 946/867/425 945/868/424 937/859/424
f 939/860/426 947/869/426 946/867/425 938/858/425
f 940/861/4 948/870/4 947/869/426 939/860/426
f 941/862/427 949/871/427 948/870/4 940/861/4
f 942/863/428 950/872/428 949/871/427 941/862/427
f 943/864/429 951/873/429 950/872/428 942/863/428
f 944/857/8 952/866/8 951/873/429 943/864/429
f 945/865/424 953/874/424 960/875/8 952/866/8
f 946/867/425 954/876/425 953/877/424 945/868/424
f 947/869/426 955/878/426 954/876/425 946/867/425
f 948/870/4 956/879/4 955/878/426 947/869/426
f 949/871/427 957/880/427 956/879/4 948/870/4
f 950/872/428 958/881/428 957/880/427 949/871/427
f 951/873/429 959/882/429 958/881/428 950/872/428
f 952/866/8 960/875/8 959/882/429 951/873/429
f 953/874/424 961/55/424 968/56/8 960/875/8
f 954/876/425 962/57/425 961/58/424 953/877/424
f 955/878/426 963/59/426 962/57/425 954/876/425
f 956/879/4 964/60/4 963/59/426 955/878/426
f 957/880/427 965/61/427 964/60/4 956/879/4
f 958/881/428 966/62/428 965/61/427 957/880/427
f 959/882/429 967/63/429 966/62/428 958/881/428
f 960/875/8 968/56/8 967/63/429 959/882/429
f 961/55/424 969/883/430 976/884/437 968/56/8
f 962/57/425 970/885/431 969/886/430 961/58/424
f 963/59/426 971/887/432 970/885/431 962/57/425
f 964/60/4 972/888/433 971/887/432 963/59/426
f 965/61/427 973/889/434 972/888/433 964/60/4
f 966/62/428 974/890/435 973/889/434 965/61/427
f 967/63/429 975/891/436 974/890/435 966/62/428
f 968/56/8 976/884/437 975/891/436 967/63/429
f 969/883/430 977/892/438 984/893/445 976/884/437
f 970/885/431 978/894/439 977/895/438 969/886/430
f 971/887/432 979/896/440 978/894/439 970/885/431
f 972/888/433 980/897/441 979/896/440 971/887/432
f 973/889/434 981/898/442 980/897/441 972/888/433
f 974/890/435 982/899/443 981/898/442 973/889/434
f 975/891/436 983/900/444 982/899/443 974/890/435
f 976/884/437 984/893/445 983/900/444 975/891/436
f 977/892/438 985/901/446 992/902/453 984/893/445
f 978/894/439 986/903/447 985/904/446 977/895/438
f 979/896/440 987/905/448 986/903/447 978/894/439
f 980/897/441 988/906/449 987/905/448 979/896/440
f 981/898/442 989/907/450 988/906/449 980/897/441
f 982/899/443 990/908/451 989/907/450 981/898/442
f 983/900/444 991/909/452 990/908/451 982/899/443
f 984/893/445 992/902/453 991/909/452 983/900/444
f 985/901/446 993/910/454 1000/911/8 992/902/453
f 986/903/447 994/912/455 993/913/454 985/904/446
f 987/905/448 995/914/456 994/912/455 986/903/447
f 988/906/449 996/915/4 995/914/456 987/905/448
f 989/907/450 997/916/457 996/915/4 988/906/449
f 990/908/451 998/917/458 997/916/457 989/907/450
f 991/909/452 999/918/459 998/917/458 990/908/451
f 992/902/453 1000/911/8 999/918/459 991/909/452
f 993/910/454 1001/919/454 1008/920/8 1000/911/8
f 994/912/455 1002/921/455 1001/922/454 993/913/454
f 995/914/456 1003/923/456 1002/921/455 994/912/455
f 996/915/4 1004/924/4 1003/923/456 995/914/456
f 997/916/457 1005/925/457 1004/924/4 996/915/4
f 998/917/458 1006/926/458 1005/925/457 997/916/457
f 999/918/459 1007/927/459 1006/926/458 998/917/458
f 1000/911/8 1008/920/8 1007/927/459 999/918/459
f 1001/919/454 1009/928/454 1016/929/8 1008/920/8
f 1002/921/455 1010/930/455 1009/931/454 1001/922/454
f 1003/923/456 1011/932/456 1010/930/455 1002/921/455
f 1004/924/4 1012/933/4 1011/932/456 1003/923/456
f 1005/925/457 1013/934/457 1012/933/4 1004/924/4
f 1006/926/458 1014/935/458 1013/934/457 1005/925/457
f 1007/927/459 1015/936/459 1014/935/458 1006/926/458
f 1008/920/8 1016/929/8 1015/936/459 1007/927/459
f 1009/928/454 1017/937/454 1024/938/8 1016/929/8
f 1010/930/455 1018/939/455 1017/940/454 1009/931/454
f 1011/932/456 1019/941/456 1018/939/455 1010/930/455
f 1012/933/4 1020/942/4 1019/941/456 1011/932/456
f 1013/934/457 1021/943/457 1020/942/4 1012/933/4
f 1014/935/458 1022/944/458 1021/943/457 1013/934/457
f 1015/936/459 1023/945/459 1022/944/458 1014/935/458
f 1016/929/8 1024/938/8 1023/945/459 1015/936/459
f 1017/937/454 1025/946/460 1032/947/467 1024/938/8
f 1018/939/455 1026/948/461 1025/949/460 1017/940/454
f 1019/941/456 1027/950/462 1026/948/461 1018/939/455
f 1020/942/4 1028/951/463 1027/950/462 1019/941/456
f 1021/943/457 1029/952/464 1028/951/463 1020/942/4
f 1022/944/458 1030/953/465 1029/952/464 1021/943/457
f 1023/945/459 1031/954/466 1030/953/465 1022/944/458
f 1024/938/8 1032/947/467 1031/954/466 1023/945/459
f 1025/946/460 1033/955/468 1040/956/475 1032/947/467
f 1026/948/461 1034/957/469 1033/958/468 1025/949/460
f 1027/950/462 1035/959/470 1034/957/469 1026/948/461
f 1028/951/463 1036/960/471 1035/959/470 1027/950/462
f 1029/952/464 1037/961/472 1036/960/471 1028/951/463
f 1030/953/465 1038/962/473 1037/961/472 1029/952/464
f 1031/954/466 1039/963/474 1038/962/473 1030/953/465
f 1032/947/467 1040/956/475 1039/963/474 1031/954/466
f 1033/955/468 1041/964/476 1048/965/483 1040/956/475
f 1034/957/469 1042/966/477 1041/967/476 1033/958/468
f 1035/959/470 1043/968/478 1042/966/477 1034/957/469
f 1036/960/471 1044/969/479 1043/968/478 1035/959/470
f 1037/961/472 1045/970/480 1044/969/479 1036/960/471
f 1038/962/473 1046/971/481 1045/970/480 1037/961/472
f 1039/963/474 1047/972/482 1046/971/481 1038/962/473
f 1040/956/475 1048/965/483 1047/972/482 1039/963/474
f 1041/964/476 1049/973/484 1056/974/8 1048/965/483
f 1042/966/477 1050/975/485 1049/976/484 1041/967/476
f 1043/968/478 1051/977/486 1050/975/485 1042/966/477
f 1044/969/479 1052/978/4 1051/977/486 1043/968/478
f 1045/970/480 1053/979/487 1052/978/4 1044/969/479
f 1046/971/481 1054/980/488 1053/979/487 1045/970/480
f 1047/972/482 1055/981/489 1054/980/488 1046/971/481
f 1048/965/483 1056/974/8 1055/981/489 1047/972/482
f 1049/973/484 1057/982/484 1064/983/8 1056/974/8
f 1050/975/485 1058/984/485 1057/985/484 1049/976/484
f 1051/977/486 1059/986/486 1058/984/485 1050/975/485
f 1052/978/4 1060/987/4 1059/986/486 1051/977/486
f 1053/979/487 1061/988/487 1060/987/4 1052/978/4
f 1054/980/488 1062/989/488 1061/988/487 1053/979/487
f 1055/981/489 1063/990/489 1062/989/488 1054/980/488
f 1056/974/8 1064/983/8 1063/990/489 1055/981/489
f 1057/982/484 1065/991/484 1072/992/8 1064/983/8
f 1058/984/485 1066/993/485 1065/994/484 1057/985/484
f 1059/986/486 1067/995/486 1066/993/485 1058/984/485
f 1060/987/4 1068/996/4 1067/995/486 1059/986/486
f 1061/988/487 1069/997/487 1068/996/4 1060/987/4
f 1062/989/488 1070/998/488 1069/997/487 1061/988/487
f 1063/990/489 1071/999/489 1070/998/488 1062/989/488
f 1064/983/8 1072/992/8 1071/999/489 1063/990/489
f 1065/991/484 1073/1000/484 1080/1001/8 1072/992/8
f 1066/993/485 1074/1002/485 1073/1003/484 1065/994/484
f 1067/995/486 1075/1004/486 1074/1002/485 1066/993/485
f 1068/996/4 1076/1005/4 1075/1004/486 1067/995/486
f 1069/997/487 1077/1006/487 1076/1005/4 1068/996/4
f 1070/998/488 1078/1007/488 1077/1006/487 1069/997/487
f 1071/999/489 1079/1008/489 1078/1007/488 1070/998/488
f 1072/992/8 1080/1001/8 1079/1008/489 1071/999/489
f 1073/1000/484 1081/1009/484 1088/1010/8 1080/1001/8
f 1074/1002/485 1082/1011/485 1081/1012/484 1073/1003/484
f 1075/1004/486 1083/1013/486 1082/1011/485 1074/1002/485
f 1076/1005/4 1084/1014/4 1083/1013/486 1075/1004/486
f 1077/1006/487 1085/1015/487 1084/1014/4 1076/1005/4
f 1078/1007/488 1086/1016/488 1085/1015/487 1077/1006/487
f 1079/1008/489 1087/1017/489 1086/1016/488 1078/1007/488
f 1080/1001/8 1088/1010/8 1087/1017/489 1079/1008/489
f 1081/1009/484 1089/64/484 1096/65/8 1088/1010/8
f 1082/1011/485 1090/66/485 1089/67/484 1081/1012/484
f 1083/1013/486 1091/68/486 1090/66/485 1082/1011/485
f 1084/1014/4 1092/69/4 1091/68/486 1083/1013/486
f 1085/1015/487 1093/70/487 1092/69/4 1084/1014/4
f 1086/1016/488 1094/71/488 1093/70/487 1085/1015/487
f 1087/1017/489 1095/72/489 1094/71/488 1086/1016/488
f 1088/1010/8 1096/65/8 1095/72/489 1087/1017/489
