# This file uses centimeters as units for non-parametric coordinates.

mtllib sconce lowpoly.mtl
g default
v -1.794001 4.160530 -8.982073
v -2.174094 4.309546 -8.982073
v -2.554188 4.160530 -8.982073
v -2.711634 3.800822 -8.982073
v -2.554188 3.441115 -8.982073
v -2.174094 3.292130 -8.982073
v -1.794001 3.441115 -8.982073
v -1.636554 3.800822 -8.982073
v -1.794001 4.160530 -8.860415
v -2.174094 4.309546 -8.860415
v -2.554188 4.160530 -8.860415
v -2.711634 3.800822 -8.860415
v -2.554188 3.441115 -8.860415
v -2.174094 3.292130 -8.860415
v -1.794001 3.441115 -8.860415
v -1.636554 3.800822 -8.860415
v -1.793326 4.161157 -7.845694
v -2.174094 4.310424 -7.845694
v -2.554862 4.161157 -7.845694
v -2.712574 3.800822 -7.845694
v -2.554862 3.440488 -7.845694
v -2.174094 3.291237 -7.845694
v -1.793326 3.440488 -7.845694
v -1.635614 3.800822 -7.845694
v -1.624394 4.321047 -8.360466
v -1.396687 3.800807 -8.360466
v -1.624379 3.280597 -8.360466
v -2.174094 3.065142 -8.360466
v -2.723809 3.280597 -8.360466
v -2.951502 3.800807 -8.360466
v -2.723809 4.321047 -8.360466
v -2.174094 4.536533 -8.360466
v -1.668551 4.279226 -8.635809
v -1.459161 3.800807 -8.635809
v -1.668551 3.322419 -8.635809
v -2.174094 3.124247 -8.635809
v -2.679637 3.322419 -8.635809
v -2.889028 3.800807 -8.635809
v -2.679637 4.279226 -8.635809
v -2.174094 4.477413 -8.635809
v -1.668206 4.279602 -8.077696
v -1.458643 3.800807 -8.077696
v -1.668206 3.322058 -8.077696
v -2.174094 3.123762 -8.077696
v -2.679997 3.322058 -8.077696
v -2.889545 3.800807 -8.077696
v -2.679997 4.279602 -8.077696
v -2.174094 4.477899 -8.077696
v -1.982927 3.981710 -7.735975
v -2.174094 4.056673 -7.735975
v -2.174094 3.800822 -7.684832
v -2.365261 3.981710 -7.735975
v -2.444439 3.800822 -7.735975
v -2.365261 3.619934 -7.735975
v -2.174094 3.544987 -7.735975
v -1.982927 3.619934 -7.735975
v -1.903749 3.800822 -7.735975
v -1.263638 4.662406 -9.633575
v -2.174094 5.019324 -9.633575
v -3.084551 4.662406 -9.633575
v -3.461667 3.800807 -9.633575
v -3.084551 2.839643 -9.633575
v -2.174094 2.582320 -9.633575
v -1.263638 2.839643 -9.633575
v -0.886505 3.800807 -9.633575
v -1.456732 4.479685 -9.138861
v -2.174094 4.760889 -9.138861
v -2.891457 4.479685 -9.138861
v -3.188581 3.800807 -9.138861
v -2.891457 3.121913 -9.138861
v -2.174094 2.840756 -9.138861
v -1.456732 3.121913 -9.138861
v -1.159593 3.800807 -9.138861
v -1.456732 4.479685 -9.262932
v -2.174094 4.760889 -9.262932
v -2.891457 4.479685 -9.262932
v -3.188581 3.800807 -9.262932
v -2.891457 3.121913 -9.262932
v -2.174094 2.840756 -9.262932
v -1.456732 3.121913 -9.262932
v -1.159593 3.800807 -9.262932
v -1.263638 4.662406 -9.262932
v -2.174094 5.019324 -9.262932
v -3.084551 4.662406 -9.262932
v -3.461667 3.800807 -9.262932
v -3.084551 2.839643 -9.262932
v -2.174094 2.582320 -9.262932
v -1.263638 2.839643 -9.262932
v -0.886505 3.800807 -9.262932
v -3.401548 -26.890486 -15.187661
v -3.401548 -26.890486 -12.732797
v -3.401548 -24.685472 -15.187661
v -3.401548 -24.685472 -12.732797
v -0.946651 -24.685472 -15.187661
v -0.946651 -24.685472 -12.732797
v -0.946651 -26.890486 -15.187661
v -0.946651 -26.890486 -12.732797
v -3.280450 -25.236780 -15.066595
v -3.248407 -25.787979 -15.034531
v -3.280450 -26.339167 -15.066595
v -1.067750 -26.339167 -15.066595
v -1.099792 -25.787979 -15.034531
v -1.067750 -25.236780 -15.066595
v -1.067750 -26.339167 -12.853863
v -1.099792 -25.787979 -12.885927
v -1.067750 -25.236780 -12.853863
v -3.280450 -26.339167 -12.853863
v -3.248407 -25.787979 -12.885927
v -3.280450 -25.236780 -12.853863
v -1.876113 -28.581202 -14.258221
v -1.876113 -28.581202 -13.662237
v -2.472086 -28.581202 -13.662237
v -2.472086 -28.581202 -14.258221
v -0.856620 -27.157137 -15.277715
v -3.491569 -27.157137 -15.277715
v -3.491569 -27.157137 -12.642743
v -0.856620 -27.157137 -12.642743
v -3.366226 -26.729647 -12.768107
v -3.366226 -26.729647 -15.152350
v -0.981973 -26.729647 -15.152350
v -0.981973 -26.729647 -12.768107
v -3.487851 -26.890486 -15.273986
v -3.487851 -26.890486 -12.646472
v -3.450018 -26.729647 -12.684283
v -3.450018 -26.729647 -15.236175
v -0.898170 -26.729647 -15.236175
v -0.898170 -26.729647 -12.684283
v -0.860348 -26.890486 -12.646472
v -0.860348 -26.890486 -15.273986
v -0.574682 -24.685472 -13.960251
v -0.732484 -25.236780 -13.960251
v -0.774243 -25.787979 -13.960251
v -0.732484 -26.339167 -13.960251
v -0.620718 -26.729647 -13.960251
v -0.511518 -26.729647 -13.960251
v -0.462247 -26.890486 -13.960251
v -0.574682 -26.890486 -13.960251
v -0.457389 -27.157137 -13.960251
v -1.785808 -28.581202 -13.960251
v -2.562392 -28.581202 -13.960251
v -3.890800 -27.157137 -13.960251
v -3.773506 -26.890486 -13.960251
v -3.885952 -26.890486 -13.960251
v -3.836682 -26.729647 -13.960251
v -3.727471 -26.729647 -13.960251
v -3.615716 -26.339167 -13.960251
v -3.573957 -25.787979 -13.960251
v -3.615716 -25.236780 -13.960251
v -3.773506 -24.685472 -13.960251
v -2.174094 -24.685472 -15.559630
v -2.174094 -25.236780 -15.401850
v -2.174094 -25.787979 -15.360091
v -2.174094 -26.339167 -15.401850
v -2.174094 -26.729647 -15.513617
v -2.174094 -26.729647 -15.622795
v -2.174094 -26.890486 -15.672098
v -2.174094 -26.890486 -15.559630
v -2.174094 -27.157137 -15.676923
v -2.174094 -28.581202 -14.348537
v -2.174094 -28.581202 -13.960251
v -2.174094 -28.581202 -13.571920
v -2.174094 -27.157137 -12.243535
v -2.174094 -26.890486 -12.360827
v -2.174094 -26.890486 -12.248360
v -2.174094 -26.729647 -12.297663
v -2.174094 -26.729647 -12.406841
v -2.174094 -26.339167 -12.518608
v -2.174094 -25.787979 -12.560410
v -2.174094 -25.236780 -12.518608
v -2.174094 -24.685472 -12.360827
v -1.184779 -27.869175 -14.949566
v -2.174094 -27.869175 -15.249334
v -3.163420 -27.869175 -14.949566
v -3.463221 -27.869175 -13.960251
v -3.163420 -27.869175 -12.970892
v -2.174094 -27.869175 -12.671124
v -1.184779 -27.869175 -12.970892
v -0.884978 -27.869175 -13.960251
v 34.192062 -4.421417 2.133972
v 33.399185 -5.407990 1.934448
v 31.140732 -4.341858 5.638489
v 31.933640 -3.355286 5.837952
v 32.121780 -3.682861 0.659119
v 31.780685 -4.957428 0.818054
v 29.522324 -3.891296 4.522034
v 29.863419 -2.616760 4.363098
v 29.779160 -3.860718 -0.718079
v 29.850632 -5.095276 -0.319153
v 27.592239 -4.029144 3.384705
v 27.520798 -2.794556 2.985901
v 27.636124 -4.704712 -1.781799
v 28.052200 -5.790405 -1.215454
v 25.793808 -4.724335 2.488342
v 25.377762 -3.638611 1.922180
v 25.888168 -6.131470 -2.436890
v 26.566971 -6.996429 -1.774048
v 24.308517 -5.930328 1.929871
v 23.629715 -5.065369 1.267151
v 24.521896 -8.046844 -2.718628
v 25.396835 -8.662415 -2.007812
v 23.138474 -7.596313 1.696045
v 22.263443 -6.980743 0.985413
v 23.531998 -10.115509 -2.726746
v 24.483322 -10.604187 -2.005920
v 22.224991 -9.538025 1.697998
v 21.273636 -9.049408 0.977234
v 22.691544 -12.222504 -2.634216
v 23.678696 -12.642853 -1.910889
v 21.421494 -11.575165 1.793579
v 20.434586 -11.154358 1.070374
v 21.825882 -14.406830 -2.547791
v 22.830215 -14.797577 -1.820801
v 20.576218 -13.725708 1.884766
v 19.572311 -13.334229 1.158142
v 20.872269 -16.671204 -2.504150
v 21.894455 -17.028015 -1.774109
v 19.642197 -15.953644 1.932373
v 18.620804 -15.595825 1.202759
v 19.974930 -18.731750 -2.468445
v 20.981827 -19.130737 -1.734436
v 18.731033 -18.054382 1.972595
v 17.723679 -17.656067 1.238464
v 19.237320 -20.446503 -2.397339
v 20.218643 -20.907928 -1.659668
v 17.967087 -19.832733 2.047058
v 16.984543 -19.372803 1.308899
v 18.531418 -21.891571 -2.360779
v 19.460556 -22.450409 -1.625732
v 17.205704 -21.379517 2.079590
v 16.276230 -20.821167 1.344421
v 17.559097 -22.874481 -2.511169
v 18.390152 -23.511902 -1.820190
v 16.138840 -22.541229 1.916687
v 15.306686 -21.889679 1.221191
v 16.287430 -23.395172 -2.927673
v 16.999557 -24.076935 -2.334045
v 14.744064 -23.386414 1.460754
v 14.030716 -22.647095 0.856262
v 14.851913 -23.826660 -3.566711
v 15.474899 -24.653198 -3.088379
v 13.181900 -24.318024 0.728149
v 12.565140 -23.406525 0.246033
v 13.296463 -24.408997 -4.401978
v 13.801163 -25.451111 -4.064514
v 11.475876 -25.383087 -0.250793
v 10.971817 -24.280823 -0.589355
v 11.651749 -25.022827 -5.382385
v 11.961319 -26.255646 -5.193542
v 9.635666 -26.255646 -1.379395
v 9.326096 -25.015747 -1.568176
v 9.930527 -25.349823 -6.431763
v 9.975327 -26.640594 -6.404419
v 7.649673 -26.640594 -2.590210
v 7.604874 -25.349823 -2.617615
v 8.108749 -25.159790 -7.542542
v 7.875320 -26.422363 -7.684875
v 5.549637 -26.422363 -3.870789
v 5.783127 -25.159790 -3.728394
v 6.406265 -24.406281 -8.588989
v 5.948380 -25.560272 -8.870483
v 3.622726 -25.560272 -5.056335
v 4.080734 -24.406281 -4.774841
v 4.933334 -23.135132 -9.510437
v 4.277359 -24.101898 -9.917053
v 1.951767 -24.101898 -6.102966
v 2.607742 -23.135132 -5.696228
v 3.770370 -21.413116 -10.251038
v 2.945999 -22.148193 -10.762817
v 0.620438 -22.148193 -6.948608
v 1.444809 -21.413116 -6.436829
v 2.957321 -19.375122 -10.778381
v 1.994003 -19.820496 -11.375793
v -0.331619 -19.820496 -7.561646
v 0.631760 -19.375122 -6.964172
v 2.529739 -17.135437 -11.064209
v 1.474960 -17.243652 -11.716003
v -0.850601 -17.243652 -7.901794
v 0.204178 -17.135437 -7.249939
v 2.451431 -14.825806 -11.127625
v 1.380295 -14.630737 -11.784912
v -0.945297 -14.630737 -7.970764
v 0.125748 -14.825806 -7.313538
v 2.759079 -12.635956 -10.945007
v 1.766342 -12.119843 -11.550354
v -0.559250 -12.119843 -7.736206
v 0.433456 -12.635956 -7.130920
v 34.281937 -6.422424 2.764954
v 35.343277 -6.082489 3.314148
v 32.023544 -5.356262 6.468750
v 33.084885 -5.016357 7.018005
v 34.266922 -7.499237 3.065552
v 35.133591 -7.861664 3.698364
v 32.008499 -6.433105 6.769531
v 32.875229 -6.795563 7.402283
v 33.742447 -8.384796 3.000671
v 34.110245 -9.282013 3.483215
v 31.483994 -7.318634 6.704590
v 31.851883 -8.215851 7.187195
v 32.923965 -8.487488 2.531311
v 32.653427 -9.471802 2.649658
v 30.665573 -7.421387 6.235107
v 30.395035 -8.405640 6.353455
v 32.313461 -8.082489 2.042419
v 31.534927 -8.773560 1.766602
v 30.055038 -7.016388 5.746277
v 29.276566 -7.707397 5.470581
v 32.312027 -6.897003 1.700256
v 31.383011 -7.063049 1.181580
v 30.053574 -5.830902 5.404297
v 29.124680 -5.996948 4.885559
v 2.763077 -9.911224 -10.942627
v 3.540695 -10.775085 -10.468445
v 0.437485 -9.911224 -7.128479
v 1.215103 -10.775085 -6.654358
v 4.502823 -8.392609 -9.881836
v 4.890732 -9.559570 -9.645325
v 2.177231 -8.392609 -6.067688
v 2.565140 -9.559570 -5.831177
v 7.075821 -7.990875 -8.312988
v 6.848953 -9.206116 -8.451355
v 4.750229 -7.990875 -4.498840
v 4.523361 -9.206116 -4.637146
v 9.331711 -9.101929 -6.937561
v 8.603500 -10.026733 -7.381531
v 7.006149 -9.101929 -3.123352
v 6.277908 -10.026733 -3.567444
v 10.935318 -11.358887 -6.122925
v 9.693283 -11.696991 -6.720276
v 8.612961 -11.304718 -2.307556
v 7.367722 -11.695313 -2.906067
v 10.677658 -14.616699 -6.249084
v 9.436142 -14.269104 -6.859436
v 8.361557 -14.541595 -2.431580
v 7.110580 -14.266296 -3.045227
v -32.738403 0.013285 11.672721
v -28.838596 0.596651 11.643373
v -34.059944 1.185045 12.837375
v -27.900723 2.106322 12.791044
v -34.115139 1.241001 6.609915
v -27.955917 2.162298 6.563625
v -32.773327 0.048731 7.729680
v -28.873520 0.632077 7.700371
v -30.779959 0.296317 12.621578
v -30.966862 1.632002 14.336015
v -31.049013 1.715340 5.064945
v -30.831959 0.349086 6.751435
v -35.592709 0.987865 9.734957
v -33.708870 -0.111546 9.708383
v -27.903044 0.756909 9.664709
v -26.423136 2.359481 9.666003
v -33.333591 0.808175 12.159771
v -32.889793 0.334923 11.779889
v -33.910931 0.203576 9.712966
v -34.537701 0.653290 9.722602
v -32.926544 0.372220 7.631010
v -33.376930 0.852173 7.267579
v -30.883835 0.688233 6.601720
v -30.968212 1.224788 6.053888
v -28.823122 0.986024 7.600171
v -28.538296 1.575952 7.231255
v -27.801968 1.117394 9.667094
v -27.334179 1.730838 9.668464
v -28.786383 0.948726 11.749050
v -28.494942 1.531976 12.123446
v -30.829090 0.632713 12.778299
v -30.903679 1.159359 13.337137
v -34.707111 1.339769 13.466312
v -30.996384 1.876001 15.264248
v -36.545925 1.103243 9.744439
v -25.545374 2.748742 9.661765
v -27.318018 2.445075 13.410820
v -31.094940 1.976000 4.141917
v -27.384211 2.512233 5.939853
v -34.773300 1.406948 5.995385
v -34.707111 1.339769 13.466312
v -30.996384 1.876001 15.264248
v -36.545925 1.103243 9.744439
v -25.545374 2.748742 9.661765
v -27.318018 2.445075 13.410820
v -31.094940 1.976000 4.141917
v -27.384211 2.512233 5.939853
v -34.773300 1.406948 5.995385
v -35.440926 1.683970 14.155930
v -31.054831 2.317819 16.281088
v -37.614426 1.404414 9.756574
v -24.611694 3.349406 9.658892
v -26.706959 2.990447 14.090250
v -31.171320 2.435996 3.134377
v -26.785206 3.069807 5.259536
v -35.519180 1.763350 5.325215
v -34.335384 1.059767 13.131812
v -36.012550 0.843384 9.737378
v -34.395752 1.121017 6.318119
v -31.040934 1.639351 4.627565
v -27.656801 2.129052 6.267512
v -25.979456 2.344168 9.661974
v -27.596411 2.067806 13.081165
v -30.951057 1.548183 14.771747
v -34.855991 1.315933 13.619360
v -36.769611 1.069804 9.746080
v -34.924889 1.385840 5.844596
v -31.096945 1.978033 3.915759
v -27.235310 2.536052 5.786845
v -25.321716 2.782218 9.660085
v -27.166437 2.466182 13.561609
v -30.994383 1.873989 15.490326
v -34.980633 1.518852 13.716222
v -36.940441 1.266783 9.749365
v -35.051174 1.590451 5.753620
v -31.130735 2.196954 3.778125
v -27.175793 2.768456 5.694433
v -25.215952 3.020571 9.661290
v -27.105257 2.696898 13.656996
v -31.025696 2.090395 15.632450
v -34.202148 2.199829 12.838235
v -31.118496 2.645464 14.332266
v -35.730206 2.003296 9.745263
v -26.588640 3.370722 9.676559
v -28.061735 3.118353 12.792088
v -31.200388 2.728549 5.089517
v -28.116753 3.174160 6.583628
v -34.257137 2.255641 6.629735
v -35.632015 2.961906 14.169110
v -31.245903 3.595778 16.294230
v -31.263182 3.613286 14.342248
v -34.346825 3.167673 12.848217
v -37.805504 2.682331 9.769794
v -35.874920 2.971114 9.755285
v -26.898026 4.268366 14.103470
v -28.206432 4.086194 12.802069
v -24.802765 4.627345 9.672032
v -26.733324 4.338544 9.686582
v -26.976255 4.347748 5.272756
v -28.261433 4.142024 6.593570
v -31.362370 3.713937 3.147558
v -31.345079 3.696411 5.099499
v -35.710251 3.041308 5.338396
v -34.401844 3.223480 6.639798
v -36.377125 6.283894 11.501089
v -37.389404 6.150125 9.797280
v -35.775795 6.379105 10.988341
v -36.487492 6.285036 9.790502
v -36.407448 6.314660 8.078443
v -35.797112 6.400715 8.582085
v -33.700218 6.653975 14.420578
v -31.752453 6.935464 15.364354
v -31.760120 6.943238 14.497482
v -33.129501 6.745371 13.834017
v -29.821663 7.234142 14.391429
v -30.402702 7.153255 13.813562
v -27.192200 7.654346 11.765519
v -26.221851 7.820584 9.713350
v -27.115917 7.686868 9.720070
v -27.798128 7.569992 11.162839
v -27.228416 7.691131 7.675999
v -27.823601 7.595838 8.287666
v -31.851507 7.035945 4.184184
v -29.999798 7.303533 5.081358
v -31.844196 7.028539 5.008215
v -30.542370 7.216684 5.638988
v -33.687077 6.751998 5.109070
v -33.134697 6.828915 5.658511
v -30.805973 0.322699 9.686566
v 29.060865 -2.920945 4.664151
v 32.979931 -3.308099 4.462998
v 28.120798 -1.362791 5.743198
v 34.310474 -1.974289 5.425546
v 27.753763 -1.858163 -0.454125
v 33.943443 -2.469625 -0.771821
v 28.828468 -3.234569 0.740162
v 32.747551 -3.621745 0.539010
v 31.077188 -3.037858 5.522467
v 31.305328 -1.547486 7.098863
v 30.758911 -2.284946 -2.127444
v 30.731213 -3.504807 -0.319267
v 26.424685 -1.461060 2.722194
v 27.986940 -2.983154 2.751334
v 33.821468 -3.559515 2.451826
v 35.639584 -2.371395 2.249225
v 28.699406 -1.964555 5.086089
v 28.996580 -2.563823 4.742848
v 27.866589 -2.629259 2.730175
v 27.366951 -2.041736 2.712844
v 28.752060 -2.893841 0.614017
v 28.411079 -2.353680 0.217536
v 30.754173 -3.178174 -0.500782
v 30.771900 -2.688955 -1.096985
v 32.875786 -3.301209 0.402400
v 33.273651 -2.834060 -0.032042
v 34.005783 -3.235750 2.415112
v 34.606098 -2.756858 2.341201
v 33.120304 -2.971214 4.531193
v 33.561977 -2.444916 4.836509
v 31.118202 -2.686862 5.645990
v 31.201149 -2.109620 6.151029
v 27.563358 -0.999209 6.372063
v 31.383774 -1.220748 7.998335
v 25.528557 -1.117077 2.747811
v 36.583488 -2.209167 2.180358
v 34.988991 -1.732747 5.990929
v 30.728254 -2.105458 -3.070209
v 34.548683 -2.327039 -1.443935
v 27.123037 -1.593459 -1.062803
v 27.563358 -0.999209 6.372063
v 31.383774 -1.220748 7.998335
v 25.528557 -1.117077 2.747811
v 36.583488 -2.209167 2.180358
v 34.988991 -1.732747 5.990929
v 30.728254 -2.105458 -3.070209
v 34.548683 -2.327039 -1.443935
v 27.123037 -1.593459 -1.062803
v 26.970350 -0.426074 7.044655
v 31.486124 -0.687954 8.966994
v 24.565193 -0.565398 2.760727
v 37.632248 -1.856277 2.090041
v 35.747513 -1.293167 6.594154
v 30.711300 -1.733698 -4.116227
v 35.227066 -1.995577 -2.193887
v 26.449896 -1.128508 -1.743425
v 27.690105 -1.241696 6.225912
v 27.839266 -1.390221 6.056652
v 25.983210 -1.498333 2.751318
v 25.740940 -1.354624 2.754180
v 27.437681 -1.932208 -0.724115
v 27.268335 -1.810952 -0.895996
v 30.725618 -2.399809 -2.555037
v 30.721804 -2.301404 -2.818953
v 34.209980 -2.601242 -1.071673
v 34.381416 -2.513631 -1.261047
v 36.065910 -2.494396 2.233809
v 36.330589 -2.400727 2.210647
v 34.611557 -2.059237 5.709053
v 34.803192 -1.944382 5.860781
v 31.323479 -1.592921 7.540125
v 31.349722 -1.453949 7.783740
v 27.421324 -0.972210 6.530997
v 25.303780 -1.094872 2.759348
v 26.963104 -1.590648 -1.206236
v 30.714920 -2.123471 -3.295312
v 34.690701 -2.354017 -1.602869
v 36.808266 -2.231376 2.168781
v 35.148933 -1.735579 6.134363
v 31.397100 -1.202762 8.223360
v 27.354099 -0.737167 6.610541
v 25.185389 -0.862793 2.747769
v 26.884821 -1.370545 -1.313583
v 30.727287 -1.916266 -3.453187
v 34.799156 -2.152381 -1.719800
v 36.967888 -2.026774 2.143014
v 35.268444 -1.519024 6.204327
v 31.425940 -0.973326 8.343853
v 28.225628 -0.348078 5.646357
v 31.400438 -0.532200 6.997767
v 26.534687 -0.446009 2.634546
v 35.721474 -1.353547 2.163019
v 34.396412 -0.957673 5.329631
v 30.855694 -1.267384 -2.200319
v 34.030518 -1.451517 -0.848788
v 27.859724 -0.841904 -0.532103
v 27.091354 0.855762 6.935072
v 31.607122 0.593873 8.857292
v 31.492085 0.438628 6.914782
v 28.317261 0.622727 5.563334
v 24.686199 0.716456 2.651103
v 26.626329 0.524795 2.551522
v 35.868530 -0.011295 6.484527
v 34.488064 0.013130 5.246606
v 37.753246 -0.574402 1.980415
v 35.813133 -0.382764 2.079996
v 35.348068 -0.713743 -2.303511
v 34.122158 -0.480715 -0.931852
v 30.832306 -0.451825 -4.225853
v 30.947346 -0.296580 -2.283344
v 26.570904 0.153349 -1.853010
v 27.951376 0.128900 -0.615128
v 27.023130 4.004061 3.969811
v 25.920223 3.966947 2.318208
v 27.602020 3.903491 3.432822
v 26.826605 3.877384 2.271648
v 26.821424 3.731812 0.563743
v 27.460197 3.712109 1.038192
v 29.860350 3.974706 6.758285
v 31.865700 3.858430 7.611934
v 31.814602 3.789480 6.749292
v 30.404755 3.871246 6.149199
v 33.758091 3.589682 6.558265
v 33.145058 3.600556 6.008507
v 36.270184 3.119057 3.828063
v 37.143013 2.858278 1.742179
v 36.244530 2.947036 1.788295
v 35.630871 3.130359 3.254782
v 36.029167 2.793736 -0.241734
v 35.461407 2.901675 0.393463
v 31.206770 2.969119 -3.514170
v 33.113228 2.858540 -2.702596
v 31.255339 3.034669 -2.694080
v 32.595673 2.956939 -2.123519
v 29.407719 3.224597 -2.512404
v 29.990513 3.214296 -1.989805
v 30.904205 -3.271323 2.601599
v -31.308655 0.056274 13.144806
v -30.669189 -0.972809 12.727905
v -33.485107 -1.324951 9.277863
v -34.124634 -0.295898 9.694763
v -29.367615 0.760590 11.488739
v -29.162109 -0.551880 11.454926
v -31.977966 -0.904022 8.004791
v -32.183594 0.408417 8.038544
v -27.254150 0.520599 9.788177
v -27.420227 -0.740814 10.052338
v -30.235962 -1.092896 6.602295
v -30.070007 0.168427 6.338043
v -25.376465 -0.396088 8.349304
v -25.843445 -1.496643 8.842529
v -28.659180 -1.848785 5.392548
v -28.192322 -0.748230 4.899170
v -23.905518 -1.899170 7.302002
v -24.592712 -2.767365 7.951630
v -27.408630 -3.119507 4.501587
v -26.721375 -2.251312 3.851837
v -22.820984 -3.892761 6.620392
v -23.666260 -4.500885 7.372345
v -26.482178 -4.853058 3.922150
v -25.636902 -4.244904 3.170349
v -22.091248 -6.033813 6.243164
v -22.995361 -6.510223 7.029877
v -25.811340 -6.862366 3.579712
v -24.906982 -6.385956 2.793182
v -21.311340 -8.124969 5.820190
v -22.261353 -8.501923 6.633942
v -25.077148 -8.854065 3.183990
v -24.127197 -8.477051 2.370026
v -20.446045 -10.165863 5.322296
v -21.428955 -10.430176 6.151489
v -24.244812 -10.782318 2.701355
v -23.261902 -10.518005 1.872223
v -19.768555 -12.283783 4.985413
v -20.768005 -12.412659 5.814178
v -23.583801 -12.764801 2.364166
v -22.584412 -12.635925 1.535400
v -19.363525 -14.422852 4.873230
v -20.356934 -14.521179 5.694031
v -23.172913 -14.873352 2.243988
v -22.179382 -14.774994 1.423218
v -19.078674 -16.569153 4.859894
v -20.063416 -16.731354 5.680084
v -22.879211 -17.083527 2.230072
v -21.894592 -16.921295 1.409637
v -18.690918 -18.674561 4.758301
v -19.652893 -18.958496 5.572418
v -22.468811 -19.310638 2.122223
v -21.506775 -19.026703 1.308136
v -18.123230 -20.691345 4.500671
v -19.034119 -21.154022 5.291382
v -21.849915 -21.506165 1.841217
v -20.939026 -21.043488 1.050629
v -17.322021 -22.471985 4.006104
v -18.109009 -23.234833 4.748688
v -20.924988 -23.586975 1.298676
v -20.124207 -22.879272 0.572815
v -16.282104 -23.829193 3.193848
v -16.919495 -24.789490 3.809784
v -19.737366 -25.099213 0.357178
v -19.078857 -24.222412 -0.232880
v -15.104187 -24.519470 2.026703
v -15.581848 -25.588379 2.453522
v -18.395325 -25.824738 -0.993622
v -17.893005 -24.867432 -1.390106
v -13.790527 -24.705902 0.650818
v -14.082214 -25.844635 0.866913
v -16.884338 -26.021820 -2.566406
v -16.577759 -24.971588 -2.764160
v -12.343628 -24.580750 -0.764618
v -12.401184 -25.792755 -0.751953
v -15.209045 -25.877563 -4.192413
v -15.141663 -24.732208 -4.192780
v -10.730591 -24.227386 -2.162781
v -10.518738 -25.489990 -2.335663
v -13.343384 -25.489990 -5.796417
v -13.551086 -24.247650 -5.618530
v -9.147156 -23.530640 -3.455170
v -8.721252 -24.699768 -3.802673
v -11.545898 -24.699768 -7.263489
v -11.971741 -23.530640 -6.915924
v -7.704468 -22.414886 -4.632538
v -7.079224 -23.425568 -5.142853
v -9.903931 -23.425568 -8.603607
v -10.529114 -22.414886 -8.093323
v -6.506042 -20.902618 -5.610718
v -5.716736 -21.698273 -6.255005
v -8.541321 -21.698273 -9.715759
v -9.330688 -20.902618 -9.071503
v -5.624878 -19.074677 -6.329956
v -4.704651 -19.587708 -7.080994
v -7.529297 -19.587708 -10.541748
v -8.449524 -19.074677 -9.790710
v -5.122375 -17.002899 -6.740112
v -4.125916 -17.168793 -7.553406
v -6.950623 -17.168793 -11.014191
v -7.946960 -17.002899 -10.200867
v -4.979797 -14.797821 -6.856415
v -3.989319 -14.630035 -7.664886
v -6.814026 -14.630035 -11.125671
v -7.804443 -14.797821 -10.317169
v -5.236511 -12.641083 -6.646942
v -4.335632 -12.124939 -7.382172
v -7.160217 -12.124939 -10.842865
v -8.061218 -12.641083 -10.107758
v -31.554260 -1.988831 13.553864
v -32.490540 -1.614777 14.279999
v -34.370178 -2.341003 10.103729
v -35.306396 -1.966888 10.829865
v -31.628662 -3.090973 13.727173
v -32.445679 -3.440338 14.429596
v -34.444641 -3.443115 10.276978
v -35.261475 -3.792480 10.979584
v -31.224548 -4.010010 13.491180
v -31.632324 -4.918854 13.916595
v -34.040527 -4.362152 10.041077
v -34.448120 -5.270996 10.466644
v -30.489563 -4.135437 12.904175
v -30.324402 -5.149170 12.872620
v -33.305420 -4.487518 9.453979
v -33.140320 -5.501312 9.422607
v -29.901917 -3.736115 12.383545
v -29.251282 -4.462463 11.926758
v -32.717834 -4.088226 8.933502
v -32.067078 -4.814636 8.476563
v -29.803528 -2.523254 12.179474
v -28.973145 -2.716125 11.521515
v -32.619324 -2.875397 8.729492
v -31.789001 -3.068268 8.071503
v -5.240051 -9.916321 -6.644012
v -5.945740 -10.780182 -6.068085
v -8.064758 -9.916321 -10.104736
v -8.770325 -10.780182 -9.528839
v -6.818604 -8.397705 -5.355560
v -7.170715 -9.564667 -5.068298
v -9.643250 -8.397705 -8.816345
v -9.995300 -9.564667 -8.529053
v -9.153381 -7.995972 -3.450104
v -8.947571 -9.211243 -3.618073
v -11.978088 -7.995972 -6.910889
v -11.772217 -9.211243 -7.078888
v -11.200256 -9.107025 -1.779388
v -10.539429 -10.031830 -2.318787
v -14.024902 -9.107025 -5.240173
v -13.364197 -10.031830 -5.779572
v -12.490540 -11.382965 -0.740753
v -11.531494 -11.690369 -1.509338
v -15.315247 -11.398987 -4.201691
v -14.356140 -11.690796 -4.970123
v -12.365784 -14.508484 -0.828156
v -11.384949 -14.134430 -1.628693
v -15.190430 -14.529541 -4.288910
v -14.209717 -14.135376 -5.089447
v -4.610960 -10.225327 -12.267324
v -4.610960 -10.225327 -10.497756
v 0.262763 -10.225327 -12.267324
v 0.262763 -10.225327 -10.497756
v -4.610960 -6.566756 -12.267324
v -4.610960 -6.566756 -10.497756
v 0.262763 -6.566756 -10.497756
v 0.262763 -6.566756 -12.267324
v -4.104352 -9.302579 -12.267324
v -4.048670 -8.390594 -12.267324
v -4.105542 -7.478740 -12.267324
v -4.104352 -9.302579 -10.497756
v -4.048670 -8.390594 -10.497756
v -4.105542 -7.478740 -10.497756
v -0.243846 -9.302579 -12.267324
v -0.299528 -8.390594 -12.267324
v -0.242656 -7.478740 -12.267324
v -0.243846 -9.302579 -10.497756
v -0.299528 -8.390594 -10.497756
v -0.242656 -7.478740 -10.497756
v -4.610960 -5.952036 -12.267324
v -4.610960 -5.952036 -10.497756
v 0.262763 -5.952036 -10.497756
v 0.262763 -5.952036 -12.267324
v -4.854699 -5.098523 -12.267324
v -4.854699 -5.098523 -10.497756
v 0.506501 -5.098523 -10.497756
v 0.506501 -5.098523 -12.267324
v -4.854699 -4.536511 -12.267324
v -4.854699 -4.536511 -10.497756
v 0.506501 -4.536511 -10.497756
v 0.506501 -4.536511 -12.267324
v -4.962597 -6.566756 -12.267324
v -4.786783 -6.566756 -10.321915
v -4.786783 -5.952036 -10.321915
v -4.962597 -5.952036 -12.267324
v 0.438586 -6.566756 -10.321915
v 0.438586 -5.952036 -10.321915
v 0.614399 -6.566756 -12.267324
v 0.614399 -5.952036 -12.267324
v -5.206345 -5.098523 -12.267324
v -5.030531 -5.098523 -10.321915
v -5.030531 -4.536511 -10.321915
v -5.206345 -4.536511 -12.267324
v 0.682333 -5.098523 -10.321915
v 0.682333 -4.536511 -10.321915
v 0.858147 -5.098523 -12.267324
v 0.858147 -4.536511 -12.267324
v -4.604881 -5.534223 -12.267324
v -4.605680 -5.534111 -10.545463
v 0.257483 -5.534111 -10.545463
v 0.256683 -5.534223 -12.267324
v -7.177988 7.610171 -12.267324
v -7.177988 7.610171 -10.497756
v 2.829791 7.610171 -10.497756
v 2.829791 7.610171 -12.267324
v -7.159024 1.807369 -12.267324
v -7.536113 3.800820 -12.267324
v -7.719772 5.667810 -12.267324
v -7.719772 5.667810 -10.497756
v -7.536113 3.800820 -10.497756
v -7.159024 1.807369 -10.497756
v 2.810827 1.807369 -12.267324
v 3.187915 3.800820 -12.267324
v 3.371574 5.667810 -12.267324
v 2.810827 1.807369 -10.497756
v 3.187915 3.800820 -10.497756
v 3.371574 5.667810 -10.497756
v -5.543712 -3.226049 -12.267324
v -6.203201 -1.626409 -12.267324
v -6.724422 0.025529 -12.267324
v 1.195514 -3.226049 -12.267324
v 1.855003 -1.626409 -12.267324
v 2.376225 0.025529 -12.267324
v 1.195514 -3.226049 -10.497756
v 1.855003 -1.626409 -10.497756
v 2.376225 0.025529 -10.497756
v -5.543712 -3.226049 -10.497756
v -6.203201 -1.626409 -10.497756
v -6.724422 0.025529 -10.497756
v -2.174103 -10.225327 -12.267324
v -2.174103 -10.225327 -9.312974
v -2.174103 -9.302579 -9.312974
v -2.174103 -8.390594 -9.312974
v -2.174103 -7.478740 -9.312974
v -2.174103 -6.566756 -9.312974
v -2.174103 -6.566756 -9.137169
v -2.174103 -5.952036 -9.137169
v -2.174103 -5.952036 -9.312974
v -2.174103 -5.534111 -9.360681
v -2.174103 -5.098523 -9.312974
v -2.174103 -5.098523 -9.137169
v -2.174103 -4.536511 -9.137169
v -2.174103 -4.536511 -9.312974
v -2.174103 -3.226049 -9.312974
v -2.174103 -1.626409 -9.312974
v -2.174103 0.025529 -9.312974
v -2.174103 1.807369 -9.312974
v -2.174103 3.800820 -9.312974
v -2.174103 5.667810 -9.312974
v -2.174103 7.610171 -9.312974
v -2.174103 7.610171 -12.267324
v -0.955670 -10.225327 -12.267324
v -0.955670 -10.225327 -9.574821
v -1.208984 -9.302579 -9.574821
v -1.236816 -8.390594 -9.574821
v -1.208370 -7.478740 -9.574821
v -0.955670 -6.566756 -9.574821
v -0.867759 -6.566756 -9.399016
v -0.867759 -5.952036 -9.399016
v -0.955670 -5.952036 -9.574821
v -0.958310 -5.534111 -9.622527
v -0.833801 -5.098523 -9.574821
v -0.745890 -5.098523 -9.399016
v -0.745890 -4.536511 -9.399016
v -0.833801 -4.536511 -9.574821
v -0.489304 -3.226049 -9.574821
v -0.159541 -1.626409 -9.574821
v 0.101060 0.025529 -9.574821
v 0.318362 1.807369 -9.574821
v 0.506920 3.800820 -9.574821
v 0.598726 5.667810 -9.574821
v 0.327843 7.610171 -9.574821
v 0.327843 7.610171 -12.267324
v -3.392527 -10.225327 -12.267324
v -3.392527 -10.225327 -9.574821
v -3.139214 -9.302579 -9.574821
v -3.111382 -8.390594 -9.574821
v -3.139827 -7.478740 -9.574821
v -3.392527 -6.566756 -9.574821
v -3.480439 -6.566756 -9.399016
v -3.480439 -5.952036 -9.399016
v -3.392527 -5.952036 -9.574821
v -3.389887 -5.534111 -9.622527
v -3.514397 -5.098523 -9.574821
v -3.602308 -5.098523 -9.399016
v -3.602308 -4.536511 -9.399016
v -3.514397 -4.536511 -9.574821
v -3.858894 -3.226049 -9.574821
v -4.188657 -1.626409 -9.574821
v -4.449258 0.025529 -9.574821
v -4.666559 1.807369 -9.574821
v -4.855118 3.800820 -9.574821
v -4.946924 5.667810 -9.574821
v -4.676041 7.610171 -9.574821
v -4.676041 7.610171 -12.267324
v -1.794001 -14.210292 -8.610180
v -2.174094 -14.061275 -8.610180
v -2.554188 -14.210292 -8.610180
v -2.711634 -14.570000 -8.610180
v -2.554188 -14.929723 -8.610180
v -2.174094 -15.078708 -8.610180
v -1.794001 -14.929723 -8.610180
v -1.636554 -14.570000 -8.610180
v -1.794001 -14.210292 -8.488554
v -2.174094 -14.061275 -8.488554
v -2.554188 -14.210292 -8.488554
v -2.711634 -14.570000 -8.488554
v -2.554188 -14.929723 -8.488554
v -2.174094 -15.078708 -8.488554
v -1.794001 -14.929723 -8.488554
v -1.636554 -14.570000 -8.488554
v -1.793326 -14.209665 -7.473803
v -2.174094 -14.060414 -7.473803
v -2.554862 -14.209665 -7.473803
v -2.712574 -14.570000 -7.473803
v -2.554862 -14.930334 -7.473803
v -2.174094 -15.079585 -7.473803
v -1.793326 -14.930334 -7.473803
v -1.635614 -14.570000 -7.473803
v -1.624394 -14.049790 -7.988573
v -1.396687 -14.570015 -7.988573
v -1.624379 -15.090225 -7.988573
v -2.174094 -15.305696 -7.988573
v -2.723809 -15.090225 -7.988573
v -2.951502 -14.570015 -7.988573
v -2.723809 -14.049790 -7.988573
v -2.174094 -13.834289 -7.988573
v -1.668551 -14.091597 -8.263948
v -1.459161 -14.570015 -8.263948
v -1.668551 -15.048419 -8.263948
v -2.174094 -15.246574 -8.263948
v -2.679637 -15.048419 -8.263948
v -2.889028 -14.570015 -8.263948
v -2.679637 -14.091597 -8.263948
v -2.174094 -13.893409 -8.263948
v -1.668206 -14.091236 -7.705803
v -1.458643 -14.570015 -7.705803
v -1.668206 -15.048763 -7.705803
v -2.174094 -15.247061 -7.705803
v -2.679997 -15.048763 -7.705803
v -2.889545 -14.570015 -7.705803
v -2.679997 -14.091236 -7.705803
v -2.174094 -13.892923 -7.705803
v -2.174094 -14.570000 -7.312939
v -1.263638 -13.708416 -9.261684
v -2.174094 -13.351498 -9.261684
v -3.084551 -13.708416 -9.261684
v -3.461667 -14.570015 -9.261684
v -3.084551 -15.531194 -9.261684
v -2.174094 -15.788518 -9.261684
v -1.263638 -15.531194 -9.261684
v -0.886505 -14.570015 -9.261684
v -1.456732 -13.891137 -8.767000
v -2.174094 -13.609934 -8.767000
v -2.891457 -13.891137 -8.767000
v -3.188581 -14.570015 -8.767000
v -2.891457 -15.248909 -8.767000
v -2.174094 -15.530066 -8.767000
v -1.456732 -15.248909 -8.767000
v -1.159593 -14.570015 -8.767000
v -1.456732 -13.891137 -8.891039
v -2.174094 -13.609934 -8.891039
v -2.891457 -13.891137 -8.891039
v -3.188581 -14.570015 -8.891039
v -2.891457 -15.248909 -8.891039
v -2.174094 -15.530066 -8.891039
v -1.456732 -15.248909 -8.891039
v -1.159593 -14.570015 -8.891039
v -1.263638 -13.708416 -8.891039
v -2.174094 -13.351498 -8.891039
v -3.084551 -13.708416 -8.891039
v -3.461667 -14.570015 -8.891039
v -3.084551 -15.531194 -8.891039
v -2.174094 -15.788518 -8.891039
v -1.263638 -15.531194 -8.891039
v -0.886505 -14.570015 -8.891039
v -6.107158 -19.143322 -11.905413
v -6.107158 -19.143322 -10.076875
v -6.107158 -10.116708 -11.905413
v -6.107158 -10.116708 -10.076875
v 1.758969 -10.116708 -11.905413
v 1.758969 -10.116708 -10.076875
v 1.758969 -19.143322 -11.905413
v 1.758969 -19.143322 -10.076875
v 0.847868 -10.116708 -11.905413
v -5.196056 -10.116708 -11.905413
v -5.196056 -19.143322 -11.905413
v 0.847868 -19.143322 -11.905413
v -5.196056 -19.143322 -8.956778
v 0.847868 -19.143322 -8.956778
v -5.196056 -10.116708 -8.956778
v 0.847868 -10.116708 -8.956778
v -5.725976 -10.116708 -9.267302
v -5.725976 -10.116708 -11.905413
v -5.725976 -19.143322 -11.905413
v -5.725976 -19.143322 -9.267302
v 1.377787 -19.143322 -11.905413
v 1.377787 -10.116708 -11.905413
v 1.377787 -10.116708 -9.267302
v 1.377787 -19.143322 -9.267302
v -6.107158 -10.568445 -11.905413
v -6.107158 -18.691586 -11.905413
v 1.758969 -18.691586 -11.905413
v 1.758969 -10.568445 -11.905413
v 1.758969 -18.691586 -10.076875
v 1.758969 -10.568445 -10.076875
v 1.377787 -18.691586 -9.267302
v 1.377787 -10.568445 -9.267302
v 0.847868 -18.691586 -8.956778
v 0.847868 -10.568445 -8.956778
v -5.196056 -18.691586 -8.956778
v -5.196056 -10.568445 -8.956778
v -5.725976 -18.691586 -9.267302
v -5.725976 -10.568445 -9.267302
v -6.107158 -18.691586 -10.076875
v -6.107158 -10.568445 -10.076875
v -5.811543 -10.568445 -11.905413
v -5.811543 -18.691586 -11.905413
v -5.811543 -18.691586 -10.214299
v -5.811543 -10.568445 -10.214299
v 1.463355 -10.568445 -11.905413
v 1.463355 -18.691586 -11.905413
v 1.463355 -10.568445 -10.214299
v 1.463355 -18.691586 -10.214299
v 1.110822 -10.568445 -9.465571
v 1.110822 -18.691586 -9.465571
v 0.620743 -10.568445 -9.178428
v 0.620743 -18.691586 -9.178428
v -4.968931 -10.568445 -9.178428
v -4.968931 -18.691586 -9.178428
v -5.459010 -10.568445 -9.465571
v -5.459010 -18.691586 -9.465571
v -30.279701 -1.295311 9.933768
v -30.590639 -1.295311 10.055697
v -30.901590 -1.295311 9.933768
v -31.030376 -1.295311 9.639533
v -30.901590 -1.295311 9.345272
v -30.590639 -1.295311 9.223394
v -30.279701 -1.295311 9.345272
v -30.150902 -1.295311 9.639533
v -30.279701 -1.394794 9.933768
v -30.590639 -1.394794 10.055697
v -30.901590 -1.394794 9.933768
v -31.030376 -1.394794 9.639533
v -30.901590 -1.394794 9.345272
v -30.590639 -1.394794 9.223394
v -30.279701 -1.394794 9.345272
v -30.150902 -1.394794 9.639533
v -30.279152 -2.224943 9.934280
v -30.590639 -2.224943 10.056390
v -30.902115 -2.224943 9.934280
v -31.031147 -2.224943 9.639533
v -30.902115 -2.224943 9.344760
v -30.590639 -2.224943 9.222651
v -30.279152 -2.224943 9.344760
v -30.150133 -2.224943 9.639533
v -30.140955 -1.803831 10.065081
v -29.954689 -1.803831 9.639533
v -30.140955 -1.803831 9.213960
v -30.590639 -1.803831 9.037681
v -31.040337 -1.803831 9.213960
v -31.226603 -1.803831 9.639533
v -31.040337 -1.803831 10.065081
v -30.590639 -1.803831 10.241360
v -30.177078 -1.578547 10.030881
v -30.005785 -1.578547 9.639533
v -30.177078 -1.578547 9.248159
v -30.590639 -1.578547 9.086058
v -31.004202 -1.578547 9.248159
v -31.175495 -1.578547 9.639533
v -31.004202 -1.578547 10.030881
v -30.590639 -1.578547 10.193008
v -30.176796 -2.035154 10.031188
v -30.005362 -2.035154 9.639533
v -30.176796 -2.035154 9.247852
v -30.590639 -2.035154 9.085648
v -31.004498 -2.035154 9.247852
v -31.175919 -2.035154 9.639533
v -31.004498 -2.035154 10.031188
v -30.590639 -2.035154 10.193419
v -30.590639 -2.356525 9.639533
v -29.845837 -0.762358 10.344343
v -30.590639 -0.762358 10.636322
v -31.335457 -0.762358 10.344343
v -31.643959 -0.762358 9.639533
v -31.335457 -0.762358 8.853223
v -30.590639 -0.762358 8.642718
v -29.845837 -0.762358 8.853223
v -29.537334 -0.762358 9.639533
v -30.003784 -1.167036 10.194880
v -30.590639 -1.167036 10.424920
v -31.177483 -1.167036 10.194880
v -31.420559 -1.167036 9.639533
v -31.177483 -1.167036 9.084135
v -30.590639 -1.167036 8.854120
v -30.003784 -1.167036 9.084135
v -29.760721 -1.167036 9.639533
v -30.003784 -1.065540 10.194880
v -30.590639 -1.065540 10.424920
v -31.177483 -1.065540 10.194880
v -31.420559 -1.065540 9.639533
v -31.177483 -1.065540 9.084135
v -30.590639 -1.065540 8.854120
v -30.003784 -1.065540 9.084135
v -29.760721 -1.065540 9.639533
v -29.845837 -1.065540 10.344343
v -30.590639 -1.065540 10.636322
v -31.335457 -1.065540 10.344343
v -31.643959 -1.065540 9.639533
v -31.335457 -1.065540 8.853223
v -30.590639 -1.065540 8.642718
v -29.845837 -1.065540 8.853223
v -29.537334 -1.065540 9.639533
v -1.794001 16.390263 -11.444334
v -2.174094 16.539278 -11.444334
v -2.554188 16.390263 -11.444334
v -2.711634 16.030554 -11.444334
v -2.554188 15.670831 -11.444334
v -2.174094 15.521846 -11.444334
v -1.794001 15.670831 -11.444334
v -1.636554 16.030554 -11.444334
v -1.794001 16.390263 -11.322678
v -2.174094 16.539278 -11.322678
v -2.554188 16.390263 -11.322678
v -2.711634 16.030554 -11.322678
v -2.554188 15.670831 -11.322678
v -2.174094 15.521846 -11.322678
v -1.794001 15.670831 -11.322678
v -1.636554 16.030554 -11.322678
v -1.793326 16.390888 -10.307924
v -2.174094 16.540140 -10.307924
v -2.554862 16.390888 -10.307924
v -2.712574 16.030554 -10.307924
v -2.554862 15.670204 -10.307924
v -2.174094 15.520968 -10.307924
v -1.793326 15.670204 -10.307924
v -1.635614 16.030554 -10.307924
v -1.624394 16.550764 -10.822697
v -1.396687 16.030539 -10.822697
v -1.624379 15.510329 -10.822697
v -2.174094 15.294859 -10.822697
v -2.723809 15.510329 -10.822697
v -2.951502 16.030539 -10.822697
v -2.723809 16.550764 -10.822697
v -2.174094 16.766266 -10.822697
v -1.668551 16.508957 -11.098072
v -1.459161 16.030539 -11.098072
v -1.668551 15.552135 -11.098072
v -2.174094 15.353979 -11.098072
v -2.679637 15.552135 -11.098072
v -2.889028 16.030539 -11.098072
v -2.679637 16.508957 -11.098072
v -2.174094 16.707146 -11.098072
v -1.668206 16.509317 -10.539927
v -1.458643 16.030539 -10.539927
v -1.668206 15.551790 -10.539927
v -2.174094 15.353477 -10.539927
v -2.679997 15.551790 -10.539927
v -2.889545 16.030539 -10.539927
v -2.679997 16.509317 -10.539927
v -2.174094 16.707630 -10.539927
v -2.174094 16.030554 -10.147093
v -1.263638 16.892138 -12.095806
v -2.174094 17.249056 -12.095806
v -3.084551 16.892138 -12.095806
v -3.461667 16.030539 -12.095806
v -3.084551 15.069360 -12.095806
v -2.174094 14.812037 -12.095806
v -1.263638 15.069360 -12.095806
v -0.886505 16.030539 -12.095806
v -1.456732 16.709417 -11.601122
v -2.174094 16.990620 -11.601122
v -2.891457 16.709417 -11.601122
v -3.188581 16.030539 -11.601122
v -2.891457 15.351661 -11.601122
v -2.174094 15.070488 -11.601122
v -1.456732 15.351661 -11.601122
v -1.159593 16.030539 -11.601122
v -1.456732 16.709417 -11.725163
v -2.174094 16.990620 -11.725163
v -2.891457 16.709417 -11.725163
v -3.188581 16.030539 -11.725163
v -2.891457 15.351661 -11.725163
v -2.174094 15.070488 -11.725163
v -1.456732 15.351661 -11.725163
v -1.159593 16.030539 -11.725163
v -1.263638 16.892138 -11.725163
v -2.174094 17.249056 -11.725163
v -3.084551 16.892138 -11.725163
v -3.461667 16.030539 -11.725163
v -3.084551 15.069360 -11.725163
v -2.174094 14.812037 -11.725163
v -1.263638 15.069360 -11.725163
v -0.886505 16.030539 -11.725163
v -17.533768 4.357452 -15.534424
v -15.067963 3.813828 -15.551880
v -15.068230 3.813354 -16.152466
v -17.534569 4.356323 -16.150146
v -19.613319 -4.713562 -15.865479
v -17.254555 -5.001419 -15.888092
v -17.254463 -5.001419 -16.187988
v -19.613228 -4.713562 -16.185272
v -18.117577 7.209366 -15.371948
v -15.762604 7.971939 -15.340668
v -15.762840 7.971832 -16.129883
v -18.118118 7.208710 -16.133087
v -19.549538 9.487442 -15.261536
v -17.868797 11.762268 -15.229645
v -17.868523 11.762482 -16.118134
v -19.549629 9.487228 -16.121399
v -21.299576 11.030731 -15.205627
v -20.682594 14.424698 -15.185211
v -20.682030 14.425598 -16.115173
v -21.299232 11.030869 -16.116425
v -26.774445 11.651337 -15.167389
v -27.571579 13.172653 -15.154846
v -27.571579 13.172653 -16.019165
v -26.774445 11.651306 -16.020142
v -23.759796 15.531647 -15.158661
v -23.758926 15.533112 -16.114807
v -23.205139 11.891754 -16.115112
v -23.205849 11.891388 -15.181091
v -26.315994 14.838547 -15.162201
v -26.315887 14.838806 -16.114990
v -25.234032 12.083008 -16.115082
v -25.234085 12.082977 -15.182648
v -15.781425 -0.580780 -15.754425
v -15.781570 -0.581146 -16.173889
v -18.144653 -0.036072 -16.171112
v -18.144112 -0.035263 -15.732178
v -17.747849 -0.134109 -15.522705
v -17.118340 4.253952 -15.238190
v -15.945702 -0.545456 -15.664001
v -15.283485 1.633087 -15.659790
v -15.237495 3.846863 -15.424255
v -15.726631 -0.592575 -16.025726
v -15.283707 1.632629 -16.163940
v -15.011459 3.802826 -15.940155
v -15.946411 -0.546799 -16.223328
v -15.238548 3.844864 -16.223328
v -17.700821 2.287827 -16.160889
v -18.194534 -0.023331 -16.014679
v -17.586716 4.369720 -15.930817
v -17.720131 7.327911 -14.995667
v -15.226387 5.925415 -15.439514
v -15.915756 7.911026 -15.181366
v -15.226662 5.925125 -16.140472
v -15.711678 7.992386 -15.849731
v -15.916008 7.909973 -16.223328
v -18.168068 7.194000 -15.862396
v -17.691093 5.925766 -16.140930
v -19.253242 9.871063 -14.834869
v -16.680695 9.957489 -15.273132
v -17.958275 11.581818 -15.050507
v -16.680695 9.957565 -16.122589
v -17.839104 11.822678 -15.802704
v -17.956512 11.581467 -16.223328
v -19.587166 9.438950 -15.815704
v -18.763367 8.417633 -16.126434
v -21.149750 11.585236 -14.688721
v -19.215019 13.266266 -15.202820
v -20.658783 14.094803 -14.951385
v -19.214584 13.266815 -16.115967
v -20.690674 14.534866 -15.790955
v -20.655876 14.097565 -16.223328
v -21.318604 10.960846 -15.795715
v -20.399803 10.352173 -16.118195
v -23.226868 12.495193 -14.558838
v -22.234764 15.192612 -15.169434
v -23.604797 15.133987 -14.855164
v -22.233932 15.193954 -16.114899
v -23.811523 15.664291 -15.789429
v -23.601044 15.139511 -16.223328
v -23.203255 11.815262 -15.790710
v -22.233292 11.541611 -16.115479
v -27.742043 12.992279 -15.764069
v -27.630257 12.805664 -16.088684
v -27.164062 11.943878 -16.061035
v -25.146172 15.403549 -15.156067
v -26.136131 14.524124 -14.863800
v -25.145607 15.404495 -16.114899
v -26.375961 14.943390 -15.790253
v -26.135590 14.524994 -16.223328
v -25.212669 12.016556 -15.790375
v -24.217880 12.088562 -16.115082
v -25.404099 12.609390 -14.578003
v -27.191544 13.866806 -15.177551
v -27.630257 12.805664 -15.001740
v -27.191559 13.866806 -16.115082
v -26.940147 11.536667 -15.766205
v -26.215866 11.826019 -16.115082
v -27.164047 11.943909 -14.750183
v -17.418320 -4.981415 -15.822327
v -16.470284 -2.791824 -15.826813
v -17.199959 -5.008057 -16.082184
v -16.470306 -2.792007 -16.181549
v -17.417992 -4.981445 -16.223328
v -18.820862 -2.371841 -16.178802
v -19.663177 -4.707428 -16.071259
v -19.217941 -4.761734 -15.713684
v -18.194115 -0.022858 -15.778473
v -19.663177 -4.707458 -15.899078
v -18.820572 -2.371399 -15.804779
v -17.700111 2.288879 -15.635834
v -17.586205 4.370438 -15.599701
v -17.690369 5.926712 -15.446655
v -18.167740 7.194366 -15.453766
v -18.763054 8.418030 -15.309845
v -19.586929 9.439026 -15.354156
v -20.399933 10.352249 -15.228119
v -21.318489 10.960770 -15.311554
v -22.233910 11.541321 -15.189941
v -23.203186 11.815201 -15.300812
v -24.218315 12.088348 -15.178955
v -25.212669 12.016556 -15.300140
v -26.215866 11.826019 -15.191315
v -26.940147 11.536667 -15.248596
v -27.742043 12.992279 -15.243988
v -26.375961 14.943390 -15.299927
v -23.811470 15.664215 -15.298157
v -20.690544 14.534683 -15.301392
v -17.838959 11.822449 -15.326508
v -15.711586 7.992233 -15.426697
v -15.011444 3.802826 -15.619446
v -15.726669 -0.592545 -15.802032
v -17.199959 -5.008057 -15.922455
v -27.468163 12.534683 -16.058838
v -27.468163 12.534729 -14.713013
v -25.865135 14.050339 -14.435608
v -23.371284 14.534790 -14.419495
v -20.622879 13.597717 -14.620544
v -18.093147 11.309937 -14.801605
v -16.146492 7.819305 -14.960083
v -15.492973 3.896667 -15.246094
v -16.193176 -0.492249 -15.537628
v -17.665085 -4.951248 -15.730286
v -17.994301 -0.073318 -16.223328
v -19.463417 -4.731812 -16.223328
v -17.377121 4.317413 -16.223328
v -17.967621 7.253433 -16.223328
v -19.436790 9.632065 -16.223328
v -21.240952 11.240906 -16.223328
v -23.210678 12.121124 -16.223328
v -25.297974 12.282364 -16.223328
v -27.024437 11.692215 -16.090851
v -27.024437 11.692245 -15.029999
v -25.298431 12.282196 -14.944916
v -23.213799 12.119934 -14.936676
v -21.242859 11.240570 -15.001190
v -19.437378 9.632645 -15.091644
v -17.967133 7.254227 -15.222107
v -17.376518 4.318283 -15.416351
v -17.994102 -0.072662 -15.648621
v -19.463654 -4.731781 -15.804901
v -17.293777 2.168472 -15.385010
v -15.451157 1.675018 -15.551483
v -15.227585 1.619080 -15.985809
v -15.452171 1.673203 -16.223328
v -17.751877 2.303360 -15.973785
v -17.275444 5.914124 -15.106934
v -15.392242 5.919342 -15.294312
v -15.171127 5.927521 -15.892120
v -15.393059 5.917755 -16.223328
v -17.743217 5.927658 -15.893860
v -18.407555 8.674377 -14.908875
v -16.808449 9.840530 -15.105438
v -16.638313 9.996735 -15.820587
v -16.807671 9.839661 -16.223328
v -18.808174 8.385498 -15.835937
v -20.172607 10.835693 -14.761963
v -19.253357 13.008942 -15.000824
v -19.202370 13.352341 -15.794067
v -19.250977 13.009888 -16.223328
v -20.428772 10.291260 -15.802979
v -22.168678 12.136703 -14.613617
v -22.139679 14.812302 -14.897156
v -22.266525 15.319489 -15.789612
v -22.136009 14.817093 -16.223328
v -22.242241 11.466278 -15.792053
v -27.824936 12.532333 -15.684875
v -27.410973 11.829788 -15.574280
v -24.962967 15.032394 -14.842377
v -25.207245 15.527328 -15.789795
v -24.960716 15.035873 -16.223328
v -24.205284 12.015503 -15.790253
v -24.321991 12.665909 -14.546539
v -27.046288 13.625748 -14.924042
v -27.239983 13.947174 -15.790436
v -27.046288 13.625748 -16.223328
v -26.189690 11.767929 -15.790405
v -26.423279 12.286255 -14.654449
v -16.633652 -2.763947 -15.749817
v -16.415779 -2.801117 -16.056305
v -16.633904 -2.764664 -16.223328
v -18.870537 -2.362320 -16.045532
v -18.426720 -2.445663 -15.626709
v -18.870285 -2.362076 -15.844177
v -17.751389 2.304016 -15.691284
v -17.742767 5.928238 -15.520844
v -18.807884 8.385681 -15.397278
v -20.428642 10.291229 -15.326935
v -22.242149 11.466217 -15.303711
v -24.205284 12.015457 -15.299927
v -26.189690 11.767975 -15.300232
v -27.410973 11.829788 -14.839355
v -27.824913 12.532333 -15.075165
v -27.239983 13.947174 -15.300262
v -25.207207 15.527328 -15.298920
v -22.266434 15.319366 -15.298523
v -19.202278 13.352112 -15.308105
v -16.638138 9.996521 -15.364624
v -15.171066 5.927444 -15.517151
v -15.227623 1.619125 -15.716949
v -16.415802 -2.801117 -15.867218
v -27.681732 12.292099 -15.565613
v -27.681732 12.292130 -14.820801
v -26.827400 13.262497 -14.563690
v -24.686981 14.473114 -14.391357
v -21.996437 14.239273 -14.508453
v -19.311142 12.621185 -14.717865
v -17.000893 9.664261 -14.872833
v -15.642235 5.910233 -15.091980
v -15.703766 1.738220 -15.400116
v -16.879814 -2.721985 -15.642242
v -18.671471 -2.399902 -16.223328
v -17.546730 2.242523 -16.223328
v -17.533951 5.921051 -16.223328
v -18.628510 8.514328 -16.223328
v -20.312721 10.535019 -16.223328
v -22.206360 11.767563 -16.223328
v -24.255630 12.307709 -16.223328
v -26.294380 12.000214 -16.223328
v -27.267807 11.589554 -15.693573
v -27.267807 11.589554 -15.093719
v -26.294380 12.000214 -14.979218
v -24.257591 12.306946 -14.930695
v -22.209190 11.766663 -14.962921
v -20.313881 10.535202 -15.043030
v -18.628479 8.515060 -15.150116
v -17.533333 5.921921 -15.311279
v -17.546295 2.243362 -15.535767
v -18.671509 -2.399490 -15.733704
v -19.999290 2.002335 -15.233398
v -16.759209 2.373322 -15.240356
v -16.759209 2.373352 -16.122040
v -19.999290 2.002335 -16.120667
v -19.874710 0.021210 -15.263733
v -16.887566 -0.177170 -15.287689
v -16.887566 -0.177170 -16.127014
v -19.874657 0.021210 -16.123749
v -20.288399 -3.051178 -15.318298
v -17.457268 -3.917328 -15.370972
v -17.457199 -3.917358 -16.135681
v -20.288254 -3.051224 -16.129333
v -20.099350 -7.362305 -15.410461
v -17.340294 -7.718903 -15.462982
v -17.340111 -7.718979 -16.145172
v -20.098755 -7.362595 -16.138885
v -20.794220 4.358826 -15.210968
v -17.177345 5.530869 -15.207367
v -17.177345 5.530899 -16.118622
v -20.794235 4.358871 -16.118378
v -22.460312 6.266113 -15.206940
v -19.243393 8.920197 -15.201569
v -19.243408 8.920197 -16.117950
v -22.460327 6.266113 -16.117950
v -24.520004 7.195709 -15.208191
v -22.373062 11.117111 -15.203308
v -22.373100 11.117111 -16.117859
v -24.520058 7.195755 -16.117859
v -28.947372 6.609512 -15.174011
v -29.102951 7.980362 -15.159668
v -29.102951 7.980362 -16.024445
v -28.947372 6.609512 -16.025604
v -25.529945 11.281082 -15.177521
v -25.529968 11.281082 -16.117859
v -26.455276 7.318909 -16.117859
v -26.455261 7.318909 -15.192871
v -28.110374 9.840637 -15.166931
v -28.110374 9.840637 -16.117859
v -28.201668 6.917618 -16.117859
v -28.201614 6.917618 -15.187653
v -17.910851 -11.506180 -15.529083
v -16.162209 -10.642288 -15.538971
v -16.161194 -10.642731 -16.152832
v -17.910667 -11.506302 -16.151306
v -13.976959 -13.293182 -15.600647
v -13.975525 -13.293869 -16.159149
v -15.389557 -14.520065 -16.158997
v -15.389740 -14.519958 -15.602966
v -11.247650 -15.195023 -15.628540
v -11.247665 -15.195023 -16.162018
v -12.631386 -16.451645 -16.162018
v -12.631386 -16.451599 -15.631927
v -19.375519 -0.019730 -14.846954
v -19.459862 2.052933 -14.799438
v -17.095345 -0.165909 -15.104645
v -16.762802 1.142944 -15.260803
v -16.985283 2.343979 -15.049896
v -16.762802 1.142944 -16.124176
v -17.095276 -0.165909 -16.223328
v -16.985138 2.343979 -16.223328
v -19.855148 1.044785 -16.122040
v -19.815887 -3.196671 -14.931732
v -17.654503 -3.857330 -15.200867
v -17.182739 -1.938126 -15.326019
v -17.182716 -1.938126 -16.131012
v -17.654121 -3.857468 -16.223328
v -20.068459 -1.338974 -16.126099
v -19.638145 -7.421936 -15.064880
v -17.532211 -7.694153 -15.310822
v -17.520195 -5.892166 -15.417877
v -17.520103 -5.892242 -16.140564
v -17.531792 -7.694336 -16.223328
v -20.385918 -5.131180 -16.133575
v -20.195000 4.535965 -14.764374
v -16.827438 3.865051 -15.221405
v -17.430626 5.448212 -15.011414
v -16.827438 3.865082 -16.120087
v -17.430626 5.448212 -16.223328
v -20.296440 3.164246 -16.119354
v -21.934784 6.685516 -14.762756
v -18.018623 7.283554 -15.201630
v -19.471497 8.746750 -15.007538
v -18.018646 7.283554 -16.118042
v -19.471550 8.746796 -16.223328
v -21.540390 5.414597 -16.117981
v -24.181709 7.964752 -14.776306
v -20.743706 10.237839 -15.204285
v -22.536812 10.816589 -15.015717
v -20.743721 10.237839 -16.117859
v -22.536835 10.816589 -16.223328
v -23.479568 6.848282 -16.117859
v -26.276756 8.056625 -14.639069
v -23.985146 11.438660 -15.191895
v -25.571892 10.867126 -14.912689
v -23.985146 11.438629 -16.117859
v -25.571945 10.867157 -16.223328
v -25.503685 7.343307 -16.117859
v -29.177254 7.603210 -16.092072
v -29.072113 6.862152 -16.065552
v -26.957573 10.723083 -15.167664
v -28.076942 9.431366 -14.870239
v -26.957611 10.723083 -16.117859
v -28.076958 9.431366 -16.223328
v -27.399666 7.150742 -16.117859
v -28.158852 7.423599 -14.592316
v -28.830574 8.709763 -15.180023
v -29.177254 7.603241 -15.004150
v -28.830597 8.709763 -16.117859
v -28.726196 6.698410 -16.117859
v -29.072075 6.862152 -14.757324
v -17.618423 -11.361816 -15.225586
v -16.283775 -10.702438 -15.405701
v -16.886536 -9.253723 -15.502808
v -16.885986 -9.253983 -16.149200
v -16.282997 -10.702805 -16.223328
v -19.163986 -9.529236 -16.145203
v -15.153191 -14.315048 -15.329193
v -14.074677 -13.378815 -15.480835
v -15.170631 -12.030243 -15.572998
v -15.169220 -12.030899 -16.156311
v -14.073639 -13.379318 -16.223328
v -16.667679 -13.168854 -16.155884
v -11.343948 -15.282471 -15.513916
v -12.646523 -14.306519 -15.617340
v -12.645653 -14.306915 -16.160858
v -11.343987 -15.282471 -16.223328
v -14.030663 -15.562912 -16.160797
v -12.400055 -16.241577 -15.370544
v -15.419342 -14.545624 -15.667206
v -12.660339 -16.477921 -15.693298
v -14.030754 -15.562881 -15.620575
v -17.947456 -11.524261 -15.600739
v -16.667862 -13.168777 -15.572754
v -20.157028 -7.354858 -15.493195
v -19.164436 -9.529022 -15.471008
v -20.386337 -5.130997 -15.359528
v -20.347534 -3.032959 -15.410645
v -20.068481 -1.338928 -15.287018
v -19.937202 0.026337 -15.362427
v -19.855164 1.044785 -15.246826
v -20.066772 1.995987 -15.335693
v -20.296402 3.164215 -15.220581
v -20.869209 4.336685 -15.315948
v -21.540375 5.414566 -15.207001
v -22.526085 6.213623 -15.311768
v -23.479530 6.848251 -15.208679
v -24.562347 7.099518 -15.311554
v -25.503647 7.343277 -15.201385
v -26.477585 7.226639 -15.311462
v -27.399612 7.150742 -15.187653
v -28.206970 6.854309 -15.311462
v -28.726181 6.698410 -15.194977
v -29.017281 6.536148 -15.261169
v -29.209198 7.782242 -15.255707
v -28.121498 9.977051 -15.311554
v -25.515953 11.419052 -15.311554
v -22.318489 11.217270 -15.311554
v -19.167358 8.977982 -15.311859
v -17.092896 5.558426 -15.318085
v -16.683838 2.383118 -15.347748
v -16.818306 -0.180939 -15.390503
v -17.391548 -3.937332 -15.465668
v -17.276337 -7.727142 -15.547577
v -16.121590 -10.622253 -15.613892
v -13.944305 -13.264648 -15.668365
v -11.215561 -15.165878 -15.693390
v -29.130356 7.355286 -16.063019
v -29.130341 7.355286 -14.716156
v -28.026779 8.817322 -14.450836
v -25.634872 10.246109 -14.541077
v -22.782433 10.365723 -14.759979
v -19.813728 8.486557 -14.742187
v -17.810646 5.324173 -14.742981
v -17.324448 2.299988 -14.788818
v -17.407066 -0.149033 -14.853455
v -17.950378 -3.767258 -14.966980
v -17.820137 -7.656982 -15.101593
v -16.466110 -10.792755 -15.223053
v -14.221222 -13.507385 -15.316772
v -11.488441 -15.413651 -15.356842
v -15.300171 -14.443405 -16.223328
v -12.544594 -16.372757 -16.223328
v -17.800499 -11.452240 -16.223328
v -19.925659 -7.384949 -16.223328
v -20.110695 -3.105927 -16.223328
v -19.687134 0.005783 -16.223328
v -19.796776 2.021317 -16.223328
v -20.569283 4.425369 -16.223328
v -22.263062 6.423584 -16.223328
v -24.393044 7.484436 -16.223328
v -26.388290 7.595840 -16.223328
v -28.185608 7.107544 -16.223328
v -29.036812 6.660477 -16.094604
v -29.036774 6.660477 -15.036407
v -28.185585 7.107574 -14.953461
v -26.388268 7.595886 -14.974274
v -24.393044 7.484436 -15.035339
v -22.263023 6.423553 -15.029449
v -20.569267 4.425323 -15.032623
v -19.796776 2.021317 -15.060059
v -19.687317 0.005829 -15.097168
v -20.111023 -3.105820 -15.163666
v -19.926201 -7.384735 -15.272156
v -17.801079 -11.451996 -15.407837
v -15.300934 -14.443039 -15.493622
v -12.544540 -16.372757 -15.527557
v -19.339165 1.051208 -14.820404
v -16.978134 1.132919 -15.073608
v -16.978058 1.132919 -16.223328
v -19.586510 -1.443146 -14.883606
v -17.383560 -1.897797 -15.148682
v -17.383362 -1.897842 -16.223328
v -19.907669 -5.258057 -14.992615
v -17.719734 -5.839172 -15.256287
v -17.719299 -5.839355 -16.223328
v -19.720146 3.268600 -14.779419
v -17.070007 3.812515 -15.027832
v -17.069969 3.812515 -16.223328
v -20.959358 5.692657 -14.758057
v -18.265335 7.160721 -15.004700
v -18.265388 7.160751 -16.223328
v -23.042809 7.461319 -14.780579
v -20.946419 10.002975 -15.019684
v -20.946442 10.002975 -16.223328
v -25.249878 8.140625 -14.714783
v -24.089363 11.074829 -14.970123
v -24.089417 11.074829 -16.223328
v -26.952110 10.283096 -14.873169
v -26.952164 10.283066 -16.223328
v -27.291840 7.780685 -14.592133
v -28.793228 8.420746 -14.922699
v -28.793243 8.420746 -16.223328
v -28.741623 7.096390 -14.657898
v -18.783546 -9.483063 -15.147186
v -17.044960 -9.272934 -15.360413
v -17.044395 -9.273178 -16.223328
v -16.417305 -12.978561 -15.286285
v -15.274376 -12.109665 -15.447571
v -15.273376 -12.110138 -16.223328
v -12.742447 -14.394104 -15.500732
v -12.741829 -14.394394 -16.223328
v -13.799126 -15.352921 -15.354309
v -14.059792 -15.589127 -15.683075
v -16.699242 -13.192551 -15.640137
v -19.212082 -9.534790 -15.548035
v -20.446213 -5.115143 -15.447388
v -20.128807 -1.325897 -15.382874
v -19.919739 1.044022 -15.347565
v -20.368530 3.151138 -15.324402
v -21.613060 5.379761 -15.312500
v -23.534195 6.771545 -15.311554
v -25.535393 7.243515 -15.311554
v -27.413094 7.071930 -15.311462
v -28.724236 6.648636 -15.311462
v -29.182228 6.784073 -14.858887
v -29.305267 7.330704 -15.088226
v -28.843025 8.806137 -15.311554
v -26.959404 10.869736 -15.311554
v -23.950371 11.559906 -15.311554
v -20.676094 10.316101 -15.311554
v -17.936386 7.324463 -15.312927
v -16.746597 3.882538 -15.330688
v -16.691040 1.146286 -15.366180
v -17.115784 -1.951599 -15.425171
v -17.453674 -5.909851 -15.507568
v -16.833694 -9.247330 -15.582367
v -15.135910 -12.003815 -15.643951
v -12.614525 -14.277298 -15.683258
v -29.261360 7.144669 -14.836975
v -28.737198 7.987152 -14.562317
v -26.943962 9.622925 -14.457062
v -24.245796 10.528961 -14.663116
v -21.250572 9.650650 -14.768433
v -18.635498 6.976456 -14.734955
v -17.433945 3.733719 -14.762634
v -17.301216 1.117889 -14.816895
v -17.684906 -1.837219 -14.905182
v -18.019096 -5.759644 -15.034119
v -17.282631 -9.301712 -15.164825
v -15.430046 -12.228836 -15.275574
v -12.886337 -14.525589 -15.341034
v -13.943344 -15.484299 -16.223328
v -16.573082 -13.097702 -16.223328
v -19.020889 -9.512039 -16.223328
v -20.206215 -5.178879 -16.223328
v -19.887268 -1.378174 -16.223328
v -19.661362 1.047180 -16.223328
v -20.080093 3.203445 -16.223328
v -21.322281 5.518997 -16.223328
v -23.315636 7.078430 -16.223328
v -25.408432 7.642593 -16.223328
v -27.359192 7.387222 -16.223328
v -28.732002 6.847778 -16.223328
v -29.138382 6.598038 -15.110168
v -28.732002 6.847824 -14.982635
v -27.359154 7.387222 -14.953369
v -25.408379 7.642593 -15.007965
v -23.315582 7.078400 -15.037262
v -21.322250 5.518967 -15.027802
v -20.080078 3.203415 -15.044464
v -19.661453 1.047180 -15.076477
v -19.887543 -1.378067 -15.125702
v -20.206650 -5.178696 -15.212677
v -19.021454 -9.511780 -15.341492
v -16.573792 -13.097382 -15.458344
v -13.943802 -15.484039 -15.514252
v -17.080315 -10.706985 -16.124298
v -13.976944 -9.760727 -16.124298
v -15.867638 -12.897034 -16.124298
v -13.253960 -11.564911 -16.124298
v -13.602890 -15.709015 -16.124298
v -11.616196 -13.745544 -16.124298
v -11.012390 -17.464691 -16.124298
v -9.952606 -14.909164 -16.124298
v -8.052704 -18.013535 -16.124298
v -8.095650 -15.274078 -16.124298
v -5.034431 -17.150909 -16.124298
v -6.429825 -14.835007 -16.124298
v -2.842720 -14.730057 -16.124298
v -5.271469 -13.540817 -16.124298
v -2.256989 -11.523575 -16.124298
v -4.943520 -11.827835 -16.124298
v -3.428215 -8.598511 -16.124298
v -5.515564 -10.362854 -16.124298
v -4.970490 -7.284805 -16.124298
v -6.168739 -9.747040 -16.124298
v -6.855293 -6.796646 -16.124298
v -6.906654 -9.477661 -16.124298
v -8.801491 -7.079025 -16.124298
v -7.691597 -9.463974 -16.124298
v -10.510788 -8.185425 -16.124298
v -8.414612 -9.701523 -16.124298
v -11.400345 -9.917282 -16.124268
v -8.878883 -10.153702 -16.124268
v -11.231911 -11.766815 -16.123810
v -8.987366 -10.702118 -16.123901
v -10.313538 -13.434418 -16.124542
v -8.750908 -11.014221 -16.124725
v -6.042526 -13.442810 -16.049957
v -5.727303 -11.667175 -16.048523
v -7.949417 -10.708099 -16.126801
v -7.046844 -10.590927 -16.123566
v -6.214348 -11.039597 -16.134064
v -9.166847 -14.455704 -16.129456
v -7.846725 -14.581924 -16.145599
v -6.761932 -14.095245 -16.144836
v -18.006081 -7.709900 -16.124298
v -14.219383 -7.325714 -16.124298
v -17.464455 -3.779495 -16.124298
v -13.454170 -4.915634 -16.124298
v -15.464264 -0.497620 -16.124298
v -11.934273 -3.234711 -16.124298
v -8.050003 -0.650650 -16.037415
v -7.648003 -1.982712 -16.038239
v -12.633438 0.932846 -16.124298
v -10.210243 -2.339935 -16.124298
v -9.696877 0.656097 -16.124298
v -8.452507 -2.000748 -16.124298
v -14.474663 -9.923264 -14.769989
v -13.675545 -11.788086 -14.770020
v -16.553062 -11.791901 -16.124298
v -13.706673 -10.669159 -16.124298
v -11.938904 -14.065811 -14.770111
v -14.830940 -14.314209 -16.124298
v -12.497116 -12.685776 -16.124298
v -10.124992 -15.324829 -14.770111
v -12.343422 -16.747086 -16.124298
v -10.791252 -14.457916 -16.124298
v -8.088661 -15.719696 -14.770111
v -9.569572 -17.898102 -16.124298
v -9.030724 -15.185364 -16.124298
v -6.202866 -15.211716 -14.770111
v -6.499519 -17.777161 -16.124298
v -7.217415 -15.162857 -16.124298
v -4.876419 -13.734283 -14.770111
v -3.781860 -16.096878 -16.124298
v -5.766724 -14.273804 -16.124298
v -4.506508 -11.778366 -14.770020
v -2.317940 -13.165512 -16.124298
v -4.987518 -12.697617 -16.124298
v -5.176056 -10.075806 -14.769989
v -2.709282 -9.924438 -16.124298
v -5.168053 -11.015228 -16.124298
v -5.973610 -9.345642 -14.769989
v -4.167076 -7.776077 -16.124298
v -5.840355 -9.973877 -16.124298
v -6.896111 -9.039337 -14.769989
v -5.883171 -6.952332 -16.124298
v -6.527054 -9.581009 -16.124298
v -7.868668 -9.074402 -14.769989
v -7.837013 -6.835663 -16.124298
v -7.298836 -9.438782 -16.124298
v -8.752541 -9.457291 -14.769958
v -9.721848 -7.536255 -16.124298
v -8.073051 -9.552872 -16.124298
v -9.296547 -10.130798 -14.771057
v -11.081070 -9.004639 -16.124298
v -8.687767 -9.905884 -16.124298
v -9.370056 -10.905029 -14.776428
v -11.436295 -10.846664 -16.123962
v -8.974495 -10.432404 -16.123993
v -9.010704 -11.411407 -14.763397
v -10.830132 -12.651611 -16.123962
v -8.930481 -10.922852 -16.123993
v -7.224365 -11.264755 -14.660797
v -8.171204 -11.313660 -14.708679
v -6.334793 -11.600571 -14.704224
v -9.764793 -14.048569 -16.125671
v -8.395721 -10.895920 -16.126282
v -5.718170 -12.005997 -14.865448
v -5.886566 -11.413361 -16.132904
v -5.718208 -12.006470 -16.100983
v -6.294426 -13.706589 -16.137756
v -7.496506 -10.591248 -16.124359
v -6.610291 -10.752899 -16.128876
v -8.502785 -14.617416 -16.137787
v -7.272903 -14.397446 -16.147705
v -14.822830 -7.402527 -14.769989
v -17.642342 -9.350281 -16.124298
v -14.186516 -8.601929 -16.124298
v -14.086128 -4.747681 -14.775909
v -17.938164 -5.773834 -16.124298
v -13.959534 -6.065247 -16.124298
v -12.533669 -2.680099 -14.789490
v -16.610657 -1.964233 -16.124298
v -12.750450 -3.972321 -16.124298
v -10.654549 -1.750244 -14.656128
v -14.112808 0.450958 -16.124298
v -11.091415 -2.702423 -16.124298
v -7.632156 -1.706360 -16.076569
v -11.103355 0.999557 -16.124298
v -9.278961 -2.111862 -16.124298
v -8.685989 -1.564819 -14.610626
v -8.588341 -0.092438 -16.124298
v -7.885818 -1.989059 -16.124298
v -7.632210 -1.706360 -14.781067
v -17.146797 -10.726257 -15.337250
v -18.086975 -7.718002 -15.337250
v -17.549377 -3.759094 -15.337250
v -15.546494 -0.433624 -15.337250
v -12.695236 1.043655 -15.337250
v -9.736954 0.774933 -15.337250
v -7.873131 -0.793930 -15.287476
v -8.424522 -2.053055 -15.337219
v -7.555565 -2.019623 -15.291412
v -10.156898 -2.410751 -15.337219
v -11.862343 -3.301361 -15.337250
v -13.378326 -4.935852 -15.337219
v -14.146912 -7.316528 -15.337219
v -13.917191 -9.741272 -15.337219
v -13.203339 -11.538132 -15.337219
v -11.577469 -13.707108 -15.337280
v -9.931915 -14.859283 -15.337280
v -8.096466 -15.220581 -15.337280
v -6.457085 -14.789810 -15.337280
v -5.318893 -13.517624 -15.337280
v -4.995941 -11.833786 -15.337250
v -5.556328 -10.397339 -15.337219
v -6.192154 -9.795212 -15.337219
v -6.907890 -9.530289 -15.337219
v -7.670326 -9.510757 -15.337219
v -8.374046 -9.730804 -15.337219
v -8.828720 -10.156387 -15.337280
v -8.941444 -10.677689 -15.337830
v -8.719711 -10.966599 -15.335937
v -7.922752 -10.635178 -15.325836
v -7.025208 -10.504532 -15.317505
v -6.199738 -10.969894 -15.348419
v -5.665047 -11.720749 -15.330383
v -5.960960 -13.389084 -15.327881
v -6.773621 -14.172348 -15.358734
v -7.860703 -14.673615 -15.339630
v -9.191010 -14.541702 -15.327515
v -10.345985 -13.486359 -15.335876
v -11.276489 -11.787109 -15.339203
v -11.452545 -9.910782 -15.337463
v -10.555542 -8.153091 -15.337128
v -8.825394 -7.028564 -15.337128
v -6.854385 -6.739914 -15.337219
v -4.945099 -7.232681 -15.337219
v -3.383949 -8.561096 -15.337219
v -2.200005 -11.517151 -15.337250
v -2.791214 -14.755280 -15.337280
v -5.004829 -17.200058 -15.337311
v -8.051796 -18.071655 -15.337341
v -11.034859 -17.518921 -15.337311
v -13.645050 -15.750626 -15.337311
v -15.923416 -12.924667 -15.337250
v -16.554428 -10.554626 -14.752563
v -17.366158 -7.646057 -14.752533
v -16.793312 -3.940964 -14.761139
v -14.814369 -1.003601 -14.778778
v -12.144974 0.056534 -14.568420
v -9.379929 -0.283524 -14.481689
v -7.780136 -1.202515 -14.746979
v -7.780113 -1.202484 -16.074768
v -5.909927 -13.087906 -16.103088
v -5.909904 -13.087357 -14.847137
v -6.668152 -13.464554 -14.671539
v -7.733559 -13.808914 -14.638550
v -8.975586 -13.770767 -14.683716
v -10.056717 -13.024048 -14.745514
v -10.878517 -11.606079 -14.764282
v -10.987343 -9.968216 -14.754425
v -10.156662 -8.441193 -14.752472
v -8.612335 -7.478165 -14.752502
v -6.862206 -7.245163 -14.752502
v -5.171227 -7.697311 -14.752533
v -3.778252 -8.894363 -14.752533
v -2.707489 -11.574615 -14.752563
v -3.250023 -14.530624 -14.752594
v -5.268417 -16.762573 -14.752686
v -8.059929 -17.554169 -14.752686
v -10.834671 -17.036163 -14.752686
v -13.269371 -15.380508 -14.752594
v -15.426598 -12.678802 -14.752563
v -14.164322 -10.859695 -14.770020
v -12.874992 -12.954285 -14.770020
v -11.043701 -14.830322 -14.770111
v -9.118370 -15.626617 -14.770111
v -7.100639 -15.588104 -14.770111
v -5.443855 -14.570374 -14.770111
v -4.553284 -12.773727 -14.770020
v -4.768120 -10.837799 -14.770020
v -5.568222 -9.616028 -14.769989
v -6.421204 -9.151794 -14.769989
v -7.383453 -9.013138 -14.769989
v -8.337166 -9.224472 -14.769958
v -9.078262 -9.767044 -14.769958
v -9.389580 -10.525589 -14.774323
v -9.250610 -11.222656 -14.774323
v -7.698517 -11.252090 -14.678375
v -6.761459 -11.396957 -14.668457
v -8.629745 -11.404251 -14.739288
v -5.969315 -11.827255 -14.770905
v -14.739868 -8.733047 -14.769989
v -14.586372 -6.045242 -14.769989
v -13.377777 -3.596115 -14.793671
v -11.626106 -2.089066 -14.729736
v -9.618431 -1.590744 -14.610504
v -8.025536 -1.626831 -14.674408
v -17.716507 -9.365387 -15.337250
v -18.022163 -5.769913 -15.337250
v -16.695885 -1.923508 -15.337250
v -14.186005 0.540039 -15.337250
v -11.154991 1.123550 -15.337250
v -8.612823 -0.006805 -15.337250
v -7.501060 -1.732819 -14.909790
v -7.869049 -2.032547 -15.337219
v -9.238213 -2.174438 -15.337219
v -11.027275 -2.776031 -15.337219
v -12.675163 -4.017517 -15.337219
v -13.884285 -6.067642 -15.337219
v -14.120071 -8.586212 -15.337219
v -13.651718 -10.646286 -15.337219
v -12.451759 -12.653580 -15.337250
v -10.760925 -14.413239 -15.337280
v -9.020203 -15.132401 -15.337280
v -7.231407 -15.111816 -15.337280
v -5.805489 -14.238235 -15.337280
v -5.039627 -12.688492 -15.337250
v -5.216057 -11.036545 -15.337250
v -5.873024 -10.016846 -15.337219
v -6.539757 -9.632553 -15.337219
v -7.288620 -9.489929 -15.337219
v -8.041344 -9.592331 -15.337219
v -8.640831 -9.922577 -15.337219
v -8.924583 -10.421158 -15.337616
v -8.892044 -10.886810 -15.337616
v -8.367622 -10.835266 -15.331848
v -7.472076 -10.508743 -15.318512
v -6.591866 -10.671036 -15.330383
v -5.876564 -11.362732 -15.362823
v -5.634445 -12.065567 -14.984894
v -6.303429 -13.762970 -15.367310
v -7.285423 -14.485260 -15.349121
v -8.521408 -14.709473 -15.331512
v -9.793015 -14.119324 -15.330566
v -10.868484 -12.686859 -15.338562
v -11.486046 -10.853333 -15.338562
v -11.131508 -8.984787 -15.337097
v -9.757263 -7.493530 -15.337128
v -7.848701 -6.780640 -15.337219
v -5.869614 -6.896729 -15.337219
v -4.131577 -7.729507 -15.337219
v -2.657143 -9.901352 -15.337250
v -2.261330 -13.175461 -15.337280
v -3.739754 -16.135544 -15.337311
v -6.484291 -17.832581 -15.337341
v -9.581009 -17.955643 -15.337341
v -12.376381 -16.795654 -15.337311
v -14.880585 -14.348373 -15.337280
v -16.613976 -11.814987 -15.337250
v -17.056068 -9.231323 -14.752533
v -17.274101 -5.805008 -14.752533
v -15.937042 -2.286636 -14.786896
v -13.534195 -0.253464 -14.685699
v -10.695076 0.019104 -14.487701
v -8.395027 -0.769394 -14.588867
v -7.575165 -1.346848 -14.893982
v -5.805710 -13.032516 -14.970367
v -6.222481 -13.251907 -14.744049
v -7.171738 -13.663544 -14.640198
v -8.353882 -13.860687 -14.655334
v -9.541534 -13.491013 -14.716888
v -10.526123 -12.372620 -14.760345
v -11.042542 -10.793839 -14.760345
v -10.681976 -9.161636 -14.752472
v -9.441597 -7.874130 -14.752472
v -7.744377 -7.271149 -14.752502
v -5.990273 -7.392395 -14.752533
v -4.447670 -8.144485 -14.752533
v -3.121613 -10.107376 -14.752563
v -2.765617 -13.087067 -14.752594
v -4.114716 -15.791168 -14.752686
v -6.619926 -17.338760 -14.752686
v -9.479240 -17.443237 -14.752686
v -12.083138 -16.363251 -14.752686
v -14.438179 -14.044067 -14.752594
v -16.071625 -11.609741 -14.752563
v -16.263741 -1.426712 -15.736877
v -14.344398 -2.648544 -15.737885
v -14.344582 -2.648148 -16.173737
v -16.264450 -1.426636 -16.173370
v -14.820908 2.386200 -15.552979
v -12.385765 2.200241 -15.497437
v -12.385765 2.200638 -16.148621
v -14.821648 2.386307 -16.154541
v -14.290947 5.753998 -15.349121
v -11.485191 6.800262 -15.275330
v -11.484612 6.800919 -16.126831
v -14.291237 5.754181 -16.134247
v -14.617989 8.686935 -15.225189
v -11.916595 10.880630 -15.187683
v -11.915504 10.881500 -16.120239
v -14.617882 8.687225 -16.122559
v -18.824928 13.701935 -15.175903
v -18.373940 15.360825 -15.158356
v -18.373940 15.360825 -16.026825
v -18.824928 13.701935 -16.028290
v -13.708450 14.171646 -15.156738
v -13.707253 14.172195 -16.118958
v -15.740700 11.246017 -16.119507
v -15.741096 11.245941 -15.186432
v -16.289856 15.700150 -15.162354
v -16.289673 15.700226 -16.119293
v -17.367409 12.960693 -16.119324
v -17.367447 12.960663 -15.187225
v -15.474808 0.512161 -15.647614
v -12.807259 2.141251 -15.227173
v -14.672005 -2.450058 -15.532501
v -12.328377 2.208328 -15.572540
v -13.290840 -0.209106 -15.617950
v -14.299774 -2.675522 -15.791290
v -15.475571 0.512238 -16.164154
v -14.871651 2.392151 -15.623657
v -16.303215 -1.400467 -15.788086
v -14.437035 4.130539 -15.447571
v -12.007179 6.394104 -14.850311
v -11.414116 6.855652 -15.382690
v -11.777748 4.549286 -15.375824
v -14.437599 4.130646 -16.143890
v -14.350044 5.737228 -15.446869
v -14.350334 7.265442 -15.275330
v -12.440308 10.143448 -14.567047
v -11.845284 10.981064 -15.325073
v -11.526482 8.915253 -15.218109
v -14.350449 7.265701 -16.127167
v -14.676941 8.647919 -15.345459
v -15.096581 10.040695 -15.197968
v -14.098145 13.216934 -14.394287
v -13.655396 14.301682 -15.314056
v -12.670662 12.682678 -15.167389
v -15.096237 10.040878 -16.120300
v -15.789268 11.189468 -15.318634
v -18.733475 14.813248 -14.709167
v -19.023941 13.729492 -15.266937
v -16.498161 14.810013 -14.419922
v -16.261490 15.821365 -15.316803
v -14.949768 15.197769 -15.155029
v -16.506363 12.222107 -16.119293
v -16.506599 12.222076 -15.183441
v -17.396629 12.897537 -15.317200
v -18.620613 15.345322 -15.260010
v -17.623955 15.617981 -15.178619
v -18.733490 14.813248 -16.064362
v -18.297913 13.453354 -16.119354
v -18.297897 13.453354 -15.195862
v -13.290932 -0.208710 -16.161102
v -11.777481 4.549805 -16.136444
v -11.525612 8.916061 -16.122070
v -12.669373 12.683441 -16.119293
v -14.949059 15.198059 -16.119110
v -17.623955 15.618011 -16.119354
v -14.418251 2.339233 -15.272919
v -15.950348 -1.634949 -15.533813
v -13.821358 5.887695 -14.936859
v -14.149834 8.997223 -14.682159
v -15.358536 11.694641 -14.560730
v -17.135674 13.462143 -14.579773
v -18.910851 14.181198 -14.757477
v -18.910866 14.181198 -16.067566
v -13.663635 -0.131607 -15.387146
v -13.240059 -0.219604 -15.681305
v -15.520050 0.528503 -15.707855
v -12.254707 4.322861 -15.038025
v -11.712791 4.580215 -15.466400
v -14.492683 4.125320 -15.531494
v -12.065804 8.335770 -14.694824
v -11.452995 8.994217 -15.341309
v -14.410645 7.237244 -15.385345
v -13.140396 11.812576 -14.462799
v -12.606705 12.801193 -15.316742
v -15.151413 9.991974 -15.325714
v -19.054268 14.779709 -14.837952
v -15.245644 14.230209 -14.373901
v -14.909492 15.329498 -15.314880
v -16.545639 12.160507 -15.316711
v -17.771095 14.913864 -14.550751
v -17.603920 15.713837 -15.317474
v -18.318184 13.392990 -15.317383
v -15.115692 0.382904 -15.410706
v -13.995216 4.172470 -15.105682
v -13.871452 7.489883 -14.794312
v -14.660912 10.427750 -14.604462
v -16.196533 12.711029 -14.550385
v -18.136780 13.933090 -14.655457
v -19.168846 14.263931 -14.865906
v 13.185570 4.357452 -15.534424
v 10.719757 3.813828 -15.551880
v 10.720032 3.813354 -16.152466
v 13.186348 4.356323 -16.150146
v 15.265091 -4.713562 -15.865479
v 12.906334 -5.001419 -15.888092
v 12.906265 -5.001419 -16.187988
v 15.265022 -4.713562 -16.185272
v 13.769356 7.209366 -15.371948
v 11.414406 7.971939 -15.340668
v 11.414604 7.971832 -16.129883
v 13.769920 7.208710 -16.133087
v 15.201324 9.487442 -15.261536
v 13.520576 11.762268 -15.229645
v 13.520325 11.762482 -16.118134
v 15.201431 9.487228 -16.121399
v 16.951370 11.030731 -15.205627
v 16.334396 14.424698 -15.185211
v 16.333817 14.425598 -16.115173
v 16.951035 11.030869 -16.116425
v 22.426247 11.651337 -15.167389
v 23.223366 13.172653 -15.154846
v 23.223373 13.172653 -16.019165
v 22.426247 11.651306 -16.020142
v 19.411591 15.531647 -15.158661
v 19.410721 15.533112 -16.114807
v 18.856934 11.891754 -16.115112
v 18.857628 11.891388 -15.181091
v 21.967789 14.838547 -15.162201
v 21.967674 14.838806 -16.114990
v 20.885788 12.083008 -16.115082
v 20.885880 12.082977 -15.182648
v 11.433228 -0.580780 -15.754425
v 11.433372 -0.581146 -16.173889
v 13.796455 -0.036072 -16.171112
v 13.795891 -0.035263 -15.732178
v 13.399643 -0.134109 -15.522705
v 12.770142 4.253952 -15.238190
v 11.597481 -0.545456 -15.664001
v 10.935287 1.633087 -15.659790
v 10.889297 3.846863 -15.424255
v 11.378433 -0.592575 -16.025726
v 10.935501 1.632629 -16.163940
v 10.663239 3.802826 -15.940155
v 11.598206 -0.546799 -16.223328
v 10.890350 3.844864 -16.223328
v 13.352600 2.287827 -16.160889
v 13.846313 -0.023331 -16.014679
v 13.238510 4.369720 -15.930817
v 13.371933 7.327911 -14.995667
v 10.878151 5.925415 -15.439514
v 11.567551 7.911026 -15.181366
v 10.878441 5.925125 -16.140472
v 11.363480 7.992386 -15.849731
v 11.567787 7.909973 -16.223328
v 13.819870 7.194000 -15.862396
v 13.342873 5.925766 -16.140930
v 14.905022 9.871063 -14.834869
v 12.332497 9.957489 -15.273132
v 13.610077 11.581818 -15.050507
v 12.332497 9.957565 -16.122589
v 13.490906 11.822678 -15.802704
v 13.608315 11.581467 -16.223328
v 15.238937 9.438950 -15.815704
v 14.415161 8.417633 -16.126434
v 16.801544 11.585236 -14.688721
v 14.866821 13.266266 -15.202820
v 16.310570 14.094803 -14.951385
v 14.866386 13.266815 -16.115967
v 16.342453 14.534866 -15.790955
v 16.307678 14.097565 -16.223328
v 16.970406 10.960846 -15.795715
v 16.051605 10.352173 -16.118195
v 18.878662 12.495193 -14.558838
v 17.886536 15.192612 -15.169434
v 19.256592 15.133987 -14.855164
v 17.885735 15.193954 -16.114899
v 19.463318 15.664291 -15.789429
v 19.252846 15.139511 -16.223328
v 18.855049 11.815262 -15.790710
v 17.885086 11.541611 -16.115479
v 23.393822 12.992279 -15.764069
v 23.282059 12.805664 -16.088684
v 22.815857 11.943878 -16.061035
v 20.797943 15.403549 -15.156067
v 21.787933 14.524124 -14.863800
v 20.797409 15.404495 -16.114899
v 22.027756 14.943390 -15.790253
v 21.787392 14.524994 -16.223328
v 20.864456 12.016556 -15.790375
v 19.869675 12.088562 -16.115082
v 21.055901 12.609390 -14.578003
v 22.843346 13.866806 -15.177551
v 23.282059 12.805664 -15.001740
v 22.843346 13.866806 -16.115082
v 22.591949 11.536667 -15.766205
v 21.867668 11.826019 -16.115082
v 22.815849 11.943909 -14.750183
v 13.070122 -4.981415 -15.822327
v 12.122063 -2.791824 -15.826813
v 12.851761 -5.008057 -16.082184
v 12.122101 -2.792007 -16.181549
v 13.069771 -4.981445 -16.223328
v 14.472664 -2.371841 -16.178802
v 15.314980 -4.707428 -16.071259
v 14.869743 -4.761734 -15.713684
v 13.845909 -0.022858 -15.778473
v 15.314957 -4.707458 -15.899078
v 14.472351 -2.371399 -15.804779
v 13.351875 2.288879 -15.635834
v 13.238007 4.370438 -15.599701
v 13.342163 5.926712 -15.446655
v 13.819542 7.194366 -15.453766
v 14.414818 8.418030 -15.309845
v 15.238731 9.439026 -15.354156
v 16.051735 10.352249 -15.228119
v 16.970291 10.960770 -15.311554
v 17.885689 11.541321 -15.189941
v 18.854988 11.815201 -15.300812
v 19.870117 12.088348 -15.178955
v 20.864449 12.016556 -15.300140
v 21.867645 11.826019 -15.191315
v 22.591934 11.536667 -15.248596
v 23.393822 12.992279 -15.243988
v 22.027756 14.943390 -15.299927
v 19.463249 15.664215 -15.298157
v 16.342346 14.534683 -15.301392
v 13.490761 11.822449 -15.326508
v 11.363365 7.992233 -15.426697
v 10.663239 3.802826 -15.619446
v 11.378471 -0.592545 -15.802032
v 12.851738 -5.008057 -15.922455
v 23.119965 12.534683 -16.058838
v 23.119957 12.534729 -14.713013
v 21.516937 14.050339 -14.435608
v 19.023087 14.534790 -14.419495
v 16.274673 13.597717 -14.620544
v 13.744942 11.309937 -14.801605
v 11.798294 7.819305 -14.960083
v 11.144768 3.896667 -15.246094
v 11.844971 -0.492249 -15.537628
v 13.316879 -4.951248 -15.730286
v 13.646103 -0.073318 -16.223328
v 15.115173 -4.731812 -16.223328
v 13.028915 4.317413 -16.223328
v 13.619423 7.253433 -16.223328
v 15.088593 9.632065 -16.223328
v 16.892746 11.240906 -16.223328
v 18.862465 12.121124 -16.223328
v 20.949768 12.282364 -16.223328
v 22.676239 11.692215 -16.090851
v 22.676231 11.692245 -15.029999
v 20.950233 12.282196 -14.944916
v 18.865601 12.119934 -14.936676
v 16.894653 11.240570 -15.001190
v 15.089180 9.632645 -15.091644
v 13.618935 7.254227 -15.222107
v 13.028320 4.318283 -15.416351
v 13.645905 -0.072662 -15.648621
v 15.115448 -4.731781 -15.804901
v 12.945572 2.168472 -15.385010
v 11.102936 1.675018 -15.551483
v 10.879387 1.619080 -15.985809
v 11.103951 1.673203 -16.223328
v 13.403671 2.303360 -15.973785
v 12.927223 5.914124 -15.106934
v 11.044037 5.919342 -15.294312
v 10.822922 5.927521 -15.892120
v 11.044853 5.917755 -16.223328
v 13.394997 5.927658 -15.893860
v 14.059357 8.674377 -14.908875
v 12.460228 9.840530 -15.105438
v 12.290077 9.996735 -15.820587
v 12.459450 9.839661 -16.223328
v 14.459953 8.385498 -15.835937
v 15.824409 10.835693 -14.761963
v 14.905151 13.008942 -15.000824
v 14.854172 13.352341 -15.794067
v 14.902771 13.009888 -16.223328
v 16.080551 10.291260 -15.802979
v 17.820435 12.136703 -14.613617
v 17.791458 14.812302 -14.897156
v 17.918312 15.319489 -15.789612
v 17.787796 14.817093 -16.223328
v 17.894020 11.466278 -15.792053
v 23.476715 12.532333 -15.684875
v 23.062775 11.829788 -15.574280
v 20.614769 15.032394 -14.842377
v 20.859032 15.527328 -15.789795
v 20.612488 15.035873 -16.223328
v 19.857086 12.015503 -15.790253
v 19.973793 12.665909 -14.546539
v 22.698074 13.625748 -14.924042
v 22.891769 13.947174 -15.790436
v 22.698090 13.625748 -16.223328
v 21.841492 11.767929 -15.790405
v 22.075066 12.286255 -14.654449
v 12.285446 -2.763947 -15.749817
v 12.067581 -2.801117 -16.056305
v 12.285683 -2.764664 -16.223328
v 14.522316 -2.362320 -16.045532
v 14.078499 -2.445663 -15.626709
v 14.522064 -2.362076 -15.844177
v 13.403168 2.304016 -15.691284
v 13.394547 5.928238 -15.520844
v 14.459686 8.385681 -15.397278
v 16.080421 10.291229 -15.326935
v 17.893929 11.466217 -15.303711
v 19.857040 12.015457 -15.299927
v 21.841476 11.767975 -15.300232
v 23.062775 11.829788 -14.839355
v 23.476715 12.532333 -15.075165
v 22.891762 13.947174 -15.300262
v 20.859009 15.527328 -15.298920
v 17.918228 15.319366 -15.298523
v 14.854042 13.352112 -15.308105
v 12.289932 9.996521 -15.364624
v 10.822868 5.927444 -15.517151
v 10.879402 1.619125 -15.716949
v 12.067596 -2.801117 -15.867218
v 23.333534 12.292099 -15.565613
v 23.333534 12.292130 -14.820801
v 22.479202 13.262497 -14.563690
v 20.338768 14.473114 -14.391357
v 17.648216 14.239273 -14.508453
v 14.962936 12.621185 -14.717865
v 12.652672 9.664261 -14.872833
v 11.293999 5.910233 -15.091980
v 11.355560 1.738220 -15.400116
v 12.531616 -2.721985 -15.642242
v 14.323250 -2.399902 -16.223328
v 13.198509 2.242523 -16.223328
v 13.185753 5.921051 -16.223328
v 14.280312 8.514328 -16.223328
v 15.964493 10.535019 -16.223328
v 17.858154 11.767563 -16.223328
v 19.907425 12.307709 -16.223328
v 21.946152 12.000214 -16.223328
v 22.919601 11.589554 -15.693573
v 22.919601 11.589554 -15.093719
v 21.946152 12.000214 -14.979218
v 19.909348 12.306946 -14.930695
v 17.860992 11.766663 -14.962921
v 15.965683 10.535202 -15.043030
v 14.280273 8.515060 -15.150116
v 13.185112 5.921921 -15.311279
v 13.198090 2.243362 -15.535767
v 14.323288 -2.399490 -15.733704
v 15.651070 2.002335 -15.233398
v 12.410988 2.373322 -15.240356
v 12.410973 2.373352 -16.122040
v 15.651070 2.002335 -16.120667
v 15.526497 0.021210 -15.263733
v 12.539368 -0.177170 -15.287689
v 12.539345 -0.177170 -16.127014
v 15.526459 0.021210 -16.123749
v 15.940201 -3.051178 -15.318298
v 13.109070 -3.917328 -15.370972
v 13.108994 -3.917358 -16.135681
v 15.940041 -3.051224 -16.129333
v 15.751137 -7.362305 -15.410461
v 12.992096 -7.718903 -15.462982
v 12.991890 -7.718979 -16.145172
v 15.750557 -7.362595 -16.138885
v 16.446022 4.358826 -15.210968
v 12.829124 5.530869 -15.207367
v 12.829147 5.530899 -16.118622
v 16.446037 4.358871 -16.118378
v 18.112114 6.266113 -15.206940
v 14.895187 8.920197 -15.201569
v 14.895203 8.920197 -16.117950
v 18.112122 6.266113 -16.117950
v 20.171806 7.195709 -15.208191
v 18.024857 11.117111 -15.203308
v 18.024879 11.117111 -16.117859
v 20.171829 7.195755 -16.117859
v 24.599152 6.609512 -15.174011
v 24.754753 7.980362 -15.159668
v 24.754753 7.980362 -16.024445
v 24.599174 6.609512 -16.025604
v 21.181725 11.281082 -15.177521
v 21.181770 11.281082 -16.117859
v 22.107071 7.318909 -16.117859
v 22.107048 7.318909 -15.192871
v 23.762154 9.840637 -15.166931
v 23.762177 9.840637 -16.117859
v 23.853447 6.917618 -16.117859
v 23.853416 6.917618 -15.187653
v 13.562653 -11.506180 -15.529083
v 11.813972 -10.642288 -15.538971
v 11.812988 -10.642731 -16.152832
v 13.562447 -11.506302 -16.151306
v 9.628754 -13.293182 -15.600647
v 9.627304 -13.293869 -16.159149
v 11.041336 -14.520065 -16.158997
v 11.041534 -14.519958 -15.602966
v 6.899445 -15.195023 -15.628540
v 6.899467 -15.195023 -16.162018
v 8.283188 -16.451645 -16.162018
v 8.283188 -16.451599 -15.631927
v 15.027313 -0.019730 -14.846954
v 15.111641 2.052933 -14.799438
v 12.747147 -0.165909 -15.104645
v 12.414604 1.142944 -15.260803
v 12.637062 2.343979 -15.049896
v 12.414604 1.142944 -16.124176
v 12.747070 -0.165909 -16.223328
v 12.636940 2.343979 -16.223328
v 15.506950 1.044785 -16.122040
v 15.467674 -3.196671 -14.931732
v 13.306282 -3.857330 -15.200867
v 12.834534 -1.938126 -15.326019
v 12.834496 -1.938126 -16.131012
v 13.305923 -3.857468 -16.223328
v 15.720215 -1.338974 -16.126099
v 15.289902 -7.421936 -15.064880
v 13.184006 -7.694153 -15.310822
v 13.171989 -5.892166 -15.417877
v 13.171883 -5.892242 -16.140564
v 13.183571 -7.694336 -16.223328
v 16.037720 -5.131180 -16.133575
v 15.846779 4.535965 -14.764374
v 12.479233 3.865051 -15.221405
v 13.082405 5.448212 -15.011414
v 12.479233 3.865082 -16.120087
v 13.082420 5.448212 -16.223328
v 15.948212 3.164246 -16.119354
v 17.586578 6.685516 -14.762756
v 13.670425 7.283554 -15.201630
v 15.123299 8.746750 -15.007538
v 13.670441 7.283554 -16.118042
v 15.123329 8.746796 -16.223328
v 17.192184 5.414597 -16.117981
v 19.833511 7.964752 -14.776306
v 16.395477 10.237839 -15.204285
v 18.188591 10.816589 -15.015717
v 16.395500 10.237839 -16.117859
v 18.188637 10.816589 -16.223328
v 19.131371 6.848282 -16.117859
v 21.928558 8.056625 -14.639069
v 19.636925 11.438660 -15.191895
v 21.223686 10.867126 -14.912689
v 19.636948 11.438629 -16.117859
v 21.223740 10.867157 -16.223328
v 21.155479 7.343307 -16.117859
v 24.829056 7.603210 -16.092072
v 24.723907 6.862152 -16.065552
v 22.609375 10.723083 -15.167664
v 23.728722 9.431366 -14.870239
v 22.609413 10.723083 -16.117859
v 23.728760 9.431366 -16.223328
v 23.051437 7.150742 -16.117859
v 23.810654 7.423599 -14.592316
v 24.482361 8.709763 -15.180023
v 24.829041 7.603241 -15.004150
v 24.482376 8.709763 -16.117859
v 24.377983 6.698410 -16.117859
v 24.723877 6.862152 -14.757324
v 13.270203 -11.361816 -15.225586
v 11.935539 -10.702438 -15.405701
v 12.538330 -9.253723 -15.502808
v 12.537766 -9.253983 -16.149200
v 11.934792 -10.702805 -16.223328
v 14.815781 -9.529236 -16.145203
v 10.804993 -14.315048 -15.329193
v 9.726456 -13.378815 -15.480835
v 10.822395 -12.030243 -15.572998
v 10.820999 -12.030899 -16.156311
v 9.725441 -13.379318 -16.223328
v 12.319481 -13.168854 -16.155884
v 6.995750 -15.282471 -15.513916
v 8.298302 -14.306519 -15.617340
v 8.297432 -14.306915 -16.160858
v 6.995766 -15.282471 -16.223328
v 9.682465 -15.562912 -16.160797
v 8.051849 -16.241577 -15.370544
v 11.071136 -14.545624 -15.667206
v 8.312119 -16.477921 -15.693298
v 9.682549 -15.562881 -15.620575
v 13.599236 -11.524261 -15.600739
v 12.319664 -13.168777 -15.572754
v 15.808823 -7.354858 -15.493195
v 14.816238 -9.529022 -15.471008
v 16.038139 -5.130997 -15.359528
v 15.999313 -3.032959 -15.410645
v 15.720284 -1.338928 -15.287018
v 15.588974 0.026337 -15.362427
v 15.506958 1.044785 -15.246826
v 15.718567 1.995987 -15.335693
v 15.948196 3.164215 -15.220581
v 16.521011 4.336685 -15.315948
v 17.192177 5.414566 -15.207001
v 18.177864 6.213623 -15.311768
v 19.131332 6.848251 -15.208679
v 20.214134 7.099518 -15.311554
v 21.155441 7.343277 -15.201385
v 22.129387 7.226639 -15.311462
v 23.051414 7.150742 -15.187653
v 23.858772 6.854309 -15.311462
v 24.377983 6.698410 -15.194977
v 24.669060 6.536148 -15.261169
v 24.860985 7.782242 -15.255707
v 23.773285 9.977051 -15.311554
v 21.167747 11.419052 -15.311554
v 17.970284 11.217270 -15.311554
v 14.819160 8.977982 -15.311859
v 12.744690 5.558426 -15.318085
v 12.335632 2.383118 -15.347748
v 12.470108 -0.180939 -15.390503
v 13.043350 -3.937332 -15.465668
v 12.928131 -7.727142 -15.547577
v 11.773392 -10.622253 -15.613892
v 9.596107 -13.264648 -15.668365
v 6.867340 -15.165878 -15.693390
v 24.782143 7.355286 -16.063019
v 24.782120 7.355286 -14.716156
v 23.678581 8.817322 -14.450836
v 21.286674 10.246109 -14.541077
v 18.434235 10.365723 -14.759979
v 15.465530 8.486557 -14.742187
v 13.462425 5.324173 -14.742981
v 12.976250 2.299988 -14.788818
v 13.058868 -0.149033 -14.853455
v 13.602180 -3.767258 -14.966980
v 13.471939 -7.656982 -15.101593
v 12.117905 -10.792755 -15.223053
v 9.873016 -13.507385 -15.316772
v 7.140221 -15.413651 -15.356842
v 10.951965 -14.443405 -16.223328
v 8.196358 -16.372757 -16.223328
v 13.452301 -11.452240 -16.223328
v 15.577461 -7.384949 -16.223328
v 15.762474 -3.105927 -16.223328
v 15.338921 0.005783 -16.223328
v 15.448555 2.021317 -16.223328
v 16.221085 4.425369 -16.223328
v 17.914864 6.423584 -16.223328
v 20.044846 7.484436 -16.223328
v 22.040092 7.595840 -16.223328
v 23.837387 7.107544 -16.223328
v 24.688591 6.660477 -16.094604
v 24.688568 6.660477 -15.036407
v 23.837364 7.107574 -14.953461
v 22.040047 7.595886 -14.974274
v 20.044800 7.484436 -15.035339
v 17.914818 6.423553 -15.029449
v 16.221069 4.425323 -15.032623
v 15.448555 2.021317 -15.060059
v 15.339096 0.005829 -15.097168
v 15.762825 -3.105820 -15.163666
v 15.578003 -7.384735 -15.272156
v 13.452881 -11.451996 -15.407837
v 10.952728 -14.443039 -15.493622
v 8.196342 -16.372757 -15.527557
v 14.990944 1.051208 -14.820404
v 12.629929 1.132919 -15.073608
v 12.629860 1.132919 -16.223328
v 15.238266 -1.443146 -14.883606
v 13.035362 -1.897797 -15.148682
v 13.035164 -1.897842 -16.223328
v 15.559464 -5.258057 -14.992615
v 13.371513 -5.839172 -15.256287
v 13.371094 -5.839355 -16.223328
v 15.371925 3.268600 -14.779419
v 12.721786 3.812515 -15.027832
v 12.721733 3.812515 -16.223328
v 16.611145 5.692657 -14.758057
v 13.917130 7.160721 -15.004700
v 13.917168 7.160751 -16.223328
v 18.694588 7.461319 -14.780579
v 16.598198 10.002975 -15.019684
v 16.598244 10.002975 -16.223328
v 20.901672 8.140625 -14.714783
v 19.741158 11.074829 -14.970123
v 19.741211 11.074829 -16.223328
v 22.603912 10.283096 -14.873169
v 22.603958 10.283066 -16.223328
v 22.943619 7.780685 -14.592133
v 24.445030 8.420746 -14.922699
v 24.445045 8.420746 -16.223328
v 24.393410 7.096390 -14.657898
v 14.435326 -9.483063 -15.147186
v 12.696762 -9.272934 -15.360413
v 12.696198 -9.273178 -16.223328
v 12.069107 -12.978561 -15.286285
v 10.926178 -12.109665 -15.447571
v 10.925179 -12.110138 -16.223328
v 8.394226 -14.394104 -15.500732
v 8.393608 -14.394394 -16.223328
v 9.450905 -15.352921 -15.354309
v 9.711555 -15.589127 -15.683075
v 12.351021 -13.192551 -15.640137
v 14.863861 -9.534790 -15.548035
v 16.098015 -5.115143 -15.447388
v 15.780609 -1.325897 -15.382874
v 15.571533 1.044022 -15.347565
v 16.020317 3.151138 -15.324402
v 17.264862 5.379761 -15.312500
v 19.185989 6.771545 -15.311554
v 21.187195 7.243515 -15.311554
v 23.064896 7.071930 -15.311462
v 24.376038 6.648636 -15.311462
v 24.834030 6.784073 -14.858887
v 24.957047 7.330704 -15.088226
v 24.494812 8.806137 -15.311554
v 22.611191 10.869736 -15.311554
v 19.602173 11.559906 -15.311554
v 16.327896 10.316101 -15.311554
v 13.588188 7.324463 -15.312927
v 12.398376 3.882538 -15.330688
v 12.342819 1.146286 -15.366180
v 12.767578 -1.951599 -15.425171
v 13.105476 -5.909851 -15.507568
v 12.485497 -9.247330 -15.582367
v 10.787712 -12.003815 -15.643951
v 8.266289 -14.277298 -15.683258
v 24.913162 7.144669 -14.836975
v 24.388977 7.987152 -14.562317
v 22.595734 9.622925 -14.457062
v 19.897591 10.528961 -14.663116
v 16.902359 9.650650 -14.768433
v 14.287300 6.976456 -14.734955
v 13.085747 3.733719 -14.762634
v 12.952995 1.117889 -14.816895
v 13.336700 -1.837219 -14.905182
v 13.670876 -5.759644 -15.034119
v 12.934433 -9.301712 -15.164825
v 11.081848 -12.228836 -15.275574
v 8.538116 -14.525589 -15.341034
v 9.595146 -15.484299 -16.223328
v 12.224884 -13.097702 -16.223328
v 14.672691 -9.512039 -16.223328
v 15.857994 -5.178879 -16.223328
v 15.539063 -1.378174 -16.223328
v 15.313164 1.047180 -16.223328
v 15.731880 3.203445 -16.223328
v 16.974075 5.518997 -16.223328
v 18.967415 7.078430 -16.223328
v 21.060226 7.642593 -16.223328
v 23.010979 7.387222 -16.223328
v 24.383789 6.847778 -16.223328
v 24.790184 6.598038 -15.110168
v 24.383759 6.847824 -14.982635
v 23.010941 7.387222 -14.953369
v 21.060181 7.642593 -15.007965
v 18.967377 7.078400 -15.037262
v 16.974052 5.518967 -15.027802
v 15.731857 3.203415 -15.044464
v 15.313255 1.047180 -15.076477
v 15.539330 -1.378067 -15.125702
v 15.858444 -5.178696 -15.212677
v 14.673233 -9.511780 -15.341492
v 12.225594 -13.097382 -15.458344
v 9.595596 -15.484039 -15.514252
v 12.732094 -10.706985 -16.124298
v 9.628738 -9.760727 -16.124298
v 11.519417 -12.897034 -16.124298
v 8.905739 -11.564911 -16.124298
v 9.254669 -15.709015 -16.124298
v 7.267998 -13.745544 -16.124298
v 6.664192 -17.464691 -16.124298
v 5.604408 -14.909164 -16.124298
v 3.704506 -18.013535 -16.124298
v 3.747429 -15.274078 -16.124298
v 0.686211 -17.150909 -16.124298
v 2.081627 -14.835007 -16.124298
v -1.505478 -14.730057 -16.124298
v 0.923271 -13.540817 -16.124298
v -2.091209 -11.523575 -16.124298
v 0.595284 -11.827835 -16.124298
v -0.919991 -8.598511 -16.124298
v 1.167366 -10.362854 -16.124298
v 0.622292 -7.284805 -16.124298
v 1.820541 -9.747040 -16.124298
v 2.507072 -6.796646 -16.124298
v 2.558434 -9.477661 -16.124298
v 4.453293 -7.079025 -16.124298
v 3.343399 -9.463974 -16.124298
v 6.162582 -8.185425 -16.124298
v 4.066414 -9.701523 -16.124298
v 7.052124 -9.917282 -16.124268
v 4.530685 -10.153702 -16.124268
v 6.883690 -11.766815 -16.123810
v 4.639160 -10.702118 -16.123901
v 5.965332 -13.434418 -16.124542
v 4.402710 -11.014221 -16.124725
v 1.694305 -13.442810 -16.049957
v 1.379082 -11.667175 -16.048523
v 3.601196 -10.708099 -16.126801
v 2.698624 -10.590927 -16.123566
v 1.866150 -11.039597 -16.134064
v 4.818649 -14.455704 -16.129456
v 3.498520 -14.581924 -16.145599
v 2.413727 -14.095245 -16.144836
v 13.657845 -7.709900 -16.124298
v 9.871147 -7.325714 -16.124298
v 13.116257 -3.779495 -16.124298
v 9.105972 -4.915634 -16.124298
v 11.116058 -0.497620 -16.124298
v 7.586052 -3.234711 -16.124298
v 3.701797 -0.650650 -16.037415
v 3.299797 -1.982712 -16.038239
v 8.285217 0.932846 -16.124298
v 5.862022 -2.339935 -16.124298
v 5.348656 0.656097 -16.124298
v 4.104309 -2.000748 -16.124298
v 10.126442 -9.923264 -14.769989
v 9.327339 -11.788086 -14.770020
v 12.204865 -11.791901 -16.124298
v 9.358452 -10.669159 -16.124298
v 7.590698 -14.065811 -14.770111
v 10.482719 -14.314209 -16.124298
v 8.148895 -12.685776 -16.124298
v 5.776772 -15.324829 -14.770111
v 7.995224 -16.747086 -16.124298
v 6.443031 -14.457916 -16.124298
v 3.740440 -15.719696 -14.770111
v 5.221375 -17.898102 -16.124298
v 4.682503 -15.185364 -16.124298
v 1.854660 -15.211716 -14.770111
v 2.151321 -17.777161 -16.124298
v 2.869194 -15.162857 -16.124298
v 0.528221 -13.734283 -14.770111
v -0.566338 -16.096878 -16.124298
v 1.418503 -14.273804 -16.124298
v 0.158310 -11.778366 -14.770020
v -2.030243 -13.165512 -16.124298
v 0.639297 -12.697617 -16.124298
v 0.827858 -10.075806 -14.769989
v -1.638916 -9.924438 -16.124298
v 0.819847 -11.015228 -16.124298
v 1.625412 -9.345642 -14.769989
v -0.181129 -7.776077 -16.124298
v 1.492157 -9.973877 -16.124298
v 2.547913 -9.039337 -14.769989
v 1.534973 -6.952332 -16.124298
v 2.178848 -9.581009 -16.124298
v 3.520462 -9.074402 -14.769989
v 3.488815 -6.835663 -16.124298
v 2.950615 -9.438782 -16.124298
v 4.404343 -9.457291 -14.769958
v 5.373650 -7.536255 -16.124298
v 3.724854 -9.552872 -16.124298
v 4.948341 -10.130798 -14.771057
v 6.732864 -9.004639 -16.124298
v 4.339546 -9.905884 -16.124298
v 5.021851 -10.905029 -14.776428
v 7.088097 -10.846664 -16.123962
v 4.626259 -10.432404 -16.123993
v 4.662483 -11.411407 -14.763397
v 6.481911 -12.651611 -16.123962
v 4.582283 -10.922852 -16.123993
v 2.876167 -11.264755 -14.660797
v 3.823006 -11.313660 -14.708679
v 1.986572 -11.600571 -14.704224
v 5.416573 -14.048569 -16.125671
v 4.047501 -10.895920 -16.126282
v 1.369972 -12.005997 -14.865448
v 1.538361 -11.413361 -16.132904
v 1.369987 -12.006470 -16.100983
v 1.946205 -13.706589 -16.137756
v 3.148285 -10.591248 -16.124359
v 2.262070 -10.752899 -16.128876
v 4.154564 -14.617416 -16.137787
v 2.924698 -14.397446 -16.147705
v 10.474625 -7.402527 -14.769989
v 13.294144 -9.350281 -16.124298
v 9.838295 -8.601929 -16.124298
v 9.737930 -4.747681 -14.775909
v 13.589966 -5.773834 -16.124298
v 9.611313 -6.065247 -16.124298
v 8.185448 -2.680099 -14.789490
v 12.262451 -1.964233 -16.124298
v 8.402252 -3.972321 -16.124298
v 6.306351 -1.750244 -14.656128
v 9.764587 0.450958 -16.124298
v 6.743195 -2.702423 -16.124298
v 3.283958 -1.706360 -16.076569
v 6.755119 0.999557 -16.124298
v 4.930740 -2.111862 -16.124298
v 4.337784 -1.564819 -14.610626
v 4.240143 -0.092438 -16.124298
v 3.537598 -1.989059 -16.124298
v 3.283974 -1.706360 -14.781067
v 12.798599 -10.726257 -15.337250
v 13.738777 -7.718002 -15.337250
v 13.201180 -3.759094 -15.337250
v 11.198296 -0.433624 -15.337250
v 8.347038 1.043655 -15.337250
v 5.388748 0.774933 -15.337250
v 3.524933 -0.793930 -15.287476
v 4.076302 -2.053055 -15.337219
v 3.207367 -2.019623 -15.291412
v 5.808701 -2.410751 -15.337219
v 7.514122 -3.301361 -15.337250
v 9.030121 -4.935852 -15.337219
v 9.798714 -7.316528 -15.337219
v 9.568993 -9.741272 -15.337219
v 8.855141 -11.538132 -15.337219
v 7.229248 -13.707108 -15.337280
v 5.583717 -14.859283 -15.337280
v 3.748260 -15.220581 -15.337280
v 2.108864 -14.789810 -15.337280
v 0.970695 -13.517624 -15.337280
v 0.647736 -11.833786 -15.337250
v 1.208130 -10.397339 -15.337219
v 1.843948 -9.795212 -15.337219
v 2.559685 -9.530289 -15.337219
v 3.322128 -9.510757 -15.337219
v 4.025826 -9.730804 -15.337219
v 4.480515 -10.156387 -15.337280
v 4.593208 -10.677689 -15.337830
v 4.371506 -10.966599 -15.335937
v 3.574554 -10.635178 -15.325836
v 2.677010 -10.504532 -15.317505
v 1.851540 -10.969894 -15.348419
v 1.316826 -11.720749 -15.330383
v 1.612762 -13.389084 -15.327881
v 2.425415 -14.172348 -15.358734
v 3.512497 -14.673615 -15.339630
v 4.842804 -14.541702 -15.327515
v 5.997780 -13.486359 -15.335876
v 6.928284 -11.787109 -15.339203
v 7.104340 -9.910782 -15.337463
v 6.207344 -8.153091 -15.337128
v 4.477196 -7.028564 -15.337128
v 2.506180 -6.739914 -15.337219
v 0.596901 -7.232681 -15.337219
v -0.964256 -8.561096 -15.337219
v -2.148186 -11.517151 -15.337250
v -1.556992 -14.755280 -15.337280
v 0.656631 -17.200058 -15.337311
v 3.703598 -18.071655 -15.337341
v 6.686661 -17.518921 -15.337311
v 9.296852 -15.750626 -15.337311
v 11.575195 -12.924667 -15.337250
v 12.206207 -10.554626 -14.752563
v 13.017937 -7.646057 -14.752533
v 12.445076 -3.940964 -14.761139
v 10.466148 -1.003601 -14.778778
v 7.796768 0.056534 -14.568420
v 5.031723 -0.283524 -14.481689
v 3.431931 -1.202515 -14.746979
v 3.431892 -1.202484 -16.074768
v 1.561722 -13.087906 -16.103088
v 1.561684 -13.087357 -14.847137
v 2.319931 -13.464554 -14.671539
v 3.385338 -13.808914 -14.638550
v 4.627388 -13.770767 -14.683716
v 5.708496 -13.024048 -14.745514
v 6.530296 -11.606079 -14.764282
v 6.639122 -9.968216 -14.754425
v 5.808464 -8.441193 -14.752472
v 4.264114 -7.478165 -14.752502
v 2.513985 -7.245163 -14.752502
v 0.823006 -7.697311 -14.752533
v -0.569954 -8.894363 -14.752533
v -1.640717 -11.574615 -14.752563
v -1.098183 -14.530624 -14.752594
v 0.920219 -16.762573 -14.752686
v 3.711708 -17.554169 -14.752686
v 6.486465 -17.036163 -14.752686
v 8.921165 -15.380508 -14.752594
v 11.078400 -12.678802 -14.752563
v 9.816116 -10.859695 -14.770020
v 8.526756 -12.954285 -14.770020
v 6.695496 -14.830322 -14.770111
v 4.770172 -15.626617 -14.770111
v 2.752419 -15.588104 -14.770111
v 1.095657 -14.570374 -14.770111
v 0.205078 -12.773727 -14.770020
v 0.419922 -10.837799 -14.770020
v 1.220016 -9.616028 -14.769989
v 2.073006 -9.151794 -14.769989
v 3.035248 -9.013138 -14.769989
v 3.988968 -9.224472 -14.769958
v 4.730057 -9.767044 -14.769958
v 5.041382 -10.525589 -14.774323
v 4.902390 -11.222656 -14.774323
v 3.350311 -11.252090 -14.678375
v 2.413254 -11.396957 -14.668457
v 4.281540 -11.404251 -14.739288
v 1.621109 -11.827255 -14.770905
v 10.391647 -8.733047 -14.769989
v 10.238174 -6.045242 -14.769989
v 9.029579 -3.596115 -14.793671
v 7.277885 -2.089066 -14.729736
v 5.270210 -1.590744 -14.610504
v 3.677338 -1.626831 -14.674408
v 13.368301 -9.365387 -15.337250
v 13.673958 -5.769913 -15.337250
v 12.347664 -1.923508 -15.337250
v 9.837807 0.540039 -15.337250
v 6.806793 1.123550 -15.337250
v 4.264626 -0.006805 -15.337250
v 3.152863 -1.732819 -14.909790
v 3.520844 -2.032547 -15.337219
v 4.890015 -2.174438 -15.337219
v 6.679054 -2.776031 -15.337219
v 8.326965 -4.017517 -15.337219
v 9.536087 -6.067642 -15.337219
v 9.771866 -8.586212 -15.337219
v 9.303513 -10.646286 -15.337219
v 8.103554 -12.653580 -15.337250
v 6.412727 -14.413239 -15.337280
v 4.671997 -15.132401 -15.337280
v 2.883209 -15.111816 -15.337280
v 1.457268 -14.238235 -15.337280
v 0.691422 -12.688492 -15.337250
v 0.867859 -11.036545 -15.337250
v 1.524803 -10.016846 -15.337219
v 2.191536 -9.632553 -15.337219
v 2.940414 -9.489929 -15.337219
v 3.693123 -9.592331 -15.337219
v 4.292633 -9.922577 -15.337219
v 4.576385 -10.421158 -15.337616
v 4.543839 -10.886810 -15.337616
v 4.019424 -10.835266 -15.331848
v 3.123856 -10.508743 -15.318512
v 2.243668 -10.671036 -15.330383
v 1.528343 -11.362732 -15.362823
v 1.286247 -12.065567 -14.984894
v 1.955231 -13.762970 -15.367310
v 2.937202 -14.485260 -15.349121
v 4.173187 -14.709473 -15.331512
v 5.444817 -14.119324 -15.330566
v 6.520279 -12.686859 -15.338562
v 7.137825 -10.853333 -15.338562
v 6.783302 -8.984787 -15.337097
v 5.409058 -7.493530 -15.337128
v 3.500504 -6.780640 -15.337219
v 1.521393 -6.896729 -15.337219
v -0.216629 -7.729507 -15.337219
v -1.691063 -9.901352 -15.337250
v -2.086876 -13.175461 -15.337280
v -0.608444 -16.135544 -15.337311
v 2.136093 -17.832581 -15.337341
v 5.232803 -17.955643 -15.337341
v 8.028145 -16.795654 -15.337311
v 10.532379 -14.348373 -15.337280
v 12.265755 -11.814987 -15.337250
v 12.707870 -9.231323 -14.752533
v 12.925880 -5.805008 -14.752533
v 11.588844 -2.286636 -14.786896
v 9.185989 -0.253464 -14.685699
v 6.346855 0.019104 -14.487701
v 4.046791 -0.769394 -14.588867
v 3.226967 -1.346848 -14.893982
v 1.457504 -13.032516 -14.970367
v 1.874260 -13.251907 -14.744049
v 2.823532 -13.663544 -14.640198
v 4.005684 -13.860687 -14.655334
v 5.193329 -13.491013 -14.716888
v 6.177917 -12.372620 -14.760345
v 6.694336 -10.793839 -14.760345
v 6.333755 -9.161636 -14.752472
v 5.093399 -7.874130 -14.752472
v 3.396156 -7.271149 -14.752502
v 1.642052 -7.392395 -14.752533
v 0.099464 -8.144485 -14.752533
v -1.226593 -10.107376 -14.752563
v -1.582581 -13.087067 -14.752594
v -0.233490 -15.791168 -14.752686
v 2.271706 -17.338760 -14.752686
v 5.131004 -17.443237 -14.752686
v 7.734932 -16.363251 -14.752686
v 10.089981 -14.044067 -14.752594
v 11.723419 -11.609741 -14.752563
v 11.915520 -1.426712 -15.736877
v 9.996178 -2.648544 -15.737885
v 9.996384 -2.648148 -16.173737
v 11.916245 -1.426636 -16.173370
v 10.472702 2.386200 -15.552979
v 8.037567 2.200241 -15.497437
v 8.037544 2.200638 -16.148621
v 10.473427 2.386307 -16.154541
v 9.942711 5.753998 -15.349121
v 7.136971 6.800262 -15.275330
v 7.136391 6.800919 -16.126831
v 9.943039 5.754181 -16.134247
v 10.269791 8.686935 -15.225189
v 7.568390 10.880630 -15.187683
v 7.567307 10.881500 -16.120239
v 10.269676 8.687225 -16.122559
v 14.476723 13.701935 -15.175903
v 14.025742 15.360825 -15.158356
v 14.025742 15.360825 -16.026825
v 14.476723 13.701935 -16.028290
v 9.360245 14.171646 -15.156738
v 9.359032 14.172195 -16.118958
v 11.392479 11.246017 -16.119507
v 11.392876 11.245941 -15.186432
v 11.941635 15.700150 -15.162354
v 11.941475 15.700226 -16.119293
v 13.019188 12.960693 -16.119324
v 13.019241 12.960663 -15.187225
v 11.126602 0.512161 -15.647614
v 8.459038 2.141251 -15.227173
v 10.323784 -2.450058 -15.532501
v 7.980156 2.208328 -15.572540
v 8.942619 -0.209106 -15.617950
v 9.951569 -2.675522 -15.791290
v 11.127365 0.512238 -16.164154
v 10.523430 2.392151 -15.623657
v 11.954994 -1.400467 -15.788086
v 10.088814 4.130539 -15.447571
v 7.658958 6.394104 -14.850311
v 7.065895 6.855652 -15.382690
v 7.429550 4.549286 -15.375824
v 10.089378 4.130646 -16.143890
v 10.001846 5.737228 -15.446869
v 10.002136 7.265442 -15.275330
v 8.092087 10.143448 -14.567047
v 7.497086 10.981064 -15.325073
v 7.178246 8.915253 -15.218109
v 10.002243 7.265701 -16.127167
v 10.328720 8.647919 -15.345459
v 10.748360 10.040695 -15.197968
v 9.749939 13.216934 -14.394287
v 9.307198 14.301682 -15.314056
v 8.322464 12.682678 -15.167389
v 10.748032 10.040878 -16.120300
v 11.441048 11.189468 -15.318634
v 14.385269 14.813248 -14.709167
v 14.675735 13.729492 -15.266937
v 12.149940 14.810013 -14.419922
v 11.913269 15.821365 -15.316803
v 10.601570 15.197769 -15.155029
v 12.158165 12.222107 -16.119293
v 12.158401 12.222076 -15.183441
v 13.048409 12.897537 -15.317200
v 14.272415 15.345322 -15.260010
v 13.275734 15.617981 -15.178619
v 14.385284 14.813248 -16.064362
v 13.949715 13.453354 -16.119354
v 13.949692 13.453354 -15.195862
v 8.942734 -0.208710 -16.161102
v 7.429276 4.549805 -16.136444
v 7.177391 8.916061 -16.122070
v 8.321175 12.683441 -16.119293
v 10.600838 15.198059 -16.119110
v 13.275734 15.618011 -16.119354
v 10.070053 2.339233 -15.272919
v 11.602127 -1.634949 -15.533813
v 9.473137 5.887695 -14.936859
v 9.801636 8.997223 -14.682159
v 11.010338 11.694641 -14.560730
v 12.787468 13.462143 -14.579773
v 14.562630 14.181198 -14.757477
v 14.562645 14.181198 -16.067566
v 9.315437 -0.131607 -15.387146
v 8.891838 -0.219604 -15.681305
v 11.171852 0.528503 -15.707855
v 7.906487 4.322861 -15.038025
v 7.364586 4.580215 -15.466400
v 10.144463 4.125320 -15.531494
v 7.717583 8.335770 -14.694824
v 7.104790 8.994217 -15.341309
v 10.062447 7.237244 -15.385345
v 8.792198 11.812576 -14.462799
v 8.258499 12.801193 -15.316742
v 10.803192 9.991974 -15.325714
v 14.706070 14.779709 -14.837952
v 10.897408 14.230209 -14.373901
v 10.561295 15.329498 -15.314880
v 12.197441 12.160507 -15.316711
v 13.422897 14.913864 -14.550751
v 13.255699 15.713837 -15.317474
v 13.969963 13.392990 -15.317383
v 10.767494 0.382904 -15.410706
v 9.647018 4.172470 -15.105682
v 9.523232 7.489883 -14.794312
v 10.312714 10.427750 -14.604462
v 11.848312 12.711029 -14.550385
v 13.788574 13.933090 -14.655457
v 14.820648 14.263931 -14.865906
v 30.780235 -4.889768 3.092611
v 30.476095 -4.813365 3.207420
v 30.171993 -4.760921 3.079654
v 30.046143 -4.763209 2.784139
v 30.172226 -4.818841 2.494015
v 30.476393 -4.895253 2.379156
v 30.780458 -4.947673 2.506945
v 30.906330 -4.945403 2.802487
v 30.759544 -4.986615 3.102204
v 30.455378 -4.910211 3.216987
v 30.151287 -4.857785 3.089197
v 30.025427 -4.860053 2.793732
v 30.151497 -4.915689 2.503531
v 30.455662 -4.992093 2.388748
v 30.759729 -5.044515 2.516513
v 30.885614 -5.042253 2.812004
v 30.587242 -5.794681 3.182498
v 30.282526 -5.718120 3.297523
v 29.977901 -5.665626 3.169546
v 29.851833 -5.667892 2.873514
v 29.978113 -5.723632 2.582860
v 30.282835 -5.800166 2.467832
v 30.587440 -5.852681 2.595837
v 30.713524 -5.850408 2.891843
v 30.810038 -5.400578 3.275051
v 30.992374 -5.481025 2.855422
v 30.810331 -5.484303 2.428059
v 30.370565 -5.408486 2.243266
v 29.930676 -5.297975 2.409296
v 29.748339 -5.217526 2.828924
v 29.930372 -5.214229 3.256337
v 30.370148 -5.290061 3.441106
v 30.821613 -5.177178 3.218602
v 30.989294 -5.251155 2.832720
v 30.821894 -5.254189 2.439679
v 30.417450 -5.184472 2.269748
v 30.012909 -5.082839 2.422447
v 29.845201 -5.008855 2.808328
v 30.012619 -5.005807 3.201394
v 30.417059 -5.075536 3.371326
v 30.726849 -5.621621 3.262818
v 30.894653 -5.695670 2.876609
v 30.727116 -5.698689 2.483283
v 30.322384 -5.628924 2.313244
v 29.917555 -5.527215 2.466064
v 29.749735 -5.453177 2.852249
v 29.917259 -5.450156 3.245575
v 30.321991 -5.519917 3.415639
v 30.255270 -5.887248 2.895320
v 31.315426 -4.420510 3.458960
v 30.586853 -4.237485 3.734031
v 29.858467 -4.111899 3.427925
v 29.556974 -4.117364 2.720058
v 29.858997 -4.258622 1.944041
v 30.587555 -4.433633 1.750074
v 31.315971 -4.567224 1.975075
v 31.617434 -4.553758 2.763996
v 31.076721 -4.796386 3.345819
v 30.502655 -4.652188 3.562543
v 29.928757 -4.553246 3.321393
v 29.691223 -4.557509 2.763649
v 29.929167 -4.662536 2.216038
v 30.503246 -4.806714 1.999388
v 31.077133 -4.905660 2.240487
v 31.314667 -4.901395 2.798232
v 31.097862 -4.697610 3.336061
v 30.523788 -4.553399 3.552758
v 29.949877 -4.454455 3.311608
v 29.712341 -4.458728 2.753916
v 29.950298 -4.563745 2.206278
v 30.524364 -4.707938 1.989604
v 31.098261 -4.806890 2.230755
v 31.335808 -4.802619 2.788499
v 31.252296 -4.715621 3.488140
v 30.523712 -4.532598 3.763160
v 29.795324 -4.407023 3.457081
v 29.493835 -4.412457 2.749263
v 29.795870 -4.553735 1.973195
v 30.524426 -4.728747 1.779203
v 31.252842 -4.862336 2.004230
v 31.554316 -4.848887 2.793126
v -10.203656 -8.027941 -12.002671
v -9.369680 10.801343 -12.002671
v 5.021492 10.801343 -12.002671
v 5.855458 -8.027941 -12.002671
v -11.360807 -0.097078 -12.002671
v 7.012628 -0.097078 -12.002671
v -0.817819 11.125011 -12.002671
v -3.530369 11.125011 -12.002671
v -4.011250 -0.097078 -12.002671
v -0.336938 -0.097078 -12.002671
v -3.690897 -9.952489 -12.002671
v -0.657291 -9.952489 -12.002671
v 2.376689 -9.952471 -12.002671
v 3.337850 -0.097078 -12.002671
v 1.895077 12.244516 -12.002671
v -6.243266 12.244516 -12.002671
v -7.686038 -0.097078 -12.002671
v -6.724878 -9.952471 -12.002671
v 6.472511 8.501123 -12.002671
v 2.295371 8.501123 -12.002671
v -0.684397 8.501123 -12.002671
v -3.663791 8.501123 -12.002671
v -6.643559 8.501123 -12.002671
v -10.820708 8.501123 -12.002671
v -10.801420 1.594546 -12.002671
v -7.480950 1.594546 -12.002671
v -3.942891 1.594546 -12.002671
v -0.405297 1.594546 -12.002671
v 3.132762 1.594546 -12.002671
v 6.453240 1.594546 -12.002671
v -9.369680 10.801343 -16.313343
v -6.243266 12.244516 -16.313343
v -10.820708 8.501123 -16.313343
v 6.472511 8.501123 -16.313343
v 1.895077 12.244516 -16.313343
v 5.021492 10.801343 -16.313343
v -6.724878 -9.952471 -16.313343
v -10.203656 -8.027941 -16.313343
v 5.855458 -8.027941 -16.313343
v 2.376689 -9.952471 -16.313343
v -11.360807 -0.097078 -16.313343
v 7.012628 -0.097078 -16.313343
v 6.453240 1.594546 -16.313343
v -10.801420 1.594546 -16.313343
v -3.282001 16.278500 -12.002671
v -1.066187 16.278500 -12.002671
v 1.149909 16.278500 -12.002671
v 1.149909 16.278500 -16.313343
v -5.498098 16.278500 -12.002671
v -5.498098 16.278500 -16.313343
v -2.708622 18.521620 -12.002671
v -2.708622 18.521620 -16.313343
v -1.639566 18.521620 -12.002671
v -1.639566 18.521620 -16.313343
v -0.570365 18.521639 -12.002671
v -0.570365 18.521639 -16.313343
v -3.777824 18.521639 -12.002671
v -3.777824 18.521639 -16.313343
v -3.308157 15.671329 -12.002671
v -5.576576 15.671329 -12.002671
v -5.576576 15.671329 -16.313343
v 1.228388 15.671329 -16.313343
v 1.228388 15.671329 -12.002671
v -1.040031 15.671329 -12.002671
v -3.562307 12.972551 -12.002671
v -3.379750 14.960299 -12.002671
v -0.785882 12.972551 -12.002671
v -0.968438 14.960299 -12.002671
v 1.975027 12.972551 -12.002671
v 1.441129 14.957761 -12.002671
v 1.975027 12.972551 -16.313343
v 1.441129 14.957761 -16.313343
v -6.323215 12.972551 -12.002671
v -5.789317 14.957761 -12.002671
v -6.323215 12.972551 -16.313343
v -5.789317 14.957761 -16.313343
v -2.768807 17.566980 -12.002671
v -2.889169 16.995281 -12.002671
v -3.073297 16.589016 -12.002671
v -4.833244 16.622295 -12.002671
v -4.318132 17.002369 -12.002671
v -3.948079 17.629669 -12.002671
v -4.833244 16.622295 -16.313343
v -4.318132 17.002369 -16.313343
v -3.948079 17.629669 -16.313343
v 0.485056 16.622295 -16.313343
v -0.030056 17.002369 -16.313343
v -0.400110 17.629669 -16.313343
v 0.485056 16.622295 -12.002671
v -0.030056 17.002369 -12.002671
v -0.400110 17.629669 -12.002671
v -1.274891 16.589016 -12.002671
v -1.459019 16.995281 -12.002671
v -1.579381 17.566980 -12.002671
v -3.446146 14.604556 -12.002671
v -3.524433 13.893581 -12.002671
v -6.226370 13.870567 -12.002671
v -6.006378 14.566966 -12.002671
v -0.902061 14.604630 -12.002671
v -0.823756 13.893491 -12.002671
v 1.878181 13.870567 -16.313343
v 1.658199 14.566966 -16.313343
v 1.658199 14.566966 -12.002671
v 1.878181 13.870567 -12.002671
v -6.226370 13.870567 -16.313343
v -6.006378 14.566966 -16.313343
v -12.291792 -2.428550 -16.313343
v -12.110395 -4.289570 -16.313343
v -11.504960 -6.047682 -16.313343
v -12.291792 -2.428532 -12.002671
v -12.110395 -4.289552 -12.002671
v -11.504960 -6.047645 -12.002671
v -8.302469 -2.907258 -12.002671
v -8.137822 -5.039433 -12.002671
v -7.670713 -7.135532 -12.002671
v -4.301127 -3.360576 -12.002671
v -4.236229 -5.415305 -12.002671
v -4.026986 -7.465156 -12.002671
v -0.047061 -3.360594 -12.002671
v -0.111959 -5.415305 -12.002671
v -0.321202 -7.465193 -12.002671
v 3.954290 -2.907166 -12.002671
v 3.789680 -5.039360 -12.002671
v 3.322561 -7.135442 -12.002671
v 7.943595 -2.428532 -12.002671
v 7.762217 -4.289552 -12.002671
v 7.156781 -6.047645 -12.002671
v 7.943595 -2.428550 -16.313343
v 7.762217 -4.289570 -16.313343
v 7.156781 -6.047682 -16.313343
v -0.657291 -19.329084 -12.002671
v -3.690897 -19.329084 -12.002671
v 2.376689 -19.329046 -12.002671
v 2.376689 -19.329046 -16.313343
v -6.724878 -19.329046 -12.002671
v -6.724878 -19.329046 -16.313343
v -1.037693 -20.475147 -12.002671
v -3.310495 -20.475147 -12.002671
v 1.235393 -20.475147 -12.002671
v 1.235393 -20.475147 -16.313343
v -5.583581 -20.475147 -12.002671
v -5.583581 -20.475147 -16.313343
v -1.037693 -23.777843 -12.002671
v -3.310495 -23.777843 -12.002671
v 1.235393 -23.777817 -12.002671
v 1.235393 -23.777817 -16.313343
v -5.583581 -23.777817 -12.002671
v -5.583581 -23.777817 -16.313343
v -1.535388 -24.300407 -12.002671
v -2.812800 -24.300407 -12.002671
v -0.257820 -24.300398 -12.002671
v -0.257820 -24.300398 -16.313343
v -4.090368 -24.300398 -12.002671
v -4.090368 -24.300398 -16.313343
v -1.535388 -24.743370 -12.002671
v -2.812800 -24.743370 -12.002671
v -2.812800 -24.743370 -16.313343
v -1.535388 -24.743370 -16.313343
v -0.257820 -24.743324 -12.002671
v -0.257820 -24.743324 -16.313343
v -4.090368 -24.743324 -12.002671
v -4.090368 -24.743324 -16.313343
v -0.657291 -14.640804 -12.002671
v 2.376689 -14.640751 -12.002671
v 2.376689 -14.640751 -16.313343
v -6.724878 -14.640751 -16.313343
v -6.724878 -14.640751 -12.002671
v -3.690897 -14.640804 -12.002671
v -12.164005 -1.219542 -12.002671
v -12.164005 -1.219542 -16.313343
v 7.815817 -1.219542 -16.313343
v 7.815817 -1.219542 -12.002671
v 3.830777 -1.476322 -12.002671
v -0.155221 -1.740389 -12.002671
v -4.192967 -1.740389 -12.002671
v -8.178957 -1.476322 -12.002671
v -7.689125 11.764494 -12.002671
v -7.689125 11.764494 -16.179310
v -8.332718 -9.024299 -16.174852
v -8.331877 -9.024573 -12.002671
v -9.452935 -6.691895 -12.002671
v -9.977198 -4.722322 -12.002671
v -10.145644 -2.688233 -12.002671
v -10.019867 -1.357120 -12.002671
v -9.383654 -0.097078 -12.002671
v -9.014887 1.594546 -12.002671
v -8.573240 8.501123 -12.002671
v 6.058600 9.667590 -12.002671
v 6.058600 9.667590 -16.313343
v -10.406789 9.667590 -16.313343
v -10.406789 9.667590 -12.002671
v -8.228804 9.922616 -12.002671
v -6.455952 10.215397 -12.002671
v -3.604866 9.703154 -12.002671
v -0.743323 9.703154 -12.002671
v 2.107763 10.215397 -12.002671
v 4.021435 -9.002782 -12.002671
v 4.022284 -9.002508 -16.171600
v 3.374883 11.748256 -16.176132
v 3.374883 11.748256 -12.002671
v 3.922261 9.915913 -12.002671
v 4.270378 8.501123 -12.002671
v 4.702718 1.594546 -12.002671
v 5.075339 -0.097078 -12.002671
v 5.714913 -1.354343 -12.002671
v 5.840736 -2.683028 -12.002671
v 5.672208 -4.714814 -12.002671
v 5.146612 -6.681411 -12.002671
v -0.936455 -19.902134 -12.002671
v 1.539115 -19.902115 -12.002671
v 1.539115 -19.902115 -16.313343
v -5.887303 -19.902115 -16.313343
v -5.887303 -19.902115 -12.002671
v -3.411733 -19.902134 -12.002671
v 34.221359 -1.232789 -0.571232
v 31.221891 -0.963714 -1.900921
v 28.167465 -0.657193 -0.711861
v 26.847315 -0.492773 2.299346
v 28.034771 -0.566779 5.368814
v 31.034252 -0.835843 6.698504
v 34.088680 -1.142363 5.509444
v 35.408817 -1.306769 2.498262
v 36.122089 18.696417 -0.826127
v 33.122608 18.965467 -2.155817
v 30.068184 19.271999 -0.966782
v 28.748035 19.436434 2.044425
v 29.935503 19.362427 5.113919
v 32.934971 19.093365 6.443609
v 35.989410 18.786844 5.254600
v 37.309547 18.622425 2.243342
v 33.028790 19.029423 2.143883
v -28.208294 4.020605 6.852365
v -31.118994 3.733714 5.522461
v -34.098679 3.301282 6.646123
v -35.401901 2.976660 9.565102
v -34.265228 2.949995 12.569513
v -31.354504 3.236890 13.899417
v -28.374832 3.669334 12.775756
v -27.071621 3.993941 9.856776
v -31.082579 28.365858 8.145417
v -33.993301 28.078951 6.815486
v -36.972988 27.646519 7.939148
v -38.276188 27.321928 10.858154
v -37.139511 27.295248 13.862591
v -34.228817 27.582169 15.192495
v -31.249128 28.014572 14.068832
v -29.945919 28.339207 11.149829
v -34.111046 27.830553 11.004004
vt 0.048239 0.140146
vt 0.195850 0.086231
vt 0.050230 0.141771
vt 0.194666 0.087505
vt 0.192960 0.087893
vt 0.191277 0.087427
vt 0.049698 0.144631
vt 0.048357 0.143531
vt 0.047871 0.141853
vt 0.036607 0.137761
vt 0.035449 0.137661
vt 0.036810 0.133587
vt 0.201191 0.097913
vt 0.197311 0.100238
vt 0.197198 0.099094
vt 0.192689 0.100690
vt 0.192705 0.099614
vt 0.188067 0.100080
vt 0.188234 0.098934
vt 0.184052 0.098560
vt 0.038291 0.150660
vt 0.035767 0.146898
vt 0.036907 0.146727
vt 0.035079 0.142300
vt 0.036154 0.142262
vt 0.039000 0.137706
vt 0.040222 0.133174
vt 0.197213 0.096702
vt 0.192746 0.097205
vt 0.188300 0.096530
vt 0.183825 0.095065
vt 0.039304 0.146613
vt 0.038561 0.142179
vt 0.040899 0.142097
vt 0.041364 0.137847
vt 0.043797 0.138219
vt 0.043179 0.142018
vt 0.041655 0.146307
vt 0.044058 0.145765
vt 0.183975 0.092196
vt 0.185288 0.089460
vt 0.188572 0.094170
vt 0.189084 0.091756
vt 0.192794 0.094867
vt 0.192844 0.092585
vt 0.197039 0.094344
vt 0.196638 0.091919
vt 0.043078 0.133154
vt 0.045871 0.134296
vt 0.046110 0.138973
vt 0.045517 0.141936
vt 0.046313 0.144851
vt 0.048490 0.147343
vt 0.189975 0.089488
vt 0.192899 0.090247
vt 0.195859 0.089618
vt 0.198483 0.087594
vt 0.028070 0.135408
vt 0.206871 0.103741
vt 0.205038 0.102287
vt 0.030219 0.136044
vt 0.028723 0.126674
vt 0.024956 0.134372
vt 0.031298 0.136394
vt 0.204453 0.101352
vt 0.198672 0.104369
vt 0.192624 0.105392
vt 0.186643 0.104176
vt 0.034928 0.154152
vt 0.031704 0.148427
vt 0.030381 0.142463
vt 0.199053 0.105432
vt 0.192613 0.106521
vt 0.186260 0.105244
vt 0.033998 0.154775
vt 0.030654 0.148846
vt 0.029254 0.142511
vt 0.199754 0.107568
vt 0.200812 0.110728
vt 0.192664 0.108871
vt 0.192688 0.112213
vt 0.184830 0.107815
vt 0.183679 0.110855
vt 0.032585 0.156684
vt 0.176574 0.106373
vt 0.028123 0.150360
vt 0.025028 0.151503
vt 0.026904 0.142515
vt 0.023579 0.142506
vt 0.178352 0.103539
vt 0.180204 0.102066
vt 0.031708 0.128165
vt 0.033219 0.129944
vt 0.029710 0.158657
vt 0.208525 0.106754
vt 0.180811 0.101102
vt 0.034189 0.130512
vt 0.037381 0.150882
vt 0.201359 0.098815
vt 0.037725 0.133745
vt 0.201729 0.095423
vt 0.184245 0.097613
vt 0.040832 0.151053
vt 0.190166 0.086097
vt 0.193024 0.085533
vt 0.187463 0.087338
vt 0.049501 0.138954
vt 0.048109 0.136335
vt 0.200543 0.089804
vt 0.046399 0.149535
vt 0.201715 0.092576
vt 0.043688 0.150872
vt 0.368098 0.389556
vt 0.371163 0.386753
vt 0.374361 0.389405
vt 0.371250 0.390312
vt 0.781354 0.092037
vt 0.781347 0.096962
vt 0.771092 0.096921
vt 0.771125 0.092105
vt 0.781340 0.101883
vt 0.771054 0.101746
vt 0.371776 0.412158
vt 0.382201 0.409808
vt 0.382644 0.411235
vt 0.371811 0.413636
vt 0.350881 0.406922
vt 0.342803 0.399244
vt 0.343715 0.398027
vt 0.351592 0.405622
vt 0.391625 0.404655
vt 0.399125 0.396687
vt 0.400095 0.397858
vt 0.392398 0.405918
vt 0.360879 0.411758
vt 0.361253 0.410311
vt 0.771011 0.106646
vt 0.781333 0.107037
vt 0.760653 0.106920
vt 0.750203 0.106480
vt 0.750499 0.101513
vt 0.760764 0.101760
vt 0.801917 0.101819
vt 0.812182 0.101602
vt 0.812464 0.106569
vt 0.802013 0.106979
vt 0.791627 0.101775
vt 0.791656 0.106676
vt 0.760895 0.091855
vt 0.760856 0.096809
vt 0.750651 0.096634
vt 0.750681 0.091761
vt 0.812028 0.091849
vt 0.812045 0.096722
vt 0.801838 0.096867
vt 0.801813 0.091914
vt 0.791601 0.096950
vt 0.791583 0.092135
vt 0.352082 0.404762
vt 0.344320 0.397267
vt 0.345976 0.395221
vt 0.353365 0.402575
vt 0.396731 0.393993
vt 0.398483 0.395956
vt 0.391093 0.403819
vt 0.389707 0.401697
vt 0.381155 0.406451
vt 0.381906 0.408869
vt 0.371753 0.411158
vt 0.371692 0.408628
vt 0.361502 0.409360
vt 0.362136 0.406908
vt 0.364164 0.399534
vt 0.371513 0.401184
vt 0.378772 0.399183
vt 0.385456 0.395546
vt 0.390710 0.389347
vt 0.351765 0.390289
vt 0.357313 0.396226
vt 0.781360 0.088405
vt 0.791573 0.088651
vt 0.771145 0.088621
vt 0.750616 0.088233
vt 0.760915 0.088220
vt 0.801804 0.088279
vt 0.812104 0.088321
vt 0.382906 0.412086
vt 0.371832 0.414494
vt 0.350478 0.407696
vt 0.342257 0.399993
vt 0.400677 0.398579
vt 0.392839 0.406672
vt 0.360658 0.412620
vt 0.739197 0.105991
vt 0.740283 0.101063
vt 0.740730 0.096417
vt 0.740472 0.091738
vt 0.739870 0.088209
vt 0.334503 0.392175
vt 0.334772 0.391069
vt 0.335658 0.389691
vt 0.336710 0.389270
vt 0.338372 0.386797
vt 0.346458 0.382604
vt 0.374390 0.384414
vt 0.377102 0.387099
vt 0.365248 0.387385
vt 0.367827 0.384573
vt 0.371074 0.383046
vt 0.403917 0.385210
vt 0.395637 0.381414
vt 0.405698 0.387600
vt 0.406768 0.387969
vt 0.407720 0.389304
vt 0.408043 0.390395
vt 0.822850 0.088327
vt 0.822237 0.091856
vt 0.821965 0.096533
vt 0.822399 0.101180
vt 0.823471 0.106112
vt 0.380043 0.384664
vt 0.381444 0.381723
vt 0.362193 0.385096
vt 0.360651 0.382226
vt 0.674384 0.246493
vt 0.674491 0.257082
vt 0.654397 0.257905
vt 0.654010 0.246657
vt 0.654065 0.296985
vt 0.673738 0.297636
vt 0.673543 0.308593
vt 0.653558 0.308355
vt 0.632579 0.257703
vt 0.632064 0.246897
vt 0.632412 0.297141
vt 0.631902 0.308139
vt 0.612079 0.257498
vt 0.611473 0.245814
vt 0.612039 0.296994
vt 0.611457 0.308587
vt 0.593084 0.257213
vt 0.592450 0.245955
vt 0.592972 0.297248
vt 0.592491 0.308532
vt 0.573758 0.257470
vt 0.573034 0.246276
vt 0.573704 0.297136
vt 0.573076 0.308368
vt 0.553888 0.257821
vt 0.553662 0.246596
vt 0.553950 0.296969
vt 0.553727 0.308209
vt 0.533992 0.257943
vt 0.533888 0.246622
vt 0.534156 0.296913
vt 0.534011 0.308186
vt 0.513321 0.257788
vt 0.513063 0.246319
vt 0.513557 0.296947
vt 0.513251 0.308352
vt 0.492018 0.257405
vt 0.491226 0.245821
vt 0.492179 0.297087
vt 0.491366 0.308636
vt 0.472017 0.257129
vt 0.471173 0.245578
vt 0.472090 0.297218
vt 0.471211 0.308808
vt 0.455576 0.257519
vt 0.454253 0.246031
vt 0.455255 0.297014
vt 0.454171 0.308545
vt 0.441460 0.258512
vt 0.438900 0.247280
vt 0.440646 0.296370
vt 0.439053 0.308022
vt 0.428951 0.258741
vt 0.424771 0.249097
vt 0.427671 0.296663
vt 0.425267 0.307248
vt 0.415485 0.257755
vt 0.410841 0.248721
vt 0.414096 0.297319
vt 0.411162 0.306967
vt 0.399594 0.256542
vt 0.395952 0.246868
vt 0.397961 0.296931
vt 0.395560 0.307019
vt 0.380893 0.256046
vt 0.378737 0.245355
vt 0.379448 0.295944
vt 0.378015 0.306988
vt 0.360718 0.256326
vt 0.359646 0.245006
vt 0.360323 0.295703
vt 0.359676 0.306964
vt 0.340632 0.256816
vt 0.340020 0.245528
vt 0.341058 0.295900
vt 0.340859 0.307503
vt 0.319981 0.257388
vt 0.319446 0.246146
vt 0.320880 0.296489
vt 0.320855 0.307775
vt 0.299937 0.257878
vt 0.298985 0.246825
vt 0.301100 0.297075
vt 0.300720 0.308122
vt 0.279717 0.258267
vt 0.278586 0.247515
vt 0.280963 0.297677
vt 0.280381 0.308456
vt 0.259010 0.258587
vt 0.257978 0.247957
vt 0.260171 0.298222
vt 0.259601 0.308880
vt 0.237621 0.258820
vt 0.237160 0.248355
vt 0.238579 0.298685
vt 0.238409 0.309221
vt 0.215685 0.258893
vt 0.216069 0.247935
vt 0.216388 0.298926
vt 0.216978 0.309896
vt 0.194086 0.259121
vt 0.194549 0.247976
vt 0.194677 0.299151
vt 0.195362 0.310282
vt 0.173260 0.259648
vt 0.173416 0.248634
vt 0.173940 0.299381
vt 0.174322 0.310374
vt 0.690628 0.256111
vt 0.690653 0.245826
vt 0.689654 0.298314
vt 0.689804 0.308997
vt 0.702222 0.256003
vt 0.702630 0.246480
vt 0.701300 0.298285
vt 0.701975 0.308385
vt 0.712975 0.255869
vt 0.713609 0.246141
vt 0.712055 0.298169
vt 0.713293 0.308010
vt 0.722799 0.256124
vt 0.724221 0.248029
vt 0.721738 0.297993
vt 0.724075 0.306357
vt 0.731453 0.257577
vt 0.735349 0.248800
vt 0.730282 0.296797
vt 0.734860 0.304799
vt 0.743042 0.261999
vt 0.747281 0.255825
vt 0.747725 0.298961
vt 0.739865 0.294149
vt 0.153266 0.260339
vt 0.153034 0.249673
vt 0.154247 0.299588
vt 0.154263 0.310305
vt 0.133298 0.260697
vt 0.132989 0.250111
vt 0.134553 0.299975
vt 0.134625 0.310593
vt 0.109442 0.260920
vt 0.109986 0.250459
vt 0.111048 0.300561
vt 0.111938 0.311049
vt 0.086842 0.261392
vt 0.087217 0.250821
vt 0.089453 0.301032
vt 0.090164 0.311575
vt 0.063672 0.262595
vt 0.064395 0.251184
vt 0.069230 0.299914
vt 0.069282 0.312095
vt 0.035561 0.264894
vt 0.039121 0.251704
vt 0.043438 0.310925
vt 0.046961 0.301172
vt 0.753145 0.264255
vt 0.761850 0.336957
vt 0.746940 0.341336
vt 0.733606 0.344574
vt 0.719742 0.346939
vt 0.705441 0.348300
vt 0.690888 0.348929
vt 0.672395 0.348875
vt 0.651692 0.348367
vt 0.630222 0.348009
vt 0.609942 0.348028
vt 0.590756 0.348023
vt 0.571087 0.347896
vt 0.551766 0.347700
vt 0.532362 0.347664
vt 0.511901 0.347844
vt 0.490159 0.348170
vt 0.469987 0.348346
vt 0.453018 0.348208
vt 0.438335 0.347902
vt 0.425690 0.346952
vt 0.412508 0.345940
vt 0.397171 0.345744
vt 0.379505 0.346177
vt 0.360466 0.346715
vt 0.341251 0.347128
vt 0.321058 0.347405
vt 0.300894 0.347652
vt 0.280593 0.347998
vt 0.259821 0.348428
vt 0.238621 0.348908
vt 0.216940 0.349415
vt 0.195021 0.349754
vt 0.173880 0.349908
vt 0.153924 0.350013
vt 0.134693 0.350210
vt 0.112234 0.350598
vt 0.090777 0.350989
vt 0.070498 0.351196
vt 0.046214 0.350910
vt 0.023579 0.272407
vt 0.073169 0.426089
vt 0.048374 0.433063
vt 0.041401 0.408267
vt 0.060345 0.411724
vt 0.777817 0.734301
vt 0.777734 0.727084
vt 0.816008 0.725182
vt 0.815773 0.732031
vt 0.739850 0.732975
vt 0.739440 0.726124
vt 0.703023 0.737958
vt 0.702463 0.730717
vt 0.667630 0.738820
vt 0.667866 0.731815
vt 0.637299 0.740987
vt 0.639871 0.733771
vt 0.915709 0.730361
vt 0.918433 0.737492
vt 0.888055 0.736104
vt 0.887651 0.729103
vt 0.852681 0.736198
vt 0.853057 0.728931
vt 0.777691 0.723464
vt 0.816206 0.721632
vt 0.667389 0.728259
vt 0.701925 0.727130
vt 0.853500 0.725328
vt 0.888040 0.725534
vt 0.739152 0.722577
vt 0.639931 0.730233
vt 0.915583 0.726835
vt 0.777933 0.744602
vt 0.740201 0.742083
vt 0.703384 0.748270
vt 0.666342 0.748047
vt 0.631593 0.751814
vt 0.924399 0.748141
vt 0.889574 0.745297
vt 0.852571 0.746549
vt 0.815659 0.741121
vt 0.740385 0.749915
vt 0.778036 0.755024
vt 0.778036 0.755025
vt 0.740386 0.749915
vt 0.626675 0.762983
vt 0.665195 0.755928
vt 0.665194 0.755930
vt 0.626674 0.762985
vt 0.703656 0.758563
vt 0.703655 0.758563
vt 0.815676 0.748925
vt 0.815675 0.748926
vt 0.852532 0.756881
vt 0.852543 0.756886
vt 0.890923 0.753153
vt 0.890934 0.753157
vt 0.929608 0.759153
vt 0.929609 0.759154
vt 0.778055 0.757315
vt 0.815691 0.750492
vt 0.740404 0.751491
vt 0.852516 0.759146
vt 0.891174 0.754718
vt 0.930649 0.761624
vt 0.664993 0.757505
vt 0.625701 0.765483
vt 0.703716 0.760816
vt 0.740398 0.758418
vt 0.778126 0.767273
vt 0.778209 0.782222
vt 0.741815 0.768622
vt 0.622648 0.776467
vt 0.664269 0.764318
vt 0.665187 0.774190
vt 0.622936 0.792408
vt 0.704020 0.770604
vt 0.704382 0.785204
vt 0.740292 0.745361
vt 0.777977 0.748944
vt 0.815654 0.744389
vt 0.852554 0.750860
vt 0.890158 0.748615
vt 0.926819 0.752683
vt 0.665844 0.751378
vt 0.629292 0.756430
vt 0.703500 0.752566
vt 0.778077 0.760164
vt 0.740424 0.753560
vt 0.703783 0.763619
vt 0.664744 0.759553
vt 0.624935 0.768566
vt 0.931499 0.764680
vt 0.891473 0.756756
vt 0.852502 0.761958
vt 0.815712 0.752553
vt 0.933992 0.772504
vt 0.892066 0.761497
vt 0.852387 0.768973
vt 0.815821 0.757381
vt 0.800726 0.798504
vt 0.814842 0.795786
vt 0.814834 0.802279
vt 0.803919 0.803631
vt 0.741788 0.796653
vt 0.754600 0.799412
vt 0.751734 0.804549
vt 0.741830 0.803215
vt 0.829086 0.798678
vt 0.825766 0.803720
vt 0.875146 0.800535
vt 0.890827 0.798620
vt 0.890440 0.805169
vt 0.878340 0.805914
vt 0.906673 0.802046
vt 0.902396 0.806994
vt 0.651865 0.805027
vt 0.666314 0.801480
vt 0.666826 0.807421
vt 0.655957 0.809375
vt 0.680726 0.802989
vt 0.677840 0.807992
vt 0.728958 0.799817
vt 0.731916 0.804805
vt 0.814542 0.767551
vt 0.815193 0.836962
vt 0.778287 0.819071
vt 0.778165 0.808873
vt 0.814671 0.828491
vt 0.743069 0.837497
vt 0.742186 0.829046
vt 0.852238 0.783604
vt 0.851429 0.820563
vt 0.851746 0.810355
vt 0.891373 0.771364
vt 0.888800 0.839745
vt 0.888650 0.831223
vt 0.934099 0.788407
vt 0.928994 0.826034
vt 0.928383 0.815685
vt 0.670488 0.841604
vt 0.629166 0.829583
vt 0.629530 0.819205
vt 0.669185 0.833126
vt 0.705776 0.821534
vt 0.705244 0.811363
vt 0.036403 0.454401
vt 0.023579 0.440036
vt 0.055347 0.457856
vt 0.069713 0.445033
vt 0.027035 0.421092
vt 0.331477 0.473986
vt 0.314500 0.493357
vt 0.295130 0.476380
vt 0.312892 0.468942
vt 0.770804 0.577211
vt 0.770341 0.569556
vt 0.801608 0.563515
vt 0.802509 0.570657
vt 0.738513 0.574442
vt 0.738508 0.567233
vt 0.706167 0.573246
vt 0.706727 0.565711
vt 0.675469 0.564355
vt 0.676430 0.557370
vt 0.646871 0.558433
vt 0.649318 0.552727
vt 0.887594 0.537848
vt 0.890781 0.543182
vt 0.863320 0.552924
vt 0.861436 0.546115
vt 0.834287 0.565684
vt 0.832750 0.558260
vt 0.770125 0.565860
vt 0.801205 0.559911
vt 0.676514 0.553779
vt 0.706851 0.562031
vt 0.832141 0.554623
vt 0.860866 0.542565
vt 0.738466 0.563604
vt 0.649505 0.549456
vt 0.886955 0.534629
vt 0.771488 0.588406
vt 0.738417 0.584184
vt 0.705002 0.584141
vt 0.673180 0.573340
vt 0.640096 0.566184
vt 0.898478 0.549962
vt 0.866775 0.561552
vt 0.836856 0.576392
vt 0.803857 0.580282
vt 0.738200 0.592623
vt 0.772161 0.599734
vt 0.772161 0.599734
vt 0.738200 0.592625
vt 0.633251 0.574188
vt 0.671107 0.581010
vt 0.671107 0.581011
vt 0.633251 0.574189
vt 0.703544 0.595072
vt 0.703542 0.595074
vt 0.805149 0.588595
vt 0.805149 0.588597
vt 0.839689 0.587105
vt 0.839701 0.587108
vt 0.869829 0.568918
vt 0.869839 0.568917
vt 0.906263 0.556985
vt 0.906263 0.556986
vt 0.772302 0.602191
vt 0.805441 0.590261
vt 0.738114 0.594319
vt 0.840353 0.589420
vt 0.870476 0.570372
vt 0.908000 0.558518
vt 0.670657 0.582538
vt 0.631716 0.575941
vt 0.703166 0.597434
vt 0.737523 0.601605
vt 0.772891 0.612826
vt 0.773704 0.628187
vt 0.737970 0.612232
vt 0.626069 0.584026
vt 0.668416 0.589029
vt 0.666550 0.598874
vt 0.621416 0.597341
vt 0.701376 0.607638
vt 0.698262 0.622492
vt 0.771770 0.593088
vt 0.771951 0.596152
vt 0.738292 0.589991
vt 0.738352 0.587737
vt 0.804380 0.583785
vt 0.837996 0.580828
vt 0.868038 0.564664
vt 0.902048 0.552685
vt 0.672337 0.576580
vt 0.636896 0.569360
vt 0.704436 0.588664
vt 0.704038 0.591617
vt 0.671793 0.578629
vt 0.635064 0.571535
vt 0.868844 0.566630
vt 0.904133 0.554597
vt 0.838766 0.583724
vt 0.804726 0.586006
vt 0.772472 0.605211
vt 0.737976 0.596502
vt 0.702675 0.600338
vt 0.670006 0.584491
vt 0.630289 0.578260
vt 0.909703 0.560626
vt 0.871364 0.572232
vt 0.841190 0.592258
vt 0.805835 0.592404
vt 0.914584 0.565773
vt 0.873511 0.576538
vt 0.843349 0.599395
vt 0.806873 0.597396
vt 0.799698 0.641423
vt 0.813704 0.635674
vt 0.815115 0.642058
vt 0.803723 0.645885
vt 0.734785 0.640255
vt 0.747865 0.644674
vt 0.744556 0.649513
vt 0.733999 0.646818
vt 0.828894 0.635131
vt 0.827131 0.640731
vt 0.876315 0.620259
vt 0.888851 0.610455
vt 0.892048 0.616236
vt 0.881859 0.623411
vt 0.903204 0.604619
vt 0.903292 0.610780
vt 0.643722 0.621069
vt 0.657491 0.624661
vt 0.655311 0.630260
vt 0.644516 0.626632
vt 0.669959 0.632274
vt 0.665158 0.635740
vt 0.721080 0.641550
vt 0.722996 0.646841
vt 0.807590 0.607950
vt 0.823571 0.674998
vt 0.775561 0.665117
vt 0.774906 0.654845
vt 0.820904 0.666953
vt 0.730250 0.680262
vt 0.730708 0.671775
vt 0.848141 0.613842
vt 0.861841 0.648316
vt 0.857724 0.638937
vt 0.876580 0.586084
vt 0.910648 0.644437
vt 0.905453 0.637815
vt 0.920828 0.578324
vt 0.937096 0.607863
vt 0.929856 0.601437
vt 0.641811 0.661001
vt 0.609604 0.629290
vt 0.615811 0.621378
vt 0.644867 0.653116
vt 0.688924 0.657828
vt 0.691766 0.647959
vt 0.316108 0.517771
vt 0.297523 0.512727
vt 0.333870 0.510334
vt 0.338915 0.491750
vt 0.290085 0.494963
vt 0.113746 0.200565
vt 0.111046 0.189843
vt 0.130642 0.184857
vt 0.133630 0.195948
vt 0.121687 0.146351
vt 0.101911 0.149933
vt 0.099834 0.139435
vt 0.119746 0.135128
vt 0.152037 0.180289
vt 0.155030 0.191042
vt 0.143265 0.141355
vt 0.141463 0.130554
vt 0.172128 0.175679
vt 0.175278 0.187025
vt 0.163447 0.136611
vt 0.161518 0.124910
vt 0.190898 0.171752
vt 0.193992 0.182784
vt 0.182229 0.132051
vt 0.180388 0.120779
vt 0.209901 0.167349
vt 0.213244 0.178238
vt 0.201244 0.128027
vt 0.199733 0.116732
vt 0.229298 0.162565
vt 0.232590 0.173459
vt 0.220698 0.124328
vt 0.219211 0.113106
vt 0.248415 0.158194
vt 0.252396 0.169063
vt 0.239933 0.119955
vt 0.239152 0.108376
vt 0.267500 0.154269
vt 0.272033 0.165117
vt 0.259062 0.114852
vt 0.258656 0.103015
vt 0.286393 0.150142
vt 0.291134 0.161048
vt 0.277916 0.110098
vt 0.277610 0.098187
vt 0.305459 0.145661
vt 0.309699 0.156708
vt 0.296975 0.105845
vt 0.296206 0.094081
vt 0.324786 0.141038
vt 0.328513 0.152052
vt 0.316385 0.101760
vt 0.315226 0.090288
vt 0.343983 0.136541
vt 0.347541 0.147518
vt 0.335800 0.097491
vt 0.334455 0.086072
vt 0.362952 0.132064
vt 0.366585 0.142915
vt 0.355166 0.093298
vt 0.353960 0.081891
vt 0.381746 0.127528
vt 0.385072 0.138554
vt 0.374623 0.089588
vt 0.373652 0.077962
vt 0.398574 0.123684
vt 0.402650 0.133739
vt 0.392452 0.085989
vt 0.392475 0.075208
vt 0.414870 0.120169
vt 0.419664 0.129771
vt 0.408785 0.081359
vt 0.409603 0.071321
vt 0.432907 0.116162
vt 0.437655 0.125981
vt 0.426216 0.076169
vt 0.426652 0.066223
vt 0.452597 0.111430
vt 0.456573 0.122027
vt 0.445052 0.071025
vt 0.444477 0.060604
vt 0.473342 0.106285
vt 0.476614 0.117424
vt 0.465540 0.066451
vt 0.463942 0.055140
vt 0.493825 0.101480
vt 0.496662 0.112354
vt 0.485495 0.062141
vt 0.483540 0.051059
vt 0.514199 0.096458
vt 0.516913 0.107566
vt 0.505564 0.057441
vt 0.503228 0.046221
vt 0.534318 0.091538
vt 0.537052 0.102717
vt 0.525533 0.052430
vt 0.523100 0.041204
vt 0.554426 0.086587
vt 0.557026 0.097901
vt 0.545657 0.047261
vt 0.543061 0.036060
vt 0.574813 0.081662
vt 0.577040 0.093184
vt 0.566262 0.041822
vt 0.563312 0.030648
vt 0.595120 0.076765
vt 0.597313 0.088273
vt 0.587051 0.036513
vt 0.584268 0.025416
vt 0.614997 0.071946
vt 0.617281 0.083273
vt 0.607817 0.031504
vt 0.605523 0.020596
vt 0.095155 0.194019
vt 0.097523 0.204537
vt 0.085971 0.152529
vt 0.083827 0.142368
vt 0.083527 0.196530
vt 0.085431 0.206578
vt 0.074475 0.154983
vt 0.072153 0.145627
vt 0.072645 0.198801
vt 0.074243 0.208803
vt 0.063849 0.157268
vt 0.061273 0.147734
vt 0.062608 0.200871
vt 0.063712 0.209632
vt 0.054266 0.159694
vt 0.051380 0.151954
vt 0.053251 0.201690
vt 0.053944 0.211067
vt 0.045898 0.163090
vt 0.040637 0.154877
vt 0.039646 0.204284
vt 0.043181 0.210018
vt 0.036024 0.168770
vt 0.030480 0.163357
vt 0.633777 0.067275
vt 0.636309 0.078413
vt 0.628108 0.026977
vt 0.626788 0.016267
vt 0.652034 0.062984
vt 0.654391 0.074267
vt 0.648961 0.022416
vt 0.648470 0.011761
vt 0.672857 0.058752
vt 0.674265 0.070233
vt 0.674758 0.017852
vt 0.674745 0.007731
vt 0.690720 0.056464
vt 0.691774 0.067348
vt 0.699571 0.016765
vt 0.702703 0.007974
vt 0.704506 0.054217
vt 0.706183 0.064795
vt 0.722688 0.025174
vt 0.730380 0.019846
vt 0.716986 0.054594
vt 0.721303 0.060447
vt 0.743056 0.052611
vt 0.736396 0.047227
vt 0.033410 0.247838
vt 0.023579 0.244816
vt 0.049814 0.249877
vt 0.063506 0.249895
vt 0.077576 0.248771
vt 0.091651 0.246713
vt 0.106041 0.243920
vt 0.123920 0.239726
vt 0.144187 0.234941
vt 0.165449 0.230138
vt 0.185768 0.225732
vt 0.204853 0.221365
vt 0.224315 0.216722
vt 0.243341 0.212259
vt 0.262558 0.208093
vt 0.282169 0.203991
vt 0.301803 0.199686
vt 0.320963 0.195209
vt 0.340152 0.190570
vt 0.359434 0.185831
vt 0.378714 0.180908
vt 0.397811 0.175655
vt 0.415307 0.170930
vt 0.431888 0.167430
vt 0.449484 0.164178
vt 0.468138 0.160527
vt 0.488060 0.156024
vt 0.507730 0.151063
vt 0.527657 0.146240
vt 0.547673 0.141515
vt 0.567726 0.136861
vt 0.588120 0.132165
vt 0.609079 0.127292
vt 0.629959 0.122395
vt 0.650093 0.117717
vt 0.669932 0.113059
vt 0.693599 0.106346
vt 0.716120 0.096525
vt 0.734780 0.081014
vt 0.816682 0.468874
vt 0.793473 0.456725
vt 0.802422 0.446854
vt 0.822455 0.445952
vt 0.824647 0.280777
vt 0.816417 0.270732
vt 0.828503 0.262986
vt 0.833225 0.284543
vt 0.810407 0.280370
vt 0.822326 0.288782
vt 0.857838 0.280660
vt 0.865782 0.270460
vt 0.871821 0.279964
vt 0.860336 0.288686
vt 0.833129 0.292238
vt 0.800426 0.306205
vt 0.803944 0.297046
vt 0.818687 0.304256
vt 0.815022 0.312588
vt 0.831586 0.306869
vt 0.829187 0.314364
vt 0.863986 0.304044
vt 0.878861 0.296852
vt 0.882267 0.306061
vt 0.867763 0.312427
vt 0.806886 0.288881
vt 0.820514 0.296480
vt 0.875794 0.288501
vt 0.862109 0.296327
vt 0.832421 0.299450
vt 0.798007 0.315054
vt 0.799245 0.309334
vt 0.815394 0.314601
vt 0.814536 0.319885
vt 0.829081 0.316020
vt 0.828830 0.321339
vt 0.883408 0.309198
vt 0.884877 0.314945
vt 0.868122 0.319749
vt 0.867426 0.314451
vt 0.794402 0.334336
vt 0.795093 0.329290
vt 0.812046 0.331754
vt 0.811570 0.336778
vt 0.827376 0.332018
vt 0.827321 0.336985
vt 0.887620 0.329233
vt 0.888452 0.334312
vt 0.871073 0.336646
vt 0.870733 0.331638
vt 0.797562 0.318246
vt 0.813523 0.321525
vt 0.828802 0.322958
vt 0.885275 0.318147
vt 0.869168 0.321397
vt 0.795906 0.326232
vt 0.811545 0.329769
vt 0.794164 0.337323
vt 0.810668 0.338602
vt 0.827495 0.330345
vt 0.827436 0.338638
vt 0.886838 0.326164
vt 0.871219 0.329654
vt 0.888659 0.337307
vt 0.871988 0.338471
vt 0.796893 0.321911
vt 0.812791 0.325309
vt 0.828507 0.326550
vt 0.869938 0.325188
vt 0.885898 0.321828
vt 0.782148 0.438532
vt 0.779054 0.419147
vt 0.794514 0.416486
vt 0.795864 0.432365
vt 0.780023 0.398829
vt 0.795820 0.398573
vt 0.887376 0.431969
vt 0.901914 0.437807
vt 0.890359 0.456344
vt 0.881260 0.446581
vt 0.819460 0.428696
vt 0.902583 0.398133
vt 0.903983 0.418261
vt 0.888667 0.416064
vt 0.887034 0.398183
vt 0.818860 0.412563
vt 0.819451 0.395177
vt 0.891569 0.350091
vt 0.875728 0.351657
vt 0.824731 0.350194
vt 0.806875 0.351881
vt 0.791083 0.350010
vt 0.782936 0.381219
vt 0.798646 0.382321
vt 0.899503 0.380752
vt 0.884005 0.382024
vt 0.820751 0.379433
vt 0.895608 0.365034
vt 0.880196 0.366875
vt 0.822520 0.364638
vt 0.802402 0.367087
vt 0.786771 0.365270
vt 0.841083 0.260797
vt 0.853671 0.262872
vt 0.849312 0.284492
vt 0.841272 0.285924
vt 0.849479 0.292183
vt 0.841304 0.292993
vt 0.841329 0.299951
vt 0.850233 0.299386
vt 0.841352 0.307399
vt 0.851117 0.306788
vt 0.853557 0.314256
vt 0.841372 0.315016
vt 0.841376 0.316461
vt 0.853661 0.315910
vt 0.841362 0.321728
vt 0.853898 0.321268
vt 0.853923 0.322887
vt 0.841361 0.323160
vt 0.854213 0.326477
vt 0.841361 0.326792
vt 0.841360 0.330566
vt 0.855219 0.330265
vt 0.841358 0.332045
vt 0.855329 0.331934
vt 0.841337 0.336955
vt 0.855362 0.336904
vt 0.855238 0.338556
vt 0.841335 0.338437
vt 0.857907 0.350088
vt 0.841324 0.349816
vt 0.860116 0.364514
vt 0.841327 0.363890
vt 0.861942 0.379299
vt 0.841358 0.378477
vt 0.863397 0.395036
vt 0.841428 0.394115
vt 0.841544 0.411491
vt 0.864235 0.412429
vt 0.841669 0.427838
vt 0.863875 0.428575
vt 0.861131 0.445855
vt 0.841770 0.445352
vt 0.867034 0.468759
vt 0.841843 0.472568
vt 0.927866 0.034612
vt 0.930871 0.030462
vt 0.933401 0.032580
vt 0.251861 0.075052
vt 0.257350 0.077165
vt 0.254758 0.079234
vt 0.251802 0.079913
vt 0.248865 0.079224
vt 0.246330 0.077118
vt 0.922385 0.032466
vt 0.924982 0.030410
vt 0.927938 0.029752
vt 0.932505 0.020941
vt 0.932656 0.019772
vt 0.936661 0.021280
vt 0.936464 0.022207
vt 0.260420 0.088288
vt 0.256389 0.089797
vt 0.256250 0.088667
vt 0.260228 0.087414
vt 0.251783 0.090396
vt 0.251775 0.089316
vt 0.247159 0.089947
vt 0.247304 0.088782
vt 0.243123 0.088535
vt 0.243295 0.087564
vt 0.919368 0.021253
vt 0.923432 0.019811
vt 0.923556 0.020946
vt 0.919556 0.022148
vt 0.928048 0.019267
vt 0.928042 0.020348
vt 0.932454 0.023361
vt 0.936922 0.024747
vt 0.256213 0.086288
vt 0.260713 0.084951
vt 0.251766 0.086897
vt 0.247324 0.086351
vt 0.242830 0.085006
vt 0.923569 0.023333
vt 0.919054 0.024630
vt 0.928022 0.022767
vt 0.927996 0.025115
vt 0.932207 0.025738
vt 0.931726 0.028170
vt 0.927969 0.027406
vt 0.923765 0.025691
vt 0.924188 0.028115
vt 0.919101 0.027469
vt 0.920297 0.030236
vt 0.247551 0.083965
vt 0.242929 0.082119
vt 0.244187 0.079335
vt 0.248019 0.081525
vt 0.251772 0.084550
vt 0.251783 0.082259
vt 0.255998 0.083937
vt 0.255561 0.081521
vt 0.260651 0.082127
vt 0.259445 0.079378
vt 0.936812 0.027618
vt 0.935547 0.030382
vt 0.935133 0.012393
vt 0.942272 0.016248
vt 0.940443 0.017730
vt 0.934443 0.014542
vt 0.936151 0.009211
vt 0.943905 0.013205
vt 0.934064 0.015618
vt 0.939848 0.018698
vt 0.263564 0.090668
vt 0.257872 0.093851
vt 0.251889 0.095104
vt 0.245851 0.094130
vt 0.239935 0.091245
vt 0.916207 0.018762
vt 0.922045 0.015732
vt 0.928013 0.014556
vt 0.264183 0.091566
vt 0.258293 0.094894
vt 0.251922 0.096233
vt 0.245505 0.095219
vt 0.239361 0.092245
vt 0.915609 0.017832
vt 0.921655 0.014677
vt 0.927992 0.013426
vt 0.266058 0.092938
vt 0.259075 0.096990
vt 0.267765 0.095794
vt 0.260349 0.100015
vt 0.252085 0.098579
vt 0.252365 0.101896
vt 0.244179 0.097860
vt 0.243281 0.101044
vt 0.237552 0.093810
vt 0.235797 0.096842
vt 0.913749 0.016389
vt 0.920200 0.012119
vt 0.911933 0.013592
vt 0.918999 0.009098
vt 0.928025 0.011071
vt 0.927988 0.007727
vt 0.887256 0.238952
vt 0.888429 0.176246
vt 0.914833 0.184961
vt 0.910563 0.232851
vt 0.431037 0.380311
vt 0.368315 0.380063
vt 0.376637 0.353530
vt 0.424586 0.357101
vt 0.894886 0.167846
vt 0.909796 0.175689
vt 0.913987 0.180677
vt 0.892042 0.171259
vt 0.436322 0.377440
vt 0.428748 0.357634
vt 0.433274 0.361284
vt 0.439959 0.375072
vt 0.359821 0.373732
vt 0.367441 0.358706
vt 0.372367 0.354441
vt 0.363275 0.376525
vt 0.890044 0.244279
vt 0.909968 0.237005
vt 0.906246 0.241477
vt 0.892354 0.247950
vt 0.443643 0.372140
vt 0.435891 0.358162
vt 0.356314 0.370468
vt 0.365011 0.355535
vt 0.376263 0.349489
vt 0.425132 0.352960
vt 0.429797 0.354106
vt 0.371288 0.350883
vt 0.895227 0.251679
vt 0.909325 0.244142
vt 0.913479 0.238108
vt 0.914697 0.233455
vt 0.918880 0.184646
vt 0.917562 0.179651
vt 0.913004 0.173306
vt 0.898201 0.164389
vt 0.437920 0.356708
vt 0.445797 0.370351
vt 0.900143 0.162347
vt 0.914507 0.171330
vt 0.896981 0.253862
vt 0.910745 0.246195
vt 0.354244 0.368558
vt 0.363012 0.354061
vt 0.916313 0.238717
vt 0.370904 0.348021
vt 0.916906 0.231908
vt 0.378003 0.347560
vt 0.920782 0.186414
vt 0.423555 0.350774
vt 0.920428 0.179310
vt 0.430358 0.351259
vt 0.601009 0.230347
vt 0.601422 0.159070
vt 0.616261 0.159155
vt 0.615848 0.230434
vt 0.623523 0.159197
vt 0.623110 0.230476
vt 0.628507 0.159226
vt 0.628094 0.230504
vt 0.677555 0.159510
vt 0.677142 0.230788
vt 0.682539 0.159538
vt 0.682126 0.230817
vt 0.689800 0.159580
vt 0.689388 0.230859
vt 0.704639 0.159667
vt 0.704227 0.230945
vt 0.163581 0.097536
vt 0.164607 0.101448
vt 0.162294 0.101337
vt 0.160104 0.100197
vt 0.158437 0.098029
vt 0.074845 0.135344
vt 0.072594 0.139496
vt 0.071246 0.137051
vt 0.071097 0.134311
vt 0.072151 0.131607
vt 0.168497 0.098548
vt 0.166832 0.100508
vt 0.165167 0.108975
vt 0.165215 0.109862
vt 0.160993 0.109746
vt 0.161122 0.108826
vt 0.157114 0.108531
vt 0.157393 0.107658
vt 0.154329 0.106876
vt 0.154545 0.106148
vt 0.063296 0.141022
vt 0.062500 0.137961
vt 0.063433 0.137882
vt 0.064028 0.140931
vt 0.062302 0.134233
vt 0.063292 0.134276
vt 0.062990 0.131084
vt 0.063689 0.131080
vt 0.172096 0.107547
vt 0.169016 0.109001
vt 0.168847 0.108131
vt 0.171878 0.106806
vt 0.165110 0.107148
vt 0.161300 0.107096
vt 0.157754 0.105671
vt 0.154447 0.103847
vt 0.065470 0.137871
vt 0.066135 0.141544
vt 0.065226 0.134136
vt 0.065643 0.130289
vt 0.168669 0.106101
vt 0.172071 0.104643
vt 0.168300 0.104167
vt 0.165049 0.105281
vt 0.164873 0.103355
vt 0.167753 0.102293
vt 0.171761 0.102288
vt 0.170485 0.100144
vt 0.067177 0.134005
vt 0.067823 0.130082
vt 0.070068 0.130479
vt 0.069192 0.134067
vt 0.067435 0.137839
vt 0.069379 0.137552
vt 0.068379 0.141527
vt 0.070607 0.140888
vt 0.158201 0.103716
vt 0.155085 0.101592
vt 0.156382 0.099548
vt 0.158990 0.101864
vt 0.161511 0.105240
vt 0.161857 0.103230
vt 0.165997 0.116202
vt 0.159887 0.115790
vt 0.160201 0.114044
vt 0.165756 0.114353
vt 0.166296 0.118923
vt 0.159471 0.118512
vt 0.165642 0.113431
vt 0.160372 0.113101
vt 0.155277 0.111673
vt 0.150929 0.108599
vt 0.060683 0.143754
vt 0.058995 0.138784
vt 0.058885 0.133608
vt 0.060554 0.128434
vt 0.174937 0.109522
vt 0.170629 0.112382
vt 0.154824 0.112471
vt 0.150354 0.109328
vt 0.059848 0.144086
vt 0.058122 0.138988
vt 0.057962 0.133431
vt 0.059720 0.128106
vt 0.175500 0.110244
vt 0.171020 0.113201
vt 0.153898 0.114096
vt 0.152781 0.116585
vt 0.148539 0.110412
vt 0.146962 0.112772
vt 0.058411 0.145486
vt 0.055769 0.139064
vt 0.055874 0.146457
vt 0.053191 0.139566
vt 0.056191 0.133108
vt 0.053468 0.132781
vt 0.057569 0.126707
vt 0.054876 0.126110
vt 0.177894 0.111315
vt 0.171770 0.114966
vt 0.179274 0.113691
vt 0.172810 0.117445
vt 0.300886 0.056744
vt 0.297940 0.060936
vt 0.295379 0.058854
vt 0.222186 0.106310
vt 0.216686 0.104222
vt 0.219270 0.102141
vt 0.222221 0.101449
vt 0.225162 0.102124
vt 0.227707 0.104218
vt 0.306396 0.058812
vt 0.303829 0.060905
vt 0.300882 0.061605
vt 0.296440 0.070479
vt 0.296305 0.071651
vt 0.292279 0.070199
vt 0.292463 0.069268
vt 0.213565 0.093113
vt 0.217589 0.091586
vt 0.217733 0.092716
vt 0.213762 0.093987
vt 0.222192 0.090966
vt 0.222206 0.092046
vt 0.226818 0.091393
vt 0.226679 0.092559
vt 0.230861 0.092786
vt 0.230693 0.093759
vt 0.309571 0.069982
vt 0.305528 0.071481
vt 0.305388 0.070348
vt 0.309371 0.069090
vt 0.300919 0.072090
vt 0.300911 0.071009
vt 0.296457 0.068058
vt 0.291970 0.066735
vt 0.217782 0.095095
vt 0.213288 0.096453
vt 0.222226 0.094464
vt 0.226670 0.094990
vt 0.231170 0.096315
vt 0.305342 0.067962
vt 0.309837 0.066601
vt 0.300897 0.068589
vt 0.300890 0.066242
vt 0.296670 0.065678
vt 0.297117 0.063239
vt 0.300884 0.063951
vt 0.305111 0.065606
vt 0.304655 0.063189
vt 0.309750 0.063763
vt 0.308516 0.061013
vt 0.226454 0.097377
vt 0.231085 0.099202
vt 0.229839 0.101992
vt 0.225997 0.099819
vt 0.222230 0.096812
vt 0.222230 0.099103
vt 0.218007 0.097444
vt 0.218455 0.099858
vt 0.213363 0.099276
vt 0.214581 0.102020
vt 0.292039 0.063864
vt 0.293264 0.061081
vt 0.293932 0.079063
vt 0.286740 0.075310
vt 0.288548 0.073802
vt 0.294593 0.076905
vt 0.292960 0.082259
vt 0.285150 0.078375
vt 0.294956 0.075823
vt 0.289130 0.072826
vt 0.210410 0.090749
vt 0.216087 0.087540
vt 0.222064 0.086259
vt 0.228107 0.087204
vt 0.234037 0.090063
vt 0.312767 0.072428
vt 0.306973 0.075540
vt 0.301021 0.076801
vt 0.209788 0.089853
vt 0.215661 0.086498
vt 0.222026 0.085129
vt 0.228447 0.086114
vt 0.234606 0.089059
vt 0.313378 0.073349
vt 0.307377 0.076589
vt 0.301058 0.077930
vt 0.207906 0.088491
vt 0.214870 0.084406
vt 0.206185 0.085642
vt 0.213581 0.081387
vt 0.221853 0.082784
vt 0.221557 0.079468
vt 0.229761 0.083466
vt 0.230645 0.080279
vt 0.236407 0.087486
vt 0.238148 0.084446
vt 0.315258 0.074766
vt 0.308868 0.079126
vt 0.317114 0.077537
vt 0.310111 0.082131
vt 0.301058 0.080285
vt 0.301143 0.083628
vt 0.084108 0.712728
vt 0.100322 0.723263
vt 0.099163 0.725872
vt 0.082932 0.715141
vt 0.065873 0.701518
vt 0.064555 0.703656
vt 0.090159 0.699423
vt 0.105694 0.709451
vt 0.073217 0.689311
vt 0.091297 0.697010
vt 0.106797 0.706886
vt 0.074498 0.687154
vt 0.075362 0.685700
vt 0.092076 0.695381
vt 0.107562 0.705149
vt 0.093533 0.692646
vt 0.109346 0.702002
vt 0.107894 0.704439
vt 0.092390 0.694735
vt 0.076603 0.683379
vt 0.075689 0.685137
vt 0.077230 0.682124
vt 0.094367 0.691210
vt 0.110419 0.700377
vt 0.095254 0.689851
vt 0.111480 0.699115
vt 0.077881 0.680717
vt 0.094890 0.731951
vt 0.079330 0.720605
vt 0.080401 0.719258
vt 0.096238 0.730468
vt 0.061422 0.708444
vt 0.062239 0.707234
vt 0.063403 0.705495
vt 0.081864 0.717235
vt 0.098070 0.728165
vt 0.112928 0.732391
vt 0.123655 0.741224
vt 0.121719 0.743604
vt 0.111485 0.734960
vt 0.119409 0.719358
vt 0.132205 0.729564
vt 0.121738 0.715155
vt 0.120785 0.716859
vt 0.135324 0.725660
vt 0.134054 0.727253
vt 0.125302 0.709822
vt 0.124006 0.711658
vt 0.139636 0.719892
vt 0.138134 0.721931
vt 0.135882 0.724944
vt 0.122162 0.714424
vt 0.126356 0.708566
vt 0.140590 0.718527
vt 0.107896 0.739735
vt 0.110124 0.737256
vt 0.117341 0.748329
vt 0.119925 0.745762
vt 0.115570 0.750015
vt 0.106309 0.741326
vt 0.133902 0.750916
vt 0.143537 0.760673
vt 0.140546 0.762609
vt 0.131452 0.753040
vt 0.145150 0.740364
vt 0.157311 0.751126
vt 0.149116 0.736860
vt 0.147504 0.738297
vt 0.162443 0.748073
vt 0.160360 0.749328
vt 0.154057 0.730869
vt 0.152404 0.733043
vt 0.167948 0.742031
vt 0.166196 0.744293
vt 0.163314 0.747458
vt 0.149812 0.736186
vt 0.154887 0.729320
vt 0.168607 0.740200
vt 0.126341 0.757628
vt 0.129207 0.754985
vt 0.134726 0.767102
vt 0.137837 0.764385
vt 0.132705 0.769007
vt 0.124438 0.759419
vt 0.151953 0.769930
vt 0.159362 0.778835
vt 0.155502 0.780713
vt 0.148484 0.771790
vt 0.167767 0.761236
vt 0.176570 0.770954
vt 0.174595 0.758574
vt 0.171830 0.759666
vt 0.185300 0.768625
vt 0.181771 0.769564
vt 0.180680 0.752711
vt 0.178850 0.755000
vt 0.192069 0.763228
vt 0.190097 0.765445
vt 0.186675 0.768160
vt 0.175706 0.758028
vt 0.181222 0.750439
vt 0.192761 0.760468
vt 0.142087 0.776249
vt 0.145372 0.773494
vt 0.148684 0.785199
vt 0.152065 0.782429
vt 0.146526 0.787223
vt 0.139979 0.778224
vt 0.166007 0.787434
vt 0.172064 0.795875
vt 0.167815 0.798011
vt 0.161862 0.789415
vt 0.183753 0.780523
vt 0.189309 0.789894
vt 0.194205 0.778674
vt 0.189984 0.779388
vt 0.200720 0.788648
vt 0.196127 0.789088
vt 0.201796 0.774119
vt 0.199554 0.776112
vt 0.209051 0.785419
vt 0.206444 0.786918
vt 0.202463 0.788434
vt 0.195821 0.778325
vt 0.203043 0.771019
vt 0.211359 0.782594
vt 0.154780 0.794033
vt 0.158187 0.791230
vt 0.160703 0.802862
vt 0.164069 0.799988
vt 0.158578 0.804989
vt 0.152609 0.796101
vt 0.201150 0.830213
vt 0.205803 0.831266
vt 0.202131 0.834158
vt 0.198507 0.831013
vt 0.195829 0.825895
vt 0.198353 0.826536
vt 0.201466 0.824953
vt 0.204699 0.827846
vt 0.207551 0.827152
vt 0.193576 0.831861
vt 0.193287 0.836434
vt 0.188774 0.835366
vt 0.190900 0.832371
vt 0.190945 0.828371
vt 0.192572 0.826936
vt 0.193333 0.799080
vt 0.177791 0.804221
vt 0.195823 0.808126
vt 0.183056 0.812159
vt 0.204534 0.798360
vt 0.200041 0.798598
vt 0.205778 0.807972
vt 0.201785 0.808014
vt 0.213312 0.796862
vt 0.210391 0.797556
vt 0.214444 0.808501
vt 0.211461 0.808215
vt 0.207329 0.807968
vt 0.206246 0.798252
vt 0.216604 0.795481
vt 0.217672 0.809080
vt 0.166849 0.811770
vt 0.170075 0.808723
vt 0.173363 0.820340
vt 0.176251 0.817023
vt 0.171594 0.822758
vt 0.164821 0.814004
vt 0.179380 0.814571
vt 0.173671 0.806524
vt 0.196138 0.816965
vt 0.188015 0.819809
vt 0.195794 0.823562
vt 0.191419 0.825091
vt 0.204199 0.817628
vt 0.200936 0.817317
vt 0.201491 0.822869
vt 0.199043 0.824192
vt 0.212112 0.820436
vt 0.209490 0.819265
vt 0.205530 0.817821
vt 0.214026 0.822290
vt 0.180887 0.827950
vt 0.182645 0.824427
vt 0.187825 0.832105
vt 0.188415 0.828375
vt 0.185985 0.833181
vt 0.179730 0.830475
vt 0.189445 0.826849
vt 0.184978 0.821962
vt 0.055461 0.679400
vt 0.047143 0.690539
vt 0.028201 0.679709
vt 0.037281 0.669373
vt 0.056864 0.677440
vt 0.057804 0.676121
vt 0.038763 0.667559
vt 0.039756 0.666340
vt 0.058909 0.674127
vt 0.059395 0.673016
vt 0.058148 0.675621
vt 0.040109 0.665887
vt 0.040749 0.664624
vt 0.041133 0.663639
vt 0.059881 0.671584
vt 0.041520 0.662198
vt 0.043502 0.695592
vt 0.024553 0.684218
vt 0.025350 0.682923
vt 0.044453 0.694084
vt 0.042874 0.696687
vt 0.024054 0.685199
vt 0.045693 0.692451
vt 0.026653 0.681448
vt 0.063733 0.704977
vt 0.044794 0.693630
vt 0.025699 0.682519
vt 0.082188 0.716637
vt 0.098422 0.727498
vt 0.110566 0.736573
vt 0.120494 0.745107
vt 0.129901 0.754380
vt 0.138657 0.763821
vt 0.146301 0.772948
vt 0.153081 0.781879
vt 0.159266 0.790652
vt 0.165165 0.799363
vt 0.171126 0.808028
vt 0.177164 0.816240
vt 0.183323 0.823624
vt 0.187420 0.826742
vt 0.060611 0.709643
vt 0.042269 0.697950
vt 0.023579 0.686491
vt 0.078268 0.721702
vt 0.093645 0.732925
vt 0.105033 0.742239
vt 0.114329 0.751019
vt 0.123262 0.760630
vt 0.131545 0.770469
vt 0.138786 0.779889
vt 0.145276 0.789037
vt 0.151318 0.798015
vt 0.157303 0.806951
vt 0.163637 0.815963
vt 0.170571 0.824674
vt 0.179138 0.832385
vt 0.174862 0.460722
vt 0.182935 0.465482
vt 0.181213 0.468908
vt 0.173241 0.464100
vt 0.165990 0.456468
vt 0.164556 0.459782
vt 0.184011 0.440697
vt 0.193258 0.444609
vt 0.191511 0.448075
vt 0.182466 0.444038
vt 0.173776 0.436727
vt 0.172455 0.440033
vt 0.174707 0.434453
vt 0.185087 0.438396
vt 0.194477 0.442225
vt 0.195001 0.441161
vt 0.185551 0.437362
vt 0.187949 0.431068
vt 0.197723 0.434766
vt 0.175112 0.433432
vt 0.177287 0.427273
vt 0.188550 0.429068
vt 0.198417 0.432679
vt 0.177862 0.425339
vt 0.175808 0.477827
vt 0.168263 0.473232
vt 0.171715 0.467168
vt 0.179619 0.471996
vt 0.160083 0.468907
vt 0.163172 0.462795
vt 0.154010 0.451558
vt 0.152897 0.454843
vt 0.139662 0.445569
vt 0.138826 0.448872
vt 0.159530 0.431469
vt 0.158570 0.434836
vt 0.143028 0.424974
vt 0.142417 0.428372
vt 0.143472 0.422638
vt 0.160217 0.429155
vt 0.160535 0.428132
vt 0.162668 0.422222
vt 0.143705 0.421626
vt 0.145954 0.416084
vt 0.163441 0.420389
vt 0.147022 0.414414
vt 0.148915 0.463752
vt 0.151795 0.457819
vt 0.135053 0.457533
vt 0.137955 0.451854
vt 0.123565 0.438195
vt 0.122781 0.441430
vt 0.107425 0.429380
vt 0.106605 0.432370
vt 0.126253 0.417753
vt 0.125770 0.421084
vt 0.110414 0.410443
vt 0.109852 0.413562
vt 0.110815 0.408295
vt 0.126604 0.415464
vt 0.126807 0.414487
vt 0.129145 0.409379
vt 0.111041 0.407378
vt 0.113490 0.402637
vt 0.130389 0.407850
vt 0.114755 0.401284
vt 0.118884 0.449568
vt 0.121951 0.444331
vt 0.102463 0.439658
vt 0.105744 0.435049
vt 0.192696 0.471791
vt 0.202395 0.452915
vt 0.203093 0.479207
vt 0.214075 0.459312
vt 0.201081 0.483019
vt 0.190867 0.475374
vt 0.205680 0.446932
vt 0.204326 0.449364
vt 0.217722 0.453125
vt 0.216232 0.455629
vt 0.209345 0.439586
vt 0.206262 0.445868
vt 0.222115 0.445959
vt 0.218364 0.452056
vt 0.210260 0.437423
vt 0.223481 0.443838
vt 0.189158 0.478582
vt 0.184932 0.484232
vt 0.199221 0.486410
vt 0.194505 0.491868
vt 0.212947 0.487915
vt 0.226343 0.467703
vt 0.222207 0.497327
vt 0.238141 0.477365
vt 0.219578 0.501144
vt 0.210728 0.491777
vt 0.230493 0.461512
vt 0.228798 0.464018
vt 0.243007 0.471469
vt 0.241022 0.473847
vt 0.235690 0.454781
vt 0.231231 0.460455
vt 0.248971 0.465351
vt 0.243861 0.470483
vt 0.237442 0.452861
vt 0.251023 0.463605
vt 0.208710 0.495204
vt 0.203569 0.500304
vt 0.217231 0.504537
vt 0.211730 0.509350
vt 0.230674 0.506896
vt 0.248294 0.487834
vt 0.237882 0.516052
vt 0.256027 0.498529
vt 0.233926 0.519885
vt 0.227336 0.510648
vt 0.254082 0.482312
vt 0.251725 0.484525
vt 0.262883 0.493435
vt 0.260102 0.495462
vt 0.260850 0.477012
vt 0.255073 0.481421
vt 0.270417 0.489325
vt 0.264023 0.492649
vt 0.263303 0.475473
vt 0.273374 0.488255
vt 0.224467 0.513984
vt 0.218735 0.518554
vt 0.230626 0.523328
vt 0.224785 0.527754
vt 0.243152 0.524501
vt 0.260371 0.509039
vt 0.247248 0.532748
vt 0.262223 0.519706
vt 0.243602 0.536643
vt 0.239137 0.528433
vt 0.268694 0.504416
vt 0.265322 0.506245
vt 0.272029 0.515592
vt 0.268051 0.517196
vt 0.276969 0.501683
vt 0.270053 0.503732
vt 0.280850 0.514453
vt 0.273616 0.515030
vt 0.280426 0.501417
vt 0.284584 0.515379
vt 0.235839 0.532083
vt 0.230060 0.536510
vt 0.240660 0.540413
vt 0.235284 0.545075
vt 0.260493 0.554525
vt 0.262330 0.555186
vt 0.268533 0.560618
vt 0.265811 0.561802
vt 0.265460 0.553912
vt 0.270916 0.557136
vt 0.257351 0.556667
vt 0.258304 0.555338
vt 0.260418 0.563354
vt 0.257833 0.563418
vt 0.273142 0.526997
vt 0.268863 0.528372
vt 0.272068 0.537738
vt 0.268122 0.538802
vt 0.262342 0.540447
vt 0.262609 0.530587
vt 0.281977 0.527668
vt 0.274848 0.526565
vt 0.280126 0.540136
vt 0.273677 0.537461
vt 0.285281 0.530138
vt 0.281780 0.543609
vt 0.245698 0.548240
vt 0.241330 0.553509
vt 0.250591 0.553947
vt 0.248032 0.559955
vt 0.251072 0.540897
vt 0.254567 0.547516
vt 0.252185 0.550586
vt 0.248040 0.544533
vt 0.268904 0.547262
vt 0.265818 0.547518
vt 0.265702 0.552005
vt 0.263230 0.553249
vt 0.260523 0.552716
vt 0.261426 0.547970
vt 0.275792 0.551286
vt 0.270259 0.547345
vt 0.276097 0.554198
vt 0.254359 0.556719
vt 0.253815 0.562745
vt 0.256536 0.557330
vt 0.256615 0.562550
vt 0.256829 0.551801
vt 0.257964 0.554321
vt 0.256853 0.555946
vt 0.255121 0.554093
vt 0.092167 0.418556
vt 0.091116 0.421086
vt 0.077317 0.407143
vt 0.075983 0.409191
vt 0.096811 0.403111
vt 0.097398 0.401296
vt 0.095967 0.405734
vt 0.084156 0.395073
vt 0.082975 0.397195
vt 0.084973 0.393598
vt 0.100233 0.396116
vt 0.097697 0.400497
vt 0.085357 0.392924
vt 0.087916 0.388915
vt 0.101286 0.394978
vt 0.088725 0.387839
vt 0.074713 0.411080
vt 0.090068 0.423384
vt 0.086738 0.427507
vt 0.071587 0.414870
vt 0.063577 0.396717
vt 0.062179 0.398558
vt 0.051276 0.386843
vt 0.049954 0.388657
vt 0.071168 0.385845
vt 0.072068 0.384522
vt 0.069870 0.387749
vt 0.058537 0.375934
vt 0.057274 0.377805
vt 0.059413 0.374635
vt 0.075116 0.380211
vt 0.072483 0.383914
vt 0.059824 0.374051
vt 0.062588 0.370647
vt 0.075903 0.379183
vt 0.063489 0.369742
vt 0.048711 0.390314
vt 0.060868 0.400256
vt 0.057923 0.403763
vt 0.045799 0.393540
vt 0.047055 0.365859
vt 0.047879 0.364556
vt 0.045866 0.367738
vt 0.035049 0.357702
vt 0.036176 0.355821
vt 0.036960 0.354521
vt 0.051121 0.360847
vt 0.048275 0.363982
vt 0.037341 0.353955
vt 0.040189 0.350964
vt 0.052131 0.360075
vt 0.041234 0.350250
vt 0.024558 0.373613
vt 0.027516 0.370663
vt 0.037934 0.380562
vt 0.034983 0.383596
vt 0.040357 0.377044
vt 0.039112 0.378888
vt 0.028667 0.368980
vt 0.029876 0.367124
vt 0.049118 0.389792
vt 0.038325 0.380041
vt 0.027901 0.370143
vt 0.075137 0.410478
vt 0.061295 0.399713
vt 0.106064 0.434228
vt 0.090441 0.422668
vt 0.122254 0.443438
vt 0.138265 0.450925
vt 0.152163 0.456883
vt 0.163621 0.461842
vt 0.172210 0.466204
vt 0.180137 0.471037
vt 0.189713 0.477600
vt 0.199826 0.485388
vt 0.209364 0.494182
vt 0.217974 0.503533
vt 0.225331 0.513011
vt 0.231587 0.522336
vt 0.236803 0.531023
vt 0.241536 0.539292
vt 0.246407 0.547097
vt 0.251061 0.552860
vt 0.254544 0.555827
vt 0.256091 0.556554
vt 0.044928 0.394336
vt 0.034032 0.384281
vt 0.023580 0.374252
vt 0.070687 0.415746
vt 0.057112 0.404652
vt 0.101109 0.440630
vt 0.085568 0.428320
vt 0.117605 0.450856
vt 0.133930 0.459000
vt 0.147978 0.465355
vt 0.159209 0.470577
vt 0.167229 0.474863
vt 0.174558 0.479397
vt 0.183434 0.485766
vt 0.192723 0.493260
vt 0.201585 0.501495
vt 0.209613 0.510460
vt 0.216422 0.519810
vt 0.222226 0.529104
vt 0.227451 0.537644
vt 0.232874 0.545963
vt 0.239328 0.554398
vt 0.246615 0.561053
vt 0.253111 0.564025
vt 0.850617 0.128848
vt 0.857769 0.128623
vt 0.857548 0.138334
vt 0.850620 0.138244
vt 0.857001 0.119516
vt 0.876541 0.118096
vt 0.876168 0.127891
vt 0.875129 0.138403
vt 0.883507 0.127737
vt 0.882314 0.138638
vt 0.884170 0.117607
vt 0.890478 0.128349
vt 0.889265 0.139545
vt 0.891182 0.117863
vt 0.843505 0.129224
vt 0.842775 0.120918
vt 0.849724 0.119987
vt 0.843624 0.138038
vt 0.849656 0.150750
vt 0.856380 0.151352
vt 0.854486 0.164679
vt 0.847805 0.163425
vt 0.873254 0.152607
vt 0.870710 0.167438
vt 0.880279 0.153358
vt 0.877583 0.168782
vt 0.887190 0.154522
vt 0.884343 0.170307
vt 0.842747 0.149990
vt 0.841057 0.162067
vt 0.845333 0.173392
vt 0.851796 0.175361
vt 0.848264 0.184504
vt 0.842061 0.181843
vt 0.867670 0.179956
vt 0.863719 0.191012
vt 0.874308 0.181981
vt 0.870091 0.193754
vt 0.880952 0.184058
vt 0.876494 0.196514
vt 0.838567 0.171263
vt 0.835777 0.179106
vt 0.838035 0.190121
vt 0.843880 0.193386
vt 0.838568 0.201625
vt 0.833084 0.197695
vt 0.858449 0.201393
vt 0.852013 0.211085
vt 0.864515 0.204812
vt 0.857644 0.215156
vt 0.870648 0.208382
vt 0.863186 0.219403
vt 0.831905 0.186598
vt 0.827648 0.193608
vt 0.827603 0.204332
vt 0.832557 0.209019
vt 0.825467 0.215154
vt 0.821362 0.209891
vt 0.844313 0.220023
vt 0.835614 0.227975
vt 0.849335 0.224811
vt 0.839830 0.233369
vt 0.854241 0.229636
vt 0.844129 0.238972
vt 0.822641 0.199393
vt 0.817037 0.204197
vt 0.814249 0.214606
vt 0.817518 0.220533
vt 0.808565 0.224466
vt 0.806314 0.218188
vt 0.825397 0.234403
vt 0.814323 0.239599
vt 0.828807 0.240423
vt 0.816794 0.246033
vt 0.832177 0.246420
vt 0.819370 0.252504
vt 0.810877 0.208502
vt 0.804056 0.211875
vt 0.797879 0.220619
vt 0.799148 0.227161
vt 0.789593 0.228352
vt 0.789323 0.221703
vt 0.802665 0.243100
vt 0.790725 0.244773
vt 0.804195 0.249841
vt 0.791267 0.251619
vt 0.805821 0.256626
vt 0.791812 0.258675
vt 0.796654 0.213840
vt 0.789190 0.214785
vt 0.781017 0.221539
vt 0.780162 0.228197
vt 0.771833 0.226754
vt 0.773752 0.220304
vt 0.778563 0.244201
vt 0.767783 0.242780
vt 0.778029 0.251156
vt 0.766220 0.249550
vt 0.777647 0.258061
vt 0.765012 0.256418
vt 0.781922 0.214673
vt 0.775660 0.213622
vt 0.768824 0.218836
vt 0.766122 0.225173
vt 0.761762 0.223189
vt 0.765107 0.217221
vt 0.760208 0.240828
vt 0.754208 0.238089
vt 0.757895 0.247355
vt 0.751218 0.244353
vt 0.755817 0.253973
vt 0.748311 0.250716
vt 0.771529 0.212376
vt 0.768372 0.211079
vt 0.761582 0.215315
vt 0.757590 0.220810
vt 0.753634 0.218050
vt 0.758241 0.213113
vt 0.748391 0.234594
vt 0.742905 0.230503
vt 0.744725 0.240500
vt 0.738607 0.235935
vt 0.741127 0.246510
vt 0.734408 0.241543
vt 0.765362 0.209516
vt 0.762508 0.207704
vt 0.755088 0.210605
vt 0.749936 0.214915
vt 0.746515 0.211418
vt 0.752158 0.207805
vt 0.737889 0.225909
vt 0.733330 0.220822
vt 0.733036 0.230826
vt 0.727980 0.225185
vt 0.728296 0.235990
vt 0.722747 0.229860
vt 0.759823 0.205651
vt 0.757355 0.203377
vt 0.749494 0.204719
vt 0.743384 0.207575
vt 0.740675 0.203574
vt 0.747250 0.201493
vt 0.729178 0.215240
vt 0.725604 0.209434
vt 0.723372 0.218969
vt 0.719436 0.212465
vt 0.717691 0.223090
vt 0.713359 0.215938
vt 0.755166 0.200907
vt 0.753406 0.198387
vt 0.745533 0.198275
vt 0.738519 0.199513
vt 0.736894 0.195458
vt 0.744332 0.195115
vt 0.722807 0.203456
vt 0.720716 0.197461
vt 0.716366 0.205777
vt 0.714139 0.199015
vt 0.709920 0.208518
vt 0.707422 0.200977
vt 0.752141 0.195954
vt 0.751347 0.193648
vt 0.743633 0.191986
vt 0.735843 0.191399
vt 0.735245 0.187530
vt 0.743383 0.189052
vt 0.719412 0.191503
vt 0.718685 0.185408
vt 0.712770 0.192268
vt 0.711988 0.185199
vt 0.705853 0.193458
vt 0.704974 0.185667
vt 0.750987 0.191446
vt 0.751052 0.189454
vt 0.743509 0.186584
vt 0.735124 0.184082
vt 0.736048 0.181278
vt 0.744284 0.184575
vt 0.718449 0.179099
vt 0.718745 0.172981
vt 0.711661 0.177621
vt 0.711896 0.170002
vt 0.704650 0.177374
vt 0.705024 0.168912
vt 0.751435 0.187833
vt 0.751874 0.186428
vt 0.744025 0.172908
vt 0.741476 0.176129
vt 0.721950 0.163501
vt 0.725126 0.159786
vt 0.728901 0.156707
vt 0.746074 0.169303
vt 0.753904 0.170627
vt 0.752206 0.174151
vt 0.749764 0.177699
vt 0.747525 0.165310
vt 0.732796 0.154380
vt 0.736637 0.152653
vt 0.748498 0.161375
vt 0.755424 0.162639
vt 0.755043 0.166835
vt 0.746719 0.181421
vt 0.738500 0.178862
vt 0.719848 0.167845
vt 0.713005 0.163247
vt 0.715240 0.157758
vt 0.706450 0.161013
vt 0.709156 0.153922
vt 0.753187 0.183877
vt 0.755760 0.180328
vt 0.754899 0.158245
vt 0.749075 0.157853
vt 0.749424 0.155343
vt 0.753411 0.155024
vt 0.740235 0.151325
vt 0.760648 0.155690
vt 0.761874 0.161308
vt 0.758789 0.152469
vt 0.741794 0.146268
vt 0.737432 0.145456
vt 0.738414 0.139190
vt 0.742557 0.140415
vt 0.731993 0.145971
vt 0.731653 0.139242
vt 0.742886 0.150360
vt 0.758405 0.176373
vt 0.760590 0.171971
vt 0.761756 0.166884
vt 0.713719 0.148125
vt 0.718455 0.153211
vt 0.719309 0.143645
vt 0.722598 0.149709
vt 0.725276 0.140766
vt 0.727076 0.147375
vt 0.749878 0.154267
vt 0.757165 0.148399
vt 0.743965 0.149564
vt 0.747082 0.141333
vt 0.855360 0.108334
vt 0.847802 0.109073
vt 0.852577 0.096243
vt 0.844649 0.097376
vt 0.876716 0.106183
vt 0.875330 0.092765
vt 0.883455 0.091345
vt 0.884572 0.105266
vt 0.891533 0.104975
vt 0.890427 0.090061
vt 0.840973 0.110622
vt 0.838005 0.099686
vt 0.847903 0.084276
vt 0.839923 0.086033
vt 0.841843 0.072818
vt 0.833924 0.075653
vt 0.871473 0.077940
vt 0.865519 0.063120
vt 0.873479 0.059805
vt 0.879654 0.075730
vt 0.886269 0.073387
vt 0.879694 0.056530
vt 0.833641 0.089156
vt 0.828050 0.079522
vt 0.834871 0.062365
vt 0.827022 0.066800
vt 0.827501 0.053515
vt 0.819580 0.059388
vt 0.857707 0.049813
vt 0.848561 0.039097
vt 0.855886 0.032949
vt 0.865376 0.045171
vt 0.871006 0.040946
vt 0.860563 0.027726
vt 0.821593 0.071289
vt 0.814549 0.064346
vt 0.820088 0.046966
vt 0.812154 0.053372
vt 0.812426 0.041944
vt 0.804688 0.048183
vt 0.838518 0.032185
vt 0.827653 0.028179
vt 0.833930 0.018055
vt 0.845430 0.024074
vt 0.848810 0.017931
vt 0.835719 0.011241
vt 0.807415 0.058610
vt 0.800014 0.053381
vt 0.791332 0.023338
vt 0.790918 0.028289
vt 0.783393 0.023876
vt 0.787745 0.018136
vt 0.790061 0.030701
vt 0.781878 0.029554
vt 0.788059 0.032517
vt 0.782622 0.033007
vt 0.816230 0.026192
vt 0.804591 0.037648
vt 0.798076 0.034170
vt 0.805756 0.025755
vt 0.809363 0.014714
vt 0.821535 0.014788
vt 0.821370 0.007731
vt 0.807006 0.008119
vt 0.791624 0.038429
vt 0.797297 0.043155
vt 0.792240 0.047756
vt 0.785840 0.041587
vt 0.797832 0.026858
vt 0.793774 0.032093
vt 0.791185 0.031024
vt 0.792892 0.028190
vt 0.798348 0.018037
vt 0.794243 0.012784
vt 0.788783 0.034768
vt 0.782606 0.035984
vt 0.153469 0.375806
vt 0.154210 0.372121
vt 0.172503 0.378628
vt 0.170929 0.382268
vt 0.189886 0.385396
vt 0.187476 0.389038
vt 0.156353 0.358906
vt 0.177478 0.366004
vt 0.197417 0.373168
vt 0.179470 0.361794
vt 0.200712 0.369038
vt 0.200255 0.369742
vt 0.179188 0.362461
vt 0.157143 0.354477
vt 0.157018 0.355126
vt 0.170653 0.382891
vt 0.153315 0.376400
vt 0.187064 0.389693
vt 0.184954 0.393919
vt 0.168999 0.386597
vt 0.151897 0.379518
vt 0.205360 0.392588
vt 0.202059 0.396288
vt 0.219141 0.400192
vt 0.214948 0.403981
vt 0.215353 0.380794
vt 0.231347 0.388858
vt 0.220301 0.376525
vt 0.238125 0.384352
vt 0.237189 0.385166
vt 0.219619 0.377287
vt 0.201495 0.396980
vt 0.214231 0.404708
vt 0.210838 0.409718
vt 0.198742 0.401670
vt 0.231461 0.408183
vt 0.226451 0.412072
vt 0.242603 0.416738
vt 0.236894 0.420720
vt 0.245492 0.397368
vt 0.257995 0.406611
vt 0.254103 0.392667
vt 0.268376 0.401914
vt 0.266939 0.402716
vt 0.252912 0.393498
vt 0.225595 0.412825
vt 0.235920 0.421488
vt 0.231410 0.426743
vt 0.221576 0.418049
vt 0.252889 0.426072
vt 0.246641 0.430123
vt 0.261936 0.435578
vt 0.255376 0.439717
vt 0.269062 0.416888
vt 0.278069 0.427572
vt 0.281063 0.412632
vt 0.291154 0.424363
vt 0.289329 0.424866
vt 0.279395 0.413331
vt 0.245579 0.430896
vt 0.254264 0.440500
vt 0.249178 0.445608
vt 0.240721 0.436081
vt 0.287318 0.464799
vt 0.287221 0.467287
vt 0.283749 0.467923
vt 0.282879 0.466133
vt 0.291513 0.475086
vt 0.283921 0.476853
vt 0.279813 0.469573
vt 0.278969 0.467952
vt 0.284330 0.438204
vt 0.269341 0.444677
vt 0.287826 0.448502
vt 0.275217 0.453094
vt 0.297527 0.436513
vt 0.299605 0.448416
vt 0.297920 0.448397
vt 0.295667 0.436745
vt 0.262826 0.448902
vt 0.261723 0.449711
vt 0.269304 0.457445
vt 0.268312 0.458316
vt 0.263541 0.463771
vt 0.256582 0.454857
vt 0.288056 0.458029
vt 0.279933 0.460904
vt 0.297617 0.459476
vt 0.292695 0.466632
vt 0.292899 0.464455
vt 0.296184 0.459126
vt 0.275236 0.464971
vt 0.274507 0.465907
vt 0.277731 0.474910
vt 0.271451 0.471753
vt 0.158129 0.351213
vt 0.180581 0.357678
vt 0.202071 0.364111
vt 0.222068 0.370850
vt 0.240460 0.378180
vt 0.257134 0.386430
vt 0.272225 0.395983
vt 0.285856 0.407353
vt 0.296969 0.420293
vt 0.304240 0.434405
vt 0.306867 0.449022
vt 0.303330 0.462677
vt 0.297968 0.470028
vt 0.223623 0.066326
vt 0.223575 0.069010
vt 0.204241 0.071204
vt 0.204394 0.068353
vt 0.244959 0.064616
vt 0.245163 0.067120
vt 0.205877 0.053607
vt 0.224271 0.051724
vt 0.243958 0.050406
vt 0.224352 0.049058
vt 0.206058 0.050821
vt 0.243796 0.047902
vt 0.224398 0.047253
vt 0.243686 0.046214
vt 0.206165 0.048926
vt 0.224341 0.044154
vt 0.224411 0.046534
vt 0.206193 0.048142
vt 0.206004 0.045312
vt 0.243633 0.043583
vt 0.243649 0.045564
vt 0.224250 0.042497
vt 0.243644 0.042181
vt 0.205786 0.043377
vt 0.205413 0.041772
vt 0.224076 0.040883
vt 0.243702 0.040631
vt 0.205289 0.078560
vt 0.204761 0.076626
vt 0.223961 0.073827
vt 0.224304 0.075514
vt 0.245602 0.071359
vt 0.245780 0.072808
vt 0.223576 0.071361
vt 0.245355 0.069281
vt 0.204174 0.073743
vt 0.189018 0.070763
vt 0.189137 0.073706
vt 0.176094 0.076763
vt 0.175449 0.073764
vt 0.189160 0.056208
vt 0.173124 0.059493
vt 0.189067 0.053357
vt 0.188992 0.051405
vt 0.172526 0.056595
vt 0.172118 0.054599
vt 0.188558 0.047261
vt 0.188236 0.045036
vt 0.171306 0.050000
vt 0.170894 0.047503
vt 0.188946 0.050562
vt 0.171946 0.053707
vt 0.187868 0.043439
vt 0.170663 0.045853
vt 0.190166 0.079591
vt 0.189307 0.076371
vt 0.177850 0.082960
vt 0.176712 0.079500
vt 0.190859 0.081729
vt 0.178662 0.085267
vt 0.161919 0.077747
vt 0.163138 0.080752
vt 0.150692 0.085151
vt 0.148905 0.082068
vt 0.156687 0.063239
vt 0.140965 0.067308
vt 0.155528 0.060329
vt 0.154744 0.058317
vt 0.139065 0.064322
vt 0.137779 0.062258
vt 0.153547 0.053424
vt 0.153061 0.050736
vt 0.136151 0.057187
vt 0.135616 0.054376
vt 0.154430 0.057400
vt 0.137283 0.061315
vt 0.153025 0.048980
vt 0.135860 0.052445
vt 0.165610 0.087161
vt 0.164256 0.083505
vt 0.153837 0.091796
vt 0.152298 0.087962
vt 0.166492 0.089621
vt 0.154773 0.094410
vt 0.137204 0.086495
vt 0.139450 0.089728
vt 0.129146 0.094492
vt 0.126560 0.091067
vt 0.127059 0.071569
vt 0.114805 0.076233
vt 0.124152 0.068326
vt 0.122184 0.066099
vt 0.110801 0.072633
vt 0.108083 0.070195
vt 0.120015 0.060982
vt 0.119423 0.058112
vt 0.105252 0.065183
vt 0.104501 0.062313
vt 0.121442 0.065108
vt 0.107069 0.069156
vt 0.119972 0.055841
vt 0.105138 0.059539
vt 0.143126 0.096604
vt 0.141450 0.092658
vt 0.133185 0.101584
vt 0.131430 0.097581
vt 0.144107 0.099321
vt 0.134189 0.104367
vt 0.116735 0.095712
vt 0.119530 0.099359
vt 0.110323 0.104316
vt 0.107507 0.100483
vt 0.104061 0.081498
vt 0.094856 0.087326
vt 0.099024 0.077658
vt 0.095587 0.075106
vt 0.089147 0.083513
vt 0.085254 0.081035
vt 0.091983 0.070396
vt 0.090891 0.067602
vt 0.080939 0.076895
vt 0.079296 0.074376
vt 0.094306 0.074061
vt 0.083799 0.080054
vt 0.091187 0.064274
vt 0.078523 0.070813
vt 0.123743 0.106688
vt 0.121979 0.102645
vt 0.114458 0.111867
vt 0.112763 0.107778
vt 0.124739 0.109516
vt 0.115386 0.114727
vt 0.066003 0.117875
vt 0.067994 0.119788
vt 0.063338 0.120946
vt 0.061379 0.116702
vt 0.070164 0.115869
vt 0.072703 0.116444
vt 0.068109 0.113045
vt 0.063915 0.114155
vt 0.061689 0.112242
vt 0.072003 0.122782
vt 0.070185 0.126988
vt 0.074156 0.124452
vt 0.074691 0.128086
vt 0.075133 0.118850
vt 0.075932 0.120867
vt 0.098614 0.105320
vt 0.087100 0.093684
vt 0.090320 0.110003
vt 0.080775 0.100614
vt 0.081342 0.090209
vt 0.077447 0.087958
vt 0.075514 0.097808
vt 0.071975 0.095958
vt 0.072593 0.084583
vt 0.070306 0.082639
vt 0.066800 0.093594
vt 0.064013 0.092496
vt 0.075970 0.087085
vt 0.070595 0.095251
vt 0.068000 0.079913
vt 0.060875 0.091546
vt 0.104937 0.117014
vt 0.103447 0.112835
vt 0.095243 0.121693
vt 0.094176 0.117426
vt 0.105731 0.119925
vt 0.095722 0.124650
vt 0.101241 0.109242
vt 0.092501 0.113821
vt 0.082428 0.114569
vt 0.076482 0.108347
vt 0.076998 0.117729
vt 0.073795 0.114381
vt 0.072048 0.106482
vt 0.068999 0.105279
vt 0.070613 0.113467
vt 0.069033 0.111178
vt 0.063541 0.104335
vt 0.060673 0.104188
vt 0.067725 0.104846
vt 0.058127 0.104972
vt 0.085085 0.125058
vt 0.085118 0.121121
vt 0.077016 0.125611
vt 0.078184 0.122019
vt 0.084970 0.127833
vt 0.078167 0.127405
vt 0.084159 0.117865
vt 0.077959 0.120193
vt 0.264278 0.049635
vt 0.285029 0.048955
vt 0.288427 0.062286
vt 0.266632 0.063337
vt 0.263678 0.045650
vt 0.263918 0.047252
vt 0.284531 0.046665
vt 0.284200 0.045129
vt 0.263671 0.042161
vt 0.263599 0.043372
vt 0.263599 0.045048
vt 0.284091 0.044564
vt 0.284094 0.043148
vt 0.284199 0.042096
vt 0.263887 0.040664
vt 0.284508 0.040637
vt 0.267582 0.069492
vt 0.267420 0.067716
vt 0.289508 0.066444
vt 0.289631 0.067960
vt 0.267645 0.070752
vt 0.289629 0.069061
vt 0.267057 0.065698
vt 0.289016 0.064538
vt 0.245296 0.068670
vt 0.267322 0.067157
vt 0.289380 0.065926
vt 0.223559 0.070681
vt 0.204164 0.072989
vt 0.189223 0.075562
vt 0.176503 0.078658
vt 0.163912 0.082650
vt 0.151824 0.087088
vt 0.140870 0.091750
vt 0.130774 0.096630
vt 0.121281 0.101639
vt 0.112071 0.106723
vt 0.102825 0.111737
vt 0.093717 0.116314
vt 0.084878 0.120097
vt 0.079811 0.121016
vt 0.267610 0.072153
vt 0.245959 0.074244
vt 0.289465 0.070428
vt 0.224752 0.076974
vt 0.205956 0.079992
vt 0.191580 0.083122
vt 0.179312 0.086725
vt 0.166990 0.091233
vt 0.155142 0.096240
vt 0.144415 0.101347
vt 0.134480 0.106552
vt 0.125021 0.111808
vt 0.115630 0.117054
vt 0.105896 0.122208
vt 0.095764 0.126822
vt 0.084630 0.129804
vt 0.383077 0.482922
vt 0.386113 0.480726
vt 0.392262 0.487717
vt 0.389197 0.490021
vt 0.377314 0.474947
vt 0.380320 0.472946
vt 0.364997 0.495485
vt 0.368011 0.493370
vt 0.373591 0.501553
vt 0.370491 0.503888
vt 0.359271 0.486119
vt 0.362291 0.484230
vt 0.362925 0.496953
vt 0.357200 0.487439
vt 0.368361 0.505512
vt 0.367408 0.506217
vt 0.361599 0.510032
vt 0.356221 0.501071
vt 0.361990 0.497593
vt 0.350592 0.491254
vt 0.356267 0.488019
vt 0.359668 0.511087
vt 0.354361 0.502019
vt 0.348791 0.492163
vt 0.400077 0.480811
vt 0.395018 0.485599
vt 0.388862 0.478679
vt 0.394215 0.474203
vt 0.383039 0.471049
vt 0.388504 0.466923
vt 0.370352 0.464030
vt 0.373387 0.462351
vt 0.361908 0.450976
vt 0.365010 0.449567
vt 0.351565 0.473034
vt 0.354708 0.471491
vt 0.342239 0.457950
vt 0.345475 0.456744
vt 0.349410 0.474122
vt 0.340020 0.458802
vt 0.343023 0.477766
vt 0.348459 0.474617
vt 0.334011 0.462410
vt 0.339065 0.459212
vt 0.341356 0.478852
vt 0.332558 0.463757
vt 0.376120 0.460738
vt 0.381446 0.456849
vt 0.367789 0.448179
vt 0.372861 0.444313
vt 0.351789 0.436446
vt 0.354833 0.435100
vt 0.340245 0.422131
vt 0.343042 0.420792
vt 0.332151 0.442727
vt 0.335344 0.441658
vt 0.322141 0.428440
vt 0.325110 0.427332
vt 0.329961 0.443479
vt 0.320099 0.429216
vt 0.324425 0.447061
vt 0.329036 0.443852
vt 0.315006 0.432855
vt 0.319237 0.429602
vt 0.323141 0.448557
vt 0.313900 0.434339
vt 0.357541 0.433767
vt 0.362149 0.429818
vt 0.345525 0.419469
vt 0.349476 0.415421
vt 0.397141 0.498504
vt 0.380289 0.511403
vt 0.406286 0.507417
vt 0.388660 0.521761
vt 0.400341 0.496067
vt 0.409680 0.504760
vt 0.377138 0.513935
vt 0.374985 0.515700
vt 0.385419 0.524538
vt 0.383219 0.526449
vt 0.374041 0.516462
vt 0.368407 0.520612
vt 0.382283 0.527271
vt 0.376949 0.532046
vt 0.366441 0.521897
vt 0.375104 0.533768
vt 0.408003 0.488652
vt 0.403194 0.493815
vt 0.417219 0.496715
vt 0.412686 0.502326
vt 0.416607 0.515566
vt 0.399097 0.532342
vt 0.427515 0.523005
vt 0.410703 0.542235
vt 0.420013 0.512696
vt 0.430804 0.519740
vt 0.395908 0.535413
vt 0.393743 0.537526
vt 0.407753 0.545695
vt 0.405766 0.548071
vt 0.392834 0.538440
vt 0.388043 0.543837
vt 0.404948 0.549087
vt 0.400805 0.555028
vt 0.386465 0.545901
vt 0.399452 0.557357
vt 0.427132 0.504135
vt 0.423027 0.510101
vt 0.437484 0.510558
vt 0.433725 0.516828
vt 0.438436 0.529637
vt 0.422810 0.550365
vt 0.448728 0.535104
vt 0.434710 0.556074
vt 0.441536 0.525686
vt 0.451796 0.530528
vt 0.420163 0.554329
vt 0.418405 0.557042
vt 0.432416 0.560629
vt 0.430915 0.563726
vt 0.417704 0.558176
vt 0.414392 0.564645
vt 0.430345 0.564988
vt 0.428209 0.571871
vt 0.413314 0.567332
vt 0.427682 0.574971
vt 0.447787 0.515816
vt 0.444308 0.522269
vt 0.457915 0.520134
vt 0.454598 0.526669
vt 0.457978 0.538787
vt 0.445824 0.558481
vt 0.466823 0.541352
vt 0.456651 0.558407
vt 0.461135 0.534137
vt 0.470007 0.537072
vt 0.443954 0.563849
vt 0.442753 0.567493
vt 0.455216 0.564589
vt 0.454345 0.568788
vt 0.442323 0.568952
vt 0.441536 0.576122
vt 0.454074 0.570449
vt 0.454792 0.577671
vt 0.441888 0.579572
vt 0.456367 0.581181
vt 0.467469 0.523769
vt 0.464140 0.530243
vt 0.476826 0.527387
vt 0.473195 0.533506
vt 0.490607 0.550514
vt 0.498714 0.554454
vt 0.498033 0.557342
vt 0.491584 0.552204
vt 0.495030 0.560308
vt 0.490887 0.555512
vt 0.492156 0.547042
vt 0.498886 0.546316
vt 0.499283 0.548871
vt 0.491018 0.548216
vt 0.466359 0.563400
vt 0.465767 0.567857
vt 0.476491 0.560817
vt 0.476145 0.564890
vt 0.467426 0.556853
vt 0.477083 0.554837
vt 0.465644 0.569612
vt 0.467998 0.576431
vt 0.476158 0.566522
vt 0.479939 0.572393
vt 0.471016 0.579244
vt 0.483650 0.573402
vt 0.486201 0.531837
vt 0.481792 0.537073
vt 0.493736 0.537287
vt 0.488279 0.540873
vt 0.475521 0.543666
vt 0.482657 0.545929
vt 0.478561 0.540036
vt 0.485254 0.543040
vt 0.484659 0.557001
vt 0.484955 0.560083
vt 0.489838 0.553435
vt 0.489054 0.556088
vt 0.484323 0.552598
vt 0.488833 0.550865
vt 0.485278 0.561401
vt 0.490140 0.566146
vt 0.493059 0.565927
vt 0.497509 0.542481
vt 0.491676 0.544088
vt 0.497816 0.545272
vt 0.492664 0.546122
vt 0.487274 0.547393
vt 0.489957 0.548063
vt 0.489227 0.545305
vt 0.491359 0.546679
vt 0.326880 0.409041
vt 0.329183 0.407557
vt 0.313008 0.396458
vt 0.314786 0.394781
vt 0.310826 0.417257
vt 0.312506 0.416358
vt 0.314938 0.415060
vt 0.302346 0.405334
vt 0.304224 0.403794
vt 0.301041 0.406400
vt 0.306232 0.420969
vt 0.310093 0.417695
vt 0.296955 0.410129
vt 0.300445 0.406898
vt 0.305299 0.422207
vt 0.296041 0.411116
vt 0.316419 0.393195
vt 0.319592 0.389445
vt 0.334723 0.402106
vt 0.331258 0.406117
vt 0.300304 0.384791
vt 0.301867 0.383088
vt 0.288400 0.374443
vt 0.289949 0.372819
vt 0.289813 0.395316
vt 0.290956 0.394195
vt 0.292599 0.392579
vt 0.278957 0.383528
vt 0.280573 0.381952
vt 0.277834 0.384621
vt 0.286114 0.399081
vt 0.289289 0.395832
vt 0.274473 0.388454
vt 0.277333 0.385129
vt 0.285243 0.400039
vt 0.273744 0.389502
vt 0.291359 0.371301
vt 0.294016 0.367861
vt 0.306232 0.377973
vt 0.303305 0.381496
vt 0.265864 0.375064
vt 0.266999 0.374021
vt 0.268637 0.372517
vt 0.256837 0.363658
vt 0.255187 0.365102
vt 0.254047 0.366104
vt 0.262791 0.378915
vt 0.265370 0.375556
vt 0.251121 0.369914
vt 0.253557 0.366581
vt 0.262210 0.380046
vt 0.250603 0.371070
vt 0.270628 0.350504
vt 0.282305 0.358987
vt 0.279846 0.362431
vt 0.268251 0.353940
vt 0.276814 0.365441
vt 0.278408 0.363888
vt 0.266801 0.355372
vt 0.265188 0.356892
vt 0.290918 0.371794
vt 0.279403 0.362908
vt 0.267808 0.354411
vt 0.315901 0.393719
vt 0.302846 0.382013
vt 0.344774 0.419929
vt 0.330619 0.406611
vt 0.356716 0.434224
vt 0.366930 0.448649
vt 0.375265 0.461266
vt 0.382182 0.471660
vt 0.388001 0.479338
vt 0.394165 0.486280
vt 0.402326 0.494536
vt 0.411788 0.503104
vt 0.422138 0.510927
vt 0.432870 0.517738
vt 0.443504 0.523293
vt 0.453793 0.527792
vt 0.463269 0.531380
vt 0.472247 0.534568
vt 0.480793 0.537973
vt 0.487292 0.541529
vt 0.490831 0.544429
vt 0.491821 0.545822
vt 0.282811 0.357929
vt 0.294644 0.366862
vt 0.271083 0.349427
vt 0.306962 0.377017
vt 0.320293 0.388403
vt 0.335314 0.400810
vt 0.350192 0.413915
vt 0.363189 0.428330
vt 0.374106 0.442947
vt 0.382857 0.455642
vt 0.389993 0.465766
vt 0.395636 0.472896
vt 0.401400 0.479302
vt 0.409246 0.486905
vt 0.418272 0.494715
vt 0.427951 0.501972
vt 0.438201 0.508278
vt 0.448611 0.513317
vt 0.458789 0.517376
vt 0.468122 0.521000
vt 0.477272 0.524858
vt 0.486720 0.529709
vt 0.494565 0.535697
vt 0.498643 0.541562
vt 0.067361 0.572373
vt 0.068378 0.581714
vt 0.061500 0.582555
vt 0.060227 0.572925
vt 0.041858 0.574193
vt 0.040425 0.564496
vt 0.060004 0.563788
vt 0.044031 0.584531
vt 0.036914 0.585543
vt 0.034546 0.574836
vt 0.032788 0.564838
vt 0.030102 0.587199
vt 0.027682 0.576201
vt 0.025845 0.565852
vt 0.074473 0.571975
vt 0.067289 0.563468
vt 0.074298 0.563640
vt 0.075310 0.580750
vt 0.070692 0.594041
vt 0.073907 0.606440
vt 0.067403 0.608412
vt 0.064073 0.595369
vt 0.047436 0.598448
vt 0.051575 0.612915
vt 0.044888 0.614997
vt 0.040533 0.599956
vt 0.038333 0.617247
vt 0.033790 0.601863
vt 0.077477 0.592537
vt 0.080467 0.604357
vt 0.077446 0.616079
vt 0.081617 0.624124
vt 0.075741 0.627444
vt 0.071236 0.618738
vt 0.055956 0.625030
vt 0.061086 0.635592
vt 0.055049 0.639010
vt 0.049578 0.627763
vt 0.048984 0.642448
vt 0.043198 0.630550
vt 0.083940 0.613226
vt 0.087565 0.620719
vt 0.086518 0.631913
vt 0.092265 0.638902
vt 0.087242 0.643406
vt 0.081064 0.635796
vt 0.067454 0.645339
vt 0.074906 0.654274
vt 0.069751 0.658932
vt 0.061795 0.649396
vt 0.064704 0.663757
vt 0.056087 0.653612
vt 0.092227 0.627743
vt 0.097222 0.634247
vt 0.098436 0.644902
vt 0.105246 0.649747
vt 0.101740 0.655427
vt 0.094022 0.650102
vt 0.083535 0.662320
vt 0.093049 0.669277
vt 0.089446 0.675097
vt 0.079064 0.667626
vt 0.085781 0.681134
vt 0.074710 0.672955
vt 0.102828 0.639452
vt 0.108921 0.643614
vt 0.112830 0.653658
vt 0.121108 0.656352
vt 0.119556 0.662839
vt 0.110228 0.659907
vt 0.103907 0.674552
vt 0.115481 0.678510
vt 0.113726 0.685175
vt 0.101173 0.680908
vt 0.111870 0.691888
vt 0.098475 0.687237
vt 0.115515 0.647222
vt 0.122662 0.649830
vt 0.129758 0.657848
vt 0.138382 0.657993
vt 0.138839 0.664632
vt 0.129210 0.664491
vt 0.127452 0.680718
vt 0.139504 0.681079
vt 0.139711 0.687943
vt 0.126666 0.687586
vt 0.139937 0.695017
vt 0.125788 0.694508
vt 0.130235 0.650977
vt 0.137757 0.651102
vt 0.146619 0.656924
vt 0.153705 0.654903
vt 0.156318 0.661107
vt 0.148196 0.663450
vt 0.151531 0.679185
vt 0.162092 0.676596
vt 0.164383 0.683155
vt 0.152820 0.686040
vt 0.166333 0.689851
vt 0.153951 0.692862
vt 0.144969 0.650198
vt 0.151080 0.648470
vt 0.158444 0.652907
vt 0.161962 0.650897
vt 0.165939 0.656463
vt 0.161821 0.658911
vt 0.169408 0.673829
vt 0.175074 0.670452
vt 0.178729 0.676352
vt 0.172419 0.680065
vt 0.182313 0.682360
vt 0.175207 0.686416
vt 0.155050 0.646781
vt 0.158046 0.645147
vt 0.165258 0.648617
vt 0.168339 0.646064
vt 0.173458 0.650470
vt 0.169827 0.653644
vt 0.180475 0.666342
vt 0.185482 0.661677
vt 0.190346 0.666607
vt 0.184763 0.671814
vt 0.195132 0.671724
vt 0.188996 0.677395
vt 0.160869 0.643265
vt 0.163507 0.641153
vt 0.171200 0.643227
vt 0.173807 0.640124
vt 0.179811 0.643100
vt 0.176792 0.646949
vt 0.189967 0.656563
vt 0.193942 0.651010
vt 0.199737 0.654762
vt 0.195326 0.660921
vt 0.205449 0.658837
vt 0.200602 0.665537
vt 0.165952 0.638819
vt 0.168158 0.636290
vt 0.176117 0.636766
vt 0.177997 0.633314
vt 0.184759 0.634665
vt 0.182504 0.638938
vt 0.197461 0.645007
vt 0.200380 0.638845
vt 0.206842 0.641186
vt 0.203640 0.648080
vt 0.213261 0.643975
vt 0.209736 0.651556
vt 0.170063 0.633595
vt 0.171539 0.630898
vt 0.179353 0.629929
vt 0.180201 0.626655
vt 0.187633 0.626185
vt 0.186459 0.630393
vt 0.202508 0.632598
vt 0.203931 0.626411
vt 0.210639 0.627238
vt 0.209164 0.634203
vt 0.217531 0.628455
vt 0.215871 0.636224
vt 0.172531 0.628342
vt 0.173068 0.625963
vt 0.180554 0.623469
vt 0.180483 0.620525
vt 0.188406 0.618125
vt 0.188234 0.622036
vt 0.204578 0.620346
vt 0.204635 0.614208
vt 0.211270 0.613269
vt 0.211265 0.620382
vt 0.218293 0.612969
vt 0.218269 0.620809
vt 0.173186 0.623735
vt 0.172903 0.621762
vt 0.180088 0.618087
vt 0.179099 0.616174
vt 0.186926 0.611997
vt 0.188150 0.614683
vt 0.204182 0.607911
vt 0.203219 0.601862
vt 0.209703 0.598153
vt 0.210767 0.605701
vt 0.216415 0.596319
vt 0.217710 0.604690
vt 0.172346 0.620192
vt 0.171756 0.618844
vt 0.178083 0.604548
vt 0.195437 0.589441
vt 0.198999 0.592789
vt 0.180968 0.607471
vt 0.191348 0.586793
vt 0.175653 0.601188
vt 0.170086 0.606677
vt 0.168014 0.603359
vt 0.172901 0.609937
vt 0.173775 0.597377
vt 0.187222 0.584905
vt 0.183217 0.583608
vt 0.172378 0.593572
vt 0.166468 0.599714
vt 0.165631 0.595584
vt 0.176334 0.613304
vt 0.184224 0.609863
vt 0.201563 0.596877
vt 0.205043 0.586347
vt 0.207863 0.591560
vt 0.210672 0.581870
vt 0.214136 0.588624
vt 0.170173 0.616451
vt 0.167228 0.613204
vt 0.165673 0.591159
vt 0.166801 0.587794
vt 0.170799 0.587677
vt 0.171420 0.590134
vt 0.179495 0.582681
vt 0.159680 0.589247
vt 0.159075 0.594965
vt 0.161177 0.585842
vt 0.177394 0.577823
vt 0.175996 0.572089
vt 0.179980 0.570419
vt 0.181641 0.576541
vt 0.186707 0.569733
vt 0.187103 0.576460
vt 0.176755 0.582010
vt 0.164167 0.609562
vt 0.161515 0.605424
vt 0.159801 0.600495
vt 0.201350 0.582178
vt 0.205503 0.576605
vt 0.196851 0.579150
vt 0.199457 0.572763
vt 0.192145 0.577318
vt 0.193212 0.570552
vt 0.162347 0.581619
vt 0.170230 0.586657
vt 0.171599 0.573495
vt 0.175595 0.581337
vt 0.060423 0.552495
vt 0.068016 0.552409
vt 0.061877 0.540173
vt 0.069881 0.540440
vt 0.038958 0.552672
vt 0.038881 0.539184
vt 0.031050 0.552613
vt 0.030649 0.538652
vt 0.024098 0.553078
vt 0.023579 0.538133
vt 0.076737 0.542015
vt 0.074971 0.553209
vt 0.065226 0.527770
vt 0.073349 0.528650
vt 0.070008 0.515722
vt 0.078187 0.517681
vt 0.041107 0.524027
vt 0.045420 0.508649
vt 0.032735 0.522718
vt 0.037146 0.506217
vt 0.025905 0.521105
vt 0.030613 0.503635
vt 0.084446 0.520890
vt 0.079933 0.531074
vt 0.075804 0.504574
vt 0.084088 0.508133
vt 0.082171 0.494977
vt 0.090683 0.499957
vt 0.051742 0.494574
vt 0.059672 0.482929
vt 0.043615 0.490791
vt 0.051724 0.477612
vt 0.037559 0.487202
vt 0.046508 0.472926
vt 0.096222 0.504340
vt 0.089972 0.512006
vt 0.088831 0.487663
vt 0.097413 0.493171
vt 0.095902 0.481839
vt 0.104271 0.487203
vt 0.068906 0.474968
vt 0.079272 0.469808
vt 0.061155 0.467654
vt 0.071934 0.460423
vt 0.057129 0.461914
vt 0.069417 0.453844
vt 0.109482 0.491864
vt 0.102691 0.497865
vt 0.114854 0.461056
vt 0.117856 0.455495
vt 0.122804 0.460730
vt 0.115803 0.465933
vt 0.124926 0.466210
vt 0.116916 0.468238
vt 0.124561 0.469723
vt 0.119104 0.469826
vt 0.090412 0.466593
vt 0.100778 0.465023
vt 0.109324 0.472556
vt 0.103225 0.476719
vt 0.083902 0.455833
vt 0.095994 0.454438
vt 0.083300 0.448798
vt 0.097622 0.447626
vt 0.116201 0.476090
vt 0.122293 0.478602
vt 0.116600 0.485427
vt 0.111073 0.481403
vt 0.108774 0.465260
vt 0.113830 0.466048
vt 0.115834 0.468680
vt 0.113376 0.470024
vt 0.107304 0.456547
vt 0.110816 0.450879
vt 0.124900 0.472681
vt 0.118628 0.472142
vt 0.487572 0.043952
vt 0.469051 0.042055
vt 0.469243 0.038094
vt 0.488531 0.040318
vt 0.451215 0.040837
vt 0.450657 0.036505
vt 0.470344 0.024569
vt 0.492434 0.027511
vt 0.449288 0.022208
vt 0.470411 0.019912
vt 0.470371 0.020635
vt 0.448251 0.017883
vt 0.448151 0.017050
vt 0.493677 0.023188
vt 0.493503 0.023825
vt 0.487447 0.044553
vt 0.469025 0.042736
vt 0.451296 0.041605
vt 0.468876 0.046791
vt 0.451326 0.046329
vt 0.487347 0.047977
vt 0.434929 0.040914
vt 0.433596 0.036138
vt 0.419968 0.042136
vt 0.417875 0.036888
vt 0.429826 0.021146
vt 0.411916 0.021334
vt 0.427268 0.015134
vt 0.427545 0.016119
vt 0.408301 0.015444
vt 0.407819 0.014301
vt 0.435130 0.041784
vt 0.420291 0.043106
vt 0.435533 0.047207
vt 0.421127 0.049098
vt 0.406076 0.044328
vt 0.403295 0.038628
vt 0.392891 0.047486
vt 0.389521 0.041396
vt 0.395469 0.022736
vt 0.380170 0.025519
vt 0.389812 0.014719
vt 0.390514 0.015991
vt 0.373861 0.018081
vt 0.372923 0.016727
vt 0.406513 0.045381
vt 0.393426 0.048605
vt 0.407817 0.051842
vt 0.395157 0.055311
vt 0.379997 0.051628
vt 0.376174 0.045238
vt 0.367927 0.056389
vt 0.363863 0.049782
vt 0.365707 0.029865
vt 0.352912 0.035484
vt 0.356811 0.020754
vt 0.358000 0.022117
vt 0.343998 0.028091
vt 0.342582 0.026836
vt 0.380609 0.052791
vt 0.368579 0.057583
vt 0.382684 0.059587
vt 0.370892 0.064409
vt 0.328198 0.064821
vt 0.331594 0.067974
vt 0.330025 0.069198
vt 0.327189 0.067096
vt 0.325933 0.077137
vt 0.319897 0.072204
vt 0.334302 0.071332
vt 0.332830 0.072415
vt 0.353205 0.054684
vt 0.342605 0.042267
vt 0.344220 0.059649
vt 0.334928 0.049969
vt 0.331505 0.034930
vt 0.333072 0.035959
vt 0.325914 0.045424
vt 0.324392 0.044699
vt 0.357823 0.062562
vt 0.357190 0.061349
vt 0.348116 0.067381
vt 0.347610 0.066162
vt 0.360169 0.069447
vt 0.349994 0.074379
vt 0.336545 0.064580
vt 0.330521 0.058419
vt 0.321301 0.055502
vt 0.322741 0.055819
vt 0.323341 0.062052
vt 0.322564 0.064095
vt 0.339209 0.071462
vt 0.338967 0.070302
vt 0.339375 0.078058
vt 0.332346 0.078122
vt 0.471228 0.015728
vt 0.494231 0.019824
vt 0.449104 0.012028
vt 0.428184 0.009261
vt 0.408444 0.007731
vt 0.389842 0.007786
vt 0.372085 0.009707
vt 0.354836 0.013903
vt 0.339157 0.020617
vt 0.326410 0.030079
vt 0.317607 0.042041
vt 0.314762 0.055855
vt 0.316334 0.064819
vt 0.921803 0.185702
vt 0.923363 0.181067
vt 0.925118 0.183344
vt 0.925738 0.185814
vt 0.925246 0.188267
vt 0.923594 0.190250
vt 0.751516 0.064732
vt 0.756156 0.066297
vt 0.753878 0.068050
vt 0.751407 0.068666
vt 0.748950 0.068171
vt 0.746963 0.066521
vt 0.931596 0.178811
vt 0.932239 0.178703
vt 0.933627 0.181700
vt 0.932716 0.181905
vt 0.934322 0.185619
vt 0.933404 0.185666
vt 0.934112 0.189399
vt 0.933181 0.189333
vt 0.933175 0.192603
vt 0.932342 0.192500
vt 0.758541 0.075187
vt 0.755538 0.076602
vt 0.755343 0.075671
vt 0.758399 0.074560
vt 0.751606 0.077246
vt 0.751563 0.076330
vt 0.747819 0.077015
vt 0.747886 0.076088
vt 0.744609 0.076076
vt 0.744714 0.075251
vt 0.929543 0.178343
vt 0.930846 0.182028
vt 0.931498 0.185743
vt 0.931086 0.189387
vt 0.930173 0.192949
vt 0.755206 0.073793
vt 0.758876 0.072494
vt 0.751484 0.074424
vt 0.747833 0.074001
vt 0.744264 0.073093
vt 0.747978 0.072011
vt 0.744276 0.070704
vt 0.745246 0.068395
vt 0.748291 0.070069
vt 0.751406 0.072527
vt 0.751398 0.070580
vt 0.755053 0.071853
vt 0.754597 0.069865
vt 0.758671 0.070283
vt 0.757800 0.068117
vt 0.929092 0.189242
vt 0.927780 0.192936
vt 0.925469 0.191966
vt 0.927147 0.188927
vt 0.929599 0.185819
vt 0.927652 0.185825
vt 0.928912 0.182176
vt 0.926929 0.182628
vt 0.927338 0.178552
vt 0.925179 0.179423
vt 0.935665 0.173366
vt 0.939093 0.179142
vt 0.937512 0.179907
vt 0.934618 0.175082
vt 0.937986 0.171952
vt 0.941524 0.178007
vt 0.933915 0.175591
vt 0.936690 0.180321
vt 0.937942 0.185328
vt 0.937806 0.190370
vt 0.935757 0.195099
vt 0.761651 0.076860
vt 0.756954 0.079714
vt 0.751854 0.080846
vt 0.746842 0.080701
vt 0.742119 0.078610
vt 0.938869 0.185230
vt 0.938702 0.190588
vt 0.936614 0.195520
vt 0.762165 0.077557
vt 0.757370 0.080550
vt 0.751935 0.081773
vt 0.746623 0.081597
vt 0.741699 0.079452
vt 0.940718 0.185052
vt 0.943402 0.184627
vt 0.940589 0.190963
vt 0.943279 0.191373
vt 0.938161 0.197643
vt 0.940840 0.198554
vt 0.764067 0.079261
vt 0.758150 0.082175
vt 0.765306 0.081683
vt 0.759230 0.084655
vt 0.752550 0.084117
vt 0.752913 0.086772
vt 0.746134 0.083428
vt 0.745542 0.086101
vt 0.740307 0.080866
vt 0.739197 0.083471
vt 0.448772 0.449082
vt 0.448918 0.425281
vt 0.461398 0.424702
vt 0.461245 0.449812
vt 0.443529 0.388754
vt 0.452070 0.374059
vt 0.462074 0.365020
vt 0.459719 0.384117
vt 0.459129 0.490739
vt 0.461194 0.509499
vt 0.451301 0.500338
vt 0.443080 0.485839
vt 0.438804 0.472827
vt 0.456598 0.474802
vt 0.439239 0.401415
vt 0.457056 0.399658
vt 0.546825 0.518392
vt 0.532011 0.513393
vt 0.532105 0.498033
vt 0.546929 0.501393
vt 0.532378 0.453212
vt 0.547218 0.453901
vt 0.547021 0.486147
vt 0.532189 0.484257
vt 0.532567 0.422170
vt 0.547414 0.421661
vt 0.532756 0.391125
vt 0.547611 0.389415
vt 0.532933 0.361988
vt 0.547807 0.357170
vt 0.547701 0.374519
vt 0.532838 0.377665
vt 0.472331 0.361450
vt 0.472211 0.381171
vt 0.471949 0.424250
vt 0.472108 0.398103
vt 0.471789 0.450393
vt 0.471630 0.476540
vt 0.471407 0.513193
vt 0.471525 0.493870
vt 0.941710 0.486520
vt 0.941876 0.477141
vt 0.979695 0.477808
vt 0.979530 0.487188
vt 0.947745 0.984594
vt 0.947718 0.973385
vt 0.985543 0.973293
vt 0.985571 0.984502
vt 0.946828 0.606782
vt 0.946787 0.589785
vt 0.983436 0.589696
vt 0.984654 0.606690
vt 0.946861 0.620265
vt 0.984686 0.620173
vt 0.943397 0.390942
vt 0.943691 0.374277
vt 0.981511 0.374945
vt 0.980013 0.391589
vt 0.943929 0.360796
vt 0.981749 0.361464
vt 0.947302 0.802268
vt 0.947257 0.783660
vt 0.985083 0.783568
vt 0.983913 0.802172
vt 0.946813 0.197426
vt 0.947134 0.179203
vt 0.983711 0.179857
vt 0.984632 0.198093
vt 0.949963 0.018939
vt 0.950161 0.007730
vt 0.987981 0.008398
vt 0.987783 0.019606
vt 0.942041 0.467760
vt 0.979861 0.468427
vt 0.941545 0.495901
vt 0.979364 0.496568
vt 0.947691 0.962174
vt 0.985516 0.962082
vt 0.945190 0.289342
vt 0.945466 0.273710
vt 0.983286 0.274378
vt 0.983010 0.290009
vt 0.947072 0.707364
vt 0.947034 0.691730
vt 0.984860 0.691638
vt 0.984898 0.707272
vt 0.946887 0.631126
vt 0.984713 0.631034
vt 0.944121 0.349937
vt 0.981941 0.350605
vt 0.409013 0.426987
vt 0.403684 0.427184
vt 0.403802 0.407739
vt 0.409135 0.407083
vt 0.946678 0.545199
vt 0.946666 0.539827
vt 0.984491 0.539735
vt 0.984504 0.545107
vt 0.942510 0.441220
vt 0.942604 0.435848
vt 0.980424 0.436516
vt 0.980329 0.441888
vt 0.403566 0.446627
vt 0.408892 0.446889
vt 0.408771 0.466794
vt 0.403447 0.466073
vt 0.432559 0.449264
vt 0.432707 0.424902
vt 0.432412 0.473490
vt 0.943042 0.411062
vt 0.943155 0.404636
vt 0.980975 0.405304
vt 0.980862 0.411730
vt 0.432855 0.400675
vt 0.946754 0.576417
vt 0.946739 0.569990
vt 0.984564 0.569898
vt 0.984580 0.576325
vt 0.415256 0.426397
vt 0.415127 0.447556
vt 0.415021 0.468699
vt 0.942720 0.429316
vt 0.980539 0.429983
vt 0.415407 0.405254
vt 0.946694 0.551733
vt 0.984520 0.551641
vt 0.400948 0.428999
vt 0.397374 0.430593
vt 0.397388 0.418054
vt 0.400750 0.413554
vt 0.392350 0.431619
vt 0.391863 0.421268
vt 0.400852 0.444780
vt 0.400466 0.460221
vt 0.942394 0.447787
vt 0.980214 0.448454
vt 0.946649 0.533259
vt 0.984475 0.533167
vt 0.383971 0.432096
vt 0.384028 0.422714
vt 0.946620 0.521251
vt 0.946601 0.513283
vt 0.984427 0.513191
vt 0.984446 0.521159
vt 0.942182 0.459793
vt 0.980002 0.460461
vt 0.392287 0.442056
vt 0.391674 0.452400
vt 0.383856 0.450858
vt 0.383914 0.441476
vt 0.946636 0.527642
vt 0.984461 0.527550
vt 0.942295 0.453403
vt 0.980114 0.454071
vt 0.397297 0.443142
vt 0.397159 0.455680
vt 0.418381 0.425833
vt 0.424624 0.425184
vt 0.424480 0.448882
vt 0.418244 0.448157
vt 0.418848 0.403370
vt 0.424970 0.401477
vt 0.946719 0.562064
vt 0.946704 0.555656
vt 0.984529 0.555564
vt 0.984545 0.561972
vt 0.424537 0.472592
vt 0.418438 0.470624
vt 0.942789 0.425394
vt 0.942902 0.418986
vt 0.980722 0.419654
vt 0.980609 0.426061
vt 0.947207 0.762868
vt 0.985032 0.762776
vt 0.600029 0.356223
vt 0.617336 0.367747
vt 0.625981 0.384225
vt 0.605573 0.374264
vt 0.634037 0.398376
vt 0.633875 0.424998
vt 0.612068 0.421916
vt 0.609370 0.389926
vt 0.611870 0.454433
vt 0.633713 0.451617
vt 0.633551 0.478239
vt 0.608782 0.486389
vt 0.625130 0.492621
vt 0.616478 0.508662
vt 0.599032 0.519975
vt 0.604700 0.502370
vt 0.946446 0.218216
vt 0.984265 0.218883
vt 0.947167 0.746551
vt 0.947127 0.730144
vt 0.984953 0.730052
vt 0.984993 0.746459
vt 0.568314 0.349125
vt 0.584635 0.350817
vt 0.588318 0.369558
vt 0.570478 0.367971
vt 0.594092 0.419970
vt 0.576066 0.419291
vt 0.572302 0.384156
vt 0.591002 0.385715
vt 0.593872 0.456160
vt 0.575839 0.456620
vt 0.590364 0.490375
vt 0.571646 0.491706
vt 0.583573 0.525193
vt 0.567233 0.526685
vt 0.569578 0.508247
vt 0.587416 0.506877
vt 0.945868 0.250934
vt 0.946158 0.234529
vt 0.983978 0.235197
vt 0.983688 0.251602
vt 0.675014 0.425249
vt 0.674852 0.451867
vt 0.674689 0.478490
vt 0.947429 0.162540
vt 0.948154 0.121407
vt 0.985974 0.122075
vt 0.985248 0.163208
vt 0.675176 0.398626
vt 0.947442 0.859690
vt 0.947342 0.818551
vt 0.985167 0.818459
vt 0.985267 0.859598
vt 0.715990 0.452118
vt 0.716152 0.425499
vt 0.721166 0.427980
vt 0.721034 0.449699
vt 0.720901 0.471422
vt 0.715828 0.478741
vt 0.948880 0.080275
vt 0.949037 0.071371
vt 0.986857 0.072038
vt 0.986700 0.080942
vt 0.721298 0.406257
vt 0.716314 0.398877
vt 0.947564 0.909734
vt 0.947542 0.900829
vt 0.985367 0.900737
vt 0.985389 0.909642
vt 0.726067 0.448842
vt 0.726188 0.428898
vt 0.755169 0.429075
vt 0.755047 0.449018
vt 0.754925 0.468963
vt 0.725945 0.468787
vt 0.949138 0.065681
vt 0.949649 0.036705
vt 0.987469 0.037372
vt 0.986958 0.066348
vt 0.726310 0.408953
vt 0.755290 0.409129
vt 0.947647 0.944406
vt 0.947577 0.915425
vt 0.985403 0.915333
vt 0.985473 0.944314
vt 0.759728 0.433470
vt 0.759659 0.444679
vt 0.759591 0.455889
vt 0.949895 0.022825
vt 0.987714 0.023492
vt 0.759795 0.422259
vt 0.947681 0.958288
vt 0.985507 0.958196
vt 0.763614 0.433494
vt 0.763546 0.444702
vt 0.763477 0.455913
vt 0.763682 0.422283
vt 0.947102 0.719476
vt 0.984927 0.719384
vt 0.945680 0.261600
vt 0.983500 0.262268
vt 0.556631 0.525499
vt 0.557927 0.507072
vt 0.561628 0.455584
vt 0.559098 0.490546
vt 0.561843 0.420153
vt 0.559739 0.385164
vt 0.557699 0.350182
vt 0.558792 0.369003
vt 0.443888 0.992210
vt 0.440920 0.816550
vt 0.469803 0.816063
vt 0.472771 0.991721
vt 0.238741 0.819966
vt 0.267624 0.819478
vt 0.270591 0.995137
vt 0.241708 0.995625
vt 0.296507 0.818990
vt 0.299474 0.994650
vt 0.325389 0.818503
vt 0.328356 0.994161
vt 0.354272 0.818014
vt 0.357239 0.993674
vt 0.383155 0.817527
vt 0.386122 0.993186
vt 0.412038 0.817039
vt 0.415005 0.992697
vt 0.065808 0.900673
vt 0.037411 0.905972
vt 0.045213 0.869044
vt 0.013585 0.889639
vt 0.008286 0.861243
vt 0.024618 0.837416
vt 0.053016 0.832117
vt 0.076842 0.848450
vt 0.082140 0.876847
vt 0.463589 0.592494
vt 0.466066 0.807889
vt 0.437877 0.808334
vt 0.435398 0.592938
vt 0.409681 0.808840
vt 0.407203 0.593445
vt 0.381490 0.809302
vt 0.379012 0.593906
vt 0.353304 0.809637
vt 0.350825 0.594242
vt 0.325111 0.809841
vt 0.322633 0.594445
vt 0.296911 0.809983
vt 0.294433 0.594588
vt 0.268717 0.810170
vt 0.266239 0.594775
vt 0.240531 0.810483
vt 0.238052 0.595088
vt 0.068724 0.808783
vt 0.042135 0.818159
vt 0.044099 0.781378
vt 0.016696 0.805988
vt 0.007310 0.779402
vt 0.019474 0.753973
vt 0.046063 0.744597
vt 0.071501 0.756768
vt 0.080888 0.783355
vn 0.243636 0.261051 0.934074
vn 0.000000 0.364683 0.931132
vn 0.000001 0.000000 1.000000
vn -0.243636 0.261051 0.934074
vn -0.348912 0.000000 0.937155
vn -0.243629 -0.261057 0.934074
vn -0.000001 -0.364690 0.931129
vn 0.243628 -0.261057 0.934074
vn 0.348912 -0.000000 0.937155
vn 0.600332 0.640019 -0.479560
vn 0.298086 0.319144 0.899607
vn 0.000000 0.447138 0.894465
vn 0.000000 0.883235 -0.468930
vn -0.298089 0.319144 0.899605
vn -0.600332 0.640018 -0.479560
vn -0.425517 0.000002 0.904950
vn -0.871086 0.000008 -0.491131
vn -0.298063 -0.319128 0.899620
vn -0.600303 -0.640032 -0.479579
vn -0.000000 -0.447121 0.894474
vn -0.000000 -0.883230 -0.468940
vn 0.298060 -0.319128 0.899621
vn 0.600302 -0.640032 -0.479579
vn 0.425510 0.000002 0.904954
vn 0.871086 0.000008 -0.491130
vn 0.635778 0.669768 -0.383662
vn -0.000000 0.926477 -0.376352
vn -0.635772 0.669769 -0.383671
vn -0.920225 -0.000005 -0.391390
vn -0.635747 -0.669791 -0.383675
vn 0.000000 -0.926479 -0.376346
vn 0.635747 -0.669791 -0.383675
vn 0.920228 -0.000001 -0.391383
vn 1.000000 0.000007 -0.000657
vn 0.689227 0.724545 -0.000671
vn 0.638597 0.672794 0.373555
vn 0.924502 -0.000000 0.381177
vn 0.689204 -0.724567 -0.000662
vn 0.638574 -0.672809 0.373565
vn 0.000000 -1.000000 -0.000669
vn 0.000000 -0.930484 0.366333
vn -0.689200 -0.724571 -0.000670
vn -0.638581 -0.672804 0.373564
vn -1.000000 0.000001 -0.000671
vn -0.924502 -0.000005 0.381178
vn -0.689231 0.724542 -0.000679
vn -0.638598 0.672789 0.373561
vn -0.000001 1.000000 -0.000685
vn -0.000000 0.930480 0.366342
vn 0.480025 0.509839 0.713891
vn 0.692109 0.000007 0.721793
vn 0.480010 -0.509858 0.713888
vn -0.000000 -0.707838 0.706374
vn -0.480002 -0.509856 0.713895
vn -0.692101 0.000007 0.721801
vn -0.480017 0.509837 0.713897
vn 0.000000 0.707827 0.706386
vn 0.619587 0.654708 0.432978
vn -0.000000 0.903261 0.429092
vn -0.000001 0.323472 0.946238
vn 0.215184 0.227382 0.949733
vn 0.000000 1.000000 0.000000
vn 0.687357 0.726320 0.000000
vn 0.430929 0.449487 0.782472
vn 0.000000 0.629661 0.776870
vn -0.430934 0.449487 0.782469
vn -0.615723 -0.000003 0.787962
vn -0.430908 -0.449482 0.782485
vn -0.000000 -0.629629 0.776896
vn 0.430904 -0.449483 0.782488
vn 0.615719 -0.000003 0.787966
vn -0.215185 0.227379 0.949734
vn -0.284806 0.000000 0.958585
vn -0.189252 -0.199983 0.961348
vn 0.000000 -0.280519 0.959849
vn 0.189252 -0.199986 0.961348
vn 0.284801 0.000000 0.958587
vn -0.619592 0.654704 0.432976
vn -0.687362 0.726315 0.000000
vn -0.894856 0.000000 0.446355
vn -1.000000 0.000000 0.000000
vn -0.609244 -0.643787 0.462990
vn -0.687352 -0.726324 0.000000
vn 0.000000 -0.857022 0.515280
vn -0.000000 -1.000000 0.000000
vn 0.609240 -0.643790 0.462992
vn 0.687348 -0.726328 0.000000
vn 0.894857 -0.000000 0.446354
vn 1.000000 -0.000000 0.000000
vn 0.000000 -0.822136 -0.569291
vn 0.000000 -1.000000 -0.000001
vn -0.569278 -0.822145 -0.000002
vn -0.387938 -0.836062 -0.387949
vn -0.695161 0.182952 -0.695184
vn -0.707106 0.000000 -0.707107
vn -0.000000 0.000000 -1.000000
vn 0.000000 0.166662 -0.986014
vn -0.692471 -0.202318 -0.692497
vn -0.000000 -0.184663 -0.982802
vn -0.688667 -0.226973 -0.688637
vn -0.962191 -0.272377 0.000000
vn -0.778873 0.627182 -0.000000
vn -0.559340 0.611742 -0.559384
vn 0.559355 0.611736 -0.559376
vn 0.778885 0.627167 -0.000001
vn 0.962189 -0.272383 -0.000000
vn 0.688657 -0.226977 -0.688645
vn -0.688675 -0.226973 0.688629
vn 0.000001 -0.272445 0.962172
vn 0.000001 0.627193 0.778864
vn -0.559348 0.611741 0.559377
vn -0.000001 0.627192 -0.778865
vn -0.000001 -0.272445 -0.962171
vn -0.000000 -0.275133 -0.961406
vn -0.675284 -0.296631 -0.675278
vn 0.675285 -0.296635 -0.675276
vn 0.961396 -0.275168 -0.000000
vn 0.982799 -0.184677 -0.000000
vn 0.692473 -0.202321 -0.692494
vn -0.692477 -0.202328 0.692487
vn 0.000000 -0.184681 0.982799
vn 0.000000 -0.275133 0.961406
vn -0.675294 -0.296631 0.675269
vn -0.982800 -0.184672 0.000000
vn -0.961399 -0.275159 0.000001
vn 0.695162 0.182955 -0.695181
vn 0.707109 0.000000 -0.707104
vn 1.000000 -0.000000 -0.000000
vn 0.986014 0.166663 0.000000
vn -0.000000 0.166684 0.986010
vn 0.000000 0.000000 1.000000
vn -0.707112 0.000000 0.707101
vn -0.695167 0.182964 0.695174
vn -1.000000 0.000000 -0.000000
vn -0.986015 0.166656 0.000000
vn 0.706106 -0.053263 -0.706101
vn 0.999678 -0.025365 -0.000001
vn 0.960069 -0.279763 0.000000
vn 0.675048 -0.297658 -0.675064
vn 0.000000 -0.279748 0.960074
vn 0.000000 -0.025443 0.999676
vn -0.706121 -0.053298 0.706083
vn -0.675052 -0.297656 0.675060
vn -0.960070 -0.279760 -0.000000
vn -0.999677 -0.025407 -0.000001
vn -0.706112 -0.053295 -0.706092
vn -0.675043 -0.297654 -0.675070
vn -0.000000 -0.025441 -0.999676
vn 0.000000 -0.279747 -0.960074
vn 0.000000 -0.625639 -0.780113
vn -0.540763 -0.644308 -0.540780
vn -0.780111 -0.625641 -0.000000
vn -0.540771 -0.644310 0.540769
vn -0.000000 -0.625639 0.780113
vn 0.780108 -0.625646 0.000000
vn 0.540762 -0.644311 -0.540777
vn -0.557444 0.615240 -0.557437
vn -0.833897 0.551920 0.000001
vn 0.000000 0.551912 -0.833902
vn 0.833890 0.551931 -0.000000
vn 0.557443 0.615244 -0.557434
vn -0.557452 0.615240 0.557429
vn -0.000000 0.551913 0.833902
vn 0.675294 -0.296636 0.675267
vn 0.692479 -0.202331 0.692484
vn 0.707115 -0.000000 0.707099
vn 0.695168 0.182967 0.695172
vn 0.557451 0.615246 0.557423
vn 0.559364 0.611736 0.559367
vn 0.688668 -0.226975 0.688636
vn 0.706117 -0.053265 0.706089
vn 0.675056 -0.297659 0.675054
vn 0.540771 -0.644312 0.540767
vn 0.000000 -0.822140 0.569285
vn -0.387947 -0.836065 0.387934
vn 0.387942 -0.836061 -0.387948
vn 0.569280 -0.822144 -0.000001
vn 0.387951 -0.836063 0.387934
vn 0.633545 0.770300 -0.072520
vn -0.263172 -0.902479 -0.340987
vn -0.008254 -0.992162 -0.124684
vn 0.324431 0.887398 -0.327521
vn -0.347985 -0.831781 0.432490
vn -0.632279 -0.728246 0.264351
vn 0.434787 0.864130 0.253456
vn 0.098155 0.994216 0.043592
vn 0.211287 -0.977338 0.012946
vn 0.069588 0.868185 -0.491338
vn -0.121689 -0.820153 0.559054
vn -0.168390 0.980529 -0.101033
vn 0.452603 -0.882028 0.131065
vn -0.179333 0.770394 -0.611828
vn 0.118298 -0.724196 0.679372
vn -0.414683 0.881499 -0.225827
vn 0.684120 -0.694223 0.223683
vn -0.412282 0.580902 -0.701839
vn 0.354453 -0.538586 0.764387
vn -0.649746 0.693003 -0.312374
vn 0.825012 -0.494099 0.274266
vn -0.550989 0.379909 -0.743021
vn 0.514005 -0.347275 0.784346
vn -0.800575 0.497734 -0.333679
vn 0.879984 -0.372562 0.294662
vn -0.603334 0.249043 -0.757605
vn 0.587332 -0.234567 0.774609
vn -0.870010 0.374822 -0.320298
vn 0.891516 -0.337752 0.301866
vn -0.610458 0.210468 -0.763574
vn 0.606855 -0.205050 0.767907
vn -0.888483 0.340159 -0.308044
vn 0.885706 -0.350558 0.304359
vn -0.601175 0.223051 -0.767357
vn 0.602601 -0.220899 0.766861
vn -0.885167 0.352800 -0.303335
vn 0.878673 -0.368485 0.303565
vn -0.592587 0.239275 -0.769148
vn 0.595403 -0.238524 0.767204
vn -0.878105 0.370203 -0.303119
vn 0.878005 -0.370165 0.303455
vn -0.592325 0.234747 -0.770743
vn 0.597689 -0.235569 0.766339
vn -0.877833 0.371785 -0.301969
vn 0.867243 -0.387284 0.312890
vn -0.582285 0.239688 -0.776849
vn 0.598191 -0.249794 0.761426
vn -0.873326 0.389435 -0.292646
vn 0.772439 -0.543177 0.329084
vn -0.496498 0.362641 -0.788658
vn 0.534051 -0.414440 0.736905
vn -0.791203 0.553078 -0.260966
vn 0.530833 -0.802468 0.272510
vn -0.323844 0.636584 -0.699918
vn 0.323543 -0.691491 0.645879
vn -0.554643 0.813764 -0.173666
vn 0.376175 -0.911335 0.167213
vn -0.172183 0.826227 -0.536379
vn 0.186441 -0.819143 0.542444
vn -0.398087 0.914371 -0.073840
vn 0.413884 -0.905301 0.095553
vn -0.149902 0.872872 -0.464352
vn 0.190731 -0.850531 0.490121
vn -0.408676 0.912654 -0.006915
vn 0.435280 -0.900036 0.021608
vn -0.138060 0.889850 -0.434863
vn 0.186584 -0.881347 0.434066
vn -0.428843 0.901776 0.053787
vn 0.341261 -0.937420 -0.069177
vn -0.041319 0.921568 -0.386013
vn 0.089779 -0.934893 0.343387
vn -0.360301 0.922428 0.138961
vn 0.154133 -0.970023 -0.187881
vn 0.138453 0.947355 -0.288702
vn -0.096611 -0.969937 0.223356
vn -0.193255 0.947341 0.255339
vn -0.059990 -0.946514 -0.317036
vn 0.346449 0.924070 -0.161453
vn -0.310002 -0.946271 0.092032
vn 0.013550 0.924179 0.381720
vn -0.274714 -0.852470 -0.444777
vn 0.551064 0.833929 -0.029837
vn -0.522921 -0.851403 -0.040822
vn 0.220955 0.836028 0.502232
vn -0.453520 -0.702205 -0.548842
vn 0.724668 0.683888 0.084580
vn -0.697518 -0.699987 -0.153256
vn 0.400873 0.689338 0.603418
vn -0.581130 -0.521851 -0.624468
vn 0.848531 0.501780 0.167965
vn -0.822704 -0.518790 -0.232412
vn 0.533125 0.508883 0.675882
vn -0.661253 -0.328849 -0.674242
vn 0.926471 0.309090 0.214744
vn -0.902784 -0.325851 -0.280716
vn 0.612573 0.315823 0.724576
vn -0.697275 -0.137727 -0.703448
vn 0.963401 0.125276 0.236990
vn -0.944594 -0.135448 -0.298991
vn 0.651101 0.129896 0.747793
vn -0.703327 0.062874 -0.708081
vn 0.970618 -0.055562 0.234122
vn -0.951259 0.063857 -0.301708
vn 0.652888 -0.053368 0.755572
vn -0.667129 0.315826 -0.674680
vn 0.937866 -0.284457 0.198724
vn -0.905212 0.315982 -0.284161
vn 0.606454 -0.284027 0.742659
vn -0.521683 -0.563113 -0.640898
vn 0.902027 0.357139 0.242485
vn -0.928194 -0.371199 0.025821
vn 0.730406 0.438159 0.523951
vn -0.569482 0.058063 -0.819950
vn 0.855698 -0.307776 0.415999
vn -0.951776 0.238510 -0.192966
vn 0.692780 -0.230871 0.683194
vn -0.147560 0.617988 -0.772216
vn 0.413442 -0.849812 0.326934
vn -0.570363 0.817607 -0.078768
vn 0.271126 -0.782622 0.560352
vn 0.437766 0.805910 -0.398585
vn -0.188986 -0.981953 -0.007325
vn 0.074323 0.977482 0.197495
vn -0.335485 -0.912794 0.232934
vn 0.934023 0.357190 -0.004116
vn -0.678994 -0.608452 -0.410795
vn 0.539352 0.543523 0.643181
vn -0.823127 -0.540414 -0.174398
vn 0.735627 0.677350 0.007030
vn -0.683986 0.259136 -0.681917
vn -0.843498 0.334464 -0.420292
vn 0.528958 0.774904 0.346016
vn -0.521129 0.636923 -0.568114
vn 0.800709 -0.592410 0.088968
vn -0.743695 0.636925 -0.203090
vn 0.445789 -0.592407 0.671064
vn -0.191383 0.915257 -0.354510
vn 0.481233 -0.869262 -0.113134
vn -0.402796 0.915257 -0.007777
vn 0.119815 -0.869263 0.479610
vn 0.208013 0.972264 -0.106927
vn 0.097216 -0.931095 -0.351584
vn 0.000209 0.972264 0.233888
vn -0.268027 -0.931093 0.247441
vn 0.609171 0.782266 0.130269
vn -0.293341 -0.742307 -0.602438
vn 0.394684 0.781091 0.483862
vn -0.661842 -0.749164 0.026828
vn 0.917810 0.256180 0.303310
vn -0.551200 -0.200839 -0.809841
vn 0.701127 0.264431 0.662191
vn -0.973309 -0.210100 -0.092343
vn 0.849002 -0.470479 0.240509
vn -0.613876 -0.346777 -0.709156
vn -0.922825 -0.327778 -0.202375
vn 0.595427 -0.487306 0.638748
vn 0.314124 -0.949314 -0.011320
vn 0.147856 -0.988956 -0.010199
vn 0.144188 -0.972978 -0.180342
vn 0.255742 -0.958904 -0.122879
vn -0.249207 -0.892683 0.375518
vn -0.447081 -0.706642 0.548430
vn 0.103023 -0.650910 0.752132
vn 0.131481 -0.853713 0.503872
vn -0.380080 -0.924940 -0.004941
vn -0.654161 -0.756354 -0.001023
vn -0.255963 -0.885827 -0.387031
vn -0.456854 -0.696738 -0.553029
vn 0.122402 -0.844493 -0.521392
vn 0.089568 -0.637252 -0.765433
vn 0.498231 -0.773020 -0.392690
vn 0.632553 -0.533762 -0.561226
vn 0.633955 -0.773268 -0.012566
vn 0.846759 -0.531835 -0.012275
vn 0.504982 -0.779878 0.369843
vn 0.642286 -0.543702 0.540238
vn 0.036235 -0.994048 0.102740
vn 0.147204 -0.976040 0.160241
vn 0.034254 -0.992036 -0.121212
vn 0.257731 -0.960916 0.101075
vn -0.022730 -0.999703 -0.008781
vn 0.003370 -0.990795 0.135327
vn -0.022052 -0.999718 -0.008791
vn 0.000812 -0.988203 -0.153147
vn 0.144211 -0.973100 -0.179665
vn 0.286125 -0.945524 -0.155296
vn 0.313478 -0.949528 -0.011315
vn 0.288679 -0.948118 0.133178
vn 0.147214 -0.976149 0.159565
vn -0.437516 -0.899201 -0.004213
vn -0.285901 -0.866700 0.408769
vn 0.147822 -0.988962 -0.010167
vn 0.147809 -0.988963 -0.010201
vn 0.525634 -0.736760 -0.425316
vn 0.116911 -0.810410 -0.574079
vn 0.147844 -0.988958 -0.010179
vn 0.147844 -0.988958 -0.010179
vn -0.293267 -0.859236 -0.419176
vn 0.147834 -0.988960 -0.010211
vn 0.126945 -0.820608 0.557215
vn 0.147858 -0.988957 -0.010155
vn 0.532954 -0.744218 0.402616
vn 0.147888 -0.988952 -0.010166
vn 0.681348 -0.731851 -0.012616
vn 0.147876 -0.988953 -0.010188
vn -0.310705 -0.847172 0.431001
vn 0.120985 -0.777778 0.616785
vn -0.502427 -0.864613 -0.003322
vn 0.551309 -0.718194 0.424566
vn 0.733339 -0.679747 -0.012602
vn 0.543576 -0.710420 -0.447021
vn 0.109920 -0.766609 -0.632636
vn -0.318413 -0.839358 -0.440558
vn -0.901690 -0.432363 0.004095
vn -0.615420 -0.406011 0.675584
vn -0.701506 0.179829 0.689602
vn -0.998993 0.043899 0.009249
vn 0.705213 -0.194558 -0.681778
vn 0.035029 -0.282368 -0.958666
vn -0.035967 0.191168 -0.980898
vn 0.622983 0.385638 -0.680571
vn -0.627369 -0.393884 -0.671762
vn -0.713235 0.195886 -0.672997
vn -0.235855 -0.971765 -0.006650
vn -0.117768 -0.960312 0.252849
vn 0.140291 -0.919388 0.367483
vn 0.397322 -0.883256 0.248984
vn 0.509758 -0.860230 -0.012252
vn 0.392713 -0.878568 -0.271837
vn 0.133609 -0.912601 -0.386404
vn -0.122402 -0.955622 -0.267964
vn -0.205188 -0.919597 0.335022
vn -0.316951 -0.948425 -0.005716
vn -0.211243 -0.913453 -0.347821
vn 0.127740 -0.877232 -0.462760
vn 0.464131 -0.812433 -0.352895
vn 0.580464 -0.814191 -0.012459
vn 0.470194 -0.818565 0.329954
vn 0.135781 -0.885393 0.444570
vn 0.988697 -0.149589 -0.010099
vn 0.717155 -0.206678 0.665562
vn 0.051974 -0.299567 0.952659
vn -0.689815 0.377690 0.617662
vn -0.043649 0.339018 0.939767
vn -0.049119 0.280232 -0.958675
vn 0.088757 0.345946 -0.934047
vn -0.975179 0.221162 0.010629
vn -0.648077 0.405505 0.644641
vn 0.883889 0.439386 -0.160249
vn 0.921186 0.389094 -0.004669
vn 0.558113 0.564356 0.608287
vn -0.199821 0.302783 -0.931877
vn 0.538765 0.554415 0.634315
vn 0.875285 0.483596 -0.003404
vn -0.989405 0.144831 0.010068
vn -0.974064 0.182947 -0.133155
vn 0.527545 0.565811 -0.633684
vn -0.971524 0.180370 0.153648
vn 0.542574 0.582414 -0.605316
vn -0.060682 0.358870 -0.931413
vn -0.029506 0.246032 0.968812
vn -0.185341 0.281109 0.941608
vn -0.698085 0.396836 -0.595985
vn 0.108794 0.325115 0.939395
vn -0.659339 0.416918 -0.625660
vn 0.886660 0.436575 0.152433
vn -0.017717 0.167955 0.985636
vn -0.008856 0.008986 -0.999920
vn 0.693040 0.110959 -0.712308
vn 0.593566 0.442355 -0.672311
vn -0.012647 0.034361 -0.999329
vn 0.988970 0.147928 -0.007421
vn 0.988058 0.153906 -0.007376
vn 0.636338 0.370012 0.676879
vn -0.705567 -0.098240 -0.701801
vn -0.719474 0.226156 -0.656666
vn 0.948219 0.317568 -0.005551
vn -0.988972 -0.147918 0.007446
vn -0.992340 -0.123300 0.007680
vn -0.693045 -0.110940 0.712307
vn -0.711798 0.220175 0.666984
vn 0.008865 -0.008994 0.999920
vn 0.004941 0.017272 0.999839
vn 0.705566 0.098220 0.701805
vn 0.607445 0.437465 0.663050
vn 0.076984 -0.994215 0.074900
vn -0.093641 -0.991985 0.084836
vn -0.102309 -0.991039 -0.085871
vn 0.012236 -0.999368 -0.033380
vn -0.435352 -0.767629 0.470335
vn -0.573653 -0.524238 0.629362
vn -0.016267 -0.585703 0.810363
vn -0.050192 -0.810924 0.582994
vn -0.589931 -0.801362 0.098999
vn -0.815157 -0.571570 0.093953
vn -0.480293 -0.828292 -0.288532
vn -0.638579 -0.611831 -0.466775
vn -0.110611 -0.892479 -0.437317
vn -0.105702 -0.706402 -0.699874
vn 0.277628 -0.903166 -0.327436
vn 0.456210 -0.719991 -0.522958
vn 0.429122 -0.902040 0.046674
vn 0.693180 -0.720574 0.016573
vn 0.322565 -0.842514 0.431419
vn 0.521118 -0.632384 0.573172
vn -0.197152 -0.959565 0.200915
vn -0.082237 -0.963949 0.253062
vn -0.210359 -0.977378 -0.021961
vn 0.025427 -0.981555 0.189481
vn -0.261538 -0.960771 0.092284
vn -0.226536 -0.945489 0.233951
vn -0.260878 -0.960954 0.092256
vn -0.243529 -0.968437 -0.053128
vn -0.102284 -0.991101 -0.085184
vn 0.043176 -0.996761 -0.067843
vn 0.076303 -0.994263 0.074960
vn 0.060191 -0.973813 0.219236
vn -0.082289 -0.964118 0.252400
vn -0.743243 -0.661960 0.096949
vn -0.528050 -0.623482 0.576571
vn -0.093640 -0.991985 0.084836
vn -0.093619 -0.991987 0.084844
vn 0.393769 -0.798743 -0.454924
vn -0.108786 -0.782570 -0.612984
vn -0.093617 -0.991984 0.084879
vn -0.093620 -0.991988 0.084823
vn -0.586186 -0.701885 -0.404652
vn -0.093594 -0.991985 0.084887
vn -0.028775 -0.674627 0.737598
vn -0.093639 -0.991985 0.084836
vn 0.451883 -0.720303 0.526275
vn -0.093642 -0.991985 0.084838
vn 0.605643 -0.795254 0.027707
vn -0.093621 -0.991988 0.084825
vn -0.481203 -0.703694 0.522741
vn -0.036303 -0.724848 0.687952
vn -0.694063 -0.713194 0.098138
vn 0.385054 -0.789309 0.478252
vn 0.547784 -0.835915 0.034337
vn 0.333685 -0.858646 -0.389077
vn -0.109935 -0.824285 -0.555400
vn -0.532548 -0.773072 -0.344606
vn -0.977421 -0.198030 0.073712
vn -0.658316 -0.181476 0.730538
vn -0.600958 0.406520 0.688180
vn -0.957614 0.286058 0.033847
vn 0.601453 -0.420923 -0.679027
vn -0.083872 -0.367865 -0.926089
vn -0.040655 0.104725 -0.993670
vn 0.660508 0.159513 -0.733679
vn -0.737722 -0.288630 -0.610294
vn -0.680025 0.301723 -0.668228
vn -0.183227 -0.965456 0.185261
vn -0.477284 -0.709669 0.518238
vn -0.669532 -0.736226 0.098479
vn -0.247149 -0.964625 0.091738
vn -0.083326 -0.967522 0.238659
vn 0.009151 -0.984451 0.175423
vn 0.062205 -0.995176 0.075862
vn -0.002265 -0.999849 -0.017227
vn -0.101672 -0.992276 -0.071076
vn -0.194644 -0.980846 -0.007338
vn -0.528130 -0.778218 -0.339788
vn -0.110288 -0.842508 -0.527274
vn 0.328862 -0.862893 -0.383753
vn 0.519442 -0.853683 0.037476
vn 0.379667 -0.794315 0.474254
vn -0.039780 -0.747371 0.663215
vn -0.401248 -0.807974 0.431484
vn -0.534385 -0.839454 0.098737
vn -0.441494 -0.862288 -0.248078
vn -0.110188 -0.920087 -0.375897
vn 0.237247 -0.929339 -0.282918
vn 0.367475 -0.928553 0.052462
vn 0.277477 -0.875034 0.396638
vn -0.056720 -0.847924 0.527074
vn 0.922321 -0.385691 -0.023791
vn 0.680856 -0.313759 0.661808
vn 0.028777 -0.215852 0.976002
vn -0.546088 0.588261 0.596437
vn 0.088073 0.422963 0.901857
vn -0.030959 0.195929 -0.980129
vn 0.119742 0.228114 -0.966243
vn -0.892069 0.451589 0.016735
vn -0.497564 0.607422 0.619249
vn 0.953644 0.195031 -0.229187
vn 0.985948 0.151454 -0.070489
vn 0.707995 0.464370 0.532075
vn -0.170264 0.256763 -0.951358
vn 0.688239 0.461820 0.559508
vn 0.964104 0.253994 -0.077398
vn -0.924142 0.381278 0.024257
vn -0.907674 0.401416 -0.122447
vn 0.613513 0.360954 -0.702363
vn -0.890772 0.424227 0.162963
vn 0.633554 0.375908 -0.676242
vn -0.021922 0.277171 -0.960570
vn 0.081062 0.332344 0.939668
vn -0.063061 0.401639 0.913624
vn -0.613250 0.499077 -0.612248
vn 0.232538 0.372439 0.898452
vn -0.572438 0.506371 -0.644905
vn 0.972071 0.219903 0.081980
vn 0.074725 0.255600 0.963890
vn -0.058930 -0.079514 -0.995090
vn 0.661088 -0.125652 -0.739712
vn 0.645990 0.222189 -0.730294
vn -0.056514 -0.054057 -0.996937
vn 0.993860 -0.098181 -0.051011
vn 0.994408 -0.092186 -0.051524
vn 0.740984 0.263862 0.617511
vn -0.744425 0.013198 -0.667575
vn -0.677980 0.333943 -0.654847
vn 0.995010 0.075722 -0.064979
vn -0.993859 0.098196 0.051009
vn -0.991225 0.122815 0.048888
vn -0.661097 0.125686 0.739699
vn -0.602485 0.445929 0.661936
vn 0.058931 0.079547 0.995088
vn 0.061394 0.105846 0.992486
vn 0.744440 -0.013188 0.667559
vn 0.728360 0.334787 0.597837
vn -0.294441 0.864874 0.406568
vn 0.570085 -0.816565 0.090692
vn 0.298966 -0.911012 0.284037
vn 0.026118 0.985464 0.167864
vn -0.124629 -0.963986 -0.234946
vn 0.109921 -0.874106 -0.473134
vn -0.542257 0.833882 0.102946
vn -0.256014 0.950180 -0.177806
vn 0.093322 -0.892483 0.441321
vn 0.268881 0.963086 -0.013003
vn -0.321845 -0.944394 -0.067349
vn -0.027834 0.925979 -0.376547
vn -0.116617 -0.788573 0.603783
vn 0.484132 0.856051 -0.181088
vn -0.533450 -0.840696 0.093063
vn 0.190676 0.819355 -0.540648
vn -0.316620 -0.592107 0.741054
vn 0.682536 0.657055 -0.320035
vn -0.727679 -0.643513 0.237431
vn 0.386449 0.620027 -0.682805
vn -0.448723 -0.389580 0.804286
vn 0.805387 0.451695 -0.383827
vn -0.836515 -0.438067 0.329152
vn 0.494200 0.412783 -0.765099
vn -0.498451 -0.323454 0.804316
vn 0.847535 0.373606 -0.376966
vn -0.853320 -0.367831 0.369520
vn 0.503939 0.330640 -0.797949
vn -0.483403 -0.370858 0.792960
vn 0.833474 0.413523 -0.366498
vn -0.834461 -0.414764 0.362830
vn 0.486899 0.370177 -0.791137
vn -0.478037 -0.351295 0.805030
vn 0.836927 0.387952 -0.386067
vn -0.847060 -0.397437 0.352891
vn 0.509204 0.346975 -0.787603
vn -0.514491 -0.227260 0.826832
vn 0.875354 0.265236 -0.404235
vn -0.888102 -0.273974 0.369070
vn 0.546960 0.224169 -0.806588
vn -0.549764 -0.115381 0.827313
vn 0.903240 0.157117 -0.399338
vn -0.906917 -0.160055 0.389722
vn 0.558669 0.114018 -0.821516
vn -0.564323 -0.111971 0.817926
vn 0.910060 0.154379 -0.384654
vn -0.901111 -0.154091 0.405283
vn 0.546050 0.108854 -0.830650
vn -0.553715 -0.199927 0.808350
vn 0.896689 0.240232 -0.371803
vn -0.880880 -0.240836 0.407491
vn 0.522281 0.193417 -0.830549
vn -0.520166 -0.339203 0.783816
vn 0.861506 0.375994 -0.341226
vn -0.836382 -0.378347 0.396634
vn 0.470519 0.327742 -0.819266
vn -0.428471 -0.544078 0.721382
vn 0.779297 0.563824 -0.273494
vn -0.734650 -0.578387 0.354622
vn 0.361776 0.529454 -0.767331
vn -0.228478 -0.793039 0.564701
vn 0.608746 0.780783 -0.140739
vn -0.524585 -0.821950 0.221829
vn 0.153412 0.782011 -0.604089
vn 0.011518 -0.938639 0.344709
vn 0.352730 0.935381 0.025366
vn -0.284292 -0.958274 0.029806
vn -0.087388 0.926967 -0.364822
vn 0.158254 -0.966666 0.201276
vn 0.162633 0.972099 0.169041
vn -0.143727 -0.983642 -0.108590
vn -0.234206 0.948701 -0.212400
vn 0.235830 -0.963275 0.128394
vn 0.064952 0.958117 0.278913
vn -0.074447 -0.973797 -0.214887
vn -0.314673 0.939046 -0.138465
vn 0.329835 -0.942903 0.046288
vn -0.005605 0.924105 0.382098
vn 0.020844 -0.945679 -0.324432
vn -0.390292 0.917470 -0.076951
vn 0.471835 -0.879035 -0.068333
vn -0.114083 0.860984 0.495674
vn 0.161840 -0.879233 -0.448059
vn -0.508873 0.860754 0.012256
vn 0.613993 -0.766969 -0.186468
vn -0.249238 0.751504 0.610838
vn 0.305708 -0.766970 -0.564181
vn -0.648383 0.751508 0.121804
vn 0.740712 -0.605396 -0.291275
vn -0.372281 0.594126 0.713037
vn 0.433776 -0.605397 -0.667333
vn -0.773172 0.594121 0.221867
vn 0.836906 -0.400782 -0.372775
vn -0.465099 0.394534 0.792481
vn 0.532903 -0.400785 -0.745242
vn -0.869600 0.394530 0.296887
vn 0.891894 -0.177669 -0.415882
vn -0.521803 0.181315 0.833575
vn 0.586139 -0.177669 -0.790490
vn -0.921220 0.181313 0.344209
vn 0.902153 0.052047 -0.428266
vn -0.535486 -0.032048 0.843936
vn 0.600325 0.052048 -0.798061
vn -0.934105 -0.032042 0.355558
vn 0.858046 0.315451 -0.405274
vn -0.497318 -0.280644 0.820923
vn 0.568983 0.315452 -0.759440
vn -0.903924 -0.280641 0.322743
vn 0.873733 -0.464246 -0.145143
vn -0.601918 0.440472 0.666093
vn 0.366848 -0.527609 -0.766193
vn -0.815897 0.413718 0.403917
vn 0.941419 0.162702 -0.295395
vn -0.623788 -0.243679 0.742637
vn 0.464741 0.103075 -0.879427
vn -0.826928 -0.269088 0.493743
vn 0.648381 0.758520 -0.065186
vn -0.288994 -0.815543 0.501370
vn 0.121238 0.692572 -0.711088
vn -0.466439 -0.837739 0.283949
vn 0.066985 0.946996 0.314184
vn 0.252006 -0.964385 0.080347
vn -0.386255 0.890333 -0.241069
vn 0.069342 -0.987226 -0.143443
vn -0.386296 0.509876 0.768636
vn 0.725111 -0.595119 -0.346479
vn -0.878380 0.448320 0.165703
vn 0.545392 -0.617596 -0.566677
vn -0.386067 0.774760 0.500699
vn 0.817549 0.297109 -0.493295
vn -0.643791 0.742509 0.184972
vn 0.618647 0.272243 -0.736993
vn 0.708999 0.636922 -0.302737
vn -0.349960 -0.592395 0.725669
vn 0.438647 0.636924 -0.633969
vn -0.781073 -0.592393 0.197471
vn 0.397964 0.915256 -0.062701
vn -0.053187 -0.869258 0.491489
vn 0.141176 0.915257 -0.377325
vn -0.492169 -0.869264 -0.046378
vn 0.031735 0.972264 0.231722
vn 0.299310 -0.931092 0.208520
vn -0.220671 0.972262 -0.077525
vn -0.144319 -0.931087 -0.335037
vn -0.345189 0.769153 0.537819
vn 0.655933 -0.750790 -0.077886
vn -0.596255 0.769100 0.230141
vn 0.208886 -0.750262 -0.627274
vn -0.607305 0.263321 0.749562
vn 0.934735 -0.237140 -0.264642
vn -0.857540 0.261730 0.442857
vn 0.447821 -0.237270 -0.862067
vn -0.540386 -0.448201 0.712109
vn 0.872674 -0.341432 -0.349089
vn 0.516743 -0.341536 -0.785067
vn -0.803723 -0.449783 0.389518
vn 0.000000 1.000000 0.000000
vn -0.465184 0.885214 0.000000
vn -0.477450 0.711973 0.514914
vn -0.136240 0.758927 0.636764
vn -0.631938 -0.746008 0.210065
vn -0.667420 -0.744682 0.000000
vn 0.000000 -1.000000 0.000000
vn -0.209662 -0.910686 0.355939
vn -0.956107 0.293018 0.000000
vn -0.895344 0.256293 0.364242
vn 0.631938 -0.746008 0.210065
vn 0.667420 -0.744682 0.000000
vn 0.956107 0.293018 0.000000
vn 0.895344 0.256293 0.364242
vn -0.485812 0.089285 0.869491
vn -0.757235 -0.653142 0.000000
vn -0.955615 -0.294617 0.000000
vn -0.894989 -0.257802 0.364051
vn -0.683620 -0.693675 0.226888
vn -0.485827 -0.089768 0.869433
vn -0.458657 -0.428798 0.778310
vn 0.894989 -0.257802 0.364051
vn 0.955615 -0.294617 0.000000
vn 0.757235 -0.653142 0.000000
vn 0.683620 -0.693676 0.226888
vn -1.000000 -0.000653 0.000000
vn -0.940958 -0.000567 0.338523
vn 1.000000 -0.000652 0.000000
vn 0.940958 -0.000566 0.338523
vn -0.525082 -0.000218 0.851051
vn -0.927675 0.363855 0.083837
vn -0.927675 -0.363855 0.083837
vn -0.852301 -0.282169 0.440414
vn -0.852300 0.282169 0.440415
vn -0.397057 -0.275035 0.875615
vn -0.397056 0.275035 0.875615
vn 0.927675 -0.363855 0.083837
vn 0.927675 0.363855 0.083837
vn 0.852300 0.282169 0.440414
vn 0.852301 -0.282169 0.440414
vn -0.915842 0.392916 0.082768
vn -0.915842 -0.392916 0.082768
vn -0.830980 -0.305811 0.464707
vn -0.830980 0.305811 0.464707
vn -0.365350 -0.301007 0.880860
vn -0.365350 0.301007 0.880860
vn 0.915842 -0.392917 0.082768
vn 0.915842 0.392917 0.082768
vn 0.830980 0.305811 0.464707
vn 0.830980 -0.305811 0.464707
vn -0.820883 0.571097 -0.000188
vn -0.636541 0.705404 0.311803
vn -0.355019 0.570960 0.740247
vn 0.820883 0.571097 -0.000188
vn 0.636541 0.705404 0.311803
vn -0.631806 -0.775126 -0.000133
vn -0.495665 -0.843383 0.207414
vn -0.954835 -0.297135 0.000000
vn -0.830934 -0.143512 0.537543
vn -0.341480 -0.643999 0.684585
vn -0.338100 0.054052 0.939557
vn 0.631806 -0.775127 -0.000133
vn 0.495665 -0.843384 0.207414
vn 0.954835 -0.297135 0.000000
vn 0.830934 -0.143512 0.537543
vn -0.961569 -0.274564 -0.000211
vn -0.875955 -0.241706 0.417469
vn -0.417398 -0.073925 0.905712
vn 0.875955 -0.241707 0.417469
vn 0.961568 -0.274565 -0.000211
vn -0.995610 0.093599 0.000000
vn -0.989615 -0.143746 0.000000
vn -0.715008 -0.094411 0.692712
vn -0.734526 0.061651 0.675774
vn -0.977659 -0.210197 0.000000
vn -0.726708 -0.142279 0.672051
vn 0.734526 0.061651 0.675774
vn 0.995610 0.093599 0.000000
vn 0.465184 0.885214 0.000000
vn 0.477450 0.711973 0.514914
vn -0.222432 0.014156 0.974845
vn 0.977659 -0.210197 0.000000
vn 0.989615 -0.143746 0.000000
vn 0.715008 -0.094410 0.692712
vn 0.726708 -0.142279 0.672051
vn -0.219534 -0.020700 0.975385
vn -0.231788 -0.032122 0.972236
vn 0.907320 -0.420440 0.000000
vn 0.792372 -0.332961 0.511159
vn -0.327971 -0.098483 0.939540
vn -0.792372 -0.332961 0.511159
vn -0.907320 -0.420440 0.000000
vn -0.963373 -0.268164 0.000000
vn -0.750870 -0.190146 0.632486
vn 0.963373 -0.268164 0.000000
vn 0.750870 -0.190146 0.632486
vn -0.253319 -0.045572 0.966309
vn 0.939949 -0.341314 0.000000
vn 0.775826 -0.255963 0.576695
vn -0.285115 -0.067174 0.956137
vn -0.775826 -0.255963 0.576695
vn -0.939949 -0.341314 0.000000
vn 0.000000 -1.000000 0.000000
vn 0.000000 -1.000000 0.000000
vn 0.209661 -0.910687 0.355938
vn 0.000000 -0.946116 0.323828
vn 0.485810 0.089285 0.869492
vn 0.000000 0.019628 0.999807
vn 0.000000 -0.000046 1.000000
vn 0.525081 -0.000218 0.851053
vn 0.000000 -0.019748 0.999805
vn 0.485826 -0.089768 0.869434
vn 0.458656 -0.428798 0.778310
vn -0.000000 -0.286641 0.958038
vn 0.000000 -0.246266 0.969202
vn 0.397056 -0.275035 0.875616
vn 0.000000 0.246265 0.969202
vn 0.397055 0.275035 0.875616
vn 0.355018 0.570961 0.740248
vn -0.000000 0.541221 0.840880
vn 0.417397 -0.073925 0.905712
vn -0.000000 -0.017665 0.999844
vn 0.000000 -0.550714 0.834694
vn 0.341479 -0.643999 0.684585
vn -0.000000 -0.270408 0.962746
vn 0.365349 -0.301007 0.880861
vn -0.000000 0.270408 0.962746
vn 0.365349 0.301007 0.880861
vn 0.338099 0.054052 0.939557
vn 0.000000 0.120732 0.992685
vn 0.327970 -0.098482 0.939541
vn 0.000000 -0.017863 0.999840
vn 0.285114 -0.067174 0.956137
vn -0.000000 -0.011887 0.999929
vn 0.253318 -0.045571 0.966309
vn 0.000000 -0.008031 0.999968
vn 0.231788 -0.032122 0.972236
vn 0.000000 -0.005650 0.999984
vn 0.000000 -0.003582 0.999994
vn 0.219534 -0.020700 0.975385
vn 0.000000 0.002295 0.999997
vn 0.222432 0.014156 0.974845
vn 0.136240 0.758927 0.636764
vn 0.000000 0.791335 0.611383
vn 0.000000 1.000000 0.000000
vn 0.000000 1.000000 0.000000
vn -0.000000 0.000000 1.000000
vn 0.448402 0.476237 0.756396
vn 0.000000 0.661404 0.750030
vn -0.448394 0.476235 0.756401
vn -0.646309 0.000007 0.763076
vn -0.448386 -0.476242 0.756402
vn -0.000000 -0.661413 0.750022
vn 0.448393 -0.476243 0.756397
vn 0.646317 0.000007 0.763069
vn 0.600322 0.640007 -0.479587
vn 0.298102 0.319161 0.899595
vn -0.000000 0.447162 0.894453
vn 0.000000 0.883220 -0.468959
vn -0.298104 0.319162 0.899594
vn -0.600322 0.640007 -0.479587
vn -0.425544 0.000003 0.904938
vn -0.871071 0.000008 -0.491157
vn -0.298085 -0.319149 0.899605
vn -0.600300 -0.640017 -0.479603
vn 0.000000 -0.447155 0.894456
vn 0.000000 -0.883225 -0.468949
vn 0.298082 -0.319149 0.899606
vn 0.600299 -0.640017 -0.479602
vn 0.425536 0.000003 0.904942
vn 0.871071 0.000008 -0.491158
vn 0.635784 0.669782 -0.383628
vn 0.000000 0.926492 -0.376314
vn -0.635778 0.669783 -0.383637
vn -0.920237 -0.000005 -0.391362
vn -0.635755 -0.669800 -0.383645
vn 0.000000 -0.926493 -0.376313
vn 0.635755 -0.669800 -0.383646
vn 0.920240 -0.000001 -0.391355
vn 1.000000 0.000007 -0.000653
vn 0.689229 0.724543 -0.000663
vn 0.638598 0.672793 0.373554
vn 0.924502 -0.000000 0.381176
vn 0.689211 -0.724561 -0.000652
vn 0.638574 -0.672804 0.373575
vn -0.000000 -1.000000 -0.000653
vn -0.000000 -0.930477 0.366350
vn -0.689207 -0.724564 -0.000660
vn -0.638582 -0.672798 0.373572
vn -1.000000 0.000000 -0.000666
vn -0.924501 -0.000005 0.381179
vn -0.689233 0.724540 -0.000670
vn -0.638598 0.672788 0.373562
vn -0.000000 1.000000 -0.000669
vn 0.000000 0.930480 0.366343
vn 0.619587 0.654709 0.432977
vn 0.000000 0.903261 0.429092
vn 0.000000 0.323395 0.946264
vn 0.215133 0.227328 0.949758
vn 0.687357 0.726320 0.000000
vn -0.000000 1.000000 0.000000
vn 0.430912 0.449468 0.782492
vn -0.000000 0.629637 0.776889
vn -0.430917 0.449469 0.782489
vn -0.615698 -0.000003 0.787983
vn -0.430898 -0.449466 0.782501
vn 0.000000 -0.629617 0.776906
vn 0.430893 -0.449466 0.782503
vn 0.615693 -0.000003 0.787986
vn -0.215133 0.227324 0.949759
vn -0.284735 0.000000 0.958606
vn -0.189199 -0.199928 0.961370
vn 0.000000 -0.280438 0.959872
vn 0.189199 -0.199931 0.961369
vn 0.284730 -0.000000 0.958608
vn -0.619591 0.654705 0.432975
vn -0.687361 0.726315 0.000000
vn -0.894856 0.000000 0.446355
vn -1.000000 0.000000 0.000000
vn -0.609245 -0.643779 0.463000
vn -0.687358 -0.726319 0.000000
vn 0.000000 -0.857011 0.515298
vn 0.000000 -1.000000 0.000000
vn 0.609241 -0.643782 0.463001
vn 0.687353 -0.726323 0.000000
vn 0.894857 -0.000000 0.446353
vn 1.000000 -0.000000 0.000000
vn 0.000000 1.000000 0.000000
vn 0.000000 1.000000 0.000000
vn -0.007369 0.987729 0.156004
vn 0.007369 0.987729 0.156004
vn 0.000000 -1.000000 0.000000
vn 0.000000 -1.000000 0.000000
vn 0.007369 -0.987729 0.156004
vn -0.007369 -0.987729 0.156004
vn -0.696368 0.717685 0.000000
vn -0.628664 0.772353 0.090836
vn -0.218839 0.959387 0.178006
vn 0.000000 1.000000 0.000000
vn 0.000000 -1.000000 0.000000
vn -0.218839 -0.959387 0.178006
vn -0.628664 -0.772354 0.090836
vn -0.696368 -0.717685 0.000000
vn 0.696368 -0.717685 0.000000
vn 0.628664 -0.772354 0.090836
vn 0.218839 -0.959387 0.178006
vn 0.000000 -1.000000 0.000000
vn 0.000000 1.000000 0.000000
vn 0.218839 0.959387 0.178006
vn 0.628665 0.772353 0.090836
vn 0.696369 0.717684 0.000000
vn -0.846166 0.532920 0.000000
vn -0.869117 0.478399 0.125579
vn 0.846166 0.532919 0.000000
vn 0.869117 0.478399 0.125579
vn 0.045381 0.273804 0.960714
vn -0.045381 0.273804 0.960714
vn -0.670378 0.503238 0.545294
vn 0.670377 0.503238 0.545294
vn 0.846167 -0.532918 0.000000
vn 0.869118 -0.478398 0.125579
vn 0.670378 -0.503238 0.545293
vn 0.045380 -0.273804 0.960714
vn -0.045380 -0.273804 0.960714
vn -0.670378 -0.503238 0.545294
vn -0.869118 -0.478398 0.125579
vn -0.846166 -0.532919 0.000000
vn -0.988620 0.047187 0.142846
vn -0.999284 0.037843 0.000000
vn -0.999284 -0.037843 0.000000
vn -0.988620 -0.047187 0.142846
vn 0.999284 -0.037843 0.000000
vn 0.988620 -0.047187 0.142846
vn 0.999284 0.037843 0.000000
vn 0.988620 0.047187 0.142846
vn 0.774788 -0.050041 0.630238
vn 0.774788 0.050041 0.630238
vn 0.047135 -0.042316 0.997992
vn 0.047135 0.042316 0.997992
vn -0.047135 -0.042316 0.997992
vn -0.047135 0.042316 0.997992
vn -0.774788 -0.050041 0.630238
vn -0.774788 0.050041 0.630238
vn -0.000001 -1.000000 0.000002
vn 0.448391 -0.756411 0.476223
vn -0.000000 -0.750052 0.661379
vn -0.448372 -0.756424 0.476219
vn -0.646294 -0.763088 0.000001
vn -0.448377 -0.756426 -0.476212
vn -0.000000 -0.750046 -0.661386
vn 0.448395 -0.756413 -0.476215
vn 0.646315 -0.763071 0.000001
vn 0.600323 0.479586 0.640008
vn 0.298069 -0.899620 0.319123
vn 0.000000 -0.894482 0.447104
vn 0.000000 0.468954 0.883223
vn -0.298077 -0.899615 0.319128
vn -0.600331 0.479574 0.640009
vn -0.425495 -0.904961 0.000001
vn -0.871077 0.491146 0.000002
vn -0.298048 -0.899633 -0.319104
vn -0.600303 0.479606 -0.640011
vn 0.000001 -0.894491 -0.447086
vn 0.000001 0.468972 -0.883213
vn 0.298040 -0.899637 -0.319100
vn 0.600297 0.479613 -0.640012
vn 0.425481 -0.904967 0.000001
vn 0.871066 0.491167 0.000001
vn 0.635776 0.383601 0.669805
vn -0.000000 0.376283 0.926505
vn -0.635766 0.383605 0.669813
vn -0.920249 0.391332 -0.000000
vn -0.635760 0.383633 -0.669802
vn 0.000000 0.376321 -0.926489
vn 0.635771 0.383626 -0.669796
vn 0.920254 0.391322 -0.000000
vn 1.000000 0.000657 -0.000001
vn 0.689220 0.000676 0.724552
vn 0.638583 -0.373540 0.672815
vn 0.924512 -0.381154 -0.000000
vn 0.689228 0.000677 -0.724545
vn 0.638588 -0.373549 -0.672805
vn -0.000000 0.000697 -1.000000
vn 0.000000 -0.366339 -0.930482
vn -0.689226 0.000688 -0.724546
vn -0.638587 -0.373564 -0.672797
vn -1.000000 0.000677 -0.000001
vn -0.924500 -0.381183 -0.000000
vn -0.689218 0.000688 0.724553
vn -0.638581 -0.373555 0.672808
vn -0.000000 0.000697 1.000000
vn -0.000000 -0.366332 0.930484
vn 0.619582 -0.432979 0.654711
vn 0.000000 -0.429100 0.903257
vn -0.000000 -0.946232 0.323488
vn 0.215196 -0.949727 0.227397
vn 0.687353 0.000000 0.726324
vn 0.000000 0.000000 1.000000
vn 0.430926 -0.782470 0.449492
vn 0.000000 -0.776873 0.629657
vn -0.430929 -0.782463 0.449502
vn -0.615740 -0.787949 -0.000001
vn -0.430916 -0.782481 -0.449484
vn 0.000000 -0.776899 -0.629625
vn 0.430913 -0.782487 -0.449476
vn 0.615723 -0.787962 -0.000002
vn -0.215185 -0.949732 0.227386
vn -0.284796 -0.958588 0.000000
vn -0.189253 -0.961349 -0.199978
vn -0.000000 -0.959848 -0.280520
vn 0.189264 -0.961345 -0.199988
vn 0.284826 -0.958579 0.000000
vn -0.619571 -0.432999 0.654709
vn -0.687347 0.000000 0.726329
vn -0.894836 -0.446395 0.000000
vn -1.000000 0.000000 0.000000
vn -0.609237 -0.463021 -0.643772
vn -0.687357 0.000000 -0.726320
vn 0.000000 -0.515303 -0.857008
vn 0.000000 0.000000 -1.000000
vn 0.609248 -0.463003 -0.643774
vn 0.687362 0.000000 -0.726315
vn 0.894854 -0.446359 0.000000
vn 1.000000 0.000000 0.000000
vn -0.000000 0.000001 1.000000
vn 0.448394 0.476230 0.756404
vn -0.000000 0.661394 0.750039
vn -0.448387 0.476229 0.756409
vn -0.646300 0.000007 0.763083
vn -0.448379 -0.476237 0.756409
vn -0.000000 -0.661400 0.750033
vn 0.448386 -0.476238 0.756404
vn 0.646308 0.000007 0.763077
vn 0.600333 0.640018 -0.479560
vn 0.298085 0.319143 0.899607
vn 0.000000 0.447138 0.894465
vn 0.000000 0.883236 -0.468930
vn -0.298088 0.319144 0.899606
vn -0.600333 0.640018 -0.479560
vn -0.425521 0.000002 0.904949
vn -0.871086 0.000008 -0.491130
vn -0.298071 -0.319137 0.899614
vn -0.600311 -0.640028 -0.479574
vn -0.000000 -0.447136 0.894466
vn 0.000000 -0.883240 -0.468921
vn 0.298068 -0.319136 0.899615
vn 0.600311 -0.640029 -0.479573
vn 0.425514 0.000003 0.904952
vn 0.871086 0.000009 -0.491130
vn 0.635784 0.669782 -0.383629
vn -0.000000 0.926492 -0.376315
vn -0.635778 0.669783 -0.383637
vn -0.920237 -0.000005 -0.391362
vn -0.635755 -0.669800 -0.383646
vn 0.000000 -0.926493 -0.376312
vn 0.635755 -0.669800 -0.383645
vn 0.920240 -0.000000 -0.391355
vn 1.000000 0.000007 -0.000653
vn 0.689229 0.724543 -0.000663
vn 0.638598 0.672792 0.373554
vn 0.924503 -0.000001 0.381174
vn 0.689212 -0.724559 -0.000660
vn 0.638583 -0.672801 0.373566
vn 0.000000 -1.000000 -0.000667
vn -0.000000 -0.930483 0.366334
vn -0.689209 -0.724563 -0.000668
vn -0.638590 -0.672795 0.373564
vn -1.000000 0.000000 -0.000667
vn -0.924502 -0.000005 0.381177
vn -0.689233 0.724539 -0.000670
vn -0.638599 0.672788 0.373561
vn -0.000000 1.000000 -0.000670
vn -0.000000 0.930480 0.366343
vn 0.619586 0.654708 0.432978
vn -0.000000 0.903260 0.429094
vn -0.000001 0.323399 0.946263
vn 0.215139 0.227331 0.949756
vn 0.687356 0.726320 0.000000
vn 0.000000 1.000000 0.000000
vn 0.430893 0.449449 0.782513
vn -0.000000 0.629609 0.776912
vn -0.430897 0.449449 0.782511
vn -0.615671 -0.000003 0.788004
vn -0.430882 -0.449447 0.782521
vn -0.000000 -0.629596 0.776922
vn 0.430877 -0.449447 0.782523
vn 0.615667 -0.000003 0.788007
vn -0.215139 0.227328 0.949757
vn -0.284738 0.000000 0.958605
vn -0.189203 -0.199930 0.961369
vn 0.000000 -0.280432 0.959874
vn 0.189202 -0.199932 0.961369
vn 0.284733 -0.000000 0.958607
vn -0.619591 0.654705 0.432977
vn -0.687361 0.726316 0.000000
vn -0.894855 -0.000000 0.446357
vn -1.000000 -0.000000 0.000000
vn -0.609242 -0.643777 0.463008
vn -0.687357 -0.726320 0.000000
vn 0.000000 -0.857004 0.515310
vn 0.000000 -1.000000 0.000000
vn 0.609237 -0.643780 0.463010
vn 0.687352 -0.726324 0.000000
vn 0.894855 -0.000000 0.446356
vn 1.000000 -0.000000 0.000000
vn -0.083011 -0.053107 0.995133
vn -0.092165 -0.072471 0.993103
vn -0.582811 -0.054372 0.810787
vn -0.520379 0.023292 0.853618
vn -0.068267 -0.036129 0.997013
vn -0.455271 0.069122 0.887666
vn 0.075990 -0.075786 0.994224
vn 0.096576 -0.071654 0.992743
vn 0.064811 -0.069778 0.995455
vn 0.501777 -0.126493 0.855698
vn 0.575930 -0.055880 0.815587
vn 0.437560 -0.155618 0.885621
vn 0.505154 -0.167020 0.846714
vn 0.573904 -0.129790 0.808572
vn 0.649461 -0.047373 0.758918
vn 0.980220 -0.152875 -0.125691
vn 0.994457 -0.005746 -0.104989
vn 0.990102 -0.012069 0.139833
vn 0.972911 -0.159355 0.167481
vn 0.956541 -0.251775 -0.147100
vn 0.946271 -0.257004 0.196265
vn 0.648658 -0.168555 -0.742180
vn 0.721562 -0.109766 -0.683594
vn 0.790875 -0.001827 -0.611975
vn 0.325946 -0.047673 -0.944186
vn 0.387712 0.003221 -0.921775
vn 0.274592 -0.070813 -0.958950
vn -0.802388 0.000051 -0.596802
vn -0.750265 0.103823 -0.652934
vn -0.984906 0.132722 -0.111110
vn -0.995457 -0.003434 -0.095151
vn -0.687999 0.165280 -0.706640
vn -0.964880 0.228746 -0.129160
vn -0.958796 0.218905 0.181085
vn -0.979903 0.122668 0.157297
vn -0.990535 -0.013942 0.136551
vn -0.090415 -0.091573 0.991685
vn -0.083207 -0.097378 0.991763
vn -0.601675 -0.302091 0.739411
vn -0.618160 -0.181091 0.764908
vn 0.122279 -0.051003 0.991184
vn 0.135852 -0.011433 0.990663
vn 0.705048 0.082402 0.704356
vn 0.635495 0.061624 0.769642
vn 0.709460 0.230425 0.666011
vn 0.646421 0.199860 0.736340
vn 0.827727 0.146061 -0.541789
vn 0.981409 0.170590 -0.087945
vn 0.815331 0.300198 -0.495092
vn 0.936153 0.342891 -0.077734
vn 0.934867 0.339014 0.105328
vn 0.979190 0.165183 0.117905
vn 0.439968 0.081341 -0.894322
vn 0.459911 0.169074 -0.871720
vn -0.975004 -0.206247 -0.082641
vn -0.968980 -0.216038 0.120022
vn -0.914026 -0.398410 -0.076333
vn -0.907644 -0.404996 0.110277
vn -0.786335 -0.338963 -0.516510
vn -0.819099 -0.170127 -0.547844
vn -0.071473 -0.097174 0.992698
vn -0.052436 -0.102995 0.993299
vn -0.494116 -0.452226 0.742523
vn -0.555147 -0.383755 0.737932
vn 0.137733 0.026431 0.990117
vn 0.143586 0.053942 0.988167
vn 0.670295 0.357240 0.650449
vn 0.614349 0.318412 0.721934
vn 0.604232 0.456704 0.652936
vn 0.557524 0.410922 0.721325
vn 0.765993 0.429987 -0.477877
vn 0.870149 0.487216 -0.073898
vn 0.690219 0.532346 -0.490108
vn 0.790251 0.608021 -0.076250
vn 0.788757 0.605767 0.104446
vn 0.868994 0.484411 0.100972
vn 0.446160 0.245015 -0.860761
vn 0.401899 0.298754 -0.865577
vn -0.842599 -0.533197 -0.075683
vn -0.836465 -0.537196 0.108384
vn -0.759801 -0.645455 -0.078041
vn -0.753993 -0.647425 0.111066
vn -0.652725 -0.550696 -0.520274
vn -0.728695 -0.457165 -0.509905
vn -0.031180 -0.116036 0.992755
vn -0.011300 -0.133876 0.990934
vn -0.347420 -0.590106 0.728749
vn -0.423706 -0.520958 0.740997
vn 0.147084 0.079481 0.985926
vn 0.142486 0.108620 0.983819
vn 0.506691 0.538177 0.673520
vn 0.473556 0.487927 0.733261
vn 0.379115 0.602625 0.702222
vn 0.364358 0.550723 0.750964
vn 0.576833 0.612330 -0.540662
vn 0.683339 0.724905 -0.086948
vn 0.424681 0.666072 -0.613184
vn 0.532192 0.840019 -0.105543
vn 0.529690 0.836421 0.140811
vn 0.681229 0.722443 0.118336
vn 0.323661 0.326068 -0.888213
vn 0.222597 0.325271 -0.919048
vn -0.658753 -0.747875 -0.082021
vn -0.653663 -0.747961 0.115239
vn -0.542732 -0.835489 -0.086026
vn -0.538720 -0.834050 0.118915
vn -0.453308 -0.696687 -0.556003
vn -0.558532 -0.631159 -0.538220
vn 0.002587 -0.155443 0.987841
vn -0.000166 -0.181660 0.983361
vn -0.170860 -0.707285 0.685970
vn -0.262914 -0.655325 0.708114
vn 0.114707 0.138119 0.983751
vn 0.050655 0.157156 0.986274
vn 0.227130 0.645439 0.729261
vn 0.229358 0.595633 0.769816
vn 0.042635 0.656951 0.752727
vn 0.059290 0.610987 0.789417
vn 0.248868 0.688452 -0.681248
vn 0.331072 0.934929 -0.127666
vn 0.051125 0.682281 -0.729300
vn 0.063267 0.986967 -0.147962
vn 0.062447 0.980474 0.186469
vn 0.328947 0.929682 0.165787
vn 0.123162 0.306624 -0.943829
vn 0.031814 0.280785 -0.959243
vn -0.412167 -0.906756 -0.088955
vn -0.409483 -0.904243 0.121115
vn -0.268821 -0.959017 -0.089565
vn -0.267799 -0.955899 0.120588
vn -0.218724 -0.790664 -0.571849
vn -0.339339 -0.748903 -0.569204
vn -0.950868 -0.192411 -0.242546
vn -0.800041 -0.067079 -0.596183
vn -0.706483 -0.459145 -0.538579
vn -0.835778 -0.496639 -0.234147
vn -0.826956 -0.358919 0.432805
vn -0.973688 -0.075604 0.214977
vn -0.921822 0.372532 0.107076
vn -0.929622 0.351697 -0.110058
vn -0.769804 0.324309 -0.549750
vn -0.852537 -0.472175 -0.224122
vn -0.773455 -0.375846 -0.510399
vn -0.437341 -0.667001 -0.603193
vn -0.605834 -0.760962 -0.232170
vn -0.528497 -0.822609 0.209772
vn -0.718113 -0.569235 0.400356
vn -0.041586 0.156588 0.986788
vn -0.006103 -0.210880 0.977493
vn -0.152858 0.132941 0.979266
vn 0.000594 -0.240504 0.970648
vn -0.170642 0.626100 0.760842
vn -0.141984 0.585106 0.798431
vn -0.399436 0.543583 0.738220
vn -0.361622 0.508635 0.781358
vn -0.174205 0.643966 -0.744957
vn -0.268743 0.950558 -0.155619
vn -0.425142 0.564189 -0.707775
vn -0.603332 0.785228 -0.139311
vn -0.600458 0.780499 0.173987
vn -0.267612 0.943999 0.193001
vn -0.060104 0.256782 -0.964599
vn -0.172412 0.237870 -0.955872
vn -0.099577 -0.991122 -0.088097
vn -0.100208 -0.987812 0.119105
vn 0.123422 -0.988717 -0.084885
vn 0.121142 -0.985807 0.116233
vn 0.107688 -0.824484 -0.555544
vn -0.078015 -0.819292 -0.568045
vn 0.090395 -0.732429 0.674816
vn -0.058589 -0.737420 0.672889
vn -0.239208 0.084106 0.967319
vn 0.011726 -0.279993 0.959930
vn -0.309485 0.046054 0.949788
vn -0.015560 -0.328674 0.944315
vn -0.568722 0.444653 0.691982
vn -0.527501 0.419089 0.738991
vn -0.662576 0.384155 0.642976
vn -0.631348 0.359342 0.687222
vn -0.609296 0.440620 -0.659252
vn -0.809242 0.577311 -0.108806
vn -0.807958 0.573266 0.136272
vn -0.343996 0.210385 -0.915098
vn 0.264108 -0.961303 -0.078382
vn 0.268315 -0.958100 0.100262
vn 0.129101 -0.986191 -0.103728
vn 0.140832 -0.985229 0.097414
vn 0.147252 -0.860273 -0.488107
vn 0.208186 -0.821723 -0.530500
vn 0.201659 -0.698928 0.686173
vn 0.199869 -0.702734 0.682801
vn 0.057735 -0.061098 0.996461
vn -0.055618 -0.023960 0.998165
vn -0.064058 -0.015845 0.997820
vn 0.044533 -0.053853 0.997555
vn 0.385143 -0.160536 0.908787
vn 0.447148 -0.175902 0.876993
vn 0.359144 -0.158335 0.919753
vn 0.411794 -0.172353 0.894830
vn 0.935841 -0.308827 -0.169788
vn 0.581388 -0.190211 -0.791080
vn 0.922333 -0.312136 0.227758
vn 0.906454 -0.329033 0.264722
vn 0.925360 -0.327322 -0.191233
vn 0.511801 -0.179351 -0.840175
vn 0.234420 -0.076473 -0.969123
vn 0.218369 -0.075955 -0.972906
vn -0.943798 0.295587 -0.147895
vn -0.935706 0.317407 -0.153971
vn -0.930655 0.309824 0.194652
vn -0.935974 0.286124 0.205149
vn -0.630771 0.199085 -0.749996
vn -0.637272 0.217812 -0.739217
vn -0.396987 0.092819 0.913119
vn -0.372705 0.097654 0.922797
vn -0.527365 0.092468 0.844592
vn -0.465605 0.119454 0.876894
vn -0.447753 0.127636 0.885001
vn -0.595114 0.041014 0.802594
vn -0.657076 -0.046178 0.752408
vn -0.687317 -0.189081 0.701316
vn -0.664549 -0.326135 0.672318
vn -0.613657 -0.418353 0.669631
vn -0.548694 -0.492820 0.675325
vn -0.473892 -0.563950 0.676304
vn -0.392824 -0.633069 0.667018
vn -0.302136 -0.697692 0.649569
vn -0.200337 -0.750372 0.629927
vn -0.074984 -0.782404 0.618241
vn 0.093097 -0.779638 0.619272
vn 0.216308 -0.754237 0.619950
vn 0.252583 -0.742597 0.620284
vn -0.312646 0.076028 -0.946822
vn -0.272402 0.086169 -0.958317
vn -0.252521 0.086936 -0.963678
vn -0.359798 0.052641 -0.931544
vn -0.411964 0.006778 -0.911175
vn -0.456636 -0.085406 -0.885545
vn -0.459487 -0.192283 -0.867121
vn -0.426927 -0.266719 -0.864057
vn -0.374891 -0.319581 -0.870244
vn -0.310899 -0.358636 -0.880183
vn -0.244449 -0.386972 -0.889099
vn -0.177205 -0.409660 -0.894861
vn -0.109998 -0.430924 -0.895659
vn -0.031810 -0.450518 -0.892201
vn 0.070815 -0.460564 -0.884797
vn 0.105097 -0.504054 -0.857254
vn -0.091521 -0.028542 0.995394
vn -0.091248 -0.035547 0.995194
vn -0.608927 -0.128176 0.782802
vn -0.632195 -0.048179 0.773310
vn -0.091270 -0.018562 0.995653
vn -0.635212 0.043107 0.771134
vn 0.634591 -0.043669 0.771614
vn 0.619732 0.009244 0.784759
vn 0.111156 -0.014822 0.993693
vn 0.121453 -0.029277 0.992165
vn 0.632251 -0.103310 0.767844
vn 0.123403 -0.043787 0.991390
vn 0.709877 -0.111029 0.695520
vn 0.713371 -0.047428 0.699180
vn 0.699358 0.008158 0.714725
vn 0.999755 0.022120 -0.000240
vn 0.998717 -0.050635 -0.000969
vn 0.949161 -0.046794 -0.311293
vn 0.945047 0.022583 -0.326154
vn 0.990844 -0.135008 -0.000825
vn 0.942192 -0.126915 -0.310108
vn 0.416587 -0.019466 -0.908888
vn 0.404680 0.011958 -0.914380
vn 0.414591 -0.055320 -0.908325
vn -0.932945 -0.195192 -0.302511
vn -0.953578 -0.060616 -0.294982
vn -0.997793 -0.066374 0.001896
vn -0.978220 -0.207563 0.001497
vn -0.953452 0.085216 -0.289254
vn -0.996221 0.086841 0.001435
vn -0.096083 -0.015178 0.995258
vn -0.629376 0.068793 0.774050
vn -0.100397 -0.021641 0.994712
vn -0.623417 0.034926 0.781109
vn 0.622717 -0.115144 0.773929
vn 0.114906 -0.046270 0.992298
vn 0.615955 -0.074844 0.784218
vn 0.107330 -0.040307 0.993406
vn 0.692455 -0.076144 0.717432
vn 0.698998 -0.122921 0.704480
vn 0.988388 -0.151951 0.000604
vn 0.935132 -0.141601 -0.324774
vn 0.996224 -0.086810 0.001436
vn 0.936737 -0.079850 -0.340805
vn 0.405748 -0.060842 -0.911958
vn 0.397035 -0.035984 -0.917098
vn -0.950597 0.128754 -0.282468
vn -0.991143 0.132796 -0.000211
vn -0.955841 0.081825 -0.282265
vn -0.996403 0.084725 -0.001353
vn -0.104858 -0.037518 0.993779
vn -0.618380 -0.044086 0.784642
vn -0.111280 -0.068646 0.991415
vn -0.611210 -0.183422 0.769921
vn 0.611982 -0.003642 0.790864
vn 0.103491 -0.030347 0.994167
vn 0.613850 0.097740 0.783348
vn 0.100899 -0.017287 0.994747
vn 0.688108 0.114287 0.716551
vn 0.688534 0.004118 0.725192
vn 0.999577 0.029050 0.001343
vn 0.936607 0.028615 -0.349211
vn 0.983203 0.182512 0.001348
vn 0.923245 0.172789 -0.343167
vn 0.390495 0.008068 -0.920570
vn 0.390958 0.067549 -0.917927
vn -0.958959 -0.038622 -0.280902
vn -0.999235 -0.039020 -0.002452
vn -0.930233 -0.252166 -0.266605
vn -0.966170 -0.257890 -0.003070
vn -0.082270 -0.039031 0.995845
vn 0.109077 0.001878 0.994032
vn -0.068734 -0.042911 0.996712
vn 0.103820 0.029458 0.994160
vn -0.516692 -0.282442 0.808243
vn -0.572403 -0.191434 0.797313
vn 0.673466 0.084290 0.734397
vn 0.590917 0.076589 0.803089
vn 0.623502 0.214184 0.751911
vn 0.541881 0.188792 0.818976
vn 0.933589 0.123929 -0.336234
vn 0.991392 0.130914 -0.001983
vn 0.885883 0.308874 -0.346132
vn 0.944534 0.328393 -0.003725
vn 0.381311 0.052021 -0.922982
vn 0.345071 0.122713 -0.930520
vn -0.946098 -0.323873 0.002122
vn -0.897668 -0.304146 -0.318886
vn -0.872585 -0.488453 0.003117
vn -0.823998 -0.457098 -0.334795
vn -0.058968 -0.046909 0.997157
vn 0.087738 0.054667 0.994642
vn -0.051141 -0.046735 0.997597
vn 0.066472 0.075552 0.994924
vn -0.344685 -0.427136 0.835911
vn -0.441386 -0.373450 0.815913
vn 0.551659 0.335034 0.763823
vn 0.476353 0.294061 0.828623
vn 0.457565 0.423254 0.781978
vn 0.387304 0.370035 0.844434
vn 0.797482 0.485722 -0.357907
vn 0.854803 0.518941 -0.003292
vn 0.683437 0.629153 -0.370243
vn 0.737037 0.675842 -0.003773
vn 0.302532 0.188008 -0.934413
vn 0.248965 0.235254 -0.939506
vn -0.749347 -0.662171 0.002922
vn -0.706513 -0.619282 -0.342534
vn -0.588077 -0.808797 0.003513
vn -0.551763 -0.750532 -0.363676
vn -0.034363 -0.054498 0.997922
vn 0.048965 0.085704 0.995117
vn 0.010760 -0.084036 0.996405
vn 0.052798 0.088976 0.994633
vn -0.110524 -0.469848 0.875801
vn -0.230225 -0.445877 0.864980
vn 0.336958 0.482640 0.808405
vn 0.277213 0.415349 0.866394
vn 0.198149 0.530863 0.823967
vn 0.164488 0.450532 0.877476
vn 0.529845 0.752222 -0.391698
vn 0.578063 0.815979 -0.004647
vn 0.317818 0.852097 -0.415839
vn 0.353737 0.935320 -0.006805
vn 0.179900 0.265742 -0.947110
vn 0.094823 0.279859 -0.955347
vn -0.403132 -0.915135 0.003673
vn -0.374722 -0.838196 -0.396247
vn -0.231329 -0.972871 0.003054
vn -0.213555 -0.881776 -0.420554
vn 0.066926 -0.127500 0.989578
vn 0.056656 0.098106 0.993562
vn 0.096416 -0.170031 0.980711
vn 0.019988 0.120085 0.992562
vn 0.118598 -0.615401 0.779241
vn 0.010058 -0.532706 0.846240
vn 0.035520 0.575948 0.816715
vn 0.033500 0.497608 0.866755
vn -0.134398 0.592198 0.794506
vn -0.119363 0.526681 0.841641
vn 0.048933 0.895238 -0.442893
vn 0.061809 0.998061 -0.007370
vn -0.205580 0.861506 -0.464268
vn -0.222197 0.974979 -0.006752
vn 0.003270 0.274224 -0.961660
vn -0.072870 0.252362 -0.964885
vn -0.061527 -0.998102 0.002553
vn -0.058299 -0.908362 -0.414102
vn 0.099409 -0.995046 0.001406
vn 0.091669 -0.924000 -0.371243
vn -0.990037 -0.124824 0.065166
vn -0.998375 -0.042413 -0.038070
vn -0.987752 0.049862 -0.147851
vn -0.968165 -0.209440 -0.137079
vn -0.960152 0.279227 -0.011877
vn -0.941844 0.293009 -0.164544
vn -0.945494 -0.323395 -0.038170
vn -0.974587 -0.223592 0.013684
vn -0.982919 -0.146103 -0.111914
vn -0.888769 -0.404494 -0.215579
vn -0.307827 0.573172 0.759419
vn -0.282702 0.520383 0.805780
vn -0.520668 0.514617 0.681230
vn -0.485503 0.478280 0.731803
vn -0.189272 0.132332 0.972967
vn -0.058024 0.134070 0.989272
vn -0.434041 0.775405 -0.458645
vn -0.475795 0.879545 -0.004438
vn -0.677622 0.623244 -0.390377
vn -0.721646 0.692261 0.001334
vn -0.145361 0.234946 -0.961078
vn -0.281603 0.235268 -0.930241
vn 0.219359 -0.975644 -0.000383
vn 0.209940 -0.927380 -0.309663
vn 0.316456 -0.948607 -0.001101
vn 0.308918 -0.917351 -0.251072
vn 0.104826 -0.219730 0.969913
vn 0.084359 -0.274879 0.957771
vn 0.281470 -0.727657 0.625531
vn 0.207697 -0.684713 0.698592
vn -0.732343 0.412933 0.541442
vn -0.691199 0.402373 0.600284
vn -0.851938 0.332785 0.404297
vn -0.826785 0.335979 0.451159
vn -0.562237 0.103344 0.820494
vn -0.383622 0.123395 0.915209
vn -0.849176 0.441321 -0.290062
vn -0.885098 0.465374 0.005303
vn -0.579511 0.227892 -0.782453
vn 0.370598 -0.928782 -0.004675
vn 0.348605 -0.912369 -0.214609
vn -0.022864 -0.999109 -0.035485
vn 0.067810 -0.983243 -0.169221
vn 0.030506 -0.339231 0.940208
vn -0.082806 -0.430763 0.898658
vn 0.271526 -0.776699 0.568342
vn 0.335653 -0.744019 0.577730
vn -0.107952 -0.097104 0.989403
vn -0.587743 -0.327345 0.739867
vn -0.100220 -0.106832 0.989213
vn -0.554426 -0.401108 0.729194
vn 0.611657 0.230605 0.756768
vn 0.679402 0.258504 0.686724
vn 0.100838 0.002529 0.994900
vn 0.583512 0.340463 0.737291
vn 0.100471 0.024630 0.994635
vn 0.643618 0.380236 0.664211
vn 0.879642 0.352935 -0.318853
vn 0.928937 0.370232 0.002075
vn 0.852446 0.522811 0.002338
vn 0.812543 0.501276 -0.297483
vn 0.398909 0.155907 -0.903640
vn 0.388055 0.239194 -0.890056
vn -0.825332 -0.564647 -0.000929
vn -0.886581 -0.462571 -0.001514
vn -0.857652 -0.448219 -0.252058
vn -0.799859 -0.545948 -0.249332
vn -0.090275 -0.109424 0.989887
vn -0.507955 -0.444903 0.737593
vn -0.077753 -0.114397 0.990388
vn -0.438620 -0.499226 0.747252
vn 0.528890 0.413849 0.740948
vn 0.583218 0.463240 0.667282
vn 0.092953 0.042151 0.994778
vn 0.451838 0.482071 0.750633
vn 0.077907 0.057374 0.995308
vn 0.499228 0.539915 0.677690
vn 0.737258 0.607071 -0.296508
vn 0.773366 0.633955 0.002334
vn 0.670900 0.741544 0.002200
vn 0.638422 0.707327 -0.303489
vn 0.351353 0.289026 -0.890514
vn 0.301101 0.329786 -0.894751
vn -0.673984 -0.738744 -0.001783
vn -0.768131 -0.640291 -0.001394
vn -0.743224 -0.618666 -0.254698
vn -0.650482 -0.713196 -0.261198
vn 0.381977 0.534857 0.753672
vn 0.423354 0.598631 0.680009
vn 0.066075 0.073164 0.995129
vn 0.081280 0.110386 0.990560
vn 0.358644 0.553233 0.751869
vn 0.402354 0.624605 0.669313
vn 0.544937 0.782244 -0.301890
vn 0.571809 0.820386 0.001061
vn 0.536338 0.843977 -0.006653
vn 0.516217 0.813259 -0.268569
vn 0.255397 0.362366 -0.896361
vn 0.237033 0.373697 -0.896753
vn -0.512166 -0.805817 -0.297227
vn -0.535913 -0.844260 0.004785
vn -0.574697 -0.818366 -0.000926
vn -0.553654 -0.788710 -0.267216
vn -0.065062 -0.114963 0.991237
vn -0.373176 -0.545131 0.750714
vn -0.347137 -0.558417 0.753436
vn -0.046210 -0.090547 0.994820
vn -0.498556 -0.559731 0.661923
vn -0.423675 -0.612842 0.667027
vn -0.389996 -0.623222 0.677862
vn -0.624549 -0.444723 0.641997
vn -0.574821 -0.495565 0.651150
vn -0.700356 -0.201065 0.684891
vn -0.664872 -0.363159 0.652733
vn -0.710678 -0.041802 0.702274
vn -0.713348 0.047407 0.699205
vn -0.716412 0.083830 0.692622
vn -0.720186 0.052250 0.691811
vn -0.716568 -0.055733 0.695287
vn -0.691886 -0.151582 0.705916
vn -0.652177 -0.226079 0.723570
vn -0.588761 -0.330964 0.737444
vn -0.500455 -0.439054 0.746175
vn -0.382463 -0.510907 0.769868
vn -0.248619 -0.538459 0.805140
vn -0.129736 -0.556229 0.820840
vn -0.019093 -0.609048 0.792904
vn 0.091164 -0.684739 0.723064
vn 0.187811 -0.747412 0.637261
vn 0.274025 -0.782697 0.558835
vn 0.343593 -0.794396 0.500879
vn 0.342490 -0.806136 0.482540
vn -0.324300 -0.359225 -0.875093
vn -0.273895 -0.394664 -0.877053
vn -0.257623 -0.404996 -0.877273
vn -0.418866 -0.286347 -0.861717
vn -0.381019 -0.317537 -0.868329
vn -0.452168 -0.135342 -0.881605
vn -0.441258 -0.237453 -0.865394
vn -0.451893 -0.024075 -0.891748
vn -0.454389 0.037174 -0.890027
vn -0.459350 0.062889 -0.886027
vn -0.463842 0.042791 -0.884884
vn -0.460368 -0.025592 -0.887359
vn -0.440115 -0.086883 -0.893728
vn -0.409996 -0.132189 -0.902458
vn -0.368933 -0.194090 -0.908965
vn -0.314425 -0.261613 -0.912522
vn -0.241886 -0.307419 -0.920318
vn -0.156827 -0.321770 -0.933739
vn -0.085568 -0.319904 -0.943578
vn -0.024883 -0.331189 -0.943236
vn 0.035655 -0.363410 -0.930947
vn 0.097090 -0.411516 -0.906217
vn 0.165426 -0.470816 -0.866584
vn 0.197714 -0.543237 -0.815967
vn 0.865678 0.350354 0.357568
vn 0.173941 0.072240 0.982103
vn 0.170160 0.103168 0.980001
vn 0.804656 0.485200 0.342213
vn 0.176751 0.044840 0.983234
vn -0.198622 -0.086753 0.976229
vn -0.209895 -0.115363 0.970894
vn -0.207176 -0.141269 0.968050
vn -0.824131 -0.451814 0.341574
vn -0.781711 -0.531138 0.326833
vn -0.851413 -0.374819 0.366888
vn -0.871199 -0.484037 -0.081984
vn -0.822917 -0.562753 -0.078205
vn -0.908957 -0.407563 -0.087695
vn 0.926095 0.369591 -0.075832
vn 0.971413 0.223400 -0.080314
vn 0.902337 0.213930 0.374194
vn 0.855751 0.512275 -0.072554
vn 0.753229 0.567349 0.332808
vn 0.164221 0.124137 0.978581
vn 0.142915 0.138563 0.979988
vn 0.678986 0.654926 0.331737
vn -0.199460 -0.160651 0.966647
vn -0.189487 -0.193594 0.962609
vn -0.738700 -0.593346 0.319787
vn -0.664876 -0.678605 0.312146
vn -0.776291 -0.625748 -0.076240
vn -0.697034 -0.713090 -0.075136
vn 0.797918 0.598625 -0.070535
vn 0.719010 0.691533 -0.069332
vn 0.540113 0.772901 0.333020
vn 0.108916 0.156405 0.981669
vn 0.072695 0.175830 0.981733
vn 0.360261 0.871794 0.331945
vn -0.158913 -0.234291 0.959090
vn -0.109519 -0.263984 0.958289
vn -0.534102 -0.787566 0.307369
vn -0.364825 -0.879271 0.306244
vn -0.559372 -0.825559 -0.074535
vn -0.382213 -0.921076 -0.074380
vn 0.571982 0.817384 -0.068708
vn 0.380967 0.922051 -0.068461
vn 0.181502 0.925978 0.331091
vn 0.036453 0.186653 0.981749
vn -0.002942 0.185429 0.982653
vn -0.012759 0.943454 0.331257
vn -0.052519 -0.283374 0.957570
vn 0.011636 -0.295716 0.955205
vn -0.174054 -0.936302 0.305031
vn 0.036668 -0.952709 0.301665
vn -0.181698 -0.980549 -0.074222
vn 0.039545 -0.996504 -0.073587
vn 0.192543 0.978911 -0.068270
vn -0.011932 0.997630 -0.067761
vn -0.241003 0.911746 0.332621
vn -0.046059 0.172508 0.983931
vn -0.090999 0.148433 0.984727
vn -0.492842 0.803531 0.333835
vn 0.083978 -0.294189 0.952051
vn 0.164944 -0.266528 0.949608
vn 0.261849 -0.918050 0.297689
vn 0.502210 -0.812903 0.294914
vn 0.274232 -0.958892 -0.072959
vn 0.524563 -0.848258 -0.072754
vn -0.253972 0.964871 -0.067253
vn -0.521258 0.850762 -0.067034
vn -0.703039 0.629186 0.331453
vn -0.131693 0.118185 0.984220
vn -0.158998 0.078629 0.984143
vn -0.845650 0.418356 0.331443
vn 0.231068 -0.208972 0.950230
vn 0.278448 -0.139184 0.950313
vn 0.708282 -0.641365 0.294937
vn 0.854877 -0.426641 0.295234
vn 0.739379 -0.669377 -0.072480
vn 0.892249 -0.445664 -0.072628
vn -0.743491 0.665407 -0.066747
vn -0.894479 0.442087 -0.066831
vn -0.926383 0.177361 0.332200
vn -0.173341 0.032815 0.984315
vn -0.170344 -0.018646 0.985208
vn -0.936856 -0.101030 0.334805
vn 0.306744 -0.056289 0.950126
vn 0.314860 0.037986 0.948378
vn 0.939841 -0.171602 0.295385
vn 0.948994 0.114215 0.293881
vn 0.981115 -0.179216 -0.072768
vn 0.990147 0.119680 -0.072700
vn -0.979945 0.187692 -0.066929
vn -0.992083 -0.106234 -0.066976
vn -0.879300 -0.342941 0.330488
vn -0.164096 -0.064643 0.984324
vn -0.141972 -0.093259 0.985468
vn -0.792229 -0.510225 0.334728
vn 0.289217 0.115205 0.950306
vn 0.261952 0.175823 0.948930
vn 0.886727 0.355668 0.295323
vn 0.789392 0.537712 0.296186
vn 0.925961 0.370649 -0.072228
vn 0.825471 0.559709 -0.072958
vn -0.929432 -0.362950 -0.066515
vn -0.838237 -0.541175 -0.066997
vn -0.644171 -0.683402 0.343520
vn -0.107800 -0.117259 0.987233
vn -0.079206 -0.143031 0.986544
vn -0.464952 -0.817615 0.339597
vn 0.208248 0.242339 0.947578
vn 0.136672 0.283133 0.949293
vn 0.618433 0.727083 0.298146
vn 0.413702 0.859878 0.299100
vn 0.646685 0.759153 -0.074067
vn 0.431238 0.899249 -0.073380
vn -0.684818 -0.725531 -0.068033
vn -0.496608 -0.865340 -0.067587
vn -0.319885 -0.885587 0.336764
vn -0.053050 -0.154775 0.986524
vn -0.025563 -0.162969 0.986300
vn -0.166961 -0.928178 0.332581
vn 0.081046 0.308249 0.947847
vn 0.021034 0.322655 0.946283
vn 0.240223 0.924538 0.295841
vn 0.057361 0.954518 0.292584
vn 0.249715 0.965603 -0.072480
vn 0.059122 0.995670 -0.071736
vn -0.343860 -0.936648 -0.066717
vn -0.183174 -0.980886 -0.065658
vn -0.010869 -0.944997 0.326900
vn 0.003094 -0.166833 0.985980
vn 0.032386 -0.164345 0.985871
vn 0.145693 -0.936160 0.319966
vn -0.044684 0.324776 0.944735
vn -0.113334 0.314059 0.942615
vn -0.137241 0.947226 0.289702
vn -0.333719 0.898023 0.286682
vn -0.143586 0.987083 -0.071061
vn -0.347909 0.934884 -0.070366
vn -0.020695 -0.997722 -0.064214
vn 0.141034 -0.988052 -0.062155
vn 0.305431 -0.899248 0.313153
vn 0.061412 -0.153780 0.986195
vn 0.090208 -0.131816 0.987161
vn 0.482495 -0.819305 0.309738
vn -0.182387 0.289350 0.939687
vn -0.255084 0.243143 0.935849
vn -0.521418 0.804829 0.283504
vn -0.704872 0.651668 0.280149
vn -0.542358 0.837246 -0.069764
vn -0.732362 0.677373 -0.069366
vn 0.306085 -0.950133 -0.059667
vn 0.491241 -0.869117 -0.057609
vn 0.670620 -0.673822 0.310214
vn 0.117215 -0.102022 0.987852
vn 0.136707 -0.064460 0.988512
vn 0.835645 -0.448092 0.317665
vn -0.315840 0.167227 0.933959
vn -0.357100 0.070727 0.931384
vn -0.854695 0.439448 0.276373
vn -0.945444 0.183424 0.269243
vn -0.887773 0.455184 -0.068314
vn -0.979917 0.187970 -0.066559
vn 0.691316 -0.720325 -0.056694
vn 0.873674 -0.483066 -0.057802
vn 0.928634 -0.177555 0.325751
vn 0.146435 -0.023541 0.988940
vn 0.131549 0.021962 0.991066
vn 0.935997 0.093018 0.339497
vn -0.367225 -0.033525 0.929528
vn -0.357262 -0.116893 0.926661
vn -0.961421 -0.086197 0.261226
vn -0.915556 -0.308533 0.258003
vn -0.993745 -0.091524 -0.063980
vn -0.946095 -0.317752 -0.062763
vn 0.978006 -0.199957 -0.059342
vn 0.994766 0.082014 -0.060940
vn 0.732756 0.550297 0.400302
vn 0.073935 0.073423 0.994557
vn -0.014469 0.127850 0.991688
vn -0.035430 0.934447 0.354335
vn -0.330987 -0.170225 0.928155
vn -0.290782 -0.192244 0.937277
vn -0.841336 -0.468691 0.269225
vn -0.752644 -0.585897 0.300418
vn -0.874950 -0.479783 -0.065351
vn -0.795792 -0.601091 -0.073526
vn 0.791864 0.606613 -0.070510
vn -0.067715 0.995806 -0.061517
vn -0.057857 0.195802 0.978935
vn -0.098910 0.198871 0.975022
vn -0.133577 -0.216154 0.967179
vn -0.045435 -0.223195 0.973714
vn 0.034146 -0.227967 0.973070
vn 0.022489 0.203039 0.978912
vn 0.161964 0.895785 0.413928
vn -0.109103 0.911897 0.395652
vn -0.284436 0.893682 0.347029
vn 0.127937 0.202328 0.970925
vn 0.126716 -0.239329 0.962634
vn 0.240606 -0.264205 0.933972
vn 0.248321 0.203057 0.947156
vn 0.619422 0.712661 0.329289
vn 0.425431 0.816358 0.390601
vn -0.325197 0.893429 0.309889
vn -0.088592 0.185662 0.978612
vn -0.223497 -0.200507 0.953859
vn -0.609481 -0.709445 0.353865
vn -0.362412 -0.839170 0.405526
vn -0.668366 -0.738462 -0.089224
vn -0.414201 -0.903810 -0.107538
vn -0.368523 0.927805 -0.058035
vn -0.332809 0.940123 -0.073531
vn 0.749359 0.610425 0.256599
vn 0.379143 0.189922 0.905638
vn 0.555986 0.123136 0.822020
vn 0.944447 0.312485 0.101851
vn 0.361562 -0.286175 0.887342
vn 0.799308 0.598469 -0.054242
vn 0.683647 0.725892 -0.075550
vn 0.957841 0.280747 -0.060999
vn 0.824647 -0.557327 0.096669
vn 0.635678 -0.734839 0.236483
vn 0.681675 -0.730000 -0.049181
vn 0.844275 -0.533087 -0.054935
vn 0.525396 -0.791814 0.311431
vn 0.585103 -0.808058 -0.068535
vn 0.518733 -0.272937 0.810198
vn -0.138674 0.985790 -0.094798
vn 0.177686 0.978256 -0.106970
vn 0.480765 0.871332 -0.098213
vn -0.095071 -0.988943 -0.113814
vn -0.084739 -0.898408 0.430909
vn 0.178410 -0.978073 -0.107440
vn 0.148543 -0.893540 0.423699
vn 0.414857 -0.905293 -0.091318
vn 0.356600 -0.852230 0.382805
vn 0.990145 -0.139555 0.011748
vn 0.987481 -0.134945 -0.081674
vn 0.978257 -0.206637 0.017743
vn 0.973472 -0.214185 -0.080477
vn 0.162798 0.020119 0.986454
vn 0.912325 0.094194 0.398485
vn 0.142501 -0.008732 0.989756
vn 0.903595 -0.081504 0.420563
vn -0.203116 -0.061294 0.977235
vn -0.210601 -0.015659 0.977447
vn -0.911879 -0.073188 0.403881
vn -0.882566 -0.266702 0.387231
vn -0.950455 -0.295894 -0.095304
vn -0.991264 -0.083066 -0.102449
vn 0.991595 0.096887 -0.085749
vn 0.991924 -0.089362 -0.090005
vn 0.128272 -0.033819 0.991162
vn 0.858816 -0.272668 0.433691
vn 0.112429 -0.048595 0.992471
vn 0.770391 -0.437497 0.463782
vn -0.200620 0.031687 0.979157
vn -0.181189 0.074333 0.980635
vn -0.850039 0.298842 0.433737
vn -0.899868 0.124450 0.418032
vn -0.985084 0.135337 -0.106272
vn -0.938768 0.326158 -0.111065
vn 0.948843 -0.301936 -0.092366
vn 0.860491 -0.500033 -0.097584
vn 0.091728 -0.069998 0.993321
vn 0.646815 -0.571492 0.505002
vn 0.057968 -0.119119 0.991186
vn 0.512224 -0.680356 0.524159
vn -0.156826 0.106705 0.981845
vn -0.145545 0.133172 0.980348
vn -0.612134 0.627759 0.480844
vn -0.756779 0.465205 0.459206
vn -0.848711 0.515217 -0.119331
vn -0.690562 0.711376 -0.130647
vn 0.734109 -0.670384 -0.108024
vn 0.601487 -0.790154 -0.117769
vn 0.023252 -0.188048 0.981885
vn 0.373740 -0.783525 0.496394
vn 0.010381 -0.253358 0.967317
vn 0.247117 -0.868301 0.430100
vn -0.127665 0.172787 0.976651
vn -0.073875 0.233416 0.969567
vn -0.170975 0.852408 0.494134
vn -0.403166 0.771022 0.492932
vn -0.448298 0.882526 -0.142045
vn -0.177857 0.972597 -0.149737
vn 0.459979 -0.880162 -0.117188
vn 0.314131 -0.943563 -0.104927
vn 0.784255 0.606093 0.132645
vn 0.945959 0.323877 0.016288
vn 0.931092 0.345358 -0.117454
vn 0.796870 0.599926 -0.071322
vn 0.990991 0.133930 0.000781
vn 0.980845 0.153057 -0.120485
vn 0.723256 -0.681299 0.112837
vn 0.739534 -0.662514 -0.119014
vn 0.023305 0.293832 0.955573
vn 0.016399 -0.323242 0.946174
vn 0.043060 -0.391397 0.919214
vn 0.190123 0.359241 0.913673
vn 0.324113 0.851636 0.411907
vn 0.060991 0.877616 0.475468
vn 0.098260 0.984686 -0.144009
vn 0.410771 0.905042 -0.110298
vn 0.066950 -0.952521 0.297019
vn 0.150084 -0.922005 0.356905
vn 0.196216 -0.976586 -0.088195
vn 0.096172 -0.992779 -0.071702
vn 0.398087 0.419685 0.815715
vn 0.096185 -0.455163 0.885198
vn 0.229916 -0.493102 0.839041
vn 0.544624 0.423397 0.723961
vn 0.574416 0.761941 0.299151
vn 0.633948 0.770316 -0.068727
vn 0.011327 -0.967586 0.252289
vn 0.033766 -0.997627 -0.060000
vn -0.517352 0.167686 0.839183
vn -0.114331 -0.012915 0.993359
vn -0.134959 -0.012266 0.990775
vn -0.546430 0.161494 0.821787
vn -0.147742 -0.033812 0.988448
vn -0.597583 0.120576 0.792689
vn 0.102216 -0.104231 0.989287
vn 0.095076 -0.102499 0.990179
vn 0.123932 -0.116123 0.985473
vn 0.927799 -0.373079 -0.001240
vn 0.954794 -0.297266 -0.001464
vn 0.604245 -0.230799 0.762640
vn 0.523299 -0.255722 0.812874
vn 0.917378 -0.397884 -0.010300
vn 0.489189 -0.257216 0.833387
vn -0.936984 0.349367 0.002007
vn -0.927161 0.374639 0.004172
vn -0.963288 0.268459 0.002470
vn -0.957810 0.271791 -0.093427
vn -0.930288 0.351976 -0.103331
vn -0.919897 0.376426 -0.109971
vn -0.160313 -0.062764 0.985069
vn -0.648486 0.047842 0.759721
vn -0.169090 -0.082268 0.982161
vn -0.685184 -0.029951 0.727754
vn 0.163295 -0.118244 0.979466
vn 0.205212 -0.093888 0.974204
vn 0.982739 -0.184997 -0.000417
vn 0.998789 -0.049196 0.000598
vn 0.704437 -0.058277 0.707370
vn 0.671191 -0.162230 0.723314
vn -0.988940 0.148298 0.002300
vn -0.999753 0.022122 0.002235
vn -0.996069 0.025241 -0.084904
vn -0.984486 0.152065 -0.087539
vn -0.176727 -0.096761 0.979492
vn -0.703960 -0.116828 0.700565
vn -0.186078 -0.115121 0.975767
vn -0.701882 -0.216121 0.678714
vn 0.236339 -0.046239 0.970570
vn 0.248010 0.014482 0.968649
vn 0.993470 0.114094 0.000621
vn 0.953951 0.299963 0.000040
vn 0.663237 0.199156 0.721424
vn 0.700972 0.067319 0.710004
vn -0.993459 -0.114169 0.001989
vn -0.965442 -0.260611 0.001713
vn -0.961696 -0.260194 -0.086253
vn -0.990024 -0.112506 -0.084828
vn -0.196110 -0.138223 0.970791
vn -0.679918 -0.316406 0.661512
vn -0.201667 -0.168382 0.964872
vn -0.633594 -0.420499 0.649415
vn 0.239904 0.080379 0.967463
vn 0.208182 0.151662 0.966260
vn 0.873417 0.486970 -0.001534
vn 0.733464 0.679714 -0.004414
vn 0.488400 0.444695 0.750808
vn 0.596310 0.323524 0.734675
vn -0.916133 -0.400873 0.001505
vn -0.841349 -0.540490 0.001651
vn -0.836385 -0.540953 -0.088493
vn -0.911815 -0.401113 -0.087755
vn -0.225714 0.304226 0.925473
vn -0.913275 0.404342 0.049360
vn -0.997747 0.058500 0.032837
vn -0.267980 -0.281951 0.921244
vn -0.894256 0.384668 -0.228772
vn -0.969593 0.087638 -0.228492
vn -0.843728 -0.533891 -0.055521
vn -0.332777 -0.680830 0.652480
vn 0.135856 0.225507 0.964723
vn -0.203077 -0.205905 0.957269
vn 0.014849 0.297779 0.954519
vn -0.201037 -0.247112 0.947903
vn 0.501460 0.865151 -0.007139
vn 0.151952 0.988357 -0.007836
vn 0.115248 0.647026 0.753708
vn 0.330171 0.556368 0.762524
vn -0.554231 -0.528153 0.643337
vn -0.728359 -0.685194 0.001877
vn -0.439821 -0.624088 0.645810
vn -0.570477 -0.821311 0.002035
vn -0.565761 -0.820189 -0.084883
vn -0.723129 -0.685115 -0.087758
vn -0.115580 0.315291 0.941930
vn -0.208853 -0.286123 0.935154
vn -0.174591 0.984639 -0.001766
vn -0.653221 0.756097 -0.040230
vn -0.226757 0.711536 0.665055
vn -0.089267 0.691075 0.717249
vn -0.344629 -0.676269 0.651069
vn -0.456291 -0.889830 -0.001044
vn -0.748906 -0.643875 -0.156730
vn -0.456726 -0.885881 -0.081337
vn 0.912694 -0.391045 -0.118634
vn 0.923627 -0.368074 -0.106931
vn 0.950405 -0.297153 -0.091823
vn 0.978161 -0.188750 -0.087029
vn 0.994189 -0.057515 -0.091000
vn 0.989569 0.101179 -0.102543
vn 0.951504 0.283605 -0.119201
vn 0.872493 0.469155 -0.136565
vn 0.735468 0.660125 -0.152715
vn 0.503392 0.848778 -0.161777
vn 0.145122 0.978053 -0.149508
vn -0.179295 0.976586 -0.118884
vn -0.563733 0.811210 -0.155380
vn 0.083011 -0.053107 0.995133
vn 0.520396 0.023294 0.853607
vn 0.582818 -0.054370 0.810782
vn 0.092165 -0.072471 0.993103
vn 0.068267 -0.036129 0.997013
vn 0.455283 0.069124 0.887659
vn -0.096575 -0.071654 0.992743
vn -0.075989 -0.075786 0.994224
vn -0.064810 -0.069778 0.995455
vn -0.501783 -0.126492 0.855695
vn -0.575929 -0.055882 0.815588
vn -0.437562 -0.155618 0.885620
vn -0.573908 -0.129791 0.808569
vn -0.505171 -0.167024 0.846702
vn -0.649464 -0.047374 0.758915
vn -0.980217 -0.152878 -0.125712
vn -0.972909 -0.159357 0.167490
vn -0.990101 -0.012068 0.139837
vn -0.994456 -0.005746 -0.104993
vn -0.956540 -0.251775 -0.147109
vn -0.946275 -0.257006 0.196246
vn -0.721573 -0.109768 -0.683581
vn -0.648682 -0.168562 -0.742158
vn -0.790869 -0.001828 -0.611983
vn -0.387711 0.003220 -0.921775
vn -0.325964 -0.047675 -0.944179
vn -0.274611 -0.070817 -0.958944
vn 0.802391 0.000052 -0.596798
vn 0.995455 -0.003431 -0.095171
vn 0.984905 0.132720 -0.111118
vn 0.750262 0.103823 -0.652938
vn 0.964883 0.228745 -0.129137
vn 0.688009 0.165285 -0.706629
vn 0.979898 0.122662 0.157337
vn 0.958791 0.218903 0.181111
vn 0.990535 -0.013940 0.136552
vn 0.090413 -0.091572 0.991686
vn 0.618158 -0.181090 0.764910
vn 0.601686 -0.302098 0.739399
vn 0.083207 -0.097378 0.991763
vn -0.122281 -0.051002 0.991184
vn -0.135850 -0.011434 0.990663
vn -0.635494 0.061625 0.769643
vn -0.705046 0.082400 0.704359
vn -0.646425 0.199862 0.736335
vn -0.709455 0.230428 0.666015
vn -0.981411 0.170590 -0.087925
vn -0.827729 0.146058 -0.541786
vn -0.936155 0.342890 -0.077720
vn -0.815340 0.300197 -0.495078
vn -0.979192 0.165185 0.117880
vn -0.934868 0.339010 0.105331
vn -0.439946 0.081334 -0.894333
vn -0.459902 0.169071 -0.871725
vn 0.975002 -0.206250 -0.082651
vn 0.968981 -0.216038 0.120013
vn 0.914025 -0.398412 -0.076335
vn 0.907640 -0.404999 0.110300
vn 0.819112 -0.170134 -0.547823
vn 0.786346 -0.338969 -0.516489
vn 0.071473 -0.097174 0.992698
vn 0.555161 -0.383762 0.737918
vn 0.494117 -0.452229 0.742521
vn 0.052435 -0.102993 0.993299
vn -0.137734 0.026431 0.990117
vn -0.143586 0.053942 0.988167
vn -0.614355 0.318415 0.721928
vn -0.670297 0.357243 0.650446
vn -0.557523 0.410925 0.721325
vn -0.604232 0.456699 0.652939
vn -0.870149 0.487217 -0.073898
vn -0.765988 0.429991 -0.477881
vn -0.790249 0.608022 -0.076260
vn -0.690214 0.532346 -0.490115
vn -0.868991 0.484412 0.100992
vn -0.788756 0.605767 0.104448
vn -0.446171 0.245023 -0.860753
vn -0.401909 0.298763 -0.865569
vn 0.842602 -0.533192 -0.075688
vn 0.836463 -0.537195 0.108403
vn 0.759804 -0.645452 -0.078039
vn 0.753993 -0.647426 0.111058
vn 0.728710 -0.457171 -0.509879
vn 0.652735 -0.550707 -0.520249
vn 0.031180 -0.116037 0.992755
vn 0.423704 -0.520957 0.740999
vn 0.347421 -0.590105 0.728749
vn 0.011300 -0.133876 0.990934
vn -0.147084 0.079481 0.985926
vn -0.142487 0.108621 0.983819
vn -0.473556 0.487926 0.733262
vn -0.506682 0.538173 0.673530
vn -0.364363 0.550724 0.750961
vn -0.379115 0.602623 0.702224
vn -0.683339 0.724904 -0.086961
vn -0.576834 0.612328 -0.540664
vn -0.532193 0.840018 -0.105547
vn -0.424680 0.666070 -0.613187
vn -0.681234 0.722439 0.118333
vn -0.529688 0.836423 0.140811
vn -0.323665 0.326069 -0.888212
vn -0.222597 0.325269 -0.919049
vn 0.658752 -0.747877 -0.082012
vn 0.653662 -0.747963 0.115223
vn 0.542733 -0.835489 -0.086019
vn 0.538721 -0.834050 0.118911
vn 0.558530 -0.631163 -0.538218
vn 0.453306 -0.696685 -0.556007
vn -0.002587 -0.155442 0.987842
vn 0.262910 -0.655324 0.708116
vn 0.170858 -0.707284 0.685971
vn 0.000166 -0.181659 0.983361
vn -0.114708 0.138119 0.983751
vn -0.050655 0.157156 0.986274
vn -0.229357 0.595632 0.769817
vn -0.227134 0.645442 0.729257
vn -0.059290 0.610987 0.789417
vn -0.042633 0.656951 0.752727
vn -0.331073 0.934929 -0.127667
vn -0.248863 0.688450 -0.681251
vn -0.063265 0.986968 -0.147962
vn -0.051126 0.682281 -0.729300
vn -0.328944 0.929682 0.165789
vn -0.062451 0.980474 0.186469
vn -0.123162 0.306625 -0.943829
vn -0.031813 0.280785 -0.959243
vn 0.412168 -0.906755 -0.088952
vn 0.409484 -0.904242 0.121118
vn 0.268821 -0.959017 -0.089562
vn 0.267797 -0.955899 0.120591
vn 0.339340 -0.748905 -0.569201
vn 0.218722 -0.790666 -0.571847
vn 0.950872 -0.192389 -0.242545
vn 0.835784 -0.496629 -0.234148
vn 0.706491 -0.459138 -0.538575
vn 0.800070 -0.067059 -0.596147
vn 0.973693 -0.075580 0.214964
vn 0.826959 -0.358911 0.432808
vn 0.921821 0.372536 0.107062
vn 0.929622 0.351701 -0.110045
vn 0.769817 0.324321 -0.549725
vn 0.852535 -0.472178 -0.224124
vn 0.773453 -0.375846 -0.510402
vn 0.605831 -0.760964 -0.232167
vn 0.437351 -0.666995 -0.603193
vn 0.718113 -0.569235 0.400357
vn 0.528489 -0.822615 0.209772
vn 0.006102 -0.210881 0.977493
vn 0.041585 0.156588 0.986788
vn -0.000594 -0.240503 0.970648
vn 0.152858 0.132942 0.979266
vn 0.141986 0.585106 0.798430
vn 0.170635 0.626102 0.760842
vn 0.361622 0.508636 0.781357
vn 0.399436 0.543586 0.738218
vn 0.268739 0.950559 -0.155618
vn 0.174208 0.643966 -0.744956
vn 0.603334 0.785226 -0.139311
vn 0.425141 0.564190 -0.707774
vn 0.267617 0.943997 0.193003
vn 0.600460 0.780498 0.173986
vn 0.060102 0.256781 -0.964599
vn 0.172414 0.237872 -0.955871
vn 0.099574 -0.991123 -0.088094
vn 0.100217 -0.987811 0.119107
vn -0.123425 -0.988717 -0.084884
vn -0.121139 -0.985807 0.116231
vn 0.078016 -0.819290 -0.568047
vn -0.107681 -0.824487 -0.555540
vn 0.058593 -0.737420 0.672888
vn -0.090395 -0.732428 0.674817
vn -0.011727 -0.279992 0.959931
vn 0.239208 0.084106 0.967319
vn 0.015560 -0.328673 0.944316
vn 0.309481 0.046054 0.949790
vn 0.527501 0.419090 0.738990
vn 0.568732 0.444655 0.691972
vn 0.631352 0.359346 0.687216
vn 0.662590 0.384163 0.642957
vn 0.809245 0.577308 -0.108801
vn 0.609301 0.440626 -0.659243
vn 0.807960 0.573264 0.136265
vn 0.344010 0.210394 -0.915091
vn -0.264105 -0.961304 -0.078384
vn -0.268313 -0.958101 0.100257
vn -0.129098 -0.986192 -0.103730
vn -0.140835 -0.985229 0.097411
vn -0.208184 -0.821731 -0.530489
vn -0.147252 -0.860275 -0.488103
vn -0.199869 -0.702734 0.682801
vn -0.201656 -0.698926 0.686176
vn -0.057735 -0.061098 0.996461
vn -0.044533 -0.053853 0.997555
vn 0.064059 -0.015844 0.997820
vn 0.055618 -0.023960 0.998165
vn -0.447153 -0.175902 0.876991
vn -0.385133 -0.160533 0.908792
vn -0.359132 -0.158331 0.919758
vn -0.411774 -0.172346 0.894840
vn -0.581419 -0.190221 -0.791055
vn -0.935839 -0.308824 -0.169805
vn -0.922349 -0.312136 0.227693
vn -0.906481 -0.329037 0.264624
vn -0.925353 -0.327318 -0.191270
vn -0.511840 -0.179365 -0.840148
vn -0.234441 -0.076479 -0.969117
vn -0.218394 -0.075964 -0.972900
vn 0.943805 0.295589 -0.147848
vn 0.935968 0.286123 0.205178
vn 0.930644 0.309824 0.194707
vn 0.935713 0.317413 -0.153915
vn 0.630760 0.199081 -0.750006
vn 0.637245 0.217802 -0.739244
vn 0.396997 0.092821 0.913114
vn 0.372718 0.097661 0.922791
vn 0.527379 0.092473 0.844583
vn 0.465615 0.119456 0.876888
vn 0.447764 0.127640 0.884995
vn 0.595133 0.041014 0.802580
vn 0.657084 -0.046179 0.752402
vn 0.687319 -0.189079 0.701314
vn 0.664550 -0.326132 0.672318
vn 0.613657 -0.418350 0.669633
vn 0.548698 -0.492826 0.675317
vn 0.473897 -0.563958 0.676294
vn 0.392830 -0.633070 0.667013
vn 0.302140 -0.697695 0.649564
vn 0.200342 -0.750374 0.629922
vn 0.074974 -0.782405 0.618241
vn -0.093098 -0.779637 0.619273
vn -0.216309 -0.754238 0.619948
vn -0.252578 -0.742601 0.620281
vn 0.272369 0.086158 -0.958328
vn 0.312632 0.076027 -0.946827
vn 0.252477 0.086920 -0.963691
vn 0.359803 0.052643 -0.931542
vn 0.411992 0.006777 -0.911162
vn 0.456675 -0.085416 -0.885524
vn 0.459505 -0.192291 -0.867110
vn 0.426935 -0.266723 -0.864052
vn 0.374886 -0.319574 -0.870249
vn 0.310886 -0.358620 -0.880194
vn 0.244444 -0.386963 -0.889105
vn 0.177205 -0.409659 -0.894862
vn 0.109997 -0.430924 -0.895659
vn 0.031810 -0.450517 -0.892201
vn -0.070822 -0.460563 -0.884797
vn -0.105099 -0.504052 -0.857255
vn 0.091520 -0.028542 0.995394
vn 0.632191 -0.048177 0.773313
vn 0.608923 -0.128172 0.782806
vn 0.091248 -0.035546 0.995194
vn 0.091272 -0.018562 0.995653
vn 0.635202 0.043102 0.771142
vn -0.634594 -0.043673 0.771610
vn -0.121455 -0.029278 0.992165
vn -0.111155 -0.014822 0.993693
vn -0.619728 0.009243 0.784763
vn -0.632254 -0.103312 0.767842
vn -0.123403 -0.043788 0.991390
vn -0.713365 -0.047434 0.699185
vn -0.709870 -0.111028 0.695527
vn -0.699365 0.008156 0.714719
vn -0.999755 0.022119 -0.000231
vn -0.945047 0.022582 -0.326155
vn -0.949157 -0.046798 -0.311307
vn -0.998716 -0.050641 -0.000959
vn -0.942191 -0.126914 -0.310110
vn -0.990844 -0.135008 -0.000806
vn -0.404664 0.011954 -0.914387
vn -0.416565 -0.019466 -0.908898
vn -0.414567 -0.055315 -0.908336
vn 0.932945 -0.195183 -0.302517
vn 0.978222 -0.207555 0.001493
vn 0.997793 -0.066374 0.001904
vn 0.953580 -0.060615 -0.294977
vn 0.996222 0.086834 0.001432
vn 0.953455 0.085209 -0.289244
vn 0.096081 -0.015178 0.995258
vn 0.629356 0.068792 0.774066
vn 0.100397 -0.021640 0.994712
vn 0.623401 0.034927 0.781122
vn -0.622717 -0.115141 0.773929
vn -0.114908 -0.046270 0.992298
vn -0.615957 -0.074842 0.784216
vn -0.107329 -0.040307 0.993406
vn -0.699002 -0.122920 0.704476
vn -0.692476 -0.076144 0.717411
vn -0.935131 -0.141603 -0.324775
vn -0.988388 -0.151952 0.000623
vn -0.936736 -0.079850 -0.340806
vn -0.996224 -0.086811 0.001450
vn -0.405722 -0.060839 -0.911969
vn -0.397013 -0.035981 -0.917107
vn 0.991143 0.132796 -0.000239
vn 0.950596 0.128753 -0.282470
vn 0.996403 0.084730 -0.001375
vn 0.955838 0.081830 -0.282271
vn 0.104858 -0.037519 0.993779
vn 0.618369 -0.044087 0.784650
vn 0.111279 -0.068646 0.991416
vn 0.611192 -0.183420 0.769936
vn -0.611988 -0.003644 0.790859
vn -0.103492 -0.030347 0.994167
vn -0.613852 0.097737 0.783348
vn -0.100900 -0.017287 0.994746
vn -0.688558 0.004119 0.725170
vn -0.688116 0.114286 0.716544
vn -0.936610 0.028618 -0.349202
vn -0.999577 0.029053 0.001364
vn -0.923248 0.172790 -0.343157
vn -0.983203 0.182511 0.001375
vn -0.390478 0.008070 -0.920577
vn -0.390941 0.067547 -0.917934
vn 0.999236 -0.039017 -0.002453
vn 0.958956 -0.038619 -0.280912
vn 0.966169 -0.257893 -0.003061
vn 0.930233 -0.252169 -0.266602
vn 0.082271 -0.039032 0.995845
vn -0.109077 0.001877 0.994032
vn 0.068734 -0.042911 0.996712
vn -0.103821 0.029459 0.994160
vn 0.572395 -0.191435 0.797319
vn 0.516681 -0.282440 0.808250
vn -0.590913 0.076587 0.803092
vn -0.673475 0.084291 0.734389
vn -0.541880 0.188793 0.818977
vn -0.623512 0.214189 0.751902
vn -0.991391 0.130919 -0.001987
vn -0.933590 0.123935 -0.336230
vn -0.944533 0.328396 -0.003734
vn -0.885885 0.308877 -0.346125
vn -0.381322 0.052024 -0.922977
vn -0.345087 0.122719 -0.930513
vn 0.897664 -0.304151 -0.318891
vn 0.946096 -0.323878 0.002110
vn 0.823995 -0.457104 -0.334794
vn 0.872581 -0.488459 0.003110
vn 0.058968 -0.046909 0.997157
vn -0.087737 0.054667 0.994642
vn 0.051142 -0.046735 0.997597
vn -0.066472 0.075552 0.994924
vn 0.441380 -0.373446 0.815918
vn 0.344683 -0.427131 0.835914
vn -0.476351 0.294063 0.828623
vn -0.551664 0.335039 0.763816
vn -0.387304 0.370032 0.844436
vn -0.457572 0.423256 0.781973
vn -0.854803 0.518942 -0.003294
vn -0.797486 0.485724 -0.357895
vn -0.737037 0.675842 -0.003772
vn -0.683441 0.629156 -0.370233
vn -0.302545 0.188013 -0.934408
vn -0.248969 0.235257 -0.939504
vn 0.706515 -0.619280 -0.342534
vn 0.749350 -0.662168 0.002917
vn 0.551763 -0.750533 -0.363673
vn 0.588079 -0.808796 0.003509
vn 0.034364 -0.054497 0.997922
vn -0.048965 0.085704 0.995117
vn -0.010760 -0.084036 0.996405
vn -0.052797 0.088975 0.994634
vn 0.230225 -0.445874 0.864981
vn 0.110527 -0.469846 0.875802
vn -0.277213 0.415346 0.866396
vn -0.336966 0.482645 0.808398
vn -0.164489 0.450530 0.877477
vn -0.198149 0.530869 0.823963
vn -0.578062 0.815980 -0.004647
vn -0.529848 0.752221 -0.391694
vn -0.353735 0.935321 -0.006805
vn -0.317819 0.852097 -0.415838
vn -0.179897 0.265737 -0.947112
vn -0.094821 0.279855 -0.955348
vn 0.374723 -0.838196 -0.396245
vn 0.403134 -0.915134 0.003670
vn 0.213556 -0.881775 -0.420555
vn 0.231328 -0.972871 0.003051
vn -0.066926 -0.127500 0.989578
vn -0.056656 0.098107 0.993562
vn -0.096418 -0.170031 0.980711
vn -0.019987 0.120086 0.992562
vn -0.010059 -0.532706 0.846241
vn -0.118598 -0.615400 0.779241
vn -0.033499 0.497608 0.866755
vn -0.035525 0.575948 0.816714
vn 0.119363 0.526682 0.841641
vn 0.134395 0.592200 0.794505
vn -0.061807 0.998061 -0.007369
vn -0.048932 0.895238 -0.442893
vn 0.222198 0.974978 -0.006749
vn 0.205581 0.861506 -0.464268
vn -0.003270 0.274224 -0.961661
vn 0.072869 0.252361 -0.964886
vn 0.058298 -0.908362 -0.414101
vn 0.061526 -0.998102 0.002551
vn -0.091669 -0.924000 -0.371243
vn -0.099410 -0.995046 0.001408
vn 0.990038 -0.124812 0.065165
vn 0.968167 -0.209429 -0.137082
vn 0.987755 0.049859 -0.147834
vn 0.998375 -0.042405 -0.038061
vn 0.941844 0.293018 -0.164530
vn 0.960152 0.279226 -0.011870
vn 0.945485 -0.323420 -0.038180
vn 0.888760 -0.404503 -0.215597
vn 0.982917 -0.146103 -0.111925
vn 0.974587 -0.223592 0.013680
vn 0.282705 0.520382 0.805780
vn 0.307830 0.573174 0.759416
vn 0.485502 0.478281 0.731802
vn 0.520672 0.514617 0.681227
vn 0.058023 0.134070 0.989272
vn 0.189271 0.132330 0.972967
vn 0.475793 0.879546 -0.004432
vn 0.434043 0.775406 -0.458642
vn 0.721648 0.692259 0.001339
vn 0.677626 0.623243 -0.390372
vn 0.145359 0.234945 -0.961078
vn 0.281609 0.235272 -0.930238
vn -0.209940 -0.927381 -0.309659
vn -0.219361 -0.975644 -0.000377
vn -0.308916 -0.917353 -0.251066
vn -0.316456 -0.948607 -0.001093
vn -0.104825 -0.219731 0.969912
vn -0.084358 -0.274876 0.957772
vn -0.207696 -0.684714 0.698591
vn -0.281473 -0.727656 0.625532
vn 0.691199 0.402372 0.600284
vn 0.732344 0.412942 0.541434
vn 0.826784 0.335969 0.451169
vn 0.851947 0.332787 0.404276
vn 0.383625 0.123397 0.915208
vn 0.562229 0.103345 0.820499
vn 0.885098 0.465375 0.005308
vn 0.849178 0.441323 -0.290051
vn 0.579539 0.227905 -0.782428
vn -0.348606 -0.912371 -0.214602
vn -0.370599 -0.928781 -0.004672
vn -0.067794 -0.983245 -0.169216
vn 0.022854 -0.999109 -0.035481
vn -0.030509 -0.339231 0.940208
vn 0.082804 -0.430769 0.898655
vn -0.335652 -0.744021 0.577729
vn -0.271511 -0.776703 0.568344
vn 0.107954 -0.097104 0.989402
vn 0.587723 -0.327335 0.739888
vn 0.100220 -0.106831 0.989213
vn 0.554414 -0.401098 0.729209
vn -0.679410 0.258514 0.686711
vn -0.611645 0.230605 0.756777
vn -0.100838 0.002530 0.994900
vn -0.583492 0.340453 0.737312
vn -0.100471 0.024630 0.994635
vn -0.643638 0.380255 0.664181
vn -0.879645 0.352933 -0.318847
vn -0.928938 0.370229 0.002082
vn -0.812544 0.501276 -0.297480
vn -0.852446 0.522810 0.002315
vn -0.398885 0.155896 -0.903652
vn -0.388033 0.239181 -0.890069
vn 0.825332 -0.564647 -0.000947
vn 0.799865 -0.545952 -0.249304
vn 0.857655 -0.448225 -0.252038
vn 0.886579 -0.462575 -0.001519
vn 0.090276 -0.109424 0.989887
vn 0.507951 -0.444901 0.737597
vn 0.077753 -0.114397 0.990388
vn 0.438619 -0.499227 0.747252
vn -0.583232 0.463255 0.667260
vn -0.528875 0.413830 0.740970
vn -0.092953 0.042150 0.994778
vn -0.451830 0.482068 0.750640
vn -0.077907 0.057374 0.995308
vn -0.499235 0.539925 0.677677
vn -0.737256 0.607073 -0.296505
vn -0.773367 0.633954 0.002316
vn -0.638419 0.707330 -0.303491
vn -0.670899 0.741546 0.002205
vn -0.351329 0.289003 -0.890531
vn -0.301085 0.329759 -0.894766
vn 0.673984 -0.738744 -0.001790
vn 0.650483 -0.713202 -0.261182
vn 0.743230 -0.618668 -0.254676
vn 0.768131 -0.640291 -0.001406
vn -0.423351 0.598624 0.680017
vn -0.381981 0.534860 0.753668
vn -0.066075 0.073164 0.995129
vn -0.081279 0.110383 0.990560
vn -0.358649 0.553234 0.751866
vn -0.402347 0.624585 0.669336
vn -0.544937 0.782242 -0.301895
vn -0.571808 0.820387 0.001063
vn -0.516219 0.813251 -0.268590
vn -0.536343 0.843974 -0.006665
vn -0.255400 0.362363 -0.896361
vn -0.237045 0.373710 -0.896745
vn 0.512165 -0.805814 -0.297238
vn 0.553658 -0.788713 -0.267199
vn 0.574695 -0.818367 -0.000927
vn 0.535915 -0.844258 0.004775
vn 0.065061 -0.114962 0.991237
vn 0.373174 -0.545126 0.750719
vn 0.347135 -0.558409 0.753444
vn 0.046209 -0.090545 0.994820
vn 0.498567 -0.559746 0.661903
vn 0.423692 -0.612860 0.666999
vn 0.390017 -0.623247 0.677827
vn 0.624573 -0.444736 0.641964
vn 0.574845 -0.495582 0.651116
vn 0.700362 -0.201068 0.684884
vn 0.664887 -0.363163 0.652716
vn 0.710682 -0.041803 0.702270
vn 0.713357 0.047408 0.699195
vn 0.716412 0.083834 0.692622
vn 0.720185 0.052250 0.691812
vn 0.716572 -0.055733 0.695283
vn 0.691876 -0.151577 0.705926
vn 0.652167 -0.226082 0.723579
vn 0.588758 -0.330966 0.737445
vn 0.500457 -0.439054 0.746173
vn 0.382464 -0.510910 0.769865
vn 0.248619 -0.538458 0.805141
vn 0.129731 -0.556227 0.820842
vn 0.019094 -0.609046 0.792905
vn -0.091164 -0.684742 0.723062
vn -0.187813 -0.747418 0.637253
vn -0.274034 -0.782707 0.558817
vn -0.343606 -0.794406 0.500853
vn -0.342492 -0.806142 0.482530
vn 0.273889 -0.394657 -0.877058
vn 0.324313 -0.359238 -0.875082
vn 0.257603 -0.404971 -0.877291
vn 0.381036 -0.317553 -0.868316
vn 0.418894 -0.286365 -0.861698
vn 0.441280 -0.237466 -0.865380
vn 0.452163 -0.135340 -0.881608
vn 0.451865 -0.024071 -0.891761
vn 0.454384 0.037176 -0.890030
vn 0.459378 0.062891 -0.886012
vn 0.463850 0.042786 -0.884880
vn 0.460361 -0.025589 -0.887363
vn 0.440123 -0.086879 -0.893724
vn 0.410006 -0.132197 -0.902452
vn 0.368937 -0.194095 -0.908962
vn 0.314425 -0.261613 -0.912521
vn 0.241883 -0.307420 -0.920318
vn 0.156829 -0.321768 -0.933740
vn 0.085567 -0.319906 -0.943578
vn 0.024883 -0.331190 -0.943236
vn -0.035656 -0.363408 -0.930947
vn -0.097092 -0.411513 -0.906217
vn -0.165424 -0.470813 -0.866585
vn -0.197713 -0.543237 -0.815968
vn -0.865676 0.350354 0.357571
vn -0.804654 0.485200 0.342218
vn -0.170158 0.103168 0.980001
vn -0.173941 0.072239 0.982103
vn 0.209897 -0.115363 0.970894
vn 0.198619 -0.086753 0.976230
vn -0.176752 0.044840 0.983234
vn 0.207176 -0.141268 0.968050
vn 0.781714 -0.531139 0.326825
vn 0.824129 -0.451817 0.341574
vn 0.851412 -0.374821 0.366888
vn 0.822917 -0.562754 -0.078204
vn 0.871198 -0.484040 -0.081977
vn 0.908955 -0.407566 -0.087700
vn -0.926095 0.369595 -0.075814
vn -0.902339 0.213929 0.374191
vn -0.971414 0.223400 -0.080300
vn -0.855752 0.512276 -0.072534
vn -0.753229 0.567350 0.332805
vn -0.678989 0.654926 0.331732
vn -0.142914 0.138560 0.979988
vn -0.164223 0.124139 0.978581
vn 0.199459 -0.160651 0.966648
vn 0.189486 -0.193596 0.962609
vn 0.664876 -0.678607 0.312141
vn 0.738704 -0.593346 0.319776
vn 0.697033 -0.713091 -0.075143
vn 0.776291 -0.625746 -0.076253
vn -0.797918 0.598626 -0.070527
vn -0.719011 0.691531 -0.069335
vn -0.540116 0.772898 0.333022
vn -0.360261 0.871794 0.331944
vn -0.072695 0.175831 0.981733
vn -0.108915 0.156404 0.981670
vn 0.158914 -0.234291 0.959090
vn 0.109520 -0.263984 0.958289
vn 0.364826 -0.879269 0.306248
vn 0.534100 -0.787566 0.307371
vn 0.382215 -0.921076 -0.074373
vn 0.559376 -0.825557 -0.074526
vn -0.571983 0.817383 -0.068706
vn -0.380967 0.922051 -0.068456
vn -0.181501 0.925979 0.331090
vn 0.012758 0.943454 0.331259
vn 0.002943 0.185430 0.982653
vn -0.036452 0.186652 0.981750
vn 0.052518 -0.283373 0.957571
vn -0.011636 -0.295715 0.955205
vn -0.036668 -0.952709 0.301663
vn 0.174054 -0.936301 0.305033
vn -0.039545 -0.996504 -0.073587
vn 0.181698 -0.980549 -0.074222
vn -0.192541 0.978911 -0.068267
vn 0.011934 0.997630 -0.067762
vn 0.241001 0.911747 0.332621
vn 0.492842 0.803531 0.333833
vn 0.091001 0.148434 0.984726
vn 0.046060 0.172508 0.983931
vn -0.083979 -0.294191 0.952050
vn -0.164944 -0.266528 0.949608
vn -0.502210 -0.812903 0.294915
vn -0.261849 -0.918051 0.297687
vn -0.524565 -0.848257 -0.072745
vn -0.274231 -0.958893 -0.072956
vn 0.253975 0.964870 -0.067256
vn 0.521253 0.850766 -0.067030
vn 0.703044 0.629183 0.331448
vn 0.845653 0.418355 0.331436
vn 0.158999 0.078629 0.984143
vn 0.131694 0.118184 0.984220
vn -0.231069 -0.208973 0.950230
vn -0.278448 -0.139185 0.950313
vn -0.854879 -0.426641 0.295229
vn -0.708282 -0.641365 0.294937
vn -0.892249 -0.445663 -0.072639
vn -0.739380 -0.669376 -0.072476
vn 0.743495 0.665403 -0.066742
vn 0.894480 0.442083 -0.066836
vn 0.926385 0.177370 0.332190
vn 0.936860 -0.101037 0.334790
vn 0.170345 -0.018646 0.985208
vn 0.173340 0.032815 0.984315
vn -0.306742 -0.056288 0.950127
vn -0.314861 0.037986 0.948378
vn -0.948996 0.114214 0.293876
vn -0.939843 -0.171600 0.295378
vn -0.990147 0.119678 -0.072705
vn -0.981114 -0.179214 -0.072782
vn 0.979941 0.187704 -0.066949
vn 0.992081 -0.106240 -0.067003
vn 0.879300 -0.342950 0.330479
vn 0.792234 -0.510220 0.334725
vn 0.141972 -0.093257 0.985468
vn 0.164096 -0.064643 0.984324
vn -0.289217 0.115204 0.950306
vn -0.261953 0.175823 0.948930
vn -0.789393 0.537711 0.296185
vn -0.886729 0.355666 0.295320
vn -0.825472 0.559708 -0.072961
vn -0.925962 0.370646 -0.072230
vn 0.929426 -0.362962 -0.066529
vn 0.838240 -0.541171 -0.066994
vn 0.644173 -0.683397 0.343524
vn 0.464953 -0.817614 0.339597
vn 0.079206 -0.143032 0.986544
vn 0.107799 -0.117258 0.987233
vn -0.208248 0.242338 0.947578
vn -0.136673 0.283133 0.949293
vn -0.413704 0.859879 0.299095
vn -0.618433 0.727084 0.298143
vn -0.431239 0.899248 -0.073382
vn -0.646683 0.759154 -0.074067
vn 0.684820 -0.725531 -0.068022
vn 0.496610 -0.865339 -0.067579
vn 0.319888 -0.885585 0.336766
vn 0.166961 -0.928178 0.332579
vn 0.025563 -0.162970 0.986300
vn 0.053050 -0.154775 0.986524
vn -0.081046 0.308248 0.947847
vn -0.021034 0.322657 0.946282
vn -0.057360 0.954518 0.292583
vn -0.240225 0.924539 0.295838
vn -0.059123 0.995670 -0.071736
vn -0.249715 0.965603 -0.072483
vn 0.343864 -0.936647 -0.066714
vn 0.183174 -0.980885 -0.065659
vn 0.010869 -0.944998 0.326896
vn -0.145694 -0.936160 0.319965
vn -0.032386 -0.164343 0.985871
vn -0.003094 -0.166834 0.985980
vn 0.044683 0.324776 0.944735
vn 0.113332 0.314057 0.942616
vn 0.333719 0.898022 0.286686
vn 0.137241 0.947226 0.289703
vn 0.347910 0.934884 -0.070366
vn 0.143585 0.987083 -0.071061
vn 0.020695 -0.997722 -0.064215
vn -0.141034 -0.988052 -0.062157
vn -0.305433 -0.899247 0.313154
vn -0.482491 -0.819307 0.309740
vn -0.090208 -0.131817 0.987161
vn -0.061412 -0.153777 0.986196
vn 0.182386 0.289351 0.939687
vn 0.255088 0.243144 0.935848
vn 0.704874 0.651666 0.280149
vn 0.521416 0.804829 0.283506
vn 0.732362 0.677373 -0.069368
vn 0.542359 0.837245 -0.069763
vn -0.306090 -0.950131 -0.059674
vn -0.491242 -0.869115 -0.057614
vn -0.670615 -0.673825 0.310218
vn -0.835646 -0.448088 0.317667
vn -0.136710 -0.064462 0.988512
vn -0.117216 -0.102024 0.987852
vn 0.315839 0.167224 0.933960
vn 0.357098 0.070727 0.931385
vn 0.945443 0.183422 0.269246
vn 0.854697 0.439443 0.276376
vn 0.979917 0.187967 -0.066561
vn 0.887775 0.455179 -0.068321
vn -0.691309 -0.720332 -0.056689
vn -0.873681 -0.483056 -0.057789
vn -0.928632 -0.177528 0.325771
vn -0.935996 0.093018 0.339498
vn -0.131548 0.021964 0.991066
vn -0.146433 -0.023536 0.988941
vn 0.367230 -0.033526 0.929526
vn 0.357258 -0.116890 0.926663
vn 0.915557 -0.308532 0.258001
vn 0.961420 -0.086197 0.261229
vn 0.946094 -0.317753 -0.062769
vn 0.993746 -0.091524 -0.063975
vn -0.978013 -0.199925 -0.059331
vn -0.994769 0.081981 -0.060947
vn -0.732774 0.550273 0.400303
vn 0.035430 0.934451 0.354326
vn 0.014469 0.127850 0.991688
vn -0.073936 0.073423 0.994556
vn 0.330987 -0.170225 0.928155
vn 0.290780 -0.192243 0.937278
vn 0.752646 -0.585896 0.300417
vn 0.841338 -0.468689 0.269224
vn 0.795792 -0.601089 -0.073535
vn 0.874951 -0.479780 -0.065364
vn -0.791889 0.606579 -0.070526
vn 0.067711 0.995806 -0.061521
vn 0.057856 0.195801 0.978935
vn 0.045434 -0.223195 0.973714
vn 0.133577 -0.216156 0.967178
vn 0.098909 0.198872 0.975021
vn -0.034146 -0.227968 0.973070
vn -0.022489 0.203036 0.978913
vn 0.109103 0.911898 0.395650
vn -0.161964 0.895784 0.413931
vn 0.284432 0.893684 0.347027
vn -0.127936 0.202328 0.970925
vn -0.126715 -0.239327 0.962635
vn -0.240606 -0.264202 0.933973
vn -0.248320 0.203060 0.947156
vn -0.425429 0.816355 0.390608
vn -0.619418 0.712663 0.329291
vn 0.325198 0.893432 0.309881
vn 0.088593 0.185662 0.978612
vn 0.223500 -0.200508 0.953858
vn 0.362409 -0.839172 0.405524
vn 0.609485 -0.709444 0.353862
vn 0.414199 -0.903811 -0.107540
vn 0.668366 -0.738461 -0.089231
vn 0.368520 0.927806 -0.058043
vn 0.332804 0.940124 -0.073539
vn -0.749353 0.610435 0.256593
vn -0.944450 0.312472 0.101859
vn -0.555989 0.123139 0.822017
vn -0.379146 0.189924 0.905637
vn -0.361571 -0.286179 0.887338
vn -0.799295 0.598485 -0.054251
vn -0.683645 0.725894 -0.075550
vn -0.957843 0.280743 -0.060998
vn -0.824645 -0.557328 0.096673
vn -0.844277 -0.533086 -0.054918
vn -0.681674 -0.730002 -0.049166
vn -0.635677 -0.734841 0.236482
vn -0.585105 -0.808057 -0.068531
vn -0.525397 -0.791814 0.311431
vn -0.518744 -0.272935 0.810192
vn 0.138674 0.985790 -0.094799
vn -0.177691 0.978256 -0.106965
vn -0.480773 0.871328 -0.098204
vn 0.084737 -0.898408 0.430909
vn 0.095071 -0.988943 -0.113814
vn -0.148542 -0.893539 0.423702
vn -0.178411 -0.978072 -0.107443
vn -0.356601 -0.852231 0.382802
vn -0.414855 -0.905293 -0.091323
vn -0.987481 -0.134953 -0.081664
vn -0.990144 -0.139560 0.011752
vn -0.973473 -0.214187 -0.080466
vn -0.978257 -0.206637 0.017744
vn -0.162799 0.020120 0.986454
vn -0.912325 0.094192 0.398487
vn -0.142501 -0.008731 0.989756
vn -0.903590 -0.081500 0.420575
vn 0.203117 -0.061294 0.977234
vn 0.210600 -0.015658 0.977447
vn 0.882567 -0.266701 0.387229
vn 0.911880 -0.073187 0.403880
vn 0.950454 -0.295891 -0.095318
vn 0.991262 -0.083066 -0.102468
vn -0.991928 -0.089361 -0.089970
vn -0.991597 0.096882 -0.085725
vn -0.128273 -0.033819 0.991162
vn -0.858811 -0.272663 0.433702
vn -0.112430 -0.048596 0.992471
vn -0.770391 -0.437495 0.463785
vn 0.200620 0.031687 0.979157
vn 0.181187 0.074332 0.980636
vn 0.899864 0.124447 0.418041
vn 0.850034 0.298841 0.433747
vn 0.985084 0.135332 -0.106279
vn 0.938768 0.326161 -0.111058
vn -0.860493 -0.500030 -0.097581
vn -0.948847 -0.301932 -0.092342
vn -0.091727 -0.069999 0.993321
vn -0.646811 -0.571496 0.505003
vn -0.057968 -0.119120 0.991186
vn -0.512220 -0.680360 0.524157
vn 0.156828 0.106706 0.981845
vn 0.145543 0.133170 0.980348
vn 0.756776 0.465204 0.459211
vn 0.612135 0.627758 0.480844
vn 0.848712 0.515218 -0.119325
vn 0.690562 0.711376 -0.130650
vn -0.601482 -0.790158 -0.117769
vn -0.734105 -0.670388 -0.108027
vn -0.023253 -0.188048 0.981885
vn -0.373743 -0.783524 0.496393
vn -0.010380 -0.253355 0.967318
vn -0.247119 -0.868299 0.430103
vn 0.127664 0.172787 0.976651
vn 0.073875 0.233416 0.969567
vn 0.403168 0.771022 0.492930
vn 0.170977 0.852408 0.494133
vn 0.448295 0.882526 -0.142055
vn 0.177854 0.972597 -0.149743
vn -0.314132 -0.943564 -0.104920
vn -0.459982 -0.880162 -0.117185
vn -0.784254 0.606096 0.132639
vn -0.796866 0.599933 -0.071313
vn -0.931094 0.345357 -0.117441
vn -0.945961 0.323872 0.016279
vn -0.980848 0.153044 -0.120479
vn -0.990991 0.133927 0.000765
vn -0.739550 -0.662497 -0.119011
vn -0.723250 -0.681302 0.112856
vn -0.023305 0.293831 0.955573
vn -0.190124 0.359245 0.913672
vn -0.043060 -0.391396 0.919214
vn -0.016399 -0.323245 0.946173
vn -0.060989 0.877616 0.475469
vn -0.324113 0.851635 0.411909
vn -0.098264 0.984686 -0.144006
vn -0.410775 0.905041 -0.110291
vn -0.066950 -0.952522 0.297018
vn -0.096172 -0.992779 -0.071702
vn -0.196215 -0.976587 -0.088192
vn -0.150084 -0.922004 0.356907
vn -0.398091 0.419685 0.815713
vn -0.544630 0.423392 0.723960
vn -0.229923 -0.493108 0.839035
vn -0.096182 -0.455159 0.885200
vn -0.574416 0.761942 0.299152
vn -0.633950 0.770315 -0.068721
vn -0.033766 -0.997627 -0.060000
vn -0.011327 -0.967585 0.252290
vn 0.517356 0.167682 0.839182
vn 0.546436 0.161494 0.821783
vn 0.134959 -0.012266 0.990775
vn 0.114331 -0.012917 0.993359
vn 0.597597 0.120582 0.792678
vn 0.147741 -0.033812 0.988448
vn -0.095074 -0.102499 0.990179
vn -0.102216 -0.104231 0.989287
vn -0.123932 -0.116123 0.985473
vn -0.927798 -0.373081 -0.001259
vn -0.523294 -0.255719 0.812878
vn -0.604244 -0.230799 0.762641
vn -0.954794 -0.297265 -0.001454
vn -0.917377 -0.397885 -0.010350
vn -0.489190 -0.257215 0.833387
vn 0.927164 0.374633 0.004186
vn 0.936983 0.349368 0.002007
vn 0.963287 0.268464 0.002457
vn 0.930287 0.351977 -0.103331
vn 0.957809 0.271796 -0.093430
vn 0.919900 0.376421 -0.109963
vn 0.648495 0.047848 0.759713
vn 0.160313 -0.062763 0.985069
vn 0.685178 -0.029951 0.727760
vn 0.169089 -0.082268 0.982161
vn -0.163296 -0.118245 0.979466
vn -0.205213 -0.093890 0.974204
vn -0.982739 -0.184999 -0.000406
vn -0.671194 -0.162233 0.723311
vn -0.704439 -0.058280 0.707368
vn -0.998789 -0.049198 0.000593
vn 0.988941 0.148291 0.002306
vn 0.999753 0.022114 0.002258
vn 0.984487 0.152058 -0.087539
vn 0.996069 0.025235 -0.084907
vn 0.703953 -0.116835 0.700571
vn 0.176725 -0.096763 0.979492
vn 0.701887 -0.216122 0.678709
vn 0.186078 -0.115121 0.975768
vn -0.236338 -0.046238 0.970570
vn -0.248010 0.014484 0.968649
vn -0.993469 0.114101 0.000611
vn -0.700979 0.067322 0.709998
vn -0.663242 0.199163 0.721419
vn -0.953950 0.299966 0.000035
vn 0.993460 -0.114165 0.001996
vn 0.965444 -0.260607 0.001710
vn 0.990024 -0.112501 -0.084828
vn 0.961698 -0.260191 -0.086241
vn 0.679929 -0.316407 0.661501
vn 0.196110 -0.138223 0.970791
vn 0.633599 -0.420502 0.649408
vn 0.201669 -0.168383 0.964872
vn -0.239902 0.080379 0.967464
vn -0.208183 0.151661 0.966260
vn -0.873419 0.486967 -0.001532
vn -0.596310 0.323525 0.734674
vn -0.488404 0.444695 0.750805
vn -0.733463 0.679715 -0.004404
vn 0.916134 -0.400870 0.001510
vn 0.841346 -0.540495 0.001655
vn 0.911817 -0.401112 -0.087741
vn 0.836382 -0.540957 -0.088490
vn 0.225714 0.304231 0.925471
vn 0.267978 -0.281951 0.921244
vn 0.997748 0.058491 0.032837
vn 0.913279 0.404333 0.049362
vn 0.969591 0.087637 -0.228504
vn 0.894258 0.384659 -0.228780
vn 0.332777 -0.680830 0.652480
vn 0.843730 -0.533889 -0.055522
vn 0.203075 -0.205903 0.957269
vn -0.135859 0.225508 0.964722
vn 0.201035 -0.247111 0.947904
vn -0.014849 0.297777 0.954520
vn -0.501458 0.865152 -0.007133
vn -0.330173 0.556371 0.762520
vn -0.115249 0.647027 0.753707
vn -0.151956 0.988356 -0.007838
vn 0.728358 -0.685194 0.001875
vn 0.554230 -0.528154 0.643337
vn 0.570480 -0.821309 0.002031
vn 0.439821 -0.624089 0.645810
vn 0.723129 -0.685115 -0.087758
vn 0.565764 -0.820187 -0.084879
vn 0.208853 -0.286123 0.935155
vn 0.115580 0.315291 0.941930
vn 0.174591 0.984640 -0.001765
vn 0.089265 0.691075 0.717249
vn 0.226755 0.711538 0.665053
vn 0.653219 0.756100 -0.040231
vn 0.456287 -0.889832 -0.001044
vn 0.344631 -0.676271 0.651066
vn 0.456722 -0.885884 -0.081330
vn 0.748908 -0.643873 -0.156732
vn -0.923624 -0.368076 -0.106956
vn -0.912689 -0.391046 -0.118666
vn -0.950404 -0.297151 -0.091833
vn -0.978161 -0.188750 -0.087029
vn -0.994189 -0.057517 -0.090995
vn -0.989570 0.101185 -0.102534
vn -0.951503 0.283608 -0.119198
vn -0.872494 0.469153 -0.136564
vn -0.735471 0.660124 -0.152703
vn -0.503395 0.848779 -0.161767
vn -0.145119 0.978053 -0.149508
vn 0.179295 0.976586 -0.118882
vn 0.563728 0.811214 -0.155379
vn -0.208205 -0.973347 0.096163
vn 0.280891 -0.782299 0.555976
vn -0.156377 -0.664984 0.730303
vn -0.596200 -0.596529 0.537308
vn -0.791026 -0.608843 0.059901
vn -0.595897 -0.690197 -0.410531
vn -0.155922 -0.795103 -0.586088
vn 0.281245 -0.875992 -0.391842
vn 0.473261 -0.876633 0.086828
vn 0.686778 0.405412 0.603305
vn 0.104132 -0.905973 0.410329
vn -0.186394 -0.826644 0.530958
vn 0.097314 0.543361 0.833840
vn -0.478951 -0.782510 0.397849
vn -0.487528 0.654160 0.578266
vn -0.604611 -0.792679 0.078142
vn -0.749699 0.658545 -0.065343
vn -0.478747 -0.845281 -0.237280
vn -0.487034 0.528236 -0.695532
vn -0.186068 -0.914628 -0.358936
vn 0.097956 0.369525 -0.924043
vn 0.104333 -0.968788 -0.224865
vn 0.687211 0.279469 -0.670551
vn 0.227750 -0.968985 0.095907
vn 0.954246 0.297598 -0.029151
vn 0.701484 0.307558 0.642906
vn 0.078025 0.457421 0.885821
vn -0.542194 0.571017 0.616413
vn -0.818596 0.571552 -0.056832
vn -0.541693 0.439258 -0.716674
vn 0.078708 0.275149 -0.958174
vn 0.701943 0.175814 -0.690192
vn 0.981558 0.190272 -0.018439
vn 0.978229 -0.206490 0.020741
vn 0.674009 -0.070824 0.735320
vn 0.546575 -0.429712 0.718751
vn 0.824879 -0.562539 0.055894
vn 0.674507 -0.213388 -0.706757
vn 0.547042 -0.562082 -0.620329
vn 0.000505 -0.097725 -0.995213
vn -0.075963 -0.448141 -0.890730
vn -0.673696 0.072131 -0.735480
vn -0.702143 -0.297525 -0.646896
vn -0.977948 0.207798 -0.020912
vn -0.983608 -0.179477 0.017399
vn -0.674228 0.214727 0.706618
vn -0.702626 -0.165098 0.692141
vn -0.000185 0.099053 0.995082
vn -0.076608 -0.265023 0.961194
vn 0.515606 -0.485398 0.706074
vn -0.089696 -0.328834 0.940118
vn -0.197133 -0.889192 0.412888
vn 0.012613 -0.946635 0.322060
vn 0.672049 -0.070938 0.737101
vn -0.000366 0.098374 0.995149
vn 0.258393 -0.806664 0.531533
vn -0.161975 -0.694206 0.701314
vn -0.584544 -0.628131 0.513575
vn -0.766290 -0.639408 0.062905
vn -0.584205 -0.716610 -0.381017
vn -0.161519 -0.818143 -0.551864
vn 0.258667 -0.895136 -0.363075
vn 0.438106 -0.894550 0.088567
vn -0.408293 -0.857477 0.313098
vn -0.478095 -0.874062 0.086258
vn -0.385163 -0.916212 -0.110477
vn -0.199769 -0.961880 -0.186761
vn -0.015008 -0.994611 -0.102586
vn 0.078931 -0.992038 0.098133
vn -0.696399 -0.228662 0.680252
vn -0.672544 0.213882 0.708477
vn -0.968177 -0.249083 0.024316
vn -0.978078 0.207193 -0.020874
vn -0.692055 -0.387814 -0.608820
vn -0.672023 0.070950 -0.737123
vn -0.106985 -0.585879 -0.803306
vn 0.000367 -0.098347 -0.995152
vn 0.499724 -0.640213 -0.583441
vn 0.672566 -0.213815 -0.708476
vn 0.782318 -0.619831 0.061552
vn 0.978090 -0.207135 0.020860
vn 0.000000 0.000000 1.000000
vn -0.000000 0.000000 1.000000
vn -0.000000 0.000000 1.000000
vn 0.000000 0.000000 1.000000
vn -0.394176 0.853923 0.339767
vn -0.587024 0.758910 0.281884
vn -0.784572 0.494925 0.373492
vn 0.000000 0.000000 1.000000
vn -0.000000 0.000000 1.000000
vn 0.787049 0.496485 0.366138
vn 0.589421 0.758325 0.278434
vn 0.393641 0.852763 0.343281
vn 0.390855 0.442236 0.807254
vn -0.000000 0.000000 1.000000
vn -0.389234 0.435542 0.811665
vn -0.000000 0.000000 1.000000
vn 0.824386 0.399166 0.401316
vn 0.903498 0.056755 0.424819
vn 0.000000 0.000000 1.000000
vn 0.000000 0.000000 1.000000
vn 0.000000 0.000000 1.000000
vn -0.000000 0.000000 1.000000
vn -0.000000 0.000000 1.000000
vn 0.000000 0.000000 1.000000
vn 0.000000 0.000000 1.000000
vn 0.000000 0.000000 1.000000
vn 0.000000 0.000000 1.000000
vn 0.000000 0.000000 1.000000
vn -0.900126 0.056542 0.431944
vn -0.821552 0.397796 0.408426
vn 0.000000 0.000000 1.000000
vn 0.000000 0.000000 1.000000
vn -0.906591 0.044317 0.419677
vn 0.000000 0.000000 1.000000
vn 0.000000 0.000000 1.000000
vn 0.000000 0.000000 1.000000
vn 0.000000 0.000000 1.000000
vn -0.000000 0.000000 1.000000
vn 0.909839 0.044476 0.412570
vn -0.000000 0.000000 1.000000
vn 0.000009 0.974529 0.224261
vn -0.000009 0.974529 0.224261
vn -0.000009 1.000000 0.000000
vn 0.000009 1.000000 0.000000
vn 0.000018 -0.994762 0.102218
vn -0.000018 -0.994762 0.102218
vn -0.000018 -1.000000 0.000000
vn 0.000018 -1.000000 0.000000
vn -0.418601 0.908170 0.000000
vn -0.614579 0.788855 0.000000
vn -0.845778 0.533535 0.000000
vn 0.616543 0.787321 0.000000
vn 0.418687 0.908131 0.000000
vn 0.845779 0.533533 0.000000
vn -0.444995 -0.804368 0.393663
vn -0.658162 -0.698583 0.280722
vn -0.689646 -0.724147 0.000010
vn -0.484121 -0.875001 0.000020
vn 0.660577 -0.697846 0.276857
vn 0.444091 -0.802732 0.398002
vn 0.484109 -0.875008 0.000020
vn 0.691526 -0.722352 0.000010
vn 0.326064 -0.940396 0.096633
vn 0.327597 -0.944817 0.000000
vn 0.575143 0.799220 0.174519
vn 0.584107 0.811677 0.000000
vn -0.575143 0.799221 0.174519
vn -0.584107 0.811677 0.000000
vn -0.326064 -0.940396 0.096633
vn -0.327597 -0.944817 0.000000
vn 0.900044 0.435800 0.000000
vn 0.998033 0.062694 0.000000
vn -0.998033 0.062692 0.000000
vn -0.900043 0.435802 0.000000
vn -0.998807 0.048824 0.000000
vn 0.998807 0.048825 0.000000
vn 0.000000 0.000000 1.000000
vn 0.000000 0.000000 1.000000
vn -0.750063 0.586293 0.306050
vn -0.854628 0.188443 0.483839
vn -0.787868 0.615844 0.000000
vn -0.976542 0.215325 0.000000
vn 0.750062 0.586293 0.306051
vn 0.854628 0.188443 0.483840
vn 0.976542 0.215325 0.000000
vn 0.787868 0.615844 0.000000
vn 0.000000 0.000000 1.000000
vn 0.000000 0.000000 1.000000
vn 0.000000 0.000000 1.000000
vn 0.000000 0.000000 1.000000
vn 0.783233 0.008138 0.621675
vn 0.676355 0.736576 0.000000
vn 0.999946 0.010390 0.000000
vn -0.783227 0.008138 0.621683
vn -0.999946 0.010390 0.000000
vn -0.680626 0.732631 0.000000
vn -0.000000 0.000000 1.000000
vn -0.000000 0.000000 1.000000
vn 0.831762 0.323716 0.450977
vn 0.931909 0.362693 0.000000
vn -0.831756 0.323707 0.450993
vn -0.931911 0.362686 0.000000
vn 0.000000 0.000000 1.000000
vn 0.000000 0.000000 1.000000
vn -0.726071 0.637989 0.256496
vn -0.509619 0.830720 0.224039
vn 0.000000 0.000000 1.000000
vn -0.906021 0.322214 0.274417
vn -0.000000 0.000000 1.000000
vn 0.509619 0.830720 0.224039
vn 0.522911 0.852387 0.000000
vn -0.522911 0.852387 0.000000
vn -0.942191 0.335078 0.000000
vn 0.906020 0.322215 0.274417
vn 0.942190 0.335078 0.000000
vn -0.000000 0.000000 1.000000
vn -0.751203 0.660072 0.000000
vn 0.726072 0.637989 0.256496
vn 0.751203 0.660072 0.000000
vn -0.000000 0.000000 1.000000
vn 0.000000 0.000000 1.000000
vn 0.000000 0.000000 1.000000
vn 0.000000 0.000000 1.000000
vn 0.000000 0.000000 1.000000
vn -0.808655 0.325080 0.490307
vn -0.844244 0.167766 0.509026
vn -0.927835 0.372990 0.000000
vn -0.980822 0.194906 0.000000
vn 0.844241 0.167760 0.509031
vn 0.808641 0.325074 0.490334
vn 0.980823 0.194901 0.000000
vn 0.927835 0.372991 0.000000
vn -0.838875 -0.427863 0.336486
vn -0.890819 -0.454358 0.000002
vn 0.000000 0.000000 1.000000
vn -0.662170 -0.186969 0.725654
vn -0.000000 0.000000 1.000000
vn -0.000000 0.000000 1.000000
vn 0.000000 0.000000 1.000000
vn 0.000000 0.000000 1.000000
vn 0.000000 0.000000 1.000000
vn 0.662574 -0.190686 0.724317
vn 0.000000 0.000000 1.000000
vn 0.840960 -0.428931 0.329855
vn -0.000000 0.000000 1.000000
vn 0.890817 -0.454362 0.000002
vn -0.889469 -0.193379 0.414064
vn -0.902431 -0.015758 0.430546
vn -0.999848 -0.017460 0.000000
vn -0.977173 -0.212447 0.000001
vn 0.000000 0.000000 1.000000
vn 0.000000 0.000000 1.000000
vn 0.000000 0.000000 1.000000
vn 0.000000 0.000000 1.000000
vn 0.000000 0.000000 1.000000
vn 0.000000 0.000000 1.000000
vn -0.000000 0.000000 1.000000
vn -0.000000 0.000000 1.000000
vn -0.000000 0.000000 1.000000
vn -0.000000 0.000000 1.000000
vn 0.892663 -0.194069 0.406805
vn 0.905917 -0.015816 0.423159
vn -0.000000 0.000000 1.000000
vn -0.000000 0.000000 1.000000
vn 0.977174 -0.212442 0.000001
vn 0.999848 -0.017457 0.000000
vn -0.000000 0.000000 1.000000
vn -0.000000 0.000000 1.000000
vn 0.817758 0.000000 0.575563
vn 1.000000 0.000000 0.000000
vn 0.963877 -0.266348 0.000007
vn -0.817758 0.000000 0.575563
vn -0.965169 -0.261627 0.000006
vn -1.000000 0.000000 0.000000
vn -0.000000 0.000000 1.000000
vn -0.000000 0.000000 1.000000
vn 0.000000 0.000000 1.000000
vn -0.000000 0.000000 1.000000
vn 0.633546 -0.630890 0.447881
vn 0.829670 -0.132078 0.542406
vn 0.708591 -0.705620 0.000000
vn 0.987565 -0.157214 0.000000
vn -0.633546 -0.630890 0.447881
vn -0.829670 -0.132078 0.542406
vn -0.987565 -0.157214 0.000000
vn -0.708591 -0.705620 0.000000
vn 0.000000 0.000000 1.000000
vn -0.000000 0.000000 1.000000
vn -0.000000 0.000000 1.000000
vn -0.000000 0.000000 1.000000
vn 0.854113 -0.333409 0.399161
vn 0.871929 -0.068329 0.484842
vn 0.931542 -0.363634 0.000000
vn 0.996943 -0.078126 0.000000
vn -0.871929 -0.068329 0.484841
vn -0.854113 -0.333409 0.399161
vn -0.996943 -0.078126 0.000000
vn -0.931542 -0.363634 0.000000
vn -0.000000 0.000000 1.000000
vn -0.000000 0.000000 1.000000
vn 0.521499 -0.806528 0.278481
vn 0.542978 -0.839747 0.000000
vn -0.521499 -0.806528 0.278482
vn -0.542978 -0.839747 0.000000
vn -0.859248 0.343109 0.379432
vn -0.928696 0.370841 -0.000000
vn 0.861850 0.344142 0.372533
vn 0.928699 0.370835 -0.000000
vn 0.000000 0.000000 1.000000
vn -0.000000 0.000000 1.000000
vn -0.000000 0.000000 1.000000
vn 0.000000 0.000000 1.000000
vn 0.000000 0.000000 1.000000
vn -0.000000 0.000000 1.000000
vn 0.724470 0.002761 -0.689301
vn 0.719168 -0.077422 -0.690509
vn 0.021811 -0.014866 -0.999652
vn 0.029363 0.065114 -0.997446
vn -0.688321 0.056397 -0.723211
vn -0.678475 0.136148 -0.721897
vn -0.995245 0.094624 -0.023123
vn -0.984407 0.174252 -0.024072
vn -0.719167 0.077422 0.690510
vn -0.709222 0.157104 0.687257
vn -0.021812 0.014865 0.999652
vn -0.014118 0.094750 0.995401
vn 0.688321 -0.056399 0.723211
vn 0.693721 0.023716 0.719853
vn 0.995244 -0.094625 0.023123
vn 0.999654 -0.014386 0.022026
vn 0.094936 0.995402 -0.012732
vn 0.713098 0.184767 -0.676278
vn 0.721484 0.121388 -0.681708
vn 0.026663 0.056157 -0.998066
vn 0.021547 0.119846 -0.992559
vn -0.682986 -0.041905 -0.729228
vn -0.687210 0.021917 -0.726128
vn -0.992735 -0.115397 -0.034059
vn -0.998154 -0.051736 -0.031822
vn -0.722183 -0.121432 0.680960
vn -0.727581 -0.057795 0.683583
vn -0.029474 -0.056486 0.997968
vn -0.034462 0.007322 0.999379
vn 0.680832 0.041542 0.731260
vn 0.673804 0.105275 0.731372
vn 0.992696 0.115319 0.035442
vn 0.983181 0.178733 0.037549
vn -0.122941 0.990872 0.055305
s 1
g sconce_lowpoly1 PROP_____Sconce_New_1 High_Fidelity_Group
usemtl initialShadingGroup
f 49/1/1 50/107/2 51/3/3
f 50/2/2 52/4/4 51/105/3
f 52/4/4 53/5/5 51/105/3
f 53/5/5 54/6/6 51/105/3
f 54/6/6 55/104/7 51/105/3
f 55/7/7 56/8/8 51/3/3
f 56/8/8 57/9/9 51/3/3
f 57/9/9 49/1/1 51/3/3
f 9/10/10 1/11/11 2/12/12 10/100/13
f 2/99/12 3/14/14 11/15/15 10/13/13
f 3/14/14 4/16/16 12/17/17 11/15/15
f 4/16/16 5/18/18 13/19/19 12/17/17
f 5/18/18 6/20/20 14/102/21 13/19/19
f 6/98/20 7/22/22 15/23/23 14/21/21
f 7/22/22 8/24/24 16/25/25 15/23/23
f 8/24/24 1/11/11 9/10/10 16/25/25
f 33/26/26 9/10/10 10/100/13 40/27/27
f 10/13/13 11/15/15 39/28/28 40/101/27
f 11/15/15 12/17/17 38/29/29 39/28/28
f 12/17/17 13/19/19 37/30/30 38/29/29
f 13/19/19 14/102/21 36/31/31 37/30/30
f 14/21/21 15/23/23 35/32/32 36/103/31
f 15/23/23 16/25/25 34/33/33 35/32/32
f 16/25/25 9/10/10 33/26/26 34/33/33
f 26/34/34 25/35/35 41/36/36 42/37/37
f 27/38/38 26/34/34 42/37/37 43/39/39
f 28/112/40 27/38/38 43/39/39 44/110/41
f 29/42/42 28/40/40 44/41/41 45/43/43
f 30/44/44 29/42/42 45/43/43 46/45/45
f 31/46/46 30/44/44 46/45/45 47/47/47
f 32/111/48 31/46/46 47/47/47 48/109/49
f 25/35/35 32/48/48 48/49/49 41/36/36
f 34/33/33 33/26/26 25/35/35 26/34/34
f 35/32/32 34/33/33 26/34/34 27/38/38
f 36/103/31 35/32/32 27/38/38 28/112/40
f 37/30/30 36/31/31 28/40/40 29/42/42
f 38/29/29 37/30/30 29/42/42 30/44/44
f 39/28/28 38/29/29 30/44/44 31/46/46
f 40/101/27 39/28/28 31/46/46 32/111/48
f 33/26/26 40/27/27 32/48/48 25/35/35
f 42/37/37 41/36/36 17/50/50 24/51/51
f 43/39/39 42/37/37 24/51/51 23/52/52
f 44/110/41 43/39/39 23/52/52 22/53/53
f 45/43/43 44/41/41 22/106/53 21/54/54
f 46/45/45 45/43/43 21/54/54 20/55/55
f 47/47/47 46/45/45 20/55/55 19/56/56
f 48/109/49 47/47/47 19/56/56 18/57/57
f 41/36/36 48/49/49 18/108/57 17/50/50
f 17/50/50 18/108/57 50/107/2 49/1/1
f 18/57/57 19/56/56 52/4/4 50/2/2
f 19/56/56 20/55/55 53/5/5 52/4/4
f 20/55/55 21/54/54 54/6/6 53/5/5
f 21/54/54 22/106/53 55/104/7 54/6/6
f 22/53/53 23/52/52 56/8/8 55/7/7
f 23/52/52 24/51/51 57/9/9 56/8/8
f 24/51/51 17/50/50 49/1/1 57/9/9
f 82/58/58 83/92/59 75/93/60 74/61/61
f 59/62/62 83/92/59 82/58/58 58/63/63
f 66/64/64 67/97/65 2/12/12 1/11/11
f 67/65/65 68/66/66 3/14/14 2/99/12
f 68/66/66 69/67/67 4/16/16 3/14/14
f 69/67/67 70/68/68 5/18/18 4/16/16
f 70/68/68 71/96/69 6/20/20 5/18/18
f 71/69/69 72/70/70 7/22/22 6/98/20
f 72/70/70 73/71/71 8/24/24 7/22/22
f 73/71/71 66/64/64 1/11/11 8/24/24
f 74/61/61 75/93/60 67/97/65 66/64/64
f 75/60/60 76/72/72 68/66/66 67/65/65
f 76/72/72 77/73/73 69/67/67 68/66/66
f 77/73/73 78/74/74 70/68/68 69/67/67
f 78/74/74 79/91/75 71/96/69 70/68/68
f 79/75/75 80/76/76 72/70/70 71/69/69
f 80/76/76 81/77/77 73/71/71 72/70/70
f 81/77/77 74/61/61 66/64/64 73/71/71
f 83/59/59 84/78/78 76/72/72 75/60/60
f 60/79/79 84/78/78 83/59/59 59/95/62
f 84/78/78 85/80/80 77/73/73 76/72/72
f 61/81/81 85/80/80 84/78/78 60/79/79
f 85/80/80 86/82/82 78/74/74 77/73/73
f 62/83/83 86/82/82 85/80/80 61/81/81
f 86/82/82 87/90/84 79/91/75 78/74/74
f 63/85/85 87/90/84 86/82/82 62/83/83
f 87/84/84 88/86/86 80/76/76 79/75/75
f 64/87/87 88/86/86 87/84/84 63/94/85
f 88/86/86 89/88/88 81/77/77 80/76/76
f 65/89/89 89/88/88 88/86/86 64/87/87
f 58/63/63 82/58/58 89/88/88 65/89/89
f 89/88/88 82/58/58 74/61/61 81/77/77
s 4
f 159/113/90 160/114/91 140/115/92 113/116/93
f 100/117/94 99/118/95 152/119/96 153/120/97
f 99/118/95 98/121/98 151/122/99 152/119/96
f 122/123/100 143/124/101 144/125/102 125/126/103
f 126/127/104 135/128/105 136/129/106 129/130/107
f 123/131/108 164/132/109 165/133/110 124/134/111
f 155/135/112 156/136/113 122/123/100 125/126/103
f 150/137/114 151/122/99 98/121/98 92/138/115
f 94/139/116 130/140/117 131/141/118 103/142/119
f 109/143/120 169/144/121 170/145/122 93/146/123
f 98/121/98 148/147/124 149/148/125 92/138/115
f 101/149/126 102/150/127 132/151/128 133/152/129
f 102/150/127 103/142/119 131/141/118 132/151/128
f 167/153/130 168/154/131 108/155/132 107/156/133
f 168/154/131 169/144/121 109/143/120 108/155/132
f 98/121/98 99/118/95 147/157/134 148/147/124
f 99/118/95 100/117/94 146/158/135 147/157/134
f 96/159/136 137/160/137 138/161/138 114/162/139
f 162/163/140 163/164/141 91/165/142 116/166/143
f 141/167/144 142/168/145 90/169/146 115/170/147
f 90/169/146 157/171/148 158/172/149 115/170/147
f 115/170/147 158/172/149 172/173/150 173/174/151
f 173/174/151 174/175/152 141/167/144 115/170/147
f 175/176/153 176/177/154 162/163/140 116/166/143
f 114/162/139 138/161/138 178/178/155 171/179/156
f 119/180/157 145/181/158 146/158/135 100/117/94
f 153/120/97 154/182/159 119/180/157 100/117/94
f 101/149/126 133/152/129 134/183/160 120/184/161
f 118/185/162 166/186/163 167/153/130 107/156/133
f 90/169/146 142/168/145 143/124/101 122/123/100
f 144/125/102 145/187/158 119/188/157 125/126/103
f 120/189/161 134/190/160 135/128/105 126/127/104
f 136/129/106 137/160/137 96/159/136 129/130/107
f 91/165/142 163/164/141 164/132/109 123/131/108
f 165/133/110 166/191/163 118/192/162 124/134/111
f 156/136/113 157/171/148 90/169/146 122/123/100
f 119/188/157 154/193/159 155/135/112 125/126/103
f 131/141/118 130/140/117 95/194/164 106/195/165
f 132/151/128 131/141/118 106/195/165 105/196/166
f 133/152/129 132/151/128 105/196/166 104/197/167
f 134/183/160 133/152/129 104/197/167 121/198/168
f 135/128/105 134/190/160 121/199/168 127/200/169
f 136/129/106 135/128/105 127/200/169 128/201/170
f 97/202/171 137/160/137 136/129/106 128/201/170
f 138/161/138 137/160/137 97/202/171 117/203/172
f 177/204/173 178/178/155 138/161/138 117/203/172
f 140/115/92 160/114/91 161/205/174 112/206/175
f 116/166/143 141/167/144 174/175/152 175/176/153
f 91/165/142 142/168/145 141/167/144 116/166/143
f 143/124/101 142/168/145 91/165/142 123/131/108
f 144/125/102 143/124/101 123/131/108 124/134/111
f 118/192/162 145/187/158 144/125/102 124/134/111
f 146/158/135 145/181/158 118/185/162 107/156/133
f 147/157/134 146/158/135 107/156/133 108/155/132
f 148/147/124 147/157/134 108/155/132 109/143/120
f 149/148/125 148/147/124 109/143/120 93/146/123
f 103/142/119 151/122/99 150/137/114 94/139/116
f 152/119/96 151/122/99 103/142/119 102/150/127
f 153/120/97 152/119/96 102/150/127 101/149/126
f 120/184/161 154/182/159 153/120/97 101/149/126
f 155/135/112 154/193/159 120/189/161 126/127/104
f 129/130/107 156/136/113 155/135/112 126/127/104
f 96/159/136 157/171/148 156/136/113 129/130/107
f 158/172/149 157/171/148 96/159/136 114/162/139
f 171/179/156 172/173/150 158/172/149 114/162/139
f 110/207/176 139/208/177 160/114/91 159/113/90
f 161/205/174 160/114/91 139/208/177 111/209/178
f 117/210/172 162/163/140 176/177/154 177/211/173
f 97/212/171 163/164/141 162/163/140 117/210/172
f 164/132/109 163/164/141 97/212/171 128/213/170
f 165/133/110 164/132/109 128/213/170 127/214/169
f 121/215/168 166/191/163 165/133/110 127/214/169
f 167/153/130 166/186/163 121/216/168 104/217/167
f 104/217/167 105/218/166 168/154/131 167/153/130
f 105/218/166 106/219/165 169/144/121 168/154/131
f 170/145/122 169/144/121 106/219/165 95/220/164
f 159/113/90 172/173/150 171/179/156 110/207/176
f 173/174/151 172/173/150 159/113/90 113/116/93
f 140/115/92 174/175/152 173/174/151 113/116/93
f 175/176/153 174/175/152 140/115/92 112/206/175
f 161/221/174 176/177/154 175/176/153 112/206/175
f 177/211/173 176/177/154 161/221/174 111/222/178
f 139/223/177 178/178/155 177/204/173 111/224/178
f 171/179/156 178/178/155 139/223/177 110/207/176
s 13
f 179/225/179 180/226/180 184/227/181 183/228/182
f 185/229/183 181/230/184 182/231/185 186/232/186
f 184/227/181 188/233/187 187/234/188 183/228/182
f 189/235/189 185/229/183 186/232/186 190/236/190
f 188/233/187 192/237/191 191/238/192 187/234/188
f 193/239/193 189/235/189 190/236/190 194/240/194
f 192/237/191 196/241/195 195/242/196 191/238/192
f 197/243/197 193/239/193 194/240/194 198/244/198
f 196/241/195 200/245/199 199/246/200 195/242/196
f 201/247/201 197/243/197 198/244/198 202/248/202
f 200/245/199 204/249/203 203/250/204 199/246/200
f 205/251/205 201/247/201 202/248/202 206/252/206
f 204/249/203 208/253/207 207/254/208 203/250/204
f 209/255/209 205/251/205 206/252/206 210/256/210
f 208/253/207 212/257/211 211/258/212 207/254/208
f 213/259/213 209/255/209 210/256/210 214/260/214
f 212/257/211 216/261/215 215/262/216 211/258/212
f 217/263/217 213/259/213 214/260/214 218/264/218
f 216/261/215 220/265/219 219/266/220 215/262/216
f 221/267/221 217/263/217 218/264/218 222/268/222
f 220/265/219 224/269/223 223/270/224 219/266/220
f 225/271/225 221/267/221 222/268/222 226/272/226
f 224/269/223 228/273/227 227/274/228 223/270/224
f 229/275/229 225/271/225 226/272/226 230/276/230
f 228/273/227 232/277/231 231/278/232 227/274/228
f 233/279/233 229/275/229 230/276/230 234/280/234
f 232/277/231 236/281/235 235/282/236 231/278/232
f 237/283/237 233/279/233 234/280/234 238/284/238
f 236/281/235 240/285/239 239/286/240 235/282/236
f 241/287/241 237/283/237 238/284/238 242/288/242
f 240/285/239 244/289/243 243/290/244 239/286/240
f 245/291/245 241/287/241 242/288/242 246/292/246
f 244/289/243 248/293/247 247/294/248 243/290/244
f 249/295/249 245/291/245 246/292/246 250/296/250
f 248/293/247 252/297/251 251/298/252 247/294/248
f 253/299/253 249/295/249 250/296/250 254/300/254
f 252/297/251 256/301/255 255/302/256 251/298/252
f 257/303/257 253/299/253 254/300/254 258/304/258
f 256/301/255 260/305/259 259/306/260 255/302/256
f 261/307/261 257/303/257 258/304/258 262/308/262
f 260/305/259 264/309/263 263/310/264 259/306/260
f 265/311/265 261/307/261 262/308/262 266/312/266
f 264/309/263 268/313/267 267/314/268 263/310/264
f 269/315/269 265/311/265 266/312/266 270/316/270
f 268/313/267 272/317/271 271/318/272 267/314/268
f 273/319/273 269/315/269 270/316/270 274/320/274
f 272/317/271 276/321/275 275/322/276 271/318/272
f 277/323/277 273/319/273 274/320/274 278/324/278
f 276/321/275 280/325/279 279/326/280 275/322/276
f 281/327/281 277/323/277 278/324/278 282/328/282
f 280/325/279 284/329/283 283/330/284 279/326/280
f 285/331/285 281/327/281 282/328/282 286/332/286
f 287/333/287 180/226/180 179/225/179 288/334/288
f 181/230/184 289/335/289 290/336/290 182/231/185
f 291/337/291 287/333/287 288/334/288 292/338/292
f 289/335/289 293/339/293 294/340/294 290/336/290
f 295/341/295 291/337/291 292/338/292 296/342/296
f 293/339/293 297/343/297 298/344/298 294/340/294
f 299/345/299 295/341/295 296/342/296 300/346/300
f 297/343/297 301/347/301 302/348/302 298/344/298
f 303/349/303 299/345/299 300/346/300 304/350/304
f 301/347/301 305/351/305 306/352/306 302/348/302
f 307/353/307 303/349/303 304/350/304 308/354/308
f 310/355/309 306/352/306 305/351/305 309/356/310
f 284/329/283 311/357/311 312/358/312 283/330/284
f 313/359/313 285/331/285 286/332/286 314/360/314
f 311/357/311 315/361/315 316/362/316 312/358/312
f 317/363/317 313/359/313 314/360/314 318/364/318
f 315/361/315 319/365/319 320/366/320 316/362/316
f 321/367/321 317/363/317 318/364/318 322/368/322
f 319/365/319 323/369/323 324/370/324 320/366/320
f 325/371/325 321/367/321 322/368/322 326/372/326
f 323/369/323 327/373/327 328/374/328 324/370/324
f 329/375/329 325/371/325 326/372/326 330/376/330
f 328/374/328 327/373/327 331/377/331 332/378/332
f 329/375/329 330/376/330 334/379/333 333/380/334
f 180/226/180 287/333/287 289/335/289 181/230/184
f 287/333/287 291/337/291 293/339/293 289/335/289
f 291/337/291 295/341/295 297/343/297 293/339/293
f 295/341/295 299/345/299 301/347/301 297/343/297
f 299/345/299 303/349/303 305/351/305 301/347/301
f 305/351/305 303/349/303 307/353/307 309/356/310
f 310/355/309 309/356/310 307/353/307 308/381/308
f 308/382/308 304/383/304 306/352/306 310/355/309
f 304/383/304 300/384/300 302/348/302 306/352/306
f 300/384/300 296/385/296 298/344/298 302/348/302
f 296/385/296 292/386/292 294/340/294 298/344/298
f 292/386/292 288/387/288 290/336/290 294/340/294
f 288/387/288 179/388/179 182/231/185 290/336/290
f 179/388/179 183/389/182 186/232/186 182/231/185
f 183/389/182 187/390/188 190/236/190 186/232/186
f 187/390/188 191/391/192 194/240/194 190/236/190
f 191/391/192 195/392/196 198/244/198 194/240/194
f 195/392/196 199/393/200 202/248/202 198/244/198
f 199/393/200 203/394/204 206/252/206 202/248/202
f 203/394/204 207/395/208 210/256/210 206/252/206
f 207/395/208 211/396/212 214/260/214 210/256/210
f 211/396/212 215/397/216 218/264/218 214/260/214
f 215/397/216 219/398/220 222/268/222 218/264/218
f 219/398/220 223/399/224 226/272/226 222/268/222
f 223/399/224 227/400/228 230/276/230 226/272/226
f 227/400/228 231/401/232 234/280/234 230/276/230
f 231/401/232 235/402/236 238/284/238 234/280/234
f 235/402/236 239/403/240 242/288/242 238/284/238
f 239/403/240 243/404/244 246/292/246 242/288/242
f 243/404/244 247/405/248 250/296/250 246/292/246
f 247/405/248 251/406/252 254/300/254 250/296/250
f 251/406/252 255/407/256 258/304/258 254/300/254
f 255/407/256 259/408/260 262/308/262 258/304/258
f 259/408/260 263/409/264 266/312/266 262/308/262
f 263/409/264 267/410/268 270/316/270 266/312/266
f 267/410/268 271/411/272 274/320/274 270/316/270
f 271/411/272 275/412/276 278/324/278 274/320/274
f 275/412/276 279/413/280 282/328/282 278/324/278
f 279/413/280 283/414/284 286/332/286 282/328/282
f 283/414/284 312/415/312 314/360/314 286/332/286
f 312/415/312 316/416/316 318/364/318 314/360/314
f 316/416/316 320/417/320 322/368/322 318/364/318
f 320/417/320 324/418/324 326/372/326 322/368/322
f 324/418/324 328/419/328 330/376/330 326/372/326
f 334/379/333 330/376/330 328/419/328 332/420/332
f 331/377/331 333/380/334 334/379/333 332/421/332
f 327/373/327 329/375/329 333/380/334 331/377/331
f 327/373/327 323/369/323 325/371/325 329/375/329
f 323/369/323 319/365/319 321/367/321 325/371/325
f 319/365/319 315/361/315 317/363/317 321/367/321
f 315/361/315 311/357/311 313/359/313 317/363/317
f 311/357/311 284/329/283 285/331/285 313/359/313
f 284/329/283 280/325/279 281/327/281 285/331/285
f 280/325/279 276/321/275 277/323/277 281/327/281
f 276/321/275 272/317/271 273/319/273 277/323/277
f 272/317/271 268/313/267 269/315/269 273/319/273
f 268/313/267 264/309/263 265/311/265 269/315/269
f 264/309/263 260/305/259 261/307/261 265/311/265
f 260/305/259 256/301/255 257/303/257 261/307/261
f 256/301/255 252/297/251 253/299/253 257/303/257
f 252/297/251 248/293/247 249/295/249 253/299/253
f 248/293/247 244/289/243 245/291/245 249/295/249
f 244/289/243 240/285/239 241/287/241 245/291/245
f 240/285/239 236/281/235 237/283/237 241/287/241
f 236/281/235 232/277/231 233/279/233 237/283/237
f 232/277/231 228/273/227 229/275/229 233/279/233
f 228/273/227 224/269/223 225/271/225 229/275/229
f 224/269/223 220/265/219 221/267/221 225/271/225
f 220/265/219 216/261/215 217/263/217 221/267/221
f 216/261/215 212/257/211 213/259/213 217/263/217
f 212/257/211 208/253/207 209/255/209 213/259/213
f 208/253/207 204/249/203 205/251/205 209/255/209
f 204/249/203 200/245/199 201/247/201 205/251/205
f 200/245/199 196/241/195 197/243/197 201/247/201
f 196/241/195 192/237/191 193/239/193 197/243/197
f 192/237/191 188/233/187 189/235/189 193/239/193
f 188/233/187 184/227/181 185/229/183 189/235/189
f 184/227/181 180/226/180 181/230/184 185/229/183
s 14
f 349/422/335 463/423/336 346/424/337 342/425/338
f 351/426/339 352/427/340 365/428/341 366/429/342
f 352/427/340 351/426/339 354/430/343 353/431/344
f 353/431/344 354/430/343 356/432/345 355/433/346
f 355/433/346 356/432/345 358/434/347 357/435/348
f 357/435/348 358/434/347 360/436/349 359/437/350
f 359/438/350 360/439/349 362/440/351 361/441/352
f 361/441/352 362/440/351 364/442/353 363/443/354
f 363/443/354 364/442/353 366/429/342 365/428/341
f 335/444/355 343/445/356 365/428/341 352/427/340
f 355/433/346 357/435/348 346/446/337 341/447/357
f 336/448/358 349/449/335 361/441/352 363/443/354
f 352/427/340 353/431/344 348/450/359 335/444/355
f 363/443/354 365/428/341 343/445/356 336/448/358
f 346/446/337 357/435/348 359/437/350 342/451/338
f 341/447/357 348/450/359 353/431/344 355/433/346
f 359/438/350 361/441/352 349/449/335 342/452/338
f 337/453/360 347/454/361 354/430/343 351/426/339
f 354/430/343 347/454/361 339/455/362 356/432/345
f 339/455/362 345/456/363 358/434/347 356/432/345
f 345/456/363 340/457/364 360/436/349 358/434/347
f 340/458/364 350/459/365 362/440/351 360/439/349
f 350/459/365 338/460/366 364/442/353 362/440/351
f 338/460/366 344/461/367 366/429/342 364/442/353
f 344/461/367 337/453/360 351/426/339 366/429/342
f 369/462/368 367/463/369 375/464/370 377/465/371
f 373/466/372 372/467/373 380/468/374 381/469/375
f 372/467/373 374/470/376 382/471/377 380/468/374
f 374/470/376 369/462/368 377/465/371 382/471/377
f 368/472/378 376/473/379 375/464/370 367/463/369
f 371/474/380 379/475/381 376/473/379 368/472/378
f 370/476/382 378/477/383 379/475/381 371/474/380
f 373/478/372 381/479/375 378/477/383 370/476/382
f 399/480/384 375/464/370 376/473/379 406/481/385
f 377/465/371 375/464/370 399/480/384 400/482/386
f 376/473/379 379/475/381 405/483/387 406/481/385
f 379/475/381 378/477/383 404/484/388 405/483/387
f 378/477/383 381/479/375 403/485/389 404/484/388
f 381/469/375 380/468/374 402/486/390 403/487/389
f 380/468/374 382/471/377 401/488/391 402/486/390
f 382/471/377 377/465/371 400/482/386 401/488/391
f 385/489/392 383/490/393 423/491/394 427/492/395
f 389/493/396 388/494/397 435/495/398 433/496/399
f 388/494/397 390/497/400 437/498/401 435/495/398
f 390/497/400 385/489/392 427/492/395 437/498/401
f 392/499/402 391/500/403 367/463/369 369/462/368
f 337/453/360 344/461/367 398/501/404 391/500/403
f 347/454/361 337/453/360 391/500/403 392/499/402
f 398/501/404 344/461/367 338/460/366 397/502/405
f 338/460/366 350/459/365 396/503/406 397/502/405
f 350/459/365 340/458/364 395/504/407 396/503/406
f 340/457/364 345/456/363 394/505/408 395/506/407
f 345/456/363 339/455/362 393/507/409 394/505/408
f 339/455/362 347/454/361 392/499/402 393/507/409
f 393/507/409 392/499/402 369/462/368 374/470/376
f 394/505/408 393/507/409 374/470/376 372/467/373
f 395/506/407 394/505/408 372/467/373 373/466/372
f 396/503/406 395/504/407 373/478/372 370/476/382
f 397/502/405 396/503/406 370/476/382 371/474/380
f 398/501/404 397/502/405 371/474/380 368/472/378
f 391/500/403 398/501/404 368/472/378 367/463/369
f 400/482/386 399/480/384 407/508/410 408/509/411
f 401/488/391 400/482/386 408/509/411 409/510/412
f 402/486/390 401/488/391 409/510/412 410/511/413
f 403/487/389 402/486/390 410/511/413 411/512/414
f 404/484/388 403/485/389 411/513/414 412/514/415
f 405/483/387 404/484/388 412/514/415 413/515/416
f 406/481/385 405/483/387 413/515/416 414/516/417
f 407/508/410 399/480/384 406/481/385 414/516/417
f 408/509/411 407/508/410 383/490/393 385/489/392
f 409/510/412 408/509/411 385/489/392 390/497/400
f 410/511/413 409/510/412 390/497/400 388/494/397
f 411/512/414 410/511/413 388/494/397 389/493/396
f 412/514/415 411/513/414 389/517/396 386/518/418
f 413/515/416 412/514/415 386/518/418 387/519/419
f 414/516/417 413/515/416 387/519/419 384/520/420
f 383/490/393 407/508/410 414/516/417 384/520/420
f 445/521/421 446/522/422 447/523/423 448/524/424
f 440/525/425 439/526/426 441/527/427 442/528/428
f 446/522/422 449/529/429 450/530/430 447/523/423
f 451/531/431 452/532/432 453/533/433 454/534/434
f 452/532/432 455/535/435 456/536/436 453/533/433
f 458/537/437 457/538/438 459/539/439 460/540/440
f 457/538/438 461/541/441 462/542/442 459/539/439
f 443/543/443 440/525/425 442/528/428 444/544/444
f 384/520/420 424/545/445 423/491/394 383/490/393
f 416/546/446 415/547/447 426/548/448 425/549/449
f 415/547/447 417/550/450 428/551/451 426/548/448
f 387/519/419 429/552/452 424/545/445 384/520/420
f 419/553/453 416/546/446 425/549/449 430/554/454
f 386/518/418 431/555/455 429/552/452 387/519/419
f 418/556/456 419/553/453 430/554/454 432/557/457
f 389/517/396 433/558/399 431/555/455 386/518/418
f 421/559/458 418/556/456 432/557/457 434/560/459
f 420/561/460 421/562/458 434/563/459 436/564/461
f 422/565/462 420/561/460 436/564/461 438/566/463
f 417/550/450 422/565/462 438/566/463 428/551/451
f 427/492/395 423/491/394 439/526/426 440/525/425
f 439/526/426 423/491/394 426/548/448 441/527/427
f 426/548/448 428/551/451 442/528/428 441/527/427
f 437/498/401 427/492/395 440/525/425 443/543/443
f 428/551/451 438/566/463 444/544/444 442/528/428
f 437/498/401 443/543/443 444/544/444 438/566/463
f 423/491/394 424/545/445 446/522/422 445/521/421
f 425/549/449 426/548/448 448/524/424 447/523/423
f 426/548/448 423/491/394 445/521/421 448/524/424
f 424/545/445 429/552/452 449/529/429 446/522/422
f 449/529/429 429/552/452 430/554/454 450/530/430
f 430/554/454 425/549/449 447/523/423 450/530/430
f 429/552/452 431/555/455 452/532/432 451/531/431
f 432/557/457 430/554/454 454/534/434 453/533/433
f 429/552/452 451/531/431 454/534/434 430/554/454
f 431/555/455 433/558/399 455/535/435 452/532/432
f 455/535/435 433/558/399 434/560/459 456/536/436
f 434/560/459 432/557/457 453/533/433 456/536/436
f 433/496/399 435/495/398 457/538/438 458/537/437
f 436/564/461 434/563/459 460/540/440 459/539/439
f 433/496/399 458/537/437 460/540/440 434/563/459
f 435/495/398 437/498/401 461/541/441 457/538/438
f 461/541/441 437/498/401 438/566/463 462/542/442
f 438/566/463 436/564/461 459/539/439 462/542/442
f 335/567/355 348/568/359 463/423/336 343/569/356
f 336/570/358 343/569/356 463/423/336 349/422/335
f 463/423/336 348/568/359 341/571/357 346/424/337
s 23
f 478/572/464 600/573/465 475/574/466 471/575/467
f 480/576/468 481/577/469 494/578/470 495/579/471
f 481/577/469 480/576/468 483/580/472 482/581/473
f 482/581/473 483/580/472 485/582/474 484/583/475
f 484/583/475 485/582/474 487/584/476 486/585/477
f 486/585/477 487/584/476 489/586/478 488/587/479
f 488/588/479 489/589/478 491/590/480 490/591/481
f 490/591/481 491/590/480 493/592/482 492/593/483
f 492/593/483 493/592/482 495/579/471 494/578/470
f 464/594/484 472/595/485 494/578/470 481/577/469
f 484/583/475 486/585/477 475/596/466 470/597/486
f 465/598/487 478/599/464 490/591/481 492/593/483
f 481/577/469 482/581/473 477/600/488 464/594/484
f 492/593/483 494/578/470 472/595/485 465/598/487
f 475/596/466 486/585/477 488/587/479 471/601/467
f 470/597/486 477/600/488 482/581/473 484/583/475
f 488/588/479 490/591/481 478/599/464 471/602/467
f 466/603/489 476/604/490 483/580/472 480/576/468
f 483/580/472 476/604/490 468/605/491 485/582/474
f 468/605/491 474/606/492 487/584/476 485/582/474
f 474/606/492 469/607/493 489/586/478 487/584/476
f 469/608/493 479/609/494 491/590/480 489/589/478
f 479/609/494 467/610/495 493/592/482 491/590/480
f 467/610/495 473/611/496 495/579/471 493/592/482
f 473/611/496 466/603/489 480/576/468 495/579/471
f 498/612/497 496/613/498 504/614/499 506/615/500
f 502/616/501 501/617/502 509/618/503 510/619/504
f 501/617/502 503/620/505 511/621/506 509/618/503
f 503/620/505 498/612/497 506/615/500 511/621/506
f 497/622/507 505/623/508 504/614/499 496/613/498
f 500/624/509 508/625/510 505/623/508 497/622/507
f 499/626/511 507/627/512 508/625/510 500/624/509
f 502/628/501 510/629/504 507/627/512 499/626/511
f 536/630/513 504/614/499 505/623/508 543/631/514
f 506/615/500 504/614/499 536/630/513 537/632/515
f 505/623/508 508/625/510 542/633/516 543/631/514
f 508/625/510 507/627/512 541/634/517 542/633/516
f 507/627/512 510/629/504 540/635/518 541/634/517
f 510/619/504 509/618/503 539/636/519 540/637/518
f 509/618/503 511/621/506 538/638/520 539/636/519
f 511/621/506 506/615/500 537/632/515 538/638/520
f 514/639/521 512/640/522 560/641/523 564/642/524
f 518/643/525 517/644/526 572/645/527 570/646/528
f 517/644/526 519/647/529 574/648/530 572/645/527
f 519/647/529 514/639/521 564/642/524 574/648/530
f 521/649/531 520/650/532 523/651/533 522/652/534
f 466/603/489 473/611/496 534/653/535 521/649/531
f 476/604/490 466/603/489 521/649/531 522/652/534
f 534/653/535 473/611/496 467/610/495 532/654/536
f 467/610/495 479/609/494 530/655/537 532/654/536
f 479/609/494 469/608/493 528/656/538 530/655/537
f 469/607/493 474/606/492 526/657/539 528/658/538
f 474/606/492 468/605/491 524/659/540 526/657/539
f 468/605/491 476/604/490 522/652/534 524/659/540
f 523/651/533 520/650/532 496/613/498 498/612/497
f 525/660/541 523/651/533 498/612/497 503/620/505
f 527/661/542 525/660/541 503/620/505 501/617/502
f 529/662/543 527/661/542 501/617/502 502/616/501
f 531/663/544 529/664/543 502/628/501 499/626/511
f 533/665/545 531/663/544 499/626/511 500/624/509
f 535/666/546 533/665/545 500/624/509 497/622/507
f 520/650/532 535/666/546 497/622/507 496/613/498
f 522/652/534 523/651/533 525/660/541 524/659/540
f 524/659/540 525/660/541 527/661/542 526/657/539
f 526/657/539 527/661/542 529/662/543 528/658/538
f 528/656/538 529/664/543 531/663/544 530/655/537
f 530/655/537 531/663/544 533/665/545 532/654/536
f 532/654/536 533/665/545 535/666/546 534/653/535
f 520/650/532 521/649/531 534/653/535 535/666/546
f 537/632/515 536/630/513 544/667/547 545/668/548
f 538/638/520 537/632/515 545/668/548 546/669/549
f 539/636/519 538/638/520 546/669/549 547/670/550
f 540/637/518 539/636/519 547/670/550 548/671/551
f 541/634/517 540/635/518 548/672/551 549/673/552
f 542/633/516 541/634/517 549/673/552 550/674/553
f 543/631/514 542/633/516 550/674/553 551/675/554
f 544/667/547 536/630/513 543/631/514 551/675/554
f 545/668/548 544/667/547 512/640/522 514/639/521
f 546/669/549 545/668/548 514/639/521 519/647/529
f 547/670/550 546/669/549 519/647/529 517/644/526
f 548/671/551 547/670/550 517/644/526 518/643/525
f 549/673/552 548/672/551 518/676/525 515/677/555
f 550/674/553 549/673/552 515/677/555 516/678/556
f 551/675/554 550/674/553 516/678/556 513/679/557
f 512/640/522 544/667/547 551/675/554 513/679/557
f 582/680/558 583/681/559 584/682/560 585/683/561
f 577/684/562 576/685/563 578/686/564 579/687/565
f 583/681/559 586/688/566 587/689/567 584/682/560
f 588/690/568 589/691/569 590/692/570 591/693/571
f 589/691/569 592/694/572 593/695/573 590/692/570
f 595/696/574 594/697/575 596/698/576 597/699/577
f 594/697/575 598/700/578 599/701/579 596/698/576
f 580/702/580 577/684/562 579/687/565 581/703/581
f 513/679/557 561/704/582 560/641/523 512/640/522
f 553/705/583 552/706/584 563/707/585 562/708/586
f 552/706/584 554/709/587 565/710/588 563/707/585
f 516/678/556 566/711/589 561/704/582 513/679/557
f 556/712/590 553/705/583 562/708/586 567/713/591
f 515/677/555 568/714/592 566/711/589 516/678/556
f 555/715/593 556/712/590 567/713/591 569/716/594
f 518/676/525 570/717/528 568/714/592 515/677/555
f 558/718/595 555/715/593 569/716/594 571/719/596
f 557/720/597 558/721/595 571/722/596 573/723/598
f 559/724/599 557/720/597 573/723/598 575/725/600
f 554/709/587 559/724/599 575/725/600 565/710/588
f 564/642/524 560/641/523 576/685/563 577/684/562
f 576/685/563 560/641/523 563/707/585 578/686/564
f 563/707/585 565/710/588 579/687/565 578/686/564
f 574/648/530 564/642/524 577/684/562 580/702/580
f 565/710/588 575/725/600 581/703/581 579/687/565
f 574/648/530 580/702/580 581/703/581 575/725/600
f 560/641/523 561/704/582 583/681/559 582/680/558
f 562/708/586 563/707/585 585/683/561 584/682/560
f 563/707/585 560/641/523 582/680/558 585/683/561
f 561/704/582 566/711/589 586/688/566 583/681/559
f 586/688/566 566/711/589 567/713/591 587/689/567
f 567/713/591 562/708/586 584/682/560 587/689/567
f 566/711/589 568/714/592 589/691/569 588/690/568
f 569/716/594 567/713/591 591/693/571 590/692/570
f 566/711/589 588/690/568 591/693/571 567/713/591
f 568/714/592 570/717/528 592/694/572 589/691/569
f 592/694/572 570/717/528 571/719/596 593/695/573
f 571/719/596 569/716/594 590/692/570 593/695/573
f 570/646/528 572/645/527 594/697/575 595/696/574
f 573/723/598 571/722/596 597/699/577 596/698/576
f 570/646/528 595/696/574 597/699/577 571/722/596
f 572/645/527 574/648/530 598/700/578 594/697/575
f 598/700/578 574/648/530 575/725/600 599/701/579
f 575/725/600 573/723/598 596/698/576 599/701/579
f 464/726/484 477/727/488 600/573/465 472/728/485
f 465/729/487 472/728/485 600/573/465 478/572/464
f 600/573/465 477/727/488 470/730/486 475/574/466
s 33
f 601/731/601 602/732/602 606/733/603 605/734/604
f 607/735/605 603/736/606 604/737/607 608/738/608
f 606/733/603 610/739/609 609/740/610 605/734/604
f 611/741/611 607/735/605 608/738/608 612/742/612
f 610/739/609 614/743/613 613/744/614 609/740/610
f 615/745/615 611/741/611 612/742/612 616/746/616
f 614/743/613 618/747/617 617/748/618 613/744/614
f 619/749/619 615/745/615 616/746/616 620/750/620
f 618/747/617 622/751/621 621/752/622 617/748/618
f 623/753/623 619/749/619 620/750/620 624/754/624
f 622/751/621 626/755/625 625/756/626 621/752/622
f 627/757/627 623/753/623 624/754/624 628/758/628
f 626/755/625 630/759/629 629/760/630 625/756/626
f 631/761/631 627/757/627 628/758/628 632/762/632
f 630/759/629 634/763/633 633/764/634 629/760/630
f 635/765/635 631/761/631 632/762/632 636/766/636
f 634/763/633 638/767/637 637/768/638 633/764/634
f 639/769/639 635/765/635 636/766/636 640/770/640
f 638/767/637 642/771/641 641/772/642 637/768/638
f 643/773/643 639/769/639 640/770/640 644/774/644
f 642/771/641 646/775/645 645/776/646 641/772/642
f 647/777/647 643/773/643 644/774/644 648/778/648
f 646/775/645 650/779/649 649/780/650 645/776/646
f 651/781/651 647/777/647 648/778/648 652/782/652
f 650/779/649 654/783/653 653/784/654 649/780/650
f 655/785/655 651/781/651 652/782/652 656/786/656
f 654/783/653 658/787/657 657/788/658 653/784/654
f 659/789/659 655/785/655 656/786/656 660/790/660
f 658/787/657 662/791/661 661/792/662 657/788/658
f 663/793/663 659/789/659 660/790/660 664/794/664
f 662/791/661 666/795/665 665/796/666 661/792/662
f 667/797/667 663/793/663 664/794/664 668/798/668
f 666/795/665 670/799/669 669/800/670 665/796/666
f 671/801/671 667/797/667 668/798/668 672/802/672
f 670/799/669 674/803/673 673/804/674 669/800/670
f 675/805/675 671/801/671 672/802/672 676/806/676
f 674/803/673 678/807/677 677/808/678 673/804/674
f 679/809/679 675/805/675 676/806/676 680/810/680
f 678/807/677 682/811/681 681/812/682 677/808/678
f 683/813/683 679/809/679 680/810/680 684/814/684
f 682/811/681 686/815/685 685/816/686 681/812/682
f 687/817/687 683/813/683 684/814/684 688/818/688
f 686/815/685 690/819/689 689/820/690 685/816/686
f 691/821/691 687/817/687 688/818/688 692/822/692
f 690/819/689 694/823/693 693/824/694 689/820/690
f 695/825/695 691/821/691 692/822/692 696/826/696
f 694/823/693 698/827/697 697/828/698 693/824/694
f 699/829/699 695/825/695 696/826/696 700/830/700
f 698/827/697 702/831/701 701/832/702 697/828/698
f 703/833/703 699/829/699 700/830/700 704/834/704
f 702/831/701 706/835/705 705/836/706 701/832/702
f 707/837/707 703/833/703 704/834/704 708/838/708
f 709/839/709 602/732/602 601/731/601 710/840/710
f 603/736/606 711/841/711 712/842/712 604/737/607
f 713/843/713 709/839/709 710/840/710 714/844/714
f 711/841/711 715/845/715 716/846/716 712/842/712
f 717/847/717 713/843/713 714/844/714 718/848/718
f 715/845/715 719/849/719 720/850/720 716/846/716
f 721/851/721 717/847/717 718/848/718 722/852/722
f 719/849/719 723/853/723 724/854/724 720/850/720
f 725/855/725 721/851/721 722/852/722 726/856/726
f 723/853/723 727/857/727 728/858/728 724/854/724
f 729/859/729 725/855/725 726/856/726 730/860/730
f 727/857/727 731/861/731 732/862/732 728/858/728
f 706/835/705 733/863/733 734/864/734 705/836/706
f 735/865/735 707/837/707 708/838/708 736/866/736
f 733/863/733 737/867/737 738/868/738 734/864/734
f 739/869/739 735/865/735 736/866/736 740/870/740
f 737/867/737 741/871/741 742/872/742 738/868/738
f 743/873/743 739/869/739 740/870/740 744/874/744
f 741/871/741 745/875/745 746/876/746 742/872/742
f 747/877/747 743/873/743 744/874/744 748/878/748
f 745/875/745 749/879/749 750/880/750 746/876/746
f 751/881/751 747/877/747 748/878/748 752/882/752
f 750/880/750 749/879/749 753/883/753 754/884/754
f 751/881/751 752/882/752 756/885/755 755/886/756
f 602/732/602 709/839/709 711/841/711 603/736/606
f 709/839/709 713/843/713 715/845/715 711/841/711
f 713/843/713 717/847/717 719/849/719 715/845/715
f 717/847/717 721/851/721 723/853/723 719/849/719
f 721/851/721 725/855/725 727/857/727 723/853/723
f 727/857/727 725/855/725 729/859/729 731/861/731
f 732/887/732 731/888/731 729/859/729 730/860/730
f 730/860/730 726/856/726 728/889/728 732/887/732
f 726/856/726 722/852/722 724/890/724 728/889/728
f 722/852/722 718/848/718 720/891/720 724/890/724
f 718/848/718 714/844/714 716/892/716 720/891/720
f 714/844/714 710/840/710 712/893/712 716/892/716
f 710/840/710 601/731/601 604/894/607 712/893/712
f 601/731/601 605/734/604 608/895/608 604/894/607
f 605/734/604 609/740/610 612/896/612 608/895/608
f 609/740/610 613/744/614 616/897/616 612/896/612
f 613/744/614 617/748/618 620/898/620 616/897/616
f 617/748/618 621/752/622 624/899/624 620/898/620
f 621/752/622 625/756/626 628/900/628 624/899/624
f 625/756/626 629/760/630 632/901/632 628/900/628
f 629/760/630 633/764/634 636/902/636 632/901/632
f 633/764/634 637/768/638 640/903/640 636/902/636
f 637/768/638 641/772/642 644/904/644 640/903/640
f 641/772/642 645/776/646 648/905/648 644/904/644
f 645/776/646 649/780/650 652/906/652 648/905/648
f 649/780/650 653/784/654 656/907/656 652/906/652
f 653/784/654 657/788/658 660/908/660 656/907/656
f 657/788/658 661/792/662 664/909/664 660/908/660
f 661/792/662 665/796/666 668/910/668 664/909/664
f 665/796/666 669/800/670 672/911/672 668/910/668
f 669/800/670 673/804/674 676/912/676 672/911/672
f 673/804/674 677/808/678 680/913/680 676/912/676
f 677/808/678 681/812/682 684/914/684 680/913/680
f 681/812/682 685/816/686 688/915/688 684/914/684
f 685/816/686 689/820/690 692/916/692 688/915/688
f 689/820/690 693/824/694 696/917/696 692/916/692
f 693/824/694 697/828/698 700/918/700 696/917/696
f 697/828/698 701/832/702 704/919/704 700/918/700
f 701/832/702 705/836/706 708/920/708 704/919/704
f 705/836/706 734/864/734 736/921/736 708/920/708
f 734/864/734 738/868/738 740/922/740 736/921/736
f 738/868/738 742/872/742 744/923/744 740/922/740
f 742/872/742 746/876/746 748/924/748 744/923/744
f 746/876/746 750/880/750 752/925/752 748/924/748
f 756/885/755 752/925/752 750/880/750 754/884/754
f 753/883/753 755/886/756 756/885/755 754/884/754
f 749/879/749 751/881/751 755/886/756 753/883/753
f 749/879/749 745/875/745 747/877/747 751/881/751
f 745/875/745 741/871/741 743/873/743 747/877/747
f 741/871/741 737/867/737 739/869/739 743/873/743
f 737/867/737 733/863/733 735/865/735 739/869/739
f 733/863/733 706/835/705 707/837/707 735/865/735
f 706/835/705 702/831/701 703/833/703 707/837/707
f 702/831/701 698/827/697 699/829/699 703/833/703
f 698/827/697 694/823/693 695/825/695 699/829/699
f 694/823/693 690/819/689 691/821/691 695/825/695
f 690/819/689 686/815/685 687/817/687 691/821/691
f 686/815/685 682/811/681 683/813/683 687/817/687
f 682/811/681 678/807/677 679/809/679 683/813/683
f 678/807/677 674/803/673 675/805/675 679/809/679
f 674/803/673 670/799/669 671/801/671 675/805/675
f 670/799/669 666/795/665 667/797/667 671/801/671
f 666/795/665 662/791/661 663/793/663 667/797/667
f 662/791/661 658/787/657 659/789/659 663/793/663
f 658/787/657 654/783/653 655/785/655 659/789/659
f 654/783/653 650/779/649 651/781/651 655/785/655
f 650/779/649 646/775/645 647/777/647 651/781/651
f 646/775/645 642/771/641 643/773/643 647/777/647
f 642/771/641 638/767/637 639/769/639 643/773/643
f 638/767/637 634/763/633 635/765/635 639/769/639
f 634/763/633 630/759/629 631/761/631 635/765/635
f 630/759/629 626/755/625 627/757/627 631/761/631
f 626/755/625 622/751/621 623/753/623 627/757/627
f 622/751/621 618/747/617 619/749/619 623/753/623
f 618/747/617 614/743/613 615/745/615 619/749/619
f 614/743/613 610/739/609 611/741/611 615/745/615
f 610/739/609 606/733/603 607/735/605 611/741/611
f 606/733/603 602/732/602 603/736/606 607/735/605
s 34
f 902/926/757 809/927/758 810/928/759 901/929/760
f 758/930/761 757/931/762 881/932/763 882/933/764
f 765/934/765 757/931/762 758/930/761 768/935/766
f 760/936/767 759/937/768 771/938/769 774/939/770
f 758/930/761 882/933/764 883/940/771 768/935/766
f 761/941/772 767/942/773 770/943/774 762/944/775
f 770/943/774 885/945/776 886/946/777 762/944/775
f 776/947/778 773/948/779 764/949/780 763/950/781
f 767/942/773 766/951/782 769/952/783 770/943/774
f 766/951/782 765/934/765 768/935/766 769/952/783
f 771/938/769 772/953/784 775/954/785 774/939/770
f 772/953/784 773/948/779 776/947/778 775/954/785
f 770/943/774 769/952/783 884/955/786 885/945/776
f 769/952/783 768/935/766 883/940/771 884/955/786
f 792/956/787 789/957/788 790/958/789 791/959/790
f 790/958/789 887/960/791 888/961/792 791/959/790
f 795/962/793 796/963/794 794/964/795 793/965/796
f 800/966/797 797/967/798 798/968/799 799/969/800
f 798/968/799 892/970/801 893/971/802 799/969/800
f 803/972/803 804/973/804 802/974/805 801/975/806
f 789/957/788 761/941/772 762/944/775 790/958/789
f 777/976/807 792/956/787 791/959/790 778/977/808
f 762/944/775 886/946/777 887/960/791 790/958/789
f 888/961/792 889/978/809 778/977/808 791/959/790
f 764/949/780 795/962/793 793/965/796 763/950/781
f 796/963/794 780/979/810 779/980/811 794/964/795
f 797/967/798 781/981/812 782/982/813 798/968/799
f 785/983/814 800/966/797 799/969/800 786/984/815
f 782/982/813 891/985/816 892/970/801 798/968/799
f 893/971/802 894/986/817 786/984/815 799/969/800
f 784/987/818 803/972/803 801/975/806 783/988/819
f 804/973/804 788/989/820 787/990/821 802/974/805
f 781/981/812 805/991/822 806/992/823 782/982/813
f 778/977/808 806/992/823 805/991/822 777/976/807
f 782/982/813 806/992/823 890/993/824 891/985/816
f 889/978/809 890/993/824 806/992/823 778/977/808
f 783/988/819 807/994/825 808/995/826 784/987/818
f 780/979/810 808/995/826 807/994/825 779/980/811
f 815/996/827 814/997/828 817/998/829 816/999/830
f 814/997/828 813/1000/831 818/1001/832 817/998/829
f 809/927/758 815/996/827 816/999/830 810/928/759
f 824/1002/833 821/1003/834 812/1004/835 811/1005/836
f 816/999/830 900/1006/837 901/929/760 810/928/759
f 819/1007/838 820/1008/839 823/1009/840 822/1010/841
f 820/1008/839 821/1003/834 824/1002/833 823/1009/840
f 816/999/830 817/998/829 899/1011/842 900/1006/837
f 817/998/829 818/1001/832 898/1012/843 899/1011/842
f 787/990/821 788/989/820 828/1013/844 831/1014/845
f 786/984/815 894/986/817 895/1015/846 834/1016/847
f 825/1017/848 785/983/814 786/984/815 834/1016/847
f 813/1000/831 827/1018/849 836/1019/850 818/1001/832
f 830/1020/851 819/1007/838 822/1010/841 833/1021/852
f 897/1022/853 898/1012/843 818/1001/832 836/1019/850
f 828/1013/844 829/1023/854 832/1024/855 831/1014/845
f 829/1023/854 830/1020/851 833/1021/852 832/1024/855
f 895/1015/846 896/1025/856 835/1026/857 834/1016/847
f 896/1025/856 897/1022/853 836/1019/850 835/1026/857
f 827/1018/849 826/1027/858 835/1026/857 836/1019/850
f 826/1027/858 825/1017/848 834/1016/847 835/1026/857
f 837/1028/859 859/1029/860 860/1030/861 838/1031/862
f 838/1031/862 860/1030/861 861/1032/863 839/1033/864
f 840/1034/865 839/1033/864 861/1032/863 862/1035/866
f 841/1036/867 840/1034/865 862/1035/866 863/1037/868
f 841/1036/867 863/1037/868 864/1038/869 842/1039/870
f 843/1040/871 842/1039/870 864/1038/869 865/1041/872
f 844/1042/873 843/1040/871 865/1041/872 866/1043/874
f 866/1043/874 867/1044/875 845/1045/876 844/1042/873
f 867/1044/875 868/1046/877 846/1047/878 845/1045/876
f 847/1048/879 846/1047/878 868/1046/877 869/1049/880
f 848/1050/881 847/1048/879 869/1049/880 870/1051/882
f 849/1052/883 848/1050/881 870/1051/882 871/1053/884
f 871/1053/884 872/1054/885 850/1055/886 849/1052/883
f 850/1055/886 872/1054/885 873/1056/887 851/1057/888
f 873/1056/887 874/1058/889 852/1059/890 851/1057/888
f 874/1058/889 875/1060/891 853/1061/892 852/1059/890
f 875/1060/891 876/1062/893 854/1063/894 853/1061/892
f 855/1064/895 854/1063/894 876/1062/893 877/1065/896
f 856/1066/897 855/1064/895 877/1065/896 878/1067/898
f 856/1066/897 878/1067/898 879/1068/899 857/1069/900
f 880/1070/901 858/1071/902 857/1069/900 879/1068/899
f 859/1029/860 759/937/768 760/936/767 860/1030/861
f 860/1030/861 760/936/767 774/939/770 861/1032/863
f 862/1035/866 861/1032/863 774/939/770 775/954/785
f 863/1037/868 862/1035/866 775/954/785 776/947/778
f 863/1037/868 776/947/778 763/950/781 864/1038/869
f 865/1041/872 864/1038/869 763/950/781 793/965/796
f 866/1043/874 865/1041/872 793/965/796 794/964/795
f 779/980/811 867/1044/875 866/1043/874 794/964/795
f 779/980/811 807/994/825 868/1046/877 867/1044/875
f 868/1046/877 807/994/825 783/988/819 869/1049/880
f 870/1051/882 869/1049/880 783/988/819 801/975/806
f 871/1053/884 870/1051/882 801/975/806 802/974/805
f 787/990/821 872/1054/885 871/1053/884 802/974/805
f 872/1054/885 787/990/821 831/1014/845 873/1056/887
f 831/1014/845 832/1024/855 874/1058/889 873/1056/887
f 832/1024/855 833/1021/852 875/1060/891 874/1058/889
f 822/1010/841 876/1062/893 875/1060/891 833/1021/852
f 877/1065/896 876/1062/893 822/1010/841 823/1009/840
f 878/1067/898 877/1065/896 823/1009/840 824/1002/833
f 878/1067/898 824/1002/833 811/1005/836 879/1068/899
f 812/1004/835 880/1070/901 879/1068/899 811/1005/836
f 881/932/763 837/1028/859 838/1031/862 882/933/764
f 882/933/764 838/1031/862 839/1033/864 883/940/771
f 884/955/786 883/940/771 839/1033/864 840/1034/865
f 885/945/776 884/955/786 840/1034/865 841/1036/867
f 885/945/776 841/1036/867 842/1039/870 886/946/777
f 887/960/791 886/946/777 842/1039/870 843/1040/871
f 888/961/792 887/960/791 843/1040/871 844/1042/873
f 844/1042/873 845/1045/876 889/978/809 888/961/792
f 845/1045/876 846/1047/878 890/993/824 889/978/809
f 890/993/824 846/1047/878 847/1048/879 891/985/816
f 892/970/801 891/985/816 847/1048/879 848/1050/881
f 893/971/802 892/970/801 848/1050/881 849/1052/883
f 849/1052/883 850/1055/886 894/986/817 893/971/802
f 894/986/817 850/1055/886 851/1057/888 895/1015/846
f 851/1057/888 852/1059/890 896/1025/856 895/1015/846
f 852/1059/890 853/1061/892 897/1022/853 896/1025/856
f 853/1061/892 854/1063/894 898/1012/843 897/1022/853
f 899/1011/842 898/1012/843 854/1063/894 855/1064/895
f 900/1006/837 899/1011/842 855/1064/895 856/1066/897
f 900/1006/837 856/1066/897 857/1069/900 901/929/760
f 858/1071/902 902/926/757 901/929/760 857/1069/900
s 44
f 951/1072/903 919/1073/904 920/1074/905
f 951/1075/903 920/1076/905 921/1077/906
f 951/1075/903 921/1077/906 922/1078/907
f 951/1075/903 922/1078/907 923/1079/908
f 951/1075/903 923/1079/908 924/1080/909
f 951/1072/903 924/1081/909 925/1082/910
f 951/1072/903 925/1082/910 926/1083/911
f 919/1073/904 951/1072/903 926/1083/911
f 911/1084/912 903/1085/913 904/1086/914 912/1087/915
f 904/1088/914 905/1089/916 913/1090/917 912/1091/915
f 905/1089/916 906/1092/918 914/1093/919 913/1090/917
f 906/1092/918 907/1094/920 915/1095/921 914/1093/919
f 907/1094/920 908/1096/922 916/1097/923 915/1095/921
f 908/1098/922 909/1099/924 917/1100/925 916/1101/923
f 909/1099/924 910/1102/926 918/1103/927 917/1100/925
f 910/1102/926 903/1085/913 911/1084/912 918/1103/927
f 935/1104/928 911/1084/912 912/1087/915 942/1105/929
f 912/1091/915 913/1090/917 941/1106/930 942/1107/929
f 913/1090/917 914/1093/919 940/1108/931 941/1106/930
f 914/1093/919 915/1095/921 939/1109/932 940/1108/931
f 915/1095/921 916/1097/923 938/1110/933 939/1109/932
f 916/1101/923 917/1100/925 937/1111/934 938/1112/933
f 917/1100/925 918/1103/927 936/1113/935 937/1111/934
f 918/1103/927 911/1084/912 935/1104/928 936/1113/935
f 928/1114/936 927/1115/937 943/1116/938 944/1117/939
f 929/1118/940 928/1114/936 944/1117/939 945/1119/941
f 930/1120/942 929/1118/940 945/1119/941 946/1121/943
f 931/1122/944 930/1123/942 946/1124/943 947/1125/945
f 932/1126/946 931/1122/944 947/1125/945 948/1127/947
f 933/1128/948 932/1126/946 948/1127/947 949/1129/949
f 934/1130/950 933/1128/948 949/1129/949 950/1131/951
f 927/1115/937 934/1132/950 950/1133/951 943/1116/938
f 936/1113/935 935/1104/928 927/1115/937 928/1114/936
f 937/1111/934 936/1113/935 928/1114/936 929/1118/940
f 938/1112/933 937/1111/934 929/1118/940 930/1120/942
f 939/1109/932 938/1110/933 930/1123/942 931/1122/944
f 940/1108/931 939/1109/932 931/1122/944 932/1126/946
f 941/1106/930 940/1108/931 932/1126/946 933/1128/948
f 942/1107/929 941/1106/930 933/1128/948 934/1130/950
f 935/1104/928 942/1105/929 934/1132/950 927/1115/937
f 944/1117/939 943/1116/938 919/1073/904 926/1083/911
f 945/1119/941 944/1117/939 926/1083/911 925/1082/910
f 946/1121/943 945/1119/941 925/1082/910 924/1081/909
f 947/1125/945 946/1124/943 924/1080/909 923/1079/908
f 948/1127/947 947/1125/945 923/1079/908 922/1078/907
f 949/1129/949 948/1127/947 922/1078/907 921/1077/906
f 950/1131/951 949/1129/949 921/1077/906 920/1076/905
f 943/1116/938 950/1133/951 920/1074/905 919/1073/904
f 976/1134/952 977/1135/953 969/1136/954 968/1137/955
f 977/1135/953 976/1134/952 952/1138/956 953/1139/957
f 960/1140/958 961/1141/959 904/1086/914 903/1085/913
f 961/1142/959 962/1143/960 905/1089/916 904/1088/914
f 962/1143/960 963/1144/961 906/1092/918 905/1089/916
f 963/1144/961 964/1145/962 907/1094/920 906/1092/918
f 964/1145/962 965/1146/963 908/1096/922 907/1094/920
f 965/1147/963 966/1148/964 909/1099/924 908/1098/922
f 966/1148/964 967/1149/965 910/1102/926 909/1099/924
f 967/1149/965 960/1140/958 903/1085/913 910/1102/926
f 968/1137/955 969/1136/954 961/1141/959 960/1140/958
f 969/1150/954 970/1151/966 962/1143/960 961/1142/959
f 970/1151/966 971/1152/967 963/1144/961 962/1143/960
f 971/1152/967 972/1153/968 964/1145/962 963/1144/961
f 972/1153/968 973/1154/969 965/1146/963 964/1145/962
f 973/1155/969 974/1156/970 966/1148/964 965/1147/963
f 974/1156/970 975/1157/971 967/1149/965 966/1148/964
f 975/1157/971 968/1137/955 960/1140/958 967/1149/965
f 977/1158/953 978/1159/972 970/1151/966 969/1150/954
f 978/1159/972 977/1158/953 953/1160/957 954/1161/973
f 978/1159/972 979/1162/974 971/1152/967 970/1151/966
f 979/1162/974 978/1159/972 954/1161/973 955/1163/975
f 979/1162/974 980/1164/976 972/1153/968 971/1152/967
f 980/1164/976 979/1162/974 955/1163/975 956/1165/977
f 980/1164/976 981/1166/978 973/1154/969 972/1153/968
f 981/1166/978 980/1164/976 956/1165/977 957/1167/979
f 981/1168/978 982/1169/980 974/1156/970 973/1155/969
f 982/1169/980 981/1168/978 957/1170/979 958/1171/981
f 982/1169/980 983/1172/982 975/1157/971 974/1156/970
f 983/1172/982 982/1169/980 958/1171/981 959/1173/983
f 976/1134/952 983/1172/982 959/1173/983 952/1138/956
f 983/1172/982 976/1134/952 968/1137/955 975/1157/971
s 47
f 992/1174/984 993/1175/985 998/1176/986 999/1177/987
f 994/1178/988 995/1179/989 997/1180/990 996/1181/991
f 986/1182/992 987/1183/993 1000/1184/994 1001/1185/995
f 1002/1186/996 1003/1187/997 985/1188/998 984/1189/999
f 990/1190/1000 991/1191/1001 1007/1192/1002 1004/1193/1003
f 1005/1194/1004 1006/1195/1005 989/1196/1006 988/1197/1007
f 1001/1185/995 1000/1184/994 998/1176/986 993/1175/985
f 994/1178/988 996/1181/991 1003/1187/997 1002/1186/996
f 992/1174/984 999/1177/987 1006/1195/1005 1005/1194/1004
f 1004/1193/1003 1007/1192/1002 997/1180/990 995/1179/989
f 1009/1198/1008 984/1189/999 985/1188/998 1022/1199/1009
f 991/1191/1001 990/1190/1000 1010/1200/1010 1012/1201/1011
f 996/1181/991 997/1180/990 1016/1202/1012 1018/1203/1013
f 985/1188/998 1003/1187/997 1020/1204/1014 1022/1199/1009
f 1007/1192/1002 991/1191/1001 1012/1201/1011 1014/1205/1015
f 1003/1187/997 996/1181/991 1018/1203/1013 1020/1204/1014
f 997/1180/990 1007/1192/1002 1014/1205/1015 1016/1202/1012
f 1011/1206/1016 988/1197/1007 989/1196/1006 1013/1207/1017
f 989/1196/1006 1006/1195/1005 1015/1208/1018 1013/1207/1017
f 1006/1195/1005 999/1177/987 1017/1209/1019 1015/1208/1018
f 999/1177/987 998/1176/986 1019/1210/1020 1017/1209/1019
f 998/1176/986 1000/1184/994 1021/1211/1021 1019/1210/1020
f 1000/1184/994 987/1183/993 1023/1212/1022 1021/1211/1021
f 987/1183/993 986/1182/992 1008/1213/1023 1023/1212/1022
f 1026/1214/1024 1025/1215/1025 1009/1198/1008 1022/1199/1009
f 1023/1212/1022 1008/1213/1023 1024/1216/1026 1027/1217/1027
f 1028/1218/1028 1011/1206/1016 1013/1207/1017 1030/1219/1029
f 1010/1200/1010 1029/1220/1030 1031/1221/1031 1012/1201/1011
f 1013/1207/1017 1015/1208/1018 1032/1222/1032 1030/1219/1029
f 1031/1221/1031 1033/1223/1033 1014/1205/1015 1012/1201/1011
f 1015/1208/1018 1017/1209/1019 1034/1224/1034 1032/1222/1032
f 1033/1223/1033 1035/1225/1035 1016/1202/1012 1014/1205/1015
f 1017/1209/1019 1019/1210/1020 1036/1226/1036 1034/1224/1034
f 1035/1225/1035 1037/1227/1037 1018/1203/1013 1016/1202/1012
f 1019/1210/1020 1021/1211/1021 1038/1228/1038 1036/1226/1036
f 1037/1227/1037 1039/1229/1039 1020/1204/1014 1018/1203/1013
f 1021/1211/1021 1023/1212/1022 1027/1217/1027 1038/1228/1038
f 1039/1229/1039 1026/1214/1024 1022/1199/1009 1020/1204/1014
f 1024/1230/1026 1025/1231/1025 1026/1232/1024 1027/1233/1027
f 1026/1232/1024 1039/1234/1039 1038/1235/1038 1027/1233/1027
f 1039/1234/1039 1037/1236/1037 1036/1237/1036 1038/1235/1038
f 1037/1236/1037 1035/1238/1035 1034/1239/1034 1036/1237/1036
f 1035/1238/1035 1033/1240/1033 1032/1241/1032 1034/1239/1034
f 1033/1240/1033 1031/1242/1031 1030/1243/1029 1032/1241/1032
f 1031/1242/1031 1029/1244/1030 1028/1245/1028 1030/1243/1029
s 51
f 1088/1246/1040 1056/1247/1041 1057/1248/1042
f 1088/1246/1040 1057/1248/1042 1058/1249/1043
f 1088/1246/1040 1058/1249/1043 1059/1250/1044
f 1088/1251/1040 1059/1252/1044 1060/1253/1045
f 1088/1251/1040 1060/1253/1045 1061/1254/1046
f 1088/1251/1040 1061/1254/1046 1062/1255/1047
f 1088/1246/1040 1062/1256/1047 1063/1257/1048
f 1056/1247/1041 1088/1246/1040 1063/1257/1048
f 1048/1258/1049 1040/1259/1050 1041/1260/1051 1049/1261/1052
f 1041/1260/1051 1042/1262/1053 1050/1263/1054 1049/1261/1052
f 1042/1262/1053 1043/1264/1055 1051/1265/1056 1050/1263/1054
f 1043/1266/1055 1044/1267/1057 1052/1268/1058 1051/1269/1056
f 1044/1267/1057 1045/1270/1059 1053/1271/1060 1052/1268/1058
f 1045/1270/1059 1046/1272/1061 1054/1273/1062 1053/1271/1060
f 1046/1274/1061 1047/1275/1063 1055/1276/1064 1054/1277/1062
f 1047/1275/1063 1040/1259/1050 1048/1258/1049 1055/1276/1064
f 1072/1278/1065 1048/1258/1049 1049/1261/1052 1079/1279/1066
f 1049/1261/1052 1050/1263/1054 1078/1280/1067 1079/1279/1066
f 1050/1263/1054 1051/1265/1056 1077/1281/1068 1078/1280/1067
f 1051/1269/1056 1052/1268/1058 1076/1282/1069 1077/1283/1068
f 1052/1268/1058 1053/1271/1060 1075/1284/1070 1076/1282/1069
f 1053/1271/1060 1054/1273/1062 1074/1285/1071 1075/1284/1070
f 1054/1277/1062 1055/1276/1064 1073/1286/1072 1074/1287/1071
f 1055/1276/1064 1048/1258/1049 1072/1278/1065 1073/1286/1072
f 1065/1288/1073 1064/1289/1074 1080/1290/1075 1081/1291/1076
f 1066/1292/1077 1065/1288/1073 1081/1291/1076 1082/1293/1078
f 1067/1294/1079 1066/1295/1077 1082/1296/1078 1083/1297/1080
f 1068/1298/1081 1067/1294/1079 1083/1297/1080 1084/1299/1082
f 1069/1300/1083 1068/1298/1081 1084/1299/1082 1085/1301/1084
f 1070/1302/1085 1069/1303/1083 1085/1304/1084 1086/1305/1086
f 1071/1306/1087 1070/1302/1085 1086/1305/1086 1087/1307/1088
f 1064/1289/1074 1071/1306/1087 1087/1307/1088 1080/1290/1075
f 1073/1286/1072 1072/1278/1065 1064/1289/1074 1065/1288/1073
f 1074/1287/1071 1073/1286/1072 1065/1288/1073 1066/1292/1077
f 1075/1284/1070 1074/1285/1071 1066/1295/1077 1067/1294/1079
f 1076/1282/1069 1075/1284/1070 1067/1294/1079 1068/1298/1081
f 1077/1283/1068 1076/1282/1069 1068/1298/1081 1069/1300/1083
f 1078/1280/1067 1077/1281/1068 1069/1303/1083 1070/1302/1085
f 1079/1279/1066 1078/1280/1067 1070/1302/1085 1071/1306/1087
f 1072/1278/1065 1079/1279/1066 1071/1306/1087 1064/1289/1074
f 1081/1291/1076 1080/1290/1075 1056/1247/1041 1063/1257/1048
f 1082/1293/1078 1081/1291/1076 1063/1257/1048 1062/1256/1047
f 1083/1297/1080 1082/1296/1078 1062/1255/1047 1061/1254/1046
f 1084/1299/1082 1083/1297/1080 1061/1254/1046 1060/1253/1045
f 1085/1301/1084 1084/1299/1082 1060/1253/1045 1059/1252/1044
f 1086/1305/1086 1085/1304/1084 1059/1250/1044 1058/1249/1043
f 1087/1307/1088 1086/1305/1086 1058/1249/1043 1057/1248/1042
f 1080/1290/1075 1087/1307/1088 1057/1248/1042 1056/1247/1041
f 1113/1308/1089 1114/1309/1090 1106/1310/1091 1105/1311/1092
f 1114/1309/1090 1113/1308/1089 1089/1312/1093 1090/1313/1094
f 1097/1314/1095 1098/1315/1096 1041/1260/1051 1040/1259/1050
f 1098/1315/1096 1099/1316/1097 1042/1262/1053 1041/1260/1051
f 1099/1316/1097 1100/1317/1098 1043/1264/1055 1042/1262/1053
f 1100/1318/1098 1101/1319/1099 1044/1267/1057 1043/1266/1055
f 1101/1319/1099 1102/1320/1100 1045/1270/1059 1044/1267/1057
f 1102/1320/1100 1103/1321/1101 1046/1272/1061 1045/1270/1059
f 1103/1322/1101 1104/1323/1102 1047/1275/1063 1046/1274/1061
f 1104/1323/1102 1097/1314/1095 1040/1259/1050 1047/1275/1063
f 1105/1311/1092 1106/1310/1091 1098/1315/1096 1097/1314/1095
f 1106/1310/1091 1107/1324/1103 1099/1316/1097 1098/1315/1096
f 1107/1324/1103 1108/1325/1104 1100/1317/1098 1099/1316/1097
f 1108/1326/1104 1109/1327/1105 1101/1319/1099 1100/1318/1098
f 1109/1327/1105 1110/1328/1106 1102/1320/1100 1101/1319/1099
f 1110/1328/1106 1111/1329/1107 1103/1321/1101 1102/1320/1100
f 1111/1330/1107 1112/1331/1108 1104/1323/1102 1103/1322/1101
f 1112/1331/1108 1105/1311/1092 1097/1314/1095 1104/1323/1102
f 1114/1309/1090 1115/1332/1109 1107/1324/1103 1106/1310/1091
f 1115/1332/1109 1114/1309/1090 1090/1313/1094 1091/1333/1110
f 1115/1332/1109 1116/1334/1111 1108/1325/1104 1107/1324/1103
f 1116/1334/1111 1115/1332/1109 1091/1333/1110 1092/1335/1112
f 1116/1336/1111 1117/1337/1113 1109/1327/1105 1108/1326/1104
f 1117/1337/1113 1116/1336/1111 1092/1338/1112 1093/1339/1114
f 1117/1337/1113 1118/1340/1115 1110/1328/1106 1109/1327/1105
f 1118/1340/1115 1117/1337/1113 1093/1339/1114 1094/1341/1116
f 1118/1340/1115 1119/1342/1117 1111/1329/1107 1110/1328/1106
f 1119/1342/1117 1118/1340/1115 1094/1341/1116 1095/1343/1118
f 1119/1344/1117 1120/1345/1119 1112/1331/1108 1111/1330/1107
f 1120/1345/1119 1119/1344/1117 1095/1346/1118 1096/1347/1120
f 1113/1308/1089 1120/1345/1119 1096/1347/1120 1089/1312/1093
f 1120/1345/1119 1113/1308/1089 1105/1311/1092 1112/1331/1108
s 54
f 1169/1348/1121 1137/1349/1122 1138/1350/1123
f 1169/1351/1121 1138/1352/1123 1139/1353/1124
f 1169/1351/1121 1139/1353/1124 1140/1354/1125
f 1169/1351/1121 1140/1354/1125 1141/1355/1126
f 1169/1351/1121 1141/1355/1126 1142/1356/1127
f 1169/1348/1121 1142/1357/1127 1143/1358/1128
f 1169/1348/1121 1143/1358/1128 1144/1359/1129
f 1137/1349/1122 1169/1348/1121 1144/1359/1129
f 1129/1360/1130 1121/1361/1131 1122/1362/1132 1130/1363/1133
f 1122/1364/1132 1123/1365/1134 1131/1366/1135 1130/1367/1133
f 1123/1365/1134 1124/1368/1136 1132/1369/1137 1131/1366/1135
f 1124/1368/1136 1125/1370/1138 1133/1371/1139 1132/1369/1137
f 1125/1370/1138 1126/1372/1140 1134/1373/1141 1133/1371/1139
f 1126/1374/1140 1127/1375/1142 1135/1376/1143 1134/1377/1141
f 1127/1375/1142 1128/1378/1144 1136/1379/1145 1135/1376/1143
f 1128/1378/1144 1121/1361/1131 1129/1360/1130 1136/1379/1145
f 1153/1380/1146 1129/1360/1130 1130/1363/1133 1160/1381/1147
f 1130/1367/1133 1131/1366/1135 1159/1382/1148 1160/1383/1147
f 1131/1366/1135 1132/1369/1137 1158/1384/1149 1159/1382/1148
f 1132/1369/1137 1133/1371/1139 1157/1385/1150 1158/1384/1149
f 1133/1371/1139 1134/1373/1141 1156/1386/1151 1157/1385/1150
f 1134/1377/1141 1135/1376/1143 1155/1387/1152 1156/1388/1151
f 1135/1376/1143 1136/1379/1145 1154/1389/1153 1155/1387/1152
f 1136/1379/1145 1129/1360/1130 1153/1380/1146 1154/1389/1153
f 1146/1390/1154 1145/1391/1155 1161/1392/1156 1162/1393/1157
f 1147/1394/1158 1146/1390/1154 1162/1393/1157 1163/1395/1159
f 1148/1396/1160 1147/1394/1158 1163/1395/1159 1164/1397/1161
f 1149/1398/1162 1148/1399/1160 1164/1400/1161 1165/1401/1163
f 1150/1402/1164 1149/1398/1162 1165/1401/1163 1166/1403/1165
f 1151/1404/1166 1150/1402/1164 1166/1403/1165 1167/1405/1167
f 1152/1406/1168 1151/1404/1166 1167/1405/1167 1168/1407/1169
f 1145/1391/1155 1152/1408/1168 1168/1409/1169 1161/1392/1156
f 1154/1389/1153 1153/1380/1146 1145/1391/1155 1146/1390/1154
f 1155/1387/1152 1154/1389/1153 1146/1390/1154 1147/1394/1158
f 1156/1388/1151 1155/1387/1152 1147/1394/1158 1148/1396/1160
f 1157/1385/1150 1156/1386/1151 1148/1399/1160 1149/1398/1162
f 1158/1384/1149 1157/1385/1150 1149/1398/1162 1150/1402/1164
f 1159/1382/1148 1158/1384/1149 1150/1402/1164 1151/1404/1166
f 1160/1383/1147 1159/1382/1148 1151/1404/1166 1152/1406/1168
f 1153/1380/1146 1160/1381/1147 1152/1408/1168 1145/1391/1155
f 1162/1393/1157 1161/1392/1156 1137/1349/1122 1144/1359/1129
f 1163/1395/1159 1162/1393/1157 1144/1359/1129 1143/1358/1128
f 1164/1397/1161 1163/1395/1159 1143/1358/1128 1142/1357/1127
f 1165/1401/1163 1164/1400/1161 1142/1356/1127 1141/1355/1126
f 1166/1403/1165 1165/1401/1163 1141/1355/1126 1140/1354/1125
f 1167/1405/1167 1166/1403/1165 1140/1354/1125 1139/1353/1124
f 1168/1407/1169 1167/1405/1167 1139/1353/1124 1138/1352/1123
f 1161/1392/1156 1168/1409/1169 1138/1350/1123 1137/1349/1122
f 1194/1410/1170 1195/1411/1171 1187/1412/1172 1186/1413/1173
f 1195/1411/1171 1194/1410/1170 1170/1414/1174 1171/1415/1175
f 1178/1416/1176 1179/1417/1177 1122/1362/1132 1121/1361/1131
f 1179/1418/1177 1180/1419/1178 1123/1365/1134 1122/1364/1132
f 1180/1419/1178 1181/1420/1179 1124/1368/1136 1123/1365/1134
f 1181/1420/1179 1182/1421/1180 1125/1370/1138 1124/1368/1136
f 1182/1421/1180 1183/1422/1181 1126/1372/1140 1125/1370/1138
f 1183/1423/1181 1184/1424/1182 1127/1375/1142 1126/1374/1140
f 1184/1424/1182 1185/1425/1183 1128/1378/1144 1127/1375/1142
f 1185/1425/1183 1178/1416/1176 1121/1361/1131 1128/1378/1144
f 1186/1413/1173 1187/1412/1172 1179/1417/1177 1178/1416/1176
f 1187/1426/1172 1188/1427/1184 1180/1419/1178 1179/1418/1177
f 1188/1427/1184 1189/1428/1185 1181/1420/1179 1180/1419/1178
f 1189/1428/1185 1190/1429/1186 1182/1421/1180 1181/1420/1179
f 1190/1429/1186 1191/1430/1187 1183/1422/1181 1182/1421/1180
f 1191/1431/1187 1192/1432/1188 1184/1424/1182 1183/1423/1181
f 1192/1432/1188 1193/1433/1189 1185/1425/1183 1184/1424/1182
f 1193/1433/1189 1186/1413/1173 1178/1416/1176 1185/1425/1183
f 1195/1434/1171 1196/1435/1190 1188/1427/1184 1187/1426/1172
f 1196/1435/1190 1195/1434/1171 1171/1436/1175 1172/1437/1191
f 1196/1435/1190 1197/1438/1192 1189/1428/1185 1188/1427/1184
f 1197/1438/1192 1196/1435/1190 1172/1437/1191 1173/1439/1193
f 1197/1438/1192 1198/1440/1194 1190/1429/1186 1189/1428/1185
f 1198/1440/1194 1197/1438/1192 1173/1439/1193 1174/1441/1195
f 1198/1440/1194 1199/1442/1196 1191/1430/1187 1190/1429/1186
f 1199/1442/1196 1198/1440/1194 1174/1441/1195 1175/1443/1197
f 1199/1444/1196 1200/1445/1198 1192/1432/1188 1191/1431/1187
f 1200/1445/1198 1199/1444/1196 1175/1446/1197 1176/1447/1199
f 1200/1445/1198 1201/1448/1200 1193/1433/1189 1192/1432/1188
f 1201/1448/1200 1200/1445/1198 1176/1447/1199 1177/1449/1201
f 1194/1410/1170 1201/1448/1200 1177/1449/1201 1170/1414/1174
f 1201/1448/1200 1194/1410/1170 1186/1413/1173 1193/1433/1189
s 57
f 1362/1450/1202 1239/1451/1203 1359/1452/1204 1448/1453/1205
f 1238/1454/1206 1362/1450/1202 1448/1453/1205 1360/1455/1207
f 1239/1451/1203 1362/1450/1202 1430/1456/1208 1341/1457/1209
f 1362/1450/1202 1238/1454/1206 1342/1458/1210 1430/1456/1208
f 1363/1459/1211 1242/1460/1212 1341/1457/1209 1430/1456/1208
f 1240/1461/1213 1363/1459/1211 1430/1456/1208 1342/1458/1210
f 1363/1459/1211 1240/1461/1213 1234/1462/1214 1241/1463/1215
f 1242/1460/1212 1363/1459/1211 1241/1463/1215 1203/1464/1216
f 1364/1465/1217 1245/1466/1218 1331/1467/1219 1420/1468/1220
f 1243/1469/1221 1364/1465/1217 1420/1468/1220 1332/1470/1222
f 1364/1465/1217 1243/1469/1221 1235/1471/1223 1244/1472/1224
f 1245/1466/1218 1364/1465/1217 1244/1472/1224 1204/1473/1225
f 1204/1473/1225 1244/1472/1224 1365/1474/1226 1247/1475/1227
f 1244/1472/1224 1235/1471/1223 1246/1476/1228 1365/1474/1226
f 1205/1477/1229 1248/1478/1230 1366/1479/1231 1250/1480/1232
f 1248/1478/1230 1236/1481/1233 1249/1482/1234 1366/1479/1231
f 1366/1479/1231 1249/1482/1234 1308/1483/1235 1405/1484/1236
f 1250/1480/1232 1366/1479/1231 1405/1484/1236 1312/1485/1237
f 1367/1486/1238 1251/1487/1239 1358/1488/1240 1447/1489/1241
f 1239/1451/1203 1367/1486/1238 1447/1489/1241 1359/1452/1204
f 1239/1451/1203 1341/1457/1209 1429/1490/1242 1367/1486/1238
f 1429/1490/1242 1340/1491/1243 1251/1487/1239 1367/1486/1238
f 1203/1464/1216 1252/1492/1244 1368/1493/1245 1242/1460/1212
f 1252/1492/1244 1211/1494/1246 1253/1495/1247 1368/1493/1245
f 1368/1493/1245 1253/1495/1247 1340/1491/1243 1429/1490/1242
f 1242/1460/1212 1368/1493/1245 1429/1490/1242 1341/1457/1209
f 1204/1473/1225 1254/1496/1248 1369/1497/1249 1245/1466/1218
f 1254/1496/1248 1212/1498/1250 1255/1499/1251 1369/1497/1249
f 1369/1497/1249 1255/1499/1251 1330/1500/1252 1419/1501/1253
f 1245/1466/1218 1369/1497/1249 1419/1501/1253 1331/1467/1219
f 1370/1502/1254 1256/1503/1255 1212/1498/1250 1254/1496/1248
f 1247/1475/1227 1370/1502/1254 1254/1496/1248 1204/1473/1225
f 1371/1504/1256 1250/1480/1232 1312/1485/1237 1406/1505/1257
f 1257/1506/1258 1371/1504/1256 1406/1505/1257 1314/1507/1259
f 1371/1504/1256 1257/1506/1258 1213/1508/1260 1258/1509/1261
f 1250/1480/1232 1371/1504/1256 1258/1509/1261 1205/1477/1229
f 1372/1510/1262 1259/1511/1263 1357/1512/1264 1446/1513/1265
f 1251/1487/1239 1372/1510/1262 1446/1513/1265 1358/1488/1240
f 1251/1487/1239 1340/1491/1243 1428/1514/1266 1372/1510/1262
f 1428/1514/1266 1339/1515/1267 1259/1511/1263 1372/1510/1262
f 1211/1494/1246 1260/1516/1268 1373/1517/1269 1253/1495/1247
f 1260/1516/1268 1215/1518/1270 1261/1519/1271 1373/1517/1269
f 1373/1517/1269 1261/1519/1271 1339/1515/1267 1428/1514/1266
f 1253/1495/1247 1373/1517/1269 1428/1514/1266 1340/1491/1243
f 1212/1498/1250 1262/1520/1272 1374/1521/1273 1255/1499/1251
f 1262/1520/1272 1216/1522/1274 1263/1523/1275 1374/1521/1273
f 1374/1521/1273 1263/1523/1275 1329/1524/1276 1418/1525/1277
f 1255/1499/1251 1374/1521/1273 1418/1525/1277 1330/1500/1252
f 1375/1526/1278 1264/1527/1279 1216/1522/1274 1262/1520/1272
f 1256/1503/1255 1375/1526/1278 1262/1520/1272 1212/1498/1250
f 1376/1528/1280 1257/1506/1258 1314/1507/1259 1407/1529/1281
f 1265/1530/1282 1376/1528/1280 1407/1529/1281 1316/1531/1283
f 1376/1528/1280 1265/1530/1282 1217/1532/1284 1266/1533/1285
f 1257/1506/1258 1376/1528/1280 1266/1533/1285 1213/1508/1260
f 1377/1534/1286 1267/1535/1287 1356/1536/1288 1445/1537/1289
f 1259/1511/1263 1377/1534/1286 1445/1537/1289 1357/1512/1264
f 1259/1511/1263 1339/1515/1267 1427/1538/1290 1377/1534/1286
f 1427/1538/1290 1338/1539/1291 1267/1535/1287 1377/1534/1286
f 1215/1518/1270 1268/1540/1292 1378/1541/1293 1261/1519/1271
f 1268/1540/1292 1219/1542/1294 1269/1543/1295 1378/1541/1293
f 1378/1541/1293 1269/1543/1295 1338/1539/1291 1427/1538/1290
f 1261/1519/1271 1378/1541/1293 1427/1538/1290 1339/1515/1267
f 1216/1522/1274 1270/1544/1296 1379/1545/1297 1263/1523/1275
f 1270/1544/1296 1220/1546/1298 1271/1547/1299 1379/1545/1297
f 1379/1545/1297 1271/1547/1299 1328/1548/1300 1417/1549/1301
f 1263/1523/1275 1379/1545/1297 1417/1549/1301 1329/1524/1276
f 1380/1550/1302 1272/1551/1303 1220/1546/1298 1270/1544/1296
f 1264/1527/1279 1380/1550/1302 1270/1544/1296 1216/1522/1274
f 1381/1552/1304 1265/1530/1282 1316/1531/1283 1408/1553/1305
f 1273/1554/1306 1381/1552/1304 1408/1553/1305 1318/1555/1307
f 1381/1552/1304 1273/1554/1306 1221/1556/1308 1274/1557/1309
f 1265/1530/1282 1381/1552/1304 1274/1557/1309 1217/1532/1284
f 1382/1558/1310 1275/1559/1311 1355/1560/1312 1444/1561/1313
f 1267/1535/1287 1382/1558/1310 1444/1561/1313 1356/1536/1288
f 1267/1535/1287 1338/1539/1291 1426/1562/1314 1382/1558/1310
f 1426/1562/1314 1337/1563/1315 1275/1559/1311 1382/1558/1310
f 1219/1542/1294 1276/1564/1316 1383/1565/1317 1269/1543/1295
f 1276/1564/1316 1226/1566/1318 1277/1567/1319 1383/1565/1317
f 1383/1565/1317 1277/1567/1319 1337/1563/1315 1426/1562/1314
f 1269/1543/1295 1383/1565/1317 1426/1562/1314 1338/1539/1291
f 1220/1546/1298 1278/1568/1320 1384/1569/1321 1271/1547/1299
f 1278/1568/1320 1227/1570/1322 1279/1571/1323 1384/1569/1321
f 1384/1569/1321 1279/1571/1323 1327/1572/1324 1416/1573/1325
f 1271/1547/1299 1384/1569/1321 1416/1573/1325 1328/1548/1300
f 1385/1574/1326 1280/1575/1327 1227/1570/1322 1278/1568/1320
f 1272/1551/1303 1385/1574/1326 1278/1568/1320 1220/1546/1298
f 1386/1576/1328 1273/1554/1306 1318/1555/1307 1409/1577/1329
f 1281/1578/1330 1386/1576/1328 1409/1577/1329 1320/1579/1331
f 1386/1576/1328 1281/1578/1330 1228/1580/1332 1282/1581/1333
f 1273/1554/1306 1386/1576/1328 1282/1581/1333 1221/1556/1308
f 1387/1582/1334 1284/1583/1335 1334/1584/1336 1422/1585/1337
f 1387/1582/1334 1422/1585/1337 1423/1586/1338 1413/1587/1339
f 1325/1588/1340 1283/1589/1341 1387/1582/1334 1413/1587/1339
f 1284/1583/1335 1387/1582/1334 1283/1589/1341 1224/1590/1342
f 1388/1591/1343 1422/1585/1337 1334/1584/1336 1285/1592/1344
f 1388/1591/1343 1285/1592/1344 1352/1593/1345 1440/1594/1346
f 1388/1591/1343 1440/1594/1346 1441/1595/1347 1412/1596/1348
f 1422/1585/1337 1388/1591/1343 1412/1596/1348 1423/1586/1338
f 1275/1559/1311 1337/1563/1315 1425/1597/1349 1393/1598/1350
f 1425/1597/1349 1336/1599/1351 1293/1600/1352 1393/1598/1350
f 1226/1566/1318 1286/1601/1353 1389/1602/1354 1277/1567/1319
f 1286/1601/1353 1230/1603/1355 1287/1604/1356 1389/1602/1354
f 1389/1602/1354 1287/1604/1356 1336/1599/1351 1425/1597/1349
f 1277/1567/1319 1389/1602/1354 1425/1597/1349 1337/1563/1315
f 1227/1570/1322 1288/1605/1357 1390/1606/1358 1279/1571/1323
f 1288/1605/1357 1231/1607/1359 1289/1608/1360 1390/1606/1358
f 1390/1606/1358 1289/1608/1360 1326/1609/1361 1415/1610/1362
f 1279/1571/1323 1390/1606/1358 1415/1610/1362 1327/1572/1324
f 1391/1611/1363 1290/1612/1364 1231/1607/1359 1288/1605/1357
f 1280/1575/1327 1391/1611/1363 1288/1605/1357 1227/1570/1322
f 1392/1613/1365 1281/1578/1330 1320/1579/1331 1410/1614/1366
f 1291/1615/1367 1392/1613/1365 1410/1614/1366 1322/1616/1368
f 1392/1613/1365 1291/1615/1367 1232/1617/1369 1292/1618/1370
f 1281/1578/1330 1392/1613/1365 1292/1618/1370 1228/1580/1332
f 1393/1598/1350 1293/1600/1352 1354/1619/1371 1443/1620/1372
f 1275/1559/1311 1393/1598/1350 1443/1620/1372 1355/1560/1312
f 1293/1600/1352 1336/1599/1351 1424/1621/1373 1398/1622/1374
f 1424/1621/1373 1335/1623/1375 1299/1624/1376 1398/1622/1374
f 1230/1603/1355 1294/1625/1377 1394/1626/1378 1287/1604/1356
f 1294/1625/1377 1223/1627/1379 1295/1628/1380 1394/1626/1378
f 1394/1626/1378 1295/1628/1380 1335/1623/1375 1424/1621/1373
f 1287/1604/1356 1394/1626/1378 1424/1621/1373 1336/1599/1351
f 1231/1607/1359 1296/1629/1381 1395/1630/1382 1289/1608/1360
f 1296/1629/1381 1224/1590/1342 1283/1589/1341 1395/1630/1382
f 1395/1630/1382 1283/1589/1341 1325/1588/1340 1414/1631/1383
f 1289/1608/1360 1395/1630/1382 1414/1631/1383 1326/1609/1361
f 1396/1632/1384 1284/1583/1335 1224/1590/1342 1296/1629/1381
f 1290/1612/1364 1396/1632/1384 1296/1629/1381 1231/1607/1359
f 1397/1633/1385 1291/1615/1367 1322/1616/1368 1411/1634/1386
f 1297/1635/1387 1397/1633/1385 1411/1634/1386 1324/1636/1388
f 1397/1633/1385 1297/1635/1387 1225/1637/1389 1298/1638/1390
f 1291/1615/1367 1397/1633/1385 1298/1638/1390 1232/1617/1369
f 1398/1622/1374 1299/1624/1376 1353/1639/1391 1442/1640/1392
f 1293/1600/1352 1398/1622/1374 1442/1640/1392 1354/1619/1371
f 1431/1641/1393 1403/1642/1394 1307/1643/1395 1343/1644/1396
f 1234/1462/1214 1240/1461/1213 1399/1645/1397 1301/1646/1398
f 1399/1645/1397 1240/1461/1213 1342/1458/1210 1431/1641/1393
f 1343/1644/1396 1300/1647/1399 1399/1645/1397 1431/1641/1393
f 1301/1646/1398 1399/1645/1397 1300/1647/1399 1207/1648/1400
f 1235/1471/1223 1243/1469/1221 1400/1649/1401 1303/1650/1402
f 1400/1649/1401 1243/1469/1221 1332/1470/1222 1421/1651/1403
f 1333/1652/1404 1302/1653/1405 1400/1649/1401 1421/1651/1403
f 1303/1650/1402 1400/1649/1401 1302/1653/1405 1208/1654/1406
f 1401/1655/1407 1246/1476/1228 1235/1471/1223 1303/1650/1402
f 1304/1656/1408 1401/1655/1407 1303/1650/1402 1208/1654/1406
f 1402/1657/1409 1306/1658/1410 1309/1659/1411 1404/1660/1412
f 1249/1482/1234 1402/1657/1409 1404/1660/1412 1308/1483/1235
f 1402/1657/1409 1249/1482/1234 1236/1481/1233 1305/1661/1413
f 1306/1658/1410 1402/1657/1409 1305/1661/1413 1209/1662/1414
f 1403/1642/1394 1238/1454/1206 1360/1455/1207 1449/1663/1415
f 1361/1664/1416 1307/1643/1395 1403/1642/1394 1449/1663/1415
f 1237/1665/1417 1308/1483/1235 1404/1660/1412 1310/1666/1418
f 1310/1666/1418 1404/1660/1412 1309/1659/1411 1206/1667/1419
f 1405/1484/1236 1308/1483/1235 1237/1665/1417 1311/1668/1420
f 1312/1485/1237 1405/1484/1236 1311/1668/1420 1202/1669/1421
f 1202/1669/1421 1313/1670/1422 1406/1505/1257 1312/1485/1237
f 1313/1670/1422 1210/1671/1423 1314/1507/1259 1406/1505/1257
f 1210/1671/1423 1315/1672/1424 1407/1529/1281 1314/1507/1259
f 1315/1672/1424 1214/1673/1425 1316/1531/1283 1407/1529/1281
f 1214/1673/1425 1317/1674/1426 1408/1553/1305 1316/1531/1283
f 1317/1674/1426 1218/1675/1427 1318/1555/1307 1408/1553/1305
f 1218/1675/1427 1319/1676/1428 1409/1577/1329 1318/1555/1307
f 1319/1676/1428 1229/1677/1429 1320/1579/1331 1409/1577/1329
f 1229/1677/1429 1321/1678/1430 1410/1614/1366 1320/1579/1331
f 1321/1678/1430 1233/1679/1431 1322/1616/1368 1410/1614/1366
f 1233/1679/1431 1323/1680/1432 1411/1634/1386 1322/1616/1368
f 1323/1680/1432 1222/1681/1433 1324/1636/1388 1411/1634/1386
f 1299/1624/1376 1412/1596/1348 1441/1595/1347 1353/1639/1391
f 1299/1624/1376 1335/1623/1375 1423/1586/1338 1412/1596/1348
f 1223/1627/1379 1325/1588/1340 1413/1587/1339 1295/1628/1380
f 1295/1628/1380 1413/1587/1339 1423/1586/1338 1335/1623/1375
f 1414/1631/1383 1325/1588/1340 1223/1627/1379 1294/1625/1377
f 1326/1609/1361 1414/1631/1383 1294/1625/1377 1230/1603/1355
f 1415/1610/1362 1326/1609/1361 1230/1603/1355 1286/1601/1353
f 1327/1572/1324 1415/1610/1362 1286/1601/1353 1226/1566/1318
f 1416/1573/1325 1327/1572/1324 1226/1566/1318 1276/1564/1316
f 1328/1548/1300 1416/1573/1325 1276/1564/1316 1219/1542/1294
f 1417/1549/1301 1328/1548/1300 1219/1542/1294 1268/1540/1292
f 1329/1524/1276 1417/1549/1301 1268/1540/1292 1215/1518/1270
f 1418/1525/1277 1329/1524/1276 1215/1518/1270 1260/1516/1268
f 1330/1500/1252 1418/1525/1277 1260/1516/1268 1211/1494/1246
f 1419/1501/1253 1330/1500/1252 1211/1494/1246 1252/1492/1244
f 1331/1467/1219 1419/1501/1253 1252/1492/1244 1203/1464/1216
f 1203/1464/1216 1241/1463/1215 1420/1468/1220 1331/1467/1219
f 1241/1463/1215 1234/1462/1214 1332/1470/1222 1420/1468/1220
f 1421/1651/1403 1332/1470/1222 1234/1462/1214 1301/1646/1398
f 1333/1652/1404 1421/1651/1403 1301/1646/1398 1207/1648/1400
f 1431/1641/1393 1342/1458/1210 1238/1454/1206 1403/1642/1394
f 1236/1481/1233 1344/1682/1434 1432/1683/1435 1305/1661/1413
f 1305/1661/1413 1432/1683/1435 1345/1684/1436 1209/1662/1414
f 1433/1685/1437 1344/1682/1434 1236/1481/1233 1248/1478/1230
f 1346/1686/1438 1433/1685/1437 1248/1478/1230 1205/1477/1229
f 1205/1477/1229 1258/1509/1261 1434/1687/1439 1346/1686/1438
f 1258/1509/1261 1213/1508/1260 1347/1688/1440 1434/1687/1439
f 1213/1508/1260 1266/1533/1285 1435/1689/1441 1347/1688/1440
f 1266/1533/1285 1217/1532/1284 1348/1690/1442 1435/1689/1441
f 1217/1532/1284 1274/1557/1309 1436/1691/1443 1348/1690/1442
f 1274/1557/1309 1221/1556/1308 1349/1692/1444 1436/1691/1443
f 1221/1556/1308 1282/1581/1333 1437/1693/1445 1349/1692/1444
f 1282/1581/1333 1228/1580/1332 1350/1694/1446 1437/1693/1445
f 1228/1580/1332 1292/1618/1370 1438/1695/1447 1350/1694/1446
f 1292/1618/1370 1232/1617/1369 1351/1696/1448 1438/1695/1447
f 1232/1617/1369 1298/1638/1390 1439/1697/1449 1351/1696/1448
f 1298/1638/1390 1225/1637/1389 1352/1593/1345 1439/1697/1449
f 1440/1594/1346 1297/1635/1387 1324/1636/1388 1441/1595/1347
f 1297/1635/1387 1440/1594/1346 1352/1593/1345 1225/1637/1389
f 1353/1639/1391 1441/1595/1347 1324/1636/1388 1222/1681/1433
f 1442/1640/1392 1353/1639/1391 1222/1681/1433 1323/1680/1432
f 1354/1619/1371 1442/1640/1392 1323/1680/1432 1233/1679/1431
f 1443/1620/1372 1354/1619/1371 1233/1679/1431 1321/1678/1430
f 1355/1560/1312 1443/1620/1372 1321/1678/1430 1229/1677/1429
f 1444/1561/1313 1355/1560/1312 1229/1677/1429 1319/1676/1428
f 1356/1536/1288 1444/1561/1313 1319/1676/1428 1218/1675/1427
f 1445/1537/1289 1356/1536/1288 1218/1675/1427 1317/1674/1426
f 1357/1512/1264 1445/1537/1289 1317/1674/1426 1214/1673/1425
f 1446/1513/1265 1357/1512/1264 1214/1673/1425 1315/1672/1424
f 1358/1488/1240 1446/1513/1265 1315/1672/1424 1210/1671/1423
f 1447/1489/1241 1358/1488/1240 1210/1671/1423 1313/1670/1422
f 1359/1452/1204 1447/1489/1241 1313/1670/1422 1202/1669/1421
f 1202/1669/1421 1311/1668/1420 1448/1453/1205 1359/1452/1204
f 1311/1668/1420 1237/1665/1417 1360/1455/1207 1448/1453/1205
f 1449/1663/1415 1360/1455/1207 1237/1665/1417 1310/1666/1418
f 1361/1664/1416 1449/1663/1415 1310/1666/1418 1206/1667/1419
s 66
f 1656/1698/1450 1503/1699/1451 1649/1700/1452 1750/1701/1453
f 1502/1702/1454 1656/1698/1450 1750/1701/1453 1650/1703/1455
f 1657/1704/1456 1506/1705/1457 1623/1706/1458 1725/1707/1459
f 1504/1708/1460 1657/1704/1456 1725/1707/1459 1624/1709/1461
f 1657/1704/1456 1504/1708/1460 1455/1710/1462 1505/1711/1463
f 1506/1705/1457 1657/1704/1456 1505/1711/1463 1451/1712/1464
f 1609/1713/1465 1712/1714/1466 1507/1715/1467 1452/1716/1468
f 1712/1714/1466 1610/1717/1469 1456/1718/1470 1507/1715/1467
f 1452/1716/1468 1507/1715/1467 1658/1719/1471 1509/1720/1472
f 1507/1715/1467 1456/1718/1470 1508/1721/1473 1658/1719/1471
f 1453/1722/1474 1510/1723/1475 1697/1724/1476 1590/1725/1477
f 1510/1723/1475 1457/1726/1478 1588/1727/1479 1697/1724/1476
f 1659/1728/1480 1502/1702/1454 1650/1703/1455 1751/1729/1481
f 1511/1730/1482 1659/1728/1480 1751/1729/1481 1651/1731/1483
f 1660/1732/1484 1504/1708/1460 1624/1709/1461 1726/1733/1485
f 1512/1734/1486 1660/1732/1484 1726/1733/1485 1625/1735/1487
f 1660/1732/1484 1512/1734/1486 1459/1736/1488 1513/1737/1489
f 1504/1708/1460 1660/1732/1484 1513/1737/1489 1455/1710/1462
f 1456/1718/1470 1610/1717/1469 1713/1738/1490 1514/1739/1491
f 1713/1738/1490 1611/1740/1492 1460/1741/1493 1514/1739/1491
f 1456/1718/1470 1514/1739/1491 1661/1742/1494 1508/1721/1473
f 1514/1739/1491 1460/1741/1493 1515/1743/1495 1661/1742/1494
f 1588/1727/1479 1457/1726/1478 1516/1744/1496 1696/1745/1497
f 1516/1744/1496 1461/1746/1498 1586/1747/1499 1696/1745/1497
f 1662/1748/1500 1511/1730/1482 1651/1731/1483 1752/1749/1501
f 1517/1750/1502 1662/1748/1500 1752/1749/1501 1652/1751/1503
f 1663/1752/1504 1512/1734/1486 1625/1735/1487 1727/1753/1505
f 1518/1754/1506 1663/1752/1504 1727/1753/1505 1626/1755/1507
f 1663/1752/1504 1518/1754/1506 1463/1756/1508 1519/1757/1509
f 1512/1734/1486 1663/1752/1504 1519/1757/1509 1459/1736/1488
f 1460/1741/1493 1611/1740/1492 1714/1758/1510 1520/1759/1511
f 1714/1758/1510 1612/1760/1512 1464/1761/1513 1520/1759/1511
f 1460/1741/1493 1520/1759/1511 1664/1762/1514 1515/1743/1495
f 1520/1759/1511 1464/1761/1513 1521/1763/1515 1664/1762/1514
f 1586/1747/1499 1461/1746/1498 1522/1764/1516 1695/1765/1517
f 1522/1764/1516 1465/1766/1518 1583/1767/1519 1695/1765/1517
f 1665/1768/1520 1503/1699/1451 1623/1706/1458 1724/1769/1521
f 1523/1770/1522 1665/1768/1520 1724/1769/1521 1622/1771/1523
f 1665/1768/1520 1523/1770/1522 1648/1772/1524 1749/1773/1525
f 1503/1699/1451 1665/1768/1520 1749/1773/1525 1649/1700/1452
f 1451/1712/1464 1524/1774/1526 1666/1775/1527 1506/1705/1457
f 1524/1774/1526 1467/1776/1528 1525/1777/1529 1666/1775/1527
f 1666/1775/1527 1525/1777/1529 1622/1771/1523 1724/1769/1521
f 1506/1705/1457 1666/1775/1527 1724/1769/1521 1623/1706/1458
f 1609/1713/1465 1452/1716/1468 1526/1778/1530 1711/1779/1531
f 1526/1778/1530 1468/1780/1532 1608/1781/1533 1711/1779/1531
f 1667/1782/1534 1527/1783/1535 1468/1780/1532 1526/1778/1530
f 1509/1720/1472 1667/1782/1534 1526/1778/1530 1452/1716/1468
f 1453/1722/1474 1590/1725/1477 1698/1784/1536 1528/1785/1537
f 1698/1784/1536 1592/1786/1538 1469/1787/1539 1528/1785/1537
f 1668/1788/1540 1523/1770/1522 1622/1771/1523 1723/1789/1541
f 1529/1790/1542 1668/1788/1540 1723/1789/1541 1621/1791/1543
f 1668/1788/1540 1529/1790/1542 1647/1792/1544 1748/1793/1545
f 1523/1770/1522 1668/1788/1540 1748/1793/1545 1648/1772/1524
f 1467/1776/1528 1530/1794/1546 1669/1795/1547 1525/1777/1529
f 1530/1794/1546 1471/1796/1548 1531/1797/1549 1669/1795/1547
f 1669/1795/1547 1531/1797/1549 1621/1791/1543 1723/1789/1541
f 1525/1777/1529 1669/1795/1547 1723/1789/1541 1622/1771/1523
f 1608/1781/1533 1468/1780/1532 1532/1798/1550 1710/1799/1551
f 1532/1798/1550 1472/1800/1552 1607/1801/1553 1710/1799/1551
f 1670/1802/1554 1533/1803/1555 1472/1800/1552 1532/1798/1550
f 1527/1783/1535 1670/1802/1554 1532/1798/1550 1468/1780/1532
f 1469/1787/1539 1592/1786/1538 1699/1804/1556 1534/1805/1557
f 1699/1804/1556 1594/1806/1558 1473/1807/1559 1534/1805/1557
f 1671/1808/1560 1529/1790/1542 1621/1791/1543 1722/1809/1561
f 1535/1810/1562 1671/1808/1560 1722/1809/1561 1620/1811/1563
f 1671/1808/1560 1535/1810/1562 1646/1812/1564 1747/1813/1565
f 1529/1790/1542 1671/1808/1560 1747/1813/1565 1647/1792/1544
f 1471/1796/1548 1536/1814/1566 1672/1815/1567 1531/1797/1549
f 1536/1814/1566 1475/1816/1568 1537/1817/1569 1672/1815/1567
f 1672/1815/1567 1537/1817/1569 1620/1811/1563 1722/1809/1561
f 1531/1797/1549 1672/1815/1567 1722/1809/1561 1621/1791/1543
f 1607/1801/1553 1472/1800/1552 1538/1818/1570 1709/1819/1571
f 1538/1818/1570 1476/1820/1572 1606/1821/1573 1709/1819/1571
f 1673/1822/1574 1539/1823/1575 1476/1820/1572 1538/1818/1570
f 1533/1803/1555 1673/1822/1574 1538/1818/1570 1472/1800/1552
f 1473/1807/1559 1594/1806/1558 1700/1824/1576 1540/1825/1577
f 1700/1824/1576 1596/1826/1578 1477/1827/1579 1540/1825/1577
f 1674/1828/1580 1535/1810/1562 1620/1811/1563 1721/1829/1581
f 1541/1830/1582 1674/1828/1580 1721/1829/1581 1619/1831/1583
f 1674/1828/1580 1541/1830/1582 1645/1832/1584 1746/1833/1585
f 1535/1810/1562 1674/1828/1580 1746/1833/1585 1646/1812/1564
f 1475/1816/1568 1542/1834/1586 1675/1835/1587 1537/1817/1569
f 1542/1834/1586 1482/1836/1588 1543/1837/1589 1675/1835/1587
f 1675/1835/1587 1543/1837/1589 1619/1831/1583 1721/1829/1581
f 1537/1817/1569 1675/1835/1587 1721/1829/1581 1620/1811/1563
f 1606/1821/1573 1476/1820/1572 1544/1838/1590 1708/1839/1591
f 1544/1838/1590 1483/1840/1592 1605/1841/1593 1708/1839/1591
f 1676/1842/1594 1545/1843/1595 1483/1840/1592 1544/1838/1590
f 1539/1823/1575 1676/1842/1594 1544/1838/1590 1476/1820/1572
f 1477/1827/1579 1596/1826/1578 1701/1844/1596 1546/1845/1597
f 1701/1844/1596 1598/1846/1598 1484/1847/1599 1546/1845/1597
f 1718/1848/1600 1705/1849/1601 1547/1850/1602 1616/1851/1603
f 1705/1849/1601 1603/1852/1604 1480/1853/1605 1547/1850/1602
f 1743/1854/1606 1704/1855/1607 1548/1856/1608 1642/1857/1609
f 1704/1855/1607 1718/1848/1600 1616/1851/1603 1548/1856/1608
f 1482/1836/1588 1549/1858/1610 1677/1859/1611 1543/1837/1589
f 1549/1858/1610 1486/1860/1612 1550/1861/1613 1677/1859/1611
f 1677/1859/1611 1550/1861/1613 1618/1862/1614 1720/1863/1615
f 1543/1837/1589 1677/1859/1611 1720/1863/1615 1619/1831/1583
f 1605/1841/1593 1483/1840/1592 1551/1864/1616 1707/1865/1617
f 1551/1864/1616 1487/1866/1618 1604/1867/1619 1707/1865/1617
f 1678/1868/1620 1552/1869/1621 1487/1866/1618 1551/1864/1616
f 1545/1843/1595 1678/1868/1620 1551/1864/1616 1483/1840/1592
f 1484/1847/1599 1598/1846/1598 1702/1870/1622 1553/1871/1623
f 1702/1870/1622 1600/1872/1624 1488/1873/1625 1553/1871/1623
f 1679/1874/1626 1541/1830/1582 1619/1831/1583 1720/1863/1615
f 1554/1875/1627 1679/1874/1626 1720/1863/1615 1618/1862/1614
f 1679/1874/1626 1554/1875/1627 1644/1876/1628 1745/1877/1629
f 1541/1830/1582 1679/1874/1626 1745/1877/1629 1645/1832/1584
f 1486/1860/1612 1555/1878/1630 1680/1879/1631 1550/1861/1613
f 1555/1878/1630 1479/1880/1632 1556/1881/1633 1680/1879/1631
f 1680/1879/1631 1556/1881/1633 1617/1882/1634 1719/1883/1635
f 1550/1861/1613 1680/1879/1631 1719/1883/1635 1618/1862/1614
f 1604/1867/1619 1487/1866/1618 1557/1884/1636 1706/1885/1637
f 1557/1884/1636 1480/1853/1605 1603/1852/1604 1706/1885/1637
f 1681/1886/1638 1547/1850/1602 1480/1853/1605 1557/1884/1636
f 1552/1869/1621 1681/1886/1638 1557/1884/1636 1487/1866/1618
f 1488/1873/1625 1600/1872/1624 1703/1887/1639 1558/1888/1640
f 1703/1887/1639 1602/1889/1641 1481/1890/1642 1558/1888/1640
f 1682/1891/1643 1554/1875/1627 1618/1862/1614 1719/1883/1635
f 1559/1892/1644 1682/1891/1643 1719/1883/1635 1617/1882/1634
f 1682/1891/1643 1559/1892/1644 1643/1893/1645 1744/1894/1646
f 1554/1875/1627 1682/1891/1643 1744/1894/1646 1644/1876/1628
f 1683/1895/1647 1517/1750/1502 1652/1751/1503 1753/1896/1648
f 1560/1897/1649 1683/1895/1647 1753/1896/1648 1653/1898/1650
f 1463/1756/1508 1518/1754/1506 1684/1899/1651 1562/1900/1652
f 1684/1899/1651 1518/1754/1506 1626/1755/1507 1728/1901/1653
f 1561/1902/1654 1684/1899/1651 1728/1901/1653 1627/1903/1655
f 1562/1900/1652 1684/1899/1651 1561/1902/1654 1491/1904/1656
f 1563/1905/1657 1464/1761/1513 1612/1760/1512 1715/1906/1658
f 1563/1905/1657 1715/1906/1658 1613/1907/1659 1492/1908/1660
f 1685/1909/1661 1521/1763/1515 1464/1761/1513 1563/1905/1657
f 1564/1910/1662 1685/1909/1661 1563/1905/1657 1492/1908/1660
f 1581/1911/1663 1694/1912/1664 1565/1913/1665 1493/1914/1666
f 1694/1912/1664 1583/1767/1519 1465/1766/1518 1565/1913/1665
f 1686/1915/1667 1560/1897/1649 1653/1898/1650 1754/1916/1668
f 1566/1917/1669 1686/1915/1667 1754/1916/1668 1654/1918/1670
f 1491/1904/1656 1561/1902/1654 1687/1919/1671 1568/1920/1672
f 1687/1919/1671 1561/1902/1654 1627/1903/1655 1729/1921/1673
f 1567/1922/1674 1687/1919/1671 1729/1921/1673 1628/1923/1675
f 1568/1920/1672 1687/1919/1671 1567/1922/1674 1494/1924/1676
f 1569/1925/1677 1492/1908/1660 1613/1907/1659 1716/1926/1678
f 1569/1925/1677 1716/1926/1678 1614/1927/1679 1495/1928/1680
f 1688/1929/1681 1564/1910/1662 1492/1908/1660 1569/1925/1677
f 1570/1930/1682 1688/1929/1681 1569/1925/1677 1495/1928/1680
f 1578/1931/1683 1693/1932/1684 1571/1933/1685 1496/1934/1686
f 1693/1932/1684 1581/1911/1663 1493/1914/1666 1571/1933/1685
f 1494/1924/1676 1567/1922/1674 1689/1935/1687 1573/1936/1688
f 1689/1935/1687 1567/1922/1674 1628/1923/1675 1730/1937/1689
f 1629/1938/1690 1572/1939/1691 1689/1935/1687 1730/1937/1689
f 1573/1936/1688 1689/1935/1687 1572/1939/1691 1498/1940/1692
f 1574/1941/1693 1495/1928/1680 1614/1927/1679 1717/1942/1694
f 1574/1941/1693 1717/1942/1694 1615/1943/1695 1499/1944/1696
f 1690/1945/1697 1570/1930/1682 1495/1928/1680 1574/1941/1693
f 1575/1946/1698 1690/1945/1697 1574/1941/1693 1499/1944/1696
f 1500/1947/1699 1579/1948/1700 1692/1949/1701 1576/1950/1702
f 1692/1949/1701 1578/1931/1683 1496/1934/1686 1576/1950/1702
f 1691/1951/1703 1566/1917/1669 1654/1918/1670 1755/1952/1704
f 1655/1953/1705 1577/1954/1706 1691/1951/1703 1755/1952/1704
f 1497/1955/1707 1578/1931/1683 1692/1949/1701 1580/1956/1708
f 1580/1956/1708 1692/1949/1701 1579/1948/1700 1501/1957/1709
f 1490/1958/1710 1581/1911/1663 1693/1932/1684 1582/1959/1711
f 1582/1959/1711 1693/1932/1684 1578/1931/1683 1497/1955/1707
f 1462/1960/1712 1583/1767/1519 1694/1912/1664 1584/1961/1713
f 1584/1961/1713 1694/1912/1664 1581/1911/1663 1490/1958/1710
f 1695/1765/1517 1583/1767/1519 1462/1960/1712 1585/1962/1714
f 1586/1747/1499 1695/1765/1517 1585/1962/1714 1458/1963/1715
f 1696/1745/1497 1586/1747/1499 1458/1963/1715 1587/1964/1716
f 1588/1727/1479 1696/1745/1497 1587/1964/1716 1454/1965/1717
f 1697/1724/1476 1588/1727/1479 1454/1965/1717 1589/1966/1718
f 1590/1725/1477 1697/1724/1476 1589/1966/1718 1450/1967/1719
f 1450/1967/1719 1591/1968/1720 1698/1784/1536 1590/1725/1477
f 1591/1968/1720 1466/1969/1721 1592/1786/1538 1698/1784/1536
f 1466/1969/1721 1593/1970/1722 1699/1804/1556 1592/1786/1538
f 1593/1970/1722 1470/1971/1723 1594/1806/1558 1699/1804/1556
f 1470/1971/1723 1595/1972/1724 1700/1824/1576 1594/1806/1558
f 1595/1972/1724 1474/1973/1725 1596/1826/1578 1700/1824/1576
f 1474/1973/1725 1597/1974/1726 1701/1844/1596 1596/1826/1578
f 1597/1974/1726 1485/1975/1727 1598/1846/1598 1701/1844/1596
f 1485/1975/1727 1599/1976/1728 1702/1870/1622 1598/1846/1598
f 1599/1976/1728 1489/1977/1729 1600/1872/1624 1702/1870/1622
f 1489/1977/1729 1601/1978/1730 1703/1887/1639 1600/1872/1624
f 1601/1978/1730 1478/1979/1731 1602/1889/1641 1703/1887/1639
f 1704/1855/1607 1559/1892/1644 1617/1882/1634 1718/1848/1600
f 1559/1892/1644 1704/1855/1607 1743/1854/1606 1643/1893/1645
f 1479/1880/1632 1603/1852/1604 1705/1849/1601 1556/1881/1633
f 1556/1881/1633 1705/1849/1601 1718/1848/1600 1617/1882/1634
f 1706/1885/1637 1603/1852/1604 1479/1880/1632 1555/1878/1630
f 1604/1867/1619 1706/1885/1637 1555/1878/1630 1486/1860/1612
f 1707/1865/1617 1604/1867/1619 1486/1860/1612 1549/1858/1610
f 1605/1841/1593 1707/1865/1617 1549/1858/1610 1482/1836/1588
f 1708/1839/1591 1605/1841/1593 1482/1836/1588 1542/1834/1586
f 1606/1821/1573 1708/1839/1591 1542/1834/1586 1475/1816/1568
f 1709/1819/1571 1606/1821/1573 1475/1816/1568 1536/1814/1566
f 1607/1801/1553 1709/1819/1571 1536/1814/1566 1471/1796/1548
f 1710/1799/1551 1607/1801/1553 1471/1796/1548 1530/1794/1546
f 1608/1781/1533 1710/1799/1551 1530/1794/1546 1467/1776/1528
f 1711/1779/1531 1608/1781/1533 1467/1776/1528 1524/1774/1526
f 1609/1713/1465 1711/1779/1531 1524/1774/1526 1451/1712/1464
f 1451/1712/1464 1505/1711/1463 1712/1714/1466 1609/1713/1465
f 1505/1711/1463 1455/1710/1462 1610/1717/1469 1712/1714/1466
f 1455/1710/1462 1513/1737/1489 1713/1738/1490 1610/1717/1469
f 1513/1737/1489 1459/1736/1488 1611/1740/1492 1713/1738/1490
f 1459/1736/1488 1519/1757/1509 1714/1758/1510 1611/1740/1492
f 1519/1757/1509 1463/1756/1508 1612/1760/1512 1714/1758/1510
f 1715/1906/1658 1612/1760/1512 1463/1756/1508 1562/1900/1652
f 1613/1907/1659 1715/1906/1658 1562/1900/1652 1491/1904/1656
f 1716/1926/1678 1613/1907/1659 1491/1904/1656 1568/1920/1672
f 1614/1927/1679 1716/1926/1678 1568/1920/1672 1494/1924/1676
f 1717/1942/1694 1614/1927/1679 1494/1924/1676 1573/1936/1688
f 1615/1943/1695 1717/1942/1694 1573/1936/1688 1498/1940/1692
f 1656/1698/1450 1725/1707/1459 1623/1706/1458 1503/1699/1451
f 1502/1702/1454 1624/1709/1461 1725/1707/1459 1656/1698/1450
f 1659/1728/1480 1726/1733/1485 1624/1709/1461 1502/1702/1454
f 1511/1730/1482 1625/1735/1487 1726/1733/1485 1659/1728/1480
f 1662/1748/1500 1727/1753/1505 1625/1735/1487 1511/1730/1482
f 1517/1750/1502 1626/1755/1507 1727/1753/1505 1662/1748/1500
f 1683/1895/1647 1728/1901/1653 1626/1755/1507 1517/1750/1502
f 1560/1897/1649 1627/1903/1655 1728/1901/1653 1683/1895/1647
f 1686/1915/1667 1729/1921/1673 1627/1903/1655 1560/1897/1649
f 1628/1923/1675 1729/1921/1673 1686/1915/1667 1566/1917/1669
f 1691/1951/1703 1730/1937/1689 1628/1923/1675 1566/1917/1669
f 1577/1954/1706 1629/1938/1690 1730/1937/1689 1691/1951/1703
f 1496/1934/1686 1630/1980/1732 1731/1981/1733 1576/1950/1702
f 1576/1950/1702 1731/1981/1733 1631/1982/1734 1500/1947/1699
f 1493/1914/1666 1632/1983/1735 1732/1984/1736 1571/1933/1685
f 1571/1933/1685 1732/1984/1736 1630/1980/1732 1496/1934/1686
f 1465/1766/1518 1633/1985/1737 1733/1986/1738 1565/1913/1665
f 1565/1913/1665 1733/1986/1738 1632/1983/1735 1493/1914/1666
f 1734/1987/1739 1633/1985/1737 1465/1766/1518 1522/1764/1516
f 1634/1988/1740 1734/1987/1739 1522/1764/1516 1461/1746/1498
f 1735/1989/1741 1634/1988/1740 1461/1746/1498 1516/1744/1496
f 1635/1990/1742 1735/1989/1741 1516/1744/1496 1457/1726/1478
f 1736/1991/1743 1635/1990/1742 1457/1726/1478 1510/1723/1475
f 1636/1992/1744 1736/1991/1743 1510/1723/1475 1453/1722/1474
f 1453/1722/1474 1528/1785/1537 1737/1993/1745 1636/1992/1744
f 1528/1785/1537 1469/1787/1539 1637/1994/1746 1737/1993/1745
f 1469/1787/1539 1534/1805/1557 1738/1995/1747 1637/1994/1746
f 1534/1805/1557 1473/1807/1559 1638/1996/1748 1738/1995/1747
f 1473/1807/1559 1540/1825/1577 1739/1997/1749 1638/1996/1748
f 1540/1825/1577 1477/1827/1579 1639/1998/1750 1739/1997/1749
f 1477/1827/1579 1546/1845/1597 1740/1999/1751 1639/1998/1750
f 1546/1845/1597 1484/1847/1599 1640/2000/1752 1740/1999/1751
f 1484/1847/1599 1553/1871/1623 1741/2001/1753 1640/2000/1752
f 1553/1871/1623 1488/1873/1625 1641/2002/1754 1741/2001/1753
f 1488/1873/1625 1558/1888/1640 1742/2003/1755 1641/2002/1754
f 1558/1888/1640 1481/1890/1642 1642/1857/1609 1742/2003/1755
f 1481/1890/1642 1602/1889/1641 1743/1854/1606 1642/1857/1609
f 1643/1893/1645 1743/1854/1606 1602/1889/1641 1478/1979/1731
f 1744/1894/1646 1643/1893/1645 1478/1979/1731 1601/1978/1730
f 1644/1876/1628 1744/1894/1646 1601/1978/1730 1489/1977/1729
f 1745/1877/1629 1644/1876/1628 1489/1977/1729 1599/1976/1728
f 1645/1832/1584 1745/1877/1629 1599/1976/1728 1485/1975/1727
f 1746/1833/1585 1645/1832/1584 1485/1975/1727 1597/1974/1726
f 1646/1812/1564 1746/1833/1585 1597/1974/1726 1474/1973/1725
f 1747/1813/1565 1646/1812/1564 1474/1973/1725 1595/1972/1724
f 1647/1792/1544 1747/1813/1565 1595/1972/1724 1470/1971/1723
f 1748/1793/1545 1647/1792/1544 1470/1971/1723 1593/1970/1722
f 1648/1772/1524 1748/1793/1545 1593/1970/1722 1466/1969/1721
f 1749/1773/1525 1648/1772/1524 1466/1969/1721 1591/1968/1720
f 1649/1700/1452 1749/1773/1525 1591/1968/1720 1450/1967/1719
f 1450/1967/1719 1589/1966/1718 1750/1701/1453 1649/1700/1452
f 1589/1966/1718 1454/1965/1717 1650/1703/1455 1750/1701/1453
f 1454/1965/1717 1587/1964/1716 1751/1729/1481 1650/1703/1455
f 1587/1964/1716 1458/1963/1715 1651/1731/1483 1751/1729/1481
f 1458/1963/1715 1585/1962/1714 1752/1749/1501 1651/1731/1483
f 1585/1962/1714 1462/1960/1712 1652/1751/1503 1752/1749/1501
f 1753/1896/1648 1652/1751/1503 1462/1960/1712 1584/1961/1713
f 1653/1898/1650 1753/1896/1648 1584/1961/1713 1490/1958/1710
f 1754/1916/1668 1653/1898/1650 1490/1958/1710 1582/1959/1711
f 1654/1918/1670 1754/1916/1668 1582/1959/1711 1497/1955/1707
f 1755/1952/1704 1654/1918/1670 1497/1955/1707 1580/1956/1708
f 1655/1953/1705 1755/1952/1704 1580/1956/1708 1501/1957/1709
s 74
f 2004/2004/1756 1966/2005/1757 1809/2006/1758 1900/2007/1759
f 1966/2005/1757 1808/2008/1760 1938/2009/1761 2069/2010/1762
f 1966/2005/1757 2069/2010/1762 1965/2011/1763 1809/2006/1758
f 1965/2011/1763 2069/2010/1762 2042/2012/1764 1937/2013/1765
f 2069/2010/1762 1938/2009/1761 1886/2014/1766 2042/2012/1764
f 1937/2013/1765 2042/2012/1764 1810/2015/1767 1758/2016/1768
f 2042/2012/1764 1886/2014/1766 1756/2017/1769 1810/2015/1767
f 1811/2018/1770 1757/2019/1771 1899/2020/1772 2004/2004/1756
f 1811/2018/1770 2004/2004/1756 1900/2007/1759 1759/2021/1773
f 2005/2022/1774 1967/2023/1775 1812/2024/1776 1901/2025/1777
f 1967/2023/1775 1809/2006/1758 1965/2011/1763 2068/2026/1778
f 1967/2023/1775 2068/2026/1778 1964/2027/1779 1812/2024/1776
f 1964/2027/1779 2068/2026/1778 2041/2028/1780 1936/2029/1781
f 2068/2026/1778 1965/2011/1763 1937/2013/1765 2041/2028/1780
f 1936/2029/1781 2041/2028/1780 1813/2030/1782 1760/2031/1783
f 2041/2028/1780 1937/2013/1765 1758/2016/1768 1813/2030/1782
f 1814/2032/1784 1759/2021/1773 1900/2007/1759 2005/2022/1774
f 1814/2032/1784 2005/2022/1774 1901/2025/1777 1761/2033/1785
f 2006/2034/1786 1968/2035/1787 1815/2036/1788 1902/2037/1789
f 1968/2035/1787 1812/2024/1776 1964/2027/1779 2067/2038/1790
f 1968/2035/1787 2067/2038/1790 1963/2039/1791 1815/2036/1788
f 1963/2039/1791 2067/2038/1790 2040/2040/1792 1935/2041/1793
f 2067/2038/1790 1964/2027/1779 1936/2029/1781 2040/2040/1792
f 1935/2041/1793 2040/2040/1792 1816/2042/1794 1762/2043/1795
f 2040/2040/1792 1936/2029/1781 1760/2031/1783 1816/2042/1794
f 1817/2044/1796 1761/2033/1785 1901/2025/1777 2006/2034/1786
f 1817/2044/1796 2006/2034/1786 1902/2037/1789 1763/2045/1797
f 2007/2046/1798 1969/2047/1799 1818/2048/1800 1903/2049/1801
f 1969/2047/1799 1815/2036/1788 1963/2039/1791 2066/2050/1802
f 1969/2047/1799 2066/2050/1802 1962/2051/1803 1818/2048/1800
f 1962/2051/1803 2066/2050/1802 2039/2052/1804 1934/2053/1805
f 2066/2050/1802 1963/2039/1791 1935/2041/1793 2039/2052/1804
f 1934/2053/1805 2039/2052/1804 1819/2054/1806 1764/2055/1807
f 2039/2052/1804 1935/2041/1793 1762/2043/1795 1819/2054/1806
f 1820/2056/1808 1763/2045/1797 1902/2037/1789 2007/2046/1798
f 1820/2056/1808 2007/2046/1798 1903/2049/1801 1765/2057/1809
f 2008/2058/1810 1970/2059/1811 1821/2060/1812 1904/2061/1813
f 1970/2059/1811 1818/2048/1800 1962/2051/1803 2065/2062/1814
f 1970/2059/1811 2065/2062/1814 1961/2063/1815 1821/2060/1812
f 1961/2063/1815 2065/2062/1814 2038/2064/1816 1933/2065/1817
f 2065/2062/1814 1962/2051/1803 1934/2053/1805 2038/2064/1816
f 1933/2065/1817 2038/2064/1816 1822/2066/1818 1766/2067/1819
f 2038/2064/1816 1934/2053/1805 1764/2055/1807 1822/2066/1818
f 1823/2068/1820 1765/2057/1809 1903/2049/1801 2008/2058/1810
f 1823/2068/1820 2008/2058/1810 1904/2061/1813 1767/2069/1821
f 2009/2070/1822 1971/2071/1823 1824/2072/1824 1905/2073/1825
f 1971/2071/1823 1821/2060/1812 1961/2063/1815 2064/2074/1826
f 1971/2071/1823 2064/2074/1826 1960/2075/1827 1824/2072/1824
f 1960/2075/1827 2064/2074/1826 2037/2076/1828 1932/2077/1829
f 2064/2074/1826 1961/2063/1815 1933/2065/1817 2037/2076/1828
f 1932/2077/1829 2037/2076/1828 1825/2078/1830 1768/2079/1831
f 2037/2076/1828 1933/2065/1817 1766/2067/1819 1825/2078/1830
f 1826/2080/1832 1767/2069/1821 1904/2061/1813 2009/2070/1822
f 1826/2080/1832 2009/2070/1822 1905/2073/1825 1769/2081/1833
f 2010/2082/1834 1972/2083/1835 1827/2084/1836 1906/2085/1837
f 1972/2083/1835 1824/2072/1824 1960/2075/1827 2063/2086/1838
f 1972/2083/1835 2063/2086/1838 1959/2087/1839 1827/2084/1836
f 1959/2087/1839 2063/2086/1838 2036/2088/1840 1931/2089/1841
f 2063/2086/1838 1960/2075/1827 1932/2077/1829 2036/2088/1840
f 1931/2089/1841 2036/2088/1840 1828/2090/1842 1770/2091/1843
f 2036/2088/1840 1932/2077/1829 1768/2079/1831 1828/2090/1842
f 1829/2092/1844 1769/2081/1833 1905/2073/1825 2010/2082/1834
f 1829/2092/1844 2010/2082/1834 1906/2085/1837 1771/2093/1845
f 2011/2094/1846 1973/2095/1847 1830/2096/1848 1907/2097/1849
f 1973/2095/1847 1827/2084/1836 1959/2087/1839 2062/2098/1850
f 1973/2095/1847 2062/2098/1850 1958/2099/1851 1830/2096/1848
f 1958/2099/1851 2062/2098/1850 2035/2100/1852 1930/2101/1853
f 2062/2098/1850 1959/2087/1839 1931/2089/1841 2035/2100/1852
f 1930/2101/1853 2035/2100/1852 1831/2102/1854 1772/2103/1855
f 2035/2100/1852 1931/2089/1841 1770/2091/1843 1831/2102/1854
f 1832/2104/1856 1771/2093/1845 1906/2085/1837 2011/2094/1846
f 1832/2104/1856 2011/2094/1846 1907/2097/1849 1773/2105/1857
f 2012/2106/1858 1974/2107/1859 1833/2108/1860 1908/2109/1861
f 1974/2107/1859 1830/2096/1848 1958/2099/1851 2061/2110/1862
f 1974/2107/1859 2061/2110/1862 1957/2111/1863 1833/2108/1860
f 1957/2111/1863 2061/2110/1862 2034/2112/1864 1929/2113/1865
f 2061/2110/1862 1958/2099/1851 1930/2101/1853 2034/2112/1864
f 1929/2113/1865 2034/2112/1864 1834/2114/1866 1774/2115/1867
f 2034/2112/1864 1930/2101/1853 1772/2103/1855 1834/2114/1866
f 1835/2116/1868 1773/2105/1857 1907/2097/1849 2012/2106/1858
f 1835/2116/1868 2012/2106/1858 1908/2109/1861 1775/2117/1869
f 2013/2118/1870 1975/2119/1871 1836/2120/1872 1909/2121/1873
f 1975/2119/1871 1833/2108/1860 1957/2111/1863 2060/2122/1874
f 1975/2119/1871 2060/2122/1874 1956/2123/1875 1836/2120/1872
f 1956/2123/1875 2060/2122/1874 2033/2124/1876 1928/2125/1877
f 2060/2122/1874 1957/2111/1863 1929/2113/1865 2033/2124/1876
f 1928/2125/1877 2033/2124/1876 1837/2126/1878 1776/2127/1879
f 2033/2124/1876 1929/2113/1865 1774/2115/1867 1837/2126/1878
f 1838/2128/1880 1775/2117/1869 1908/2109/1861 2013/2118/1870
f 1838/2128/1880 2013/2118/1870 1909/2121/1873 1777/2129/1881
f 2014/2130/1882 1976/2131/1883 1839/2132/1884 1910/2133/1885
f 1976/2131/1883 1836/2120/1872 1956/2123/1875 2059/2134/1886
f 1976/2131/1883 2059/2134/1886 1955/2135/1887 1839/2132/1884
f 1955/2135/1887 2059/2134/1886 2032/2136/1888 1927/2137/1889
f 2059/2134/1886 1956/2123/1875 1928/2125/1877 2032/2136/1888
f 1927/2137/1889 2032/2136/1888 1840/2138/1890 1778/2139/1891
f 2032/2136/1888 1928/2125/1877 1776/2127/1879 1840/2138/1890
f 1841/2140/1892 1777/2129/1881 1909/2121/1873 2014/2130/1882
f 1841/2140/1892 2014/2130/1882 1910/2133/1885 1779/2141/1893
f 2015/2142/1894 1977/2143/1895 1842/2144/1896 1911/2145/1897
f 1977/2143/1895 1839/2132/1884 1955/2135/1887 2058/2146/1898
f 1977/2143/1895 2058/2146/1898 1954/2147/1899 1842/2144/1896
f 1954/2147/1899 2058/2146/1898 2031/2148/1900 1926/2149/1901
f 2058/2146/1898 1955/2135/1887 1927/2137/1889 2031/2148/1900
f 1926/2149/1901 2031/2148/1900 1843/2150/1902 1780/2151/1903
f 2031/2148/1900 1927/2137/1889 1778/2139/1891 1843/2150/1902
f 1844/2152/1904 1779/2141/1893 1910/2133/1885 2015/2142/1894
f 1844/2152/1904 2015/2142/1894 1911/2145/1897 1781/2153/1905
f 2016/2154/1906 1978/2155/1907 1845/2156/1908 1912/2157/1909
f 1978/2155/1907 1842/2144/1896 1954/2147/1899 2057/2158/1910
f 1978/2155/1907 2057/2158/1910 1953/2159/1911 1845/2156/1908
f 1953/2159/1911 2057/2158/1910 2030/2160/1912 1925/2161/1913
f 2057/2158/1910 1954/2147/1899 1926/2149/1901 2030/2160/1912
f 1925/2161/1913 2030/2160/1912 1846/2162/1914 1782/2163/1915
f 2030/2160/1912 1926/2149/1901 1780/2151/1903 1846/2162/1914
f 1847/2164/1916 1781/2153/1905 1911/2145/1897 2016/2154/1906
f 1847/2164/1916 2016/2154/1906 1912/2157/1909 1783/2165/1917
f 2017/2166/1918 1979/2167/1919 1848/2168/1920 1913/2169/1921
f 1979/2167/1919 1845/2156/1908 1953/2159/1911 2056/2170/1922
f 1979/2167/1919 2056/2170/1922 1952/2171/1923 1848/2168/1920
f 1952/2171/1923 2056/2170/1922 2029/2172/1924 1924/2173/1925
f 2056/2170/1922 1953/2159/1911 1925/2161/1913 2029/2172/1924
f 1924/2173/1925 2029/2172/1924 1849/2174/1926 1784/2175/1927
f 2029/2172/1924 1925/2161/1913 1782/2163/1915 1849/2174/1926
f 1850/2176/1928 1783/2165/1917 1912/2157/1909 2017/2166/1918
f 1850/2176/1928 2017/2166/1918 1913/2169/1921 1785/2177/1929
f 2018/2178/1930 1980/2179/1931 1851/2180/1932 1914/2181/1933
f 1980/2179/1931 1848/2168/1920 1952/2171/1923 2055/2182/1934
f 1980/2179/1931 2055/2182/1934 1951/2183/1935 1851/2180/1932
f 1951/2183/1935 2055/2182/1934 2028/2184/1936 1923/2185/1937
f 2055/2182/1934 1952/2171/1923 1924/2173/1925 2028/2184/1936
f 1923/2185/1937 2028/2184/1936 1852/2186/1938 1786/2187/1939
f 2028/2184/1936 1924/2173/1925 1784/2175/1927 1852/2186/1938
f 1853/2188/1940 1785/2177/1929 1913/2169/1921 2018/2178/1930
f 1853/2188/1940 2018/2178/1930 1914/2181/1933 1787/2189/1941
f 1981/2190/1942 1855/2191/1943 1950/2192/1944 2053/2193/1945
f 1949/2194/1946 1854/2195/1947 1981/2190/1942 2053/2193/1945
f 1981/2190/1942 1854/2195/1947 1916/2196/1948 2020/2197/1949
f 1855/2191/1943 1981/2190/1942 2020/2197/1949 1915/2198/1950
f 1982/2199/1951 1854/2195/1947 1949/2194/1946 2052/2200/1952
f 1948/2201/1953 1856/2202/1954 1982/2199/1951 2052/2200/1952
f 1982/2199/1951 1856/2202/1954 1917/2203/1955 2021/2204/1956
f 1854/2195/1947 1982/2199/1951 2021/2204/1956 1916/2196/1948
f 2019/2205/1957 1983/2206/1958 1855/2191/1943 1915/2198/1950
f 1983/2206/1958 1851/2180/1932 1951/2183/1935 2054/2207/1959
f 1983/2206/1958 2054/2207/1959 1950/2192/1944 1855/2191/1943
f 1950/2192/1944 2054/2207/1959 2027/2208/1960 1922/2209/1961
f 2054/2207/1959 1951/2183/1935 1923/2185/1937 2027/2208/1960
f 1922/2209/1961 2027/2208/1960 1857/2210/1962 1793/2211/1963
f 2027/2208/1960 1923/2185/1937 1786/2187/1939 1857/2210/1962
f 1858/2212/1964 1787/2189/1941 1914/2181/1933 2019/2205/1957
f 1858/2212/1964 2019/2205/1957 1915/2198/1950 1790/2213/1965
f 2022/2214/1966 1984/2215/1967 1859/2216/1968 1918/2217/1969
f 1984/2215/1967 1856/2202/1954 1948/2201/1953 2051/2218/1970
f 1860/2219/1971 1792/2220/1972 1917/2203/1955 2022/2214/1966
f 1860/2219/1971 2022/2214/1966 1918/2217/1969 1789/2221/1973
f 1919/2222/1974 2024/2223/1975 1862/2224/1976 1788/2225/1977
f 2024/2223/1975 1920/2226/1978 1795/2227/1979 1862/2224/1976
f 1947/2228/1980 2051/2218/1970 2024/2223/1975 1919/2222/1974
f 2051/2218/1970 1948/2201/1953 1920/2226/1978 2024/2223/1975
f 1790/2213/1965 1915/2198/1950 2020/2197/1949 1863/2229/1981
f 2020/2197/1949 1916/2196/1948 1791/2230/1982 1863/2229/1981
f 1791/2230/1982 1916/2196/1948 2021/2204/1956 1864/2231/1983
f 2021/2204/1956 1917/2203/1955 1792/2220/1972 1864/2231/1983
f 1922/2209/1961 1793/2211/1963 1865/2232/1984 2026/2233/1985
f 1865/2232/1984 1794/2234/1986 1921/2235/1987 2026/2233/1985
f 1921/2235/1987 1794/2234/1986 1866/2236/1988 2025/2237/1989
f 1866/2236/1988 1795/2227/1979 1920/2226/1978 2025/2237/1989
f 1918/2217/1969 2023/2238/1990 1861/2239/1991 1789/2221/1973
f 2023/2238/1990 2050/2240/1992 1946/2241/1993 1861/2239/1991
f 1788/2225/1977 1946/2241/1993 2050/2240/1992 1919/2222/1974
f 1985/2242/1994 1808/2008/1760 1899/2020/1772 2003/2243/1995
f 1867/2244/1996 1985/2242/1994 2003/2243/1995 1898/2245/1997
f 2043/2246/1998 1985/2242/1994 1867/2244/1996 1939/2247/1999
f 2043/2246/1998 1939/2247/1999 1887/2248/2000 1991/2249/2001
f 1868/2250/2002 1756/2017/1769 1886/2014/1766 1991/2249/2001
f 1868/2250/2002 1991/2249/2001 1887/2248/2000 1796/2251/2003
f 1898/2245/1997 2003/2243/1995 1869/2252/2004 1797/2253/2005
f 2003/2243/1995 1899/2020/1772 1757/2019/1771 1869/2252/2004
f 1986/2254/2006 1867/2244/1996 1898/2245/1997 2002/2255/2007
f 1870/2256/2008 1986/2254/2006 2002/2255/2007 1897/2257/2009
f 2044/2258/2010 1986/2254/2006 1870/2256/2008 1940/2259/2011
f 2044/2258/2010 1940/2259/2011 1888/2260/2012 1992/2261/2013
f 1871/2262/2014 1796/2251/2003 1887/2248/2000 1992/2261/2013
f 1871/2262/2014 1992/2261/2013 1888/2260/2012 1798/2263/2015
f 1897/2257/2009 2002/2255/2007 1872/2264/2016 1799/2265/2017
f 2002/2255/2007 1898/2245/1997 1797/2253/2005 1872/2264/2016
f 1987/2266/2018 1870/2256/2008 1897/2257/2009 2001/2267/2019
f 1873/2268/2020 1987/2266/2018 2001/2267/2019 1896/2269/2021
f 2045/2270/2022 1987/2266/2018 1873/2268/2020 1941/2271/2023
f 2045/2270/2022 1941/2271/2023 1889/2272/2024 1993/2273/2025
f 1874/2274/2026 1798/2263/2015 1888/2260/2012 1993/2273/2025
f 1874/2274/2026 1993/2273/2025 1889/2272/2024 1800/2275/2027
f 1896/2269/2021 2001/2267/2019 1875/2276/2028 1801/2277/2029
f 2001/2267/2019 1897/2257/2009 1799/2265/2017 1875/2276/2028
f 1988/2278/2030 1873/2268/2020 1896/2269/2021 2000/2279/2031
f 1876/2280/2032 1988/2278/2030 2000/2279/2031 1895/2281/2033
f 2046/2282/2034 1988/2278/2030 1876/2280/2032 1942/2283/2035
f 2046/2282/2034 1942/2283/2035 1890/2284/2036 1994/2285/2037
f 1877/2286/2038 1800/2275/2027 1889/2272/2024 1994/2285/2037
f 1877/2286/2038 1994/2285/2037 1890/2284/2036 1804/2287/2039
f 1895/2281/2033 2000/2279/2031 1878/2288/2040 1805/2289/2041
f 2000/2279/2031 1896/2269/2021 1801/2277/2029 1878/2288/2040
f 1892/2290/2042 2049/2291/2043 1945/2292/2044 1802/2293/2045
f 2049/2291/2043 1997/2294/2046 1879/2295/2047 1945/2292/2044
f 1879/2295/2047 1997/2294/2046 1894/2296/2048 1803/2297/2049
f 2047/2298/2050 1989/2299/2051 1882/2300/2052 1943/2301/2053
f 2047/2298/2050 1943/2301/2053 1891/2302/2054 1995/2303/2055
f 1880/2304/2056 1804/2287/2039 1890/2284/2036 1995/2303/2055
f 1880/2304/2056 1995/2303/2055 1891/2302/2054 1806/2305/2057
f 1893/2306/2058 1999/2307/2059 1881/2308/2060 1807/2309/2061
f 1999/2307/2059 1895/2281/2033 1805/2289/2041 1881/2308/2060
f 1989/2299/2051 1876/2280/2032 1895/2281/2033 1999/2307/2059
f 1882/2300/2052 1989/2299/2051 1999/2307/2059 1893/2306/2058
f 2048/2310/2062 1990/2311/2063 1885/2312/2064 1944/2313/2065
f 2048/2310/2062 1944/2313/2065 1892/2290/2042 1996/2314/2066
f 1883/2315/2067 1806/2305/2057 1891/2302/2054 1996/2314/2066
f 1883/2315/2067 1996/2314/2066 1892/2290/2042 1802/2293/2045
f 1894/2296/2048 1998/2316/2068 1884/2317/2069 1803/2297/2049
f 1998/2316/2068 1893/2306/2058 1807/2309/2061 1884/2317/2069
f 1990/2311/2063 1882/2300/2052 1893/2306/2058 1998/2316/2068
f 1885/2312/2064 1990/2311/2063 1998/2316/2068 1894/2296/2048
f 2043/2246/1998 1991/2249/2001 1886/2014/1766 1938/2009/1761
f 2044/2258/2010 1992/2261/2013 1887/2248/2000 1939/2247/1999
f 2045/2270/2022 1993/2273/2025 1888/2260/2012 1940/2259/2011
f 2046/2282/2034 1994/2285/2037 1889/2272/2024 1941/2271/2023
f 2047/2298/2050 1995/2303/2055 1890/2284/2036 1942/2283/2035
f 2048/2310/2062 1996/2314/2066 1891/2302/2054 1943/2301/2053
f 1892/2290/2042 1944/2313/2065 2049/2291/2043
f 1997/2294/2046 1885/2312/2064 1894/2296/2048
f 2023/2238/1990 1859/2216/1968 1947/2228/1980 2050/2240/1992
f 2050/2240/1992 1947/2228/1980 1919/2222/1974
f 2052/2200/1952 2025/2237/1989 1920/2226/1978 1948/2201/1953
f 1949/2194/1946 1921/2235/1987 2025/2237/1989 2052/2200/1952
f 2053/2193/1945 2026/2233/1985 1921/2235/1987 1949/2194/1946
f 1950/2192/1944 1922/2209/1961 2026/2233/1985 2053/2193/1945
f 2043/2246/1998 1938/2009/1761 1808/2008/1760 1985/2242/1994
f 2044/2258/2010 1939/2247/1999 1867/2244/1996 1986/2254/2006
f 2045/2270/2022 1940/2259/2011 1870/2256/2008 1987/2266/2018
f 2046/2282/2034 1941/2271/2023 1873/2268/2020 1988/2278/2030
f 2047/2298/2050 1942/2283/2035 1876/2280/2032 1989/2299/2051
f 2048/2310/2062 1943/2301/2053 1882/2300/2052 1990/2311/2063
f 2049/2291/2043 1944/2313/2065 1885/2312/2064 1997/2294/2046
f 1984/2215/1967 2051/2218/1970 1947/2228/1980 1859/2216/1968
f 1918/2217/1969 1859/2216/1968 2023/2238/1990
f 2022/2214/1966 1917/2203/1955 1856/2202/1954 1984/2215/1967
f 2019/2205/1957 1914/2181/1933 1851/2180/1932 1983/2206/1958
f 2018/2178/1930 1913/2169/1921 1848/2168/1920 1980/2179/1931
f 2017/2166/1918 1912/2157/1909 1845/2156/1908 1979/2167/1919
f 2016/2154/1906 1911/2145/1897 1842/2144/1896 1978/2155/1907
f 2015/2142/1894 1910/2133/1885 1839/2132/1884 1977/2143/1895
f 2014/2130/1882 1909/2121/1873 1836/2120/1872 1976/2131/1883
f 2013/2118/1870 1908/2109/1861 1833/2108/1860 1975/2119/1871
f 2012/2106/1858 1907/2097/1849 1830/2096/1848 1974/2107/1859
f 2011/2094/1846 1906/2085/1837 1827/2084/1836 1973/2095/1847
f 2010/2082/1834 1905/2073/1825 1824/2072/1824 1972/2083/1835
f 2009/2070/1822 1904/2061/1813 1821/2060/1812 1971/2071/1823
f 2008/2058/1810 1903/2049/1801 1818/2048/1800 1970/2059/1811
f 2007/2046/1798 1902/2037/1789 1815/2036/1788 1969/2047/1799
f 2006/2034/1786 1901/2025/1777 1812/2024/1776 1968/2035/1787
f 2005/2022/1774 1900/2007/1759 1809/2006/1758 1967/2023/1775
f 2004/2004/1756 1899/2020/1772 1808/2008/1760 1966/2005/1757
s 79
f 2070/2318/2070 2145/2319/2071 2171/2320/2072 2098/2321/2073
f 2171/2320/2072 2144/2322/2074 2074/2323/2075 2098/2321/2073
f 2145/2319/2071 2100/2324/2076 2152/2325/2077 2171/2320/2072
f 2152/2325/2077 2099/2326/2078 2144/2322/2074 2171/2320/2072
f 2153/2327/2079 2101/2328/2080 2075/2329/2081 2102/2330/2082
f 2103/2331/2083 2153/2327/2079 2102/2330/2082 2071/2332/2084
f 2070/2318/2070 2098/2321/2073 2154/2333/2085 2106/2334/2086
f 2098/2321/2073 2074/2323/2075 2105/2335/2087 2154/2333/2085
f 2154/2333/2085 2105/2335/2087 2077/2336/2088 2104/2337/2089
f 2073/2338/2090 2106/2334/2086 2154/2333/2085 2104/2337/2089
f 2074/2323/2075 2144/2322/2074 2172/2339/2091 2107/2340/2092
f 2172/2339/2091 2146/2341/2093 2078/2342/2094 2107/2340/2092
f 2144/2322/2074 2099/2326/2078 2155/2343/2095 2172/2339/2091
f 2155/2343/2095 2108/2344/2096 2146/2341/2093 2172/2339/2091
f 2156/2345/2097 2109/2346/2098 2079/2347/2099 2110/2348/2100
f 2101/2328/2080 2156/2345/2097 2110/2348/2100 2075/2329/2081
f 2074/2323/2075 2107/2340/2092 2157/2349/2101 2105/2335/2087
f 2107/2340/2092 2078/2342/2094 2112/2350/2102 2157/2349/2101
f 2157/2349/2101 2112/2350/2102 2081/2351/2103 2111/2352/2104
f 2105/2335/2087 2157/2349/2101 2111/2352/2104 2077/2336/2088
f 2078/2342/2094 2146/2341/2093 2173/2353/2105 2113/2354/2106
f 2173/2353/2105 2147/2355/2107 2082/2356/2108 2113/2354/2106
f 2146/2341/2093 2108/2344/2096 2158/2357/2109 2173/2353/2105
f 2158/2357/2109 2114/2358/2110 2147/2355/2107 2173/2353/2105
f 2159/2359/2111 2115/2360/2112 2083/2361/2113 2116/2362/2114
f 2109/2346/2098 2159/2359/2111 2116/2362/2114 2079/2347/2099
f 2078/2342/2094 2113/2354/2106 2160/2363/2115 2112/2350/2102
f 2113/2354/2106 2082/2356/2108 2118/2364/2116 2160/2363/2115
f 2160/2363/2115 2118/2364/2116 2085/2365/2117 2117/2366/2118
f 2112/2350/2102 2160/2363/2115 2117/2366/2118 2081/2351/2103
f 2082/2356/2108 2147/2355/2107 2174/2367/2119 2119/2368/2120
f 2174/2367/2119 2148/2369/2121 2093/2370/2122 2119/2368/2120
f 2147/2355/2107 2114/2358/2110 2161/2371/2123 2174/2367/2119
f 2161/2371/2123 2120/2372/2124 2148/2369/2121 2174/2367/2119
f 2162/2373/2125 2121/2374/2126 2090/2375/2127 2122/2376/2128
f 2115/2360/2112 2162/2373/2125 2122/2376/2128 2083/2361/2113
f 2082/2356/2108 2119/2368/2120 2163/2377/2129 2118/2364/2116
f 2119/2368/2120 2093/2370/2122 2124/2378/2130 2163/2377/2129
f 2163/2377/2129 2124/2378/2130 2092/2379/2131 2123/2380/2132
f 2118/2364/2116 2163/2377/2129 2123/2380/2132 2085/2365/2117
f 2125/2381/2133 2164/2382/2134 2177/2383/2135 2150/2384/2136
f 2164/2382/2134 2135/2385/2137 2151/2386/2138 2177/2383/2135
f 2150/2384/2136 2177/2383/2135 2126/2387/2139 2086/2388/2140
f 2148/2369/2121 2120/2372/2124 2165/2389/2141 2175/2390/2142
f 2165/2389/2141 2127/2391/2143 2149/2392/2144 2175/2390/2142
f 2166/2393/2145 2128/2394/2146 2094/2395/2147 2129/2396/2148
f 2121/2374/2126 2166/2393/2145 2129/2396/2148 2090/2375/2127
f 2093/2370/2122 2131/2397/2149 2167/2398/2150 2124/2378/2130
f 2131/2397/2149 2097/2399/2151 2132/2400/2152 2167/2398/2150
f 2167/2398/2150 2132/2400/2152 2096/2401/2153 2130/2402/2154
f 2124/2378/2130 2167/2398/2150 2130/2402/2154 2092/2379/2131
f 2093/2370/2122 2148/2369/2121 2175/2390/2142 2131/2397/2149
f 2175/2390/2142 2149/2392/2144 2097/2399/2151 2131/2397/2149
f 2149/2392/2144 2127/2391/2143 2168/2403/2155 2176/2404/2156
f 2168/2403/2155 2125/2381/2133 2150/2384/2136 2176/2404/2156
f 2169/2405/2157 2133/2406/2158 2087/2407/2159 2134/2408/2160
f 2128/2394/2146 2169/2405/2157 2134/2408/2160 2094/2395/2147
f 2097/2399/2151 2137/2409/2161 2170/2410/2162 2132/2400/2152
f 2137/2409/2161 2086/2388/2140 2126/2387/2139 2170/2410/2162
f 2170/2410/2162 2126/2387/2139 2089/2411/2163 2136/2412/2164
f 2132/2400/2152 2170/2410/2162 2136/2412/2164 2096/2401/2153
f 2097/2399/2151 2149/2392/2144 2176/2404/2156 2137/2409/2161
f 2176/2404/2156 2150/2384/2136 2086/2388/2140 2137/2409/2161
f 2103/2331/2083 2072/2413/2165 2138/2414/2166 2153/2327/2079
f 2138/2414/2166 2076/2415/2167 2101/2328/2080 2153/2327/2079
f 2101/2328/2080 2076/2415/2167 2139/2416/2168 2156/2345/2097
f 2139/2416/2168 2080/2417/2169 2109/2346/2098 2156/2345/2097
f 2109/2346/2098 2080/2417/2169 2140/2418/2170 2159/2359/2111
f 2140/2418/2170 2084/2419/2171 2115/2360/2112 2159/2359/2111
f 2115/2360/2112 2084/2419/2171 2141/2420/2172 2162/2373/2125
f 2141/2420/2172 2091/2421/2173 2121/2374/2126 2162/2373/2125
f 2121/2374/2126 2091/2421/2173 2142/2422/2174 2166/2393/2145
f 2142/2422/2174 2095/2423/2175 2128/2394/2146 2166/2393/2145
f 2128/2394/2146 2095/2423/2175 2143/2424/2176 2169/2405/2157
f 2143/2424/2176 2088/2425/2177 2133/2406/2158 2169/2405/2157
f 2151/2386/2138 2089/2411/2163 2126/2387/2139 2177/2383/2135
f 2100/2324/2076 2071/2332/2084 2102/2330/2082 2152/2325/2077
f 2102/2330/2082 2075/2329/2081 2099/2326/2078 2152/2325/2077
f 2099/2326/2078 2075/2329/2081 2110/2348/2100 2155/2343/2095
f 2110/2348/2100 2079/2347/2099 2108/2344/2096 2155/2343/2095
f 2108/2344/2096 2079/2347/2099 2116/2362/2114 2158/2357/2109
f 2116/2362/2114 2083/2361/2113 2114/2358/2110 2158/2357/2109
f 2114/2358/2110 2083/2361/2113 2122/2376/2128 2161/2371/2123
f 2122/2376/2128 2090/2375/2127 2120/2372/2124 2161/2371/2123
f 2120/2372/2124 2090/2375/2127 2129/2396/2148 2165/2389/2141
f 2129/2396/2148 2094/2395/2147 2127/2391/2143 2165/2389/2141
f 2127/2391/2143 2094/2395/2147 2134/2408/2160 2168/2403/2155
f 2134/2408/2160 2087/2407/2159 2125/2381/2133 2168/2403/2155
f 2125/2381/2133 2087/2407/2159 2133/2406/2158 2164/2382/2134
f 2133/2406/2158 2088/2425/2177 2135/2385/2137 2164/2382/2134
s 87
f 2338/2426/2178 2424/2427/2179 2335/2428/2180 2215/2429/2181
f 2214/2430/2182 2336/2431/2183 2424/2427/2179 2338/2426/2178
f 2215/2429/2181 2317/2432/2184 2406/2433/2185 2338/2426/2178
f 2338/2426/2178 2406/2433/2185 2318/2434/2186 2214/2430/2182
f 2339/2435/2187 2406/2433/2185 2317/2432/2184 2218/2436/2188
f 2216/2437/2189 2318/2434/2186 2406/2433/2185 2339/2435/2187
f 2339/2435/2187 2217/2438/2190 2210/2439/2191 2216/2437/2189
f 2218/2436/2188 2179/2440/2192 2217/2438/2190 2339/2435/2187
f 2340/2441/2193 2396/2442/2194 2307/2443/2195 2221/2444/2196
f 2219/2445/2197 2308/2446/2198 2396/2442/2194 2340/2441/2193
f 2340/2441/2193 2220/2447/2199 2211/2448/2200 2219/2445/2197
f 2221/2444/2196 2180/2449/2201 2220/2447/2199 2340/2441/2193
f 2180/2449/2201 2223/2450/2202 2341/2451/2203 2220/2447/2199
f 2220/2447/2199 2341/2451/2203 2222/2452/2204 2211/2448/2200
f 2181/2453/2205 2226/2454/2206 2342/2455/2207 2224/2456/2208
f 2224/2456/2208 2342/2455/2207 2225/2457/2209 2212/2458/2210
f 2342/2455/2207 2381/2459/2211 2284/2460/2212 2225/2457/2209
f 2226/2454/2206 2288/2461/2213 2381/2459/2211 2342/2455/2207
f 2343/2462/2214 2423/2463/2215 2334/2464/2216 2227/2465/2217
f 2215/2429/2181 2335/2428/2180 2423/2463/2215 2343/2462/2214
f 2215/2429/2181 2343/2462/2214 2405/2466/2218 2317/2432/2184
f 2405/2466/2218 2343/2462/2214 2227/2465/2217 2316/2467/2219
f 2179/2440/2192 2218/2436/2188 2344/2468/2220 2228/2469/2221
f 2228/2469/2221 2344/2468/2220 2229/2470/2222 2187/2471/2223
f 2344/2468/2220 2405/2466/2218 2316/2467/2219 2229/2470/2222
f 2218/2436/2188 2317/2432/2184 2405/2466/2218 2344/2468/2220
f 2180/2449/2201 2221/2444/2196 2345/2472/2224 2230/2473/2225
f 2230/2473/2225 2345/2472/2224 2231/2474/2226 2188/2475/2227
f 2345/2472/2224 2395/2476/2228 2306/2477/2229 2231/2474/2226
f 2221/2444/2196 2307/2443/2195 2395/2476/2228 2345/2472/2224
f 2346/2478/2230 2230/2473/2225 2188/2475/2227 2232/2479/2231
f 2223/2450/2202 2180/2449/2201 2230/2473/2225 2346/2478/2230
f 2347/2480/2232 2382/2481/2233 2288/2461/2213 2226/2454/2206
f 2233/2482/2234 2290/2483/2235 2382/2481/2233 2347/2480/2232
f 2347/2480/2232 2234/2484/2236 2189/2485/2237 2233/2482/2234
f 2226/2454/2206 2181/2453/2205 2234/2484/2236 2347/2480/2232
f 2348/2486/2238 2422/2487/2239 2333/2488/2240 2235/2489/2241
f 2227/2465/2217 2334/2464/2216 2422/2487/2239 2348/2486/2238
f 2227/2465/2217 2348/2486/2238 2404/2490/2242 2316/2467/2219
f 2404/2490/2242 2348/2486/2238 2235/2489/2241 2315/2491/2243
f 2187/2471/2223 2229/2470/2222 2349/2492/2244 2236/2493/2245
f 2236/2493/2245 2349/2492/2244 2237/2494/2246 2191/2495/2247
f 2349/2492/2244 2404/2490/2242 2315/2491/2243 2237/2494/2246
f 2229/2470/2222 2316/2467/2219 2404/2490/2242 2349/2492/2244
f 2188/2475/2227 2231/2474/2226 2350/2496/2248 2238/2497/2249
f 2238/2497/2249 2350/2496/2248 2239/2498/2250 2192/2499/2251
f 2350/2496/2248 2394/2500/2252 2305/2501/2253 2239/2498/2250
f 2231/2474/2226 2306/2477/2229 2394/2500/2252 2350/2496/2248
f 2351/2502/2254 2238/2497/2249 2192/2499/2251 2240/2503/2255
f 2232/2479/2231 2188/2475/2227 2238/2497/2249 2351/2502/2254
f 2352/2504/2256 2383/2505/2257 2290/2483/2235 2233/2482/2234
f 2241/2506/2258 2292/2507/2259 2383/2505/2257 2352/2504/2256
f 2352/2504/2256 2242/2508/2260 2193/2509/2261 2241/2506/2258
f 2233/2482/2234 2189/2485/2237 2242/2508/2260 2352/2504/2256
f 2353/2510/2262 2421/2511/2263 2332/2512/2264 2243/2513/2265
f 2235/2489/2241 2333/2488/2240 2421/2511/2263 2353/2510/2262
f 2235/2489/2241 2353/2510/2262 2403/2514/2266 2315/2491/2243
f 2403/2514/2266 2353/2510/2262 2243/2513/2265 2314/2515/2267
f 2191/2495/2247 2237/2494/2246 2354/2516/2268 2244/2517/2269
f 2244/2517/2269 2354/2516/2268 2245/2518/2270 2195/2519/2271
f 2354/2516/2268 2403/2514/2266 2314/2515/2267 2245/2518/2270
f 2237/2494/2246 2315/2491/2243 2403/2514/2266 2354/2516/2268
f 2192/2499/2251 2239/2498/2250 2355/2520/2272 2246/2521/2273
f 2246/2521/2273 2355/2520/2272 2247/2522/2274 2196/2523/2275
f 2355/2520/2272 2393/2524/2276 2304/2525/2277 2247/2522/2274
f 2239/2498/2250 2305/2501/2253 2393/2524/2276 2355/2520/2272
f 2356/2526/2278 2246/2521/2273 2196/2523/2275 2248/2527/2279
f 2240/2503/2255 2192/2499/2251 2246/2521/2273 2356/2526/2278
f 2357/2528/2280 2384/2529/2281 2292/2507/2259 2241/2506/2258
f 2249/2530/2282 2294/2531/2283 2384/2529/2281 2357/2528/2280
f 2357/2528/2280 2250/2532/2284 2197/2533/2285 2249/2530/2282
f 2241/2506/2258 2193/2509/2261 2250/2532/2284 2357/2528/2280
f 2358/2534/2286 2420/2535/2287 2331/2536/2288 2251/2537/2289
f 2243/2513/2265 2332/2512/2264 2420/2535/2287 2358/2534/2286
f 2243/2513/2265 2358/2534/2286 2402/2538/2290 2314/2515/2267
f 2402/2538/2290 2358/2534/2286 2251/2537/2289 2313/2539/2291
f 2195/2519/2271 2245/2518/2270 2359/2540/2292 2252/2541/2293
f 2252/2541/2293 2359/2540/2292 2253/2542/2294 2202/2543/2295
f 2359/2540/2292 2402/2538/2290 2313/2539/2291 2253/2542/2294
f 2245/2518/2270 2314/2515/2267 2402/2538/2290 2359/2540/2292
f 2196/2523/2275 2247/2522/2274 2360/2544/2296 2254/2545/2297
f 2254/2545/2297 2360/2544/2296 2255/2546/2298 2203/2547/2299
f 2360/2544/2296 2392/2548/2300 2303/2549/2301 2255/2546/2298
f 2247/2522/2274 2304/2525/2277 2392/2548/2300 2360/2544/2296
f 2361/2550/2302 2254/2545/2297 2203/2547/2299 2256/2551/2303
f 2248/2527/2279 2196/2523/2275 2254/2545/2297 2361/2550/2302
f 2362/2552/2304 2385/2553/2305 2294/2531/2283 2249/2530/2282
f 2257/2554/2306 2296/2555/2307 2385/2553/2305 2362/2552/2304
f 2362/2552/2304 2258/2556/2308 2204/2557/2309 2257/2554/2306
f 2249/2530/2282 2197/2533/2285 2258/2556/2308 2362/2552/2304
f 2363/2558/2310 2398/2559/2311 2310/2560/2312 2260/2561/2313
f 2363/2558/2310 2389/2562/2314 2399/2563/2315 2398/2559/2311
f 2301/2564/2316 2389/2562/2314 2363/2558/2310 2259/2565/2317
f 2260/2561/2313 2200/2566/2318 2259/2565/2317 2363/2558/2310
f 2364/2567/2319 2261/2568/2320 2310/2560/2312 2398/2559/2311
f 2364/2567/2319 2416/2569/2321 2328/2570/2322 2261/2568/2320
f 2364/2567/2319 2388/2571/2323 2417/2572/2324 2416/2569/2321
f 2398/2559/2311 2399/2563/2315 2388/2571/2323 2364/2567/2319
f 2251/2537/2289 2369/2573/2325 2401/2574/2326 2313/2539/2291
f 2401/2574/2326 2369/2573/2325 2269/2575/2327 2312/2576/2328
f 2202/2543/2295 2253/2542/2294 2365/2577/2329 2262/2578/2330
f 2262/2578/2330 2365/2577/2329 2263/2579/2331 2206/2580/2332
f 2365/2577/2329 2401/2574/2326 2312/2576/2328 2263/2579/2331
f 2253/2542/2294 2313/2539/2291 2401/2574/2326 2365/2577/2329
f 2203/2547/2299 2255/2546/2298 2366/2581/2333 2264/2582/2334
f 2264/2582/2334 2366/2581/2333 2265/2583/2335 2207/2584/2336
f 2366/2581/2333 2391/2585/2337 2302/2586/2338 2265/2583/2335
f 2255/2546/2298 2303/2549/2301 2391/2585/2337 2366/2581/2333
f 2367/2587/2339 2264/2582/2334 2207/2584/2336 2266/2588/2340
f 2256/2551/2303 2203/2547/2299 2264/2582/2334 2367/2587/2339
f 2368/2589/2341 2386/2590/2342 2296/2555/2307 2257/2554/2306
f 2267/2591/2343 2298/2592/2344 2386/2590/2342 2368/2589/2341
f 2368/2589/2341 2268/2593/2345 2208/2594/2346 2267/2591/2343
f 2257/2554/2306 2204/2557/2309 2268/2593/2345 2368/2589/2341
f 2369/2573/2325 2419/2595/2347 2330/2596/2348 2269/2575/2327
f 2251/2537/2289 2331/2536/2288 2419/2595/2347 2369/2573/2325
f 2269/2575/2327 2374/2597/2349 2400/2598/2350 2312/2576/2328
f 2400/2598/2350 2374/2597/2349 2275/2599/2351 2311/2600/2352
f 2206/2580/2332 2263/2579/2331 2370/2601/2353 2270/2602/2354
f 2270/2602/2354 2370/2601/2353 2271/2603/2355 2199/2604/2356
f 2370/2601/2353 2400/2598/2350 2311/2600/2352 2271/2603/2355
f 2263/2579/2331 2312/2576/2328 2400/2598/2350 2370/2601/2353
f 2207/2584/2336 2265/2583/2335 2371/2605/2357 2272/2606/2358
f 2272/2606/2358 2371/2605/2357 2259/2565/2317 2200/2566/2318
f 2371/2605/2357 2390/2607/2359 2301/2564/2316 2259/2565/2317
f 2265/2583/2335 2302/2586/2338 2390/2607/2359 2371/2605/2357
f 2372/2608/2360 2272/2606/2358 2200/2566/2318 2260/2561/2313
f 2266/2588/2340 2207/2584/2336 2272/2606/2358 2372/2608/2360
f 2373/2609/2361 2387/2610/2362 2298/2592/2344 2267/2591/2343
f 2273/2611/2363 2300/2612/2364 2387/2610/2362 2373/2609/2361
f 2373/2609/2361 2274/2613/2365 2201/2614/2366 2273/2611/2363
f 2267/2591/2343 2208/2594/2346 2274/2613/2365 2373/2609/2361
f 2374/2597/2349 2418/2615/2367 2329/2616/2368 2275/2599/2351
f 2269/2575/2327 2330/2596/2348 2418/2615/2367 2374/2597/2349
f 2407/2617/2369 2319/2618/2370 2283/2619/2371 2379/2620/2372
f 2210/2439/2191 2277/2621/2373 2375/2622/2374 2216/2437/2189
f 2375/2622/2374 2407/2617/2369 2318/2434/2186 2216/2437/2189
f 2319/2618/2370 2407/2617/2369 2375/2622/2374 2276/2623/2375
f 2277/2621/2373 2183/2624/2376 2276/2623/2375 2375/2622/2374
f 2211/2448/2200 2279/2625/2377 2376/2626/2378 2219/2445/2197
f 2376/2626/2378 2397/2627/2379 2308/2446/2198 2219/2445/2197
f 2309/2628/2380 2397/2627/2379 2376/2626/2378 2278/2629/2381
f 2279/2625/2377 2184/2630/2382 2278/2629/2381 2376/2626/2378
f 2377/2631/2383 2279/2625/2377 2211/2448/2200 2222/2452/2204
f 2280/2632/2384 2184/2630/2382 2279/2625/2377 2377/2631/2383
f 2378/2633/2385 2380/2634/2386 2285/2635/2387 2282/2636/2388
f 2225/2457/2209 2284/2460/2212 2380/2634/2386 2378/2633/2385
f 2378/2633/2385 2281/2637/2389 2212/2458/2210 2225/2457/2209
f 2282/2636/2388 2185/2638/2390 2281/2637/2389 2378/2633/2385
f 2379/2620/2372 2425/2639/2391 2336/2431/2183 2214/2430/2182
f 2337/2640/2392 2425/2639/2391 2379/2620/2372 2283/2619/2371
f 2213/2641/2393 2286/2642/2394 2380/2634/2386 2284/2460/2212
f 2286/2642/2394 2182/2643/2395 2285/2635/2387 2380/2634/2386
f 2381/2459/2211 2287/2644/2396 2213/2641/2393 2284/2460/2212
f 2288/2461/2213 2178/2645/2397 2287/2644/2396 2381/2459/2211
f 2178/2645/2397 2288/2461/2213 2382/2481/2233 2289/2646/2398
f 2289/2646/2398 2382/2481/2233 2290/2483/2235 2186/2647/2399
f 2186/2647/2399 2290/2483/2235 2383/2505/2257 2291/2648/2400
f 2291/2648/2400 2383/2505/2257 2292/2507/2259 2190/2649/2401
f 2190/2649/2401 2292/2507/2259 2384/2529/2281 2293/2650/2402
f 2293/2650/2402 2384/2529/2281 2294/2531/2283 2194/2651/2403
f 2194/2651/2403 2294/2531/2283 2385/2553/2305 2295/2652/2404
f 2295/2652/2404 2385/2553/2305 2296/2555/2307 2205/2653/2405
f 2205/2653/2405 2296/2555/2307 2386/2590/2342 2297/2654/2406
f 2297/2654/2406 2386/2590/2342 2298/2592/2344 2209/2655/2407
f 2209/2655/2407 2298/2592/2344 2387/2610/2362 2299/2656/2408
f 2299/2656/2408 2387/2610/2362 2300/2612/2364 2198/2657/2409
f 2275/2599/2351 2329/2616/2368 2417/2572/2324 2388/2571/2323
f 2275/2599/2351 2388/2571/2323 2399/2563/2315 2311/2600/2352
f 2199/2604/2356 2271/2603/2355 2389/2562/2314 2301/2564/2316
f 2271/2603/2355 2311/2600/2352 2399/2563/2315 2389/2562/2314
f 2390/2607/2359 2270/2602/2354 2199/2604/2356 2301/2564/2316
f 2302/2586/2338 2206/2580/2332 2270/2602/2354 2390/2607/2359
f 2391/2585/2337 2262/2578/2330 2206/2580/2332 2302/2586/2338
f 2303/2549/2301 2202/2543/2295 2262/2578/2330 2391/2585/2337
f 2392/2548/2300 2252/2541/2293 2202/2543/2295 2303/2549/2301
f 2304/2525/2277 2195/2519/2271 2252/2541/2293 2392/2548/2300
f 2393/2524/2276 2244/2517/2269 2195/2519/2271 2304/2525/2277
f 2305/2501/2253 2191/2495/2247 2244/2517/2269 2393/2524/2276
f 2394/2500/2252 2236/2493/2245 2191/2495/2247 2305/2501/2253
f 2306/2477/2229 2187/2471/2223 2236/2493/2245 2394/2500/2252
f 2395/2476/2228 2228/2469/2221 2187/2471/2223 2306/2477/2229
f 2307/2443/2195 2179/2440/2192 2228/2469/2221 2395/2476/2228
f 2179/2440/2192 2307/2443/2195 2396/2442/2194 2217/2438/2190
f 2217/2438/2190 2396/2442/2194 2308/2446/2198 2210/2439/2191
f 2397/2627/2379 2277/2621/2373 2210/2439/2191 2308/2446/2198
f 2309/2628/2380 2183/2624/2376 2277/2621/2373 2397/2627/2379
f 2407/2617/2369 2379/2620/2372 2214/2430/2182 2318/2434/2186
f 2212/2458/2210 2281/2637/2389 2408/2658/2410 2320/2659/2411
f 2281/2637/2389 2185/2638/2390 2321/2660/2412 2408/2658/2410
f 2409/2661/2413 2224/2456/2208 2212/2458/2210 2320/2659/2411
f 2322/2662/2414 2181/2453/2205 2224/2456/2208 2409/2661/2413
f 2181/2453/2205 2322/2662/2414 2410/2663/2415 2234/2484/2236
f 2234/2484/2236 2410/2663/2415 2323/2664/2416 2189/2485/2237
f 2189/2485/2237 2323/2664/2416 2411/2665/2417 2242/2508/2260
f 2242/2508/2260 2411/2665/2417 2324/2666/2418 2193/2509/2261
f 2193/2509/2261 2324/2666/2418 2412/2667/2419 2250/2532/2284
f 2250/2532/2284 2412/2667/2419 2325/2668/2420 2197/2533/2285
f 2197/2533/2285 2325/2668/2420 2413/2669/2421 2258/2556/2308
f 2258/2556/2308 2413/2669/2421 2326/2670/2422 2204/2557/2309
f 2204/2557/2309 2326/2670/2422 2414/2671/2423 2268/2593/2345
f 2268/2593/2345 2414/2671/2423 2327/2672/2424 2208/2594/2346
f 2208/2594/2346 2327/2672/2424 2415/2673/2425 2274/2613/2365
f 2274/2613/2365 2415/2673/2425 2328/2570/2322 2201/2614/2366
f 2416/2569/2321 2417/2572/2324 2300/2612/2364 2273/2611/2363
f 2273/2611/2363 2201/2614/2366 2328/2570/2322 2416/2569/2321
f 2329/2616/2368 2198/2657/2409 2300/2612/2364 2417/2572/2324
f 2418/2615/2367 2299/2656/2408 2198/2657/2409 2329/2616/2368
f 2330/2596/2348 2209/2655/2407 2299/2656/2408 2418/2615/2367
f 2419/2595/2347 2297/2654/2406 2209/2655/2407 2330/2596/2348
f 2331/2536/2288 2205/2653/2405 2297/2654/2406 2419/2595/2347
f 2420/2535/2287 2295/2652/2404 2205/2653/2405 2331/2536/2288
f 2332/2512/2264 2194/2651/2403 2295/2652/2404 2420/2535/2287
f 2421/2511/2263 2293/2650/2402 2194/2651/2403 2332/2512/2264
f 2333/2488/2240 2190/2649/2401 2293/2650/2402 2421/2511/2263
f 2422/2487/2239 2291/2648/2400 2190/2649/2401 2333/2488/2240
f 2334/2464/2216 2186/2647/2399 2291/2648/2400 2422/2487/2239
f 2423/2463/2215 2289/2646/2398 2186/2647/2399 2334/2464/2216
f 2335/2428/2180 2178/2645/2397 2289/2646/2398 2423/2463/2215
f 2178/2645/2397 2335/2428/2180 2424/2427/2179 2287/2644/2396
f 2287/2644/2396 2424/2427/2179 2336/2431/2183 2213/2641/2393
f 2425/2639/2391 2286/2642/2394 2213/2641/2393 2336/2431/2183
f 2337/2640/2392 2182/2643/2395 2286/2642/2394 2425/2639/2391
s 92
f 2632/2674/2426 2726/2675/2427 2625/2676/2428 2479/2677/2429
f 2478/2678/2430 2626/2679/2431 2726/2675/2427 2632/2674/2426
f 2633/2680/2432 2701/2681/2433 2599/2682/2434 2482/2683/2435
f 2480/2684/2436 2600/2685/2437 2701/2681/2433 2633/2680/2432
f 2633/2680/2432 2481/2686/2438 2431/2687/2439 2480/2684/2436
f 2482/2683/2435 2427/2688/2440 2481/2686/2438 2633/2680/2432
f 2585/2689/2441 2428/2690/2442 2483/2691/2443 2688/2692/2444
f 2688/2692/2444 2483/2691/2443 2432/2693/2445 2586/2694/2446
f 2428/2690/2442 2485/2695/2447 2634/2696/2448 2483/2691/2443
f 2483/2691/2443 2634/2696/2448 2484/2697/2449 2432/2693/2445
f 2429/2698/2450 2566/2699/2451 2673/2700/2452 2486/2701/2453
f 2486/2701/2453 2673/2700/2452 2564/2702/2454 2433/2703/2455
f 2635/2704/2456 2727/2705/2457 2626/2679/2431 2478/2678/2430
f 2487/2706/2458 2627/2707/2459 2727/2705/2457 2635/2704/2456
f 2636/2708/2460 2702/2709/2461 2600/2685/2437 2480/2684/2436
f 2488/2710/2462 2601/2711/2463 2702/2709/2461 2636/2708/2460
f 2636/2708/2460 2489/2712/2464 2435/2713/2465 2488/2710/2462
f 2480/2684/2436 2431/2687/2439 2489/2712/2464 2636/2708/2460
f 2432/2693/2445 2490/2714/2466 2689/2715/2467 2586/2694/2446
f 2689/2715/2467 2490/2714/2466 2436/2716/2468 2587/2717/2469
f 2432/2693/2445 2484/2697/2449 2637/2718/2470 2490/2714/2466
f 2490/2714/2466 2637/2718/2470 2491/2719/2471 2436/2716/2468
f 2564/2702/2454 2672/2720/2472 2492/2721/2473 2433/2703/2455
f 2492/2721/2473 2672/2720/2472 2562/2722/2474 2437/2723/2475
f 2638/2724/2476 2728/2725/2477 2627/2707/2459 2487/2706/2458
f 2493/2726/2478 2628/2727/2479 2728/2725/2477 2638/2724/2476
f 2639/2728/2480 2703/2729/2481 2601/2711/2463 2488/2710/2462
f 2494/2730/2482 2602/2731/2483 2703/2729/2481 2639/2728/2480
f 2639/2728/2480 2495/2732/2484 2439/2733/2485 2494/2730/2482
f 2488/2710/2462 2435/2713/2465 2495/2732/2484 2639/2728/2480
f 2436/2716/2468 2496/2734/2486 2690/2735/2487 2587/2717/2469
f 2690/2735/2487 2496/2734/2486 2440/2736/2488 2588/2737/2489
f 2436/2716/2468 2491/2719/2471 2640/2738/2490 2496/2734/2486
f 2496/2734/2486 2640/2738/2490 2497/2739/2491 2440/2736/2488
f 2562/2722/2474 2671/2740/2492 2498/2741/2493 2437/2723/2475
f 2498/2741/2493 2671/2740/2492 2559/2742/2494 2441/2743/2495
f 2641/2744/2496 2700/2745/2497 2599/2682/2434 2479/2677/2429
f 2499/2746/2498 2598/2747/2499 2700/2745/2497 2641/2744/2496
f 2641/2744/2496 2725/2748/2500 2624/2749/2501 2499/2746/2498
f 2479/2677/2429 2625/2676/2428 2725/2748/2500 2641/2744/2496
f 2427/2688/2440 2482/2683/2435 2642/2750/2502 2500/2751/2503
f 2500/2751/2503 2642/2750/2502 2501/2752/2504 2443/2753/2505
f 2642/2750/2502 2700/2745/2497 2598/2747/2499 2501/2752/2504
f 2482/2683/2435 2599/2682/2434 2700/2745/2497 2642/2750/2502
f 2585/2689/2441 2687/2754/2506 2502/2755/2507 2428/2690/2442
f 2502/2755/2507 2687/2754/2506 2584/2756/2508 2444/2757/2509
f 2643/2758/2510 2502/2755/2507 2444/2757/2509 2503/2759/2511
f 2485/2695/2447 2428/2690/2442 2502/2755/2507 2643/2758/2510
f 2429/2698/2450 2504/2760/2512 2674/2761/2513 2566/2699/2451
f 2674/2761/2513 2504/2760/2512 2445/2762/2514 2568/2763/2515
f 2644/2764/2516 2699/2765/2517 2598/2747/2499 2499/2746/2498
f 2505/2766/2518 2597/2767/2519 2699/2765/2517 2644/2764/2516
f 2644/2764/2516 2724/2768/2520 2623/2769/2521 2505/2766/2518
f 2499/2746/2498 2624/2749/2501 2724/2768/2520 2644/2764/2516
f 2443/2753/2505 2501/2752/2504 2645/2770/2522 2506/2771/2523
f 2506/2771/2523 2645/2770/2522 2507/2772/2524 2447/2773/2525
f 2645/2770/2522 2699/2765/2517 2597/2767/2519 2507/2772/2524
f 2501/2752/2504 2598/2747/2499 2699/2765/2517 2645/2770/2522
f 2584/2756/2508 2686/2774/2526 2508/2775/2527 2444/2757/2509
f 2508/2775/2527 2686/2774/2526 2583/2776/2528 2448/2777/2529
f 2646/2778/2530 2508/2775/2527 2448/2777/2529 2509/2779/2531
f 2503/2759/2511 2444/2757/2509 2508/2775/2527 2646/2778/2530
f 2445/2762/2514 2510/2780/2532 2675/2781/2533 2568/2763/2515
f 2675/2781/2533 2510/2780/2532 2449/2782/2534 2570/2783/2535
f 2647/2784/2536 2698/2785/2537 2597/2767/2519 2505/2766/2518
f 2511/2786/2538 2596/2787/2539 2698/2785/2537 2647/2784/2536
f 2647/2784/2536 2723/2788/2540 2622/2789/2541 2511/2786/2538
f 2505/2766/2518 2623/2769/2521 2723/2788/2540 2647/2784/2536
f 2447/2773/2525 2507/2772/2524 2648/2790/2542 2512/2791/2543
f 2512/2791/2543 2648/2790/2542 2513/2792/2544 2451/2793/2545
f 2648/2790/2542 2698/2785/2537 2596/2787/2539 2513/2792/2544
f 2507/2772/2524 2597/2767/2519 2698/2785/2537 2648/2790/2542
f 2583/2776/2528 2685/2794/2546 2514/2795/2547 2448/2777/2529
f 2514/2795/2547 2685/2794/2546 2582/2796/2548 2452/2797/2549
f 2649/2798/2550 2514/2795/2547 2452/2797/2549 2515/2799/2551
f 2509/2779/2531 2448/2777/2529 2514/2795/2547 2649/2798/2550
f 2449/2782/2534 2516/2800/2552 2676/2801/2553 2570/2783/2535
f 2676/2801/2553 2516/2800/2552 2453/2802/2554 2572/2803/2555
f 2650/2804/2556 2697/2805/2557 2596/2787/2539 2511/2786/2538
f 2517/2806/2558 2595/2807/2559 2697/2805/2557 2650/2804/2556
f 2650/2804/2556 2722/2808/2560 2621/2809/2561 2517/2806/2558
f 2511/2786/2538 2622/2789/2541 2722/2808/2560 2650/2804/2556
f 2451/2793/2545 2513/2792/2544 2651/2810/2562 2518/2811/2563
f 2518/2811/2563 2651/2810/2562 2519/2812/2564 2458/2813/2565
f 2651/2810/2562 2697/2805/2557 2595/2807/2559 2519/2812/2564
f 2513/2792/2544 2596/2787/2539 2697/2805/2557 2651/2810/2562
f 2582/2796/2548 2684/2814/2566 2520/2815/2567 2452/2797/2549
f 2520/2815/2567 2684/2814/2566 2581/2816/2568 2459/2817/2569
f 2652/2818/2570 2520/2815/2567 2459/2817/2569 2521/2819/2571
f 2515/2799/2551 2452/2797/2549 2520/2815/2567 2652/2818/2570
f 2453/2802/2554 2522/2820/2572 2677/2821/2573 2572/2803/2555
f 2677/2821/2573 2522/2820/2572 2460/2822/2574 2574/2823/2575
f 2694/2824/2576 2592/2825/2577 2523/2826/2578 2681/2827/2579
f 2681/2827/2579 2523/2826/2578 2456/2828/2580 2579/2829/2581
f 2719/2830/2582 2618/2831/2583 2524/2832/2584 2680/2833/2585
f 2680/2833/2585 2524/2832/2584 2592/2825/2577 2694/2824/2576
f 2458/2813/2565 2519/2812/2564 2653/2834/2586 2525/2835/2587
f 2525/2835/2587 2653/2834/2586 2526/2836/2588 2462/2837/2589
f 2653/2834/2586 2696/2838/2590 2594/2839/2591 2526/2836/2588
f 2519/2812/2564 2595/2807/2559 2696/2838/2590 2653/2834/2586
f 2581/2816/2568 2683/2840/2592 2527/2841/2593 2459/2817/2569
f 2527/2841/2593 2683/2840/2592 2580/2842/2594 2463/2843/2595
f 2654/2844/2596 2527/2841/2593 2463/2843/2595 2528/2845/2597
f 2521/2819/2571 2459/2817/2569 2527/2841/2593 2654/2844/2596
f 2460/2822/2574 2529/2846/2598 2678/2847/2599 2574/2823/2575
f 2678/2847/2599 2529/2846/2598 2464/2848/2600 2576/2849/2601
f 2655/2850/2602 2696/2838/2590 2595/2807/2559 2517/2806/2558
f 2530/2851/2603 2594/2839/2591 2696/2838/2590 2655/2850/2602
f 2655/2850/2602 2721/2852/2604 2620/2853/2605 2530/2851/2603
f 2517/2806/2558 2621/2809/2561 2721/2852/2604 2655/2850/2602
f 2462/2837/2589 2526/2836/2588 2656/2854/2606 2531/2855/2607
f 2531/2855/2607 2656/2854/2606 2532/2856/2608 2455/2857/2609
f 2656/2854/2606 2695/2858/2610 2593/2859/2611 2532/2856/2608
f 2526/2836/2588 2594/2839/2591 2695/2858/2610 2656/2854/2606
f 2580/2842/2594 2682/2860/2612 2533/2861/2613 2463/2843/2595
f 2533/2861/2613 2682/2860/2612 2579/2829/2581 2456/2828/2580
f 2657/2862/2614 2533/2861/2613 2456/2828/2580 2523/2826/2578
f 2528/2845/2597 2463/2843/2595 2533/2861/2613 2657/2862/2614
f 2464/2848/2600 2534/2863/2615 2679/2864/2616 2576/2849/2601
f 2679/2864/2616 2534/2863/2615 2457/2865/2617 2578/2866/2618
f 2658/2867/2619 2695/2858/2610 2594/2839/2591 2530/2851/2603
f 2535/2868/2620 2593/2859/2611 2695/2858/2610 2658/2867/2619
f 2658/2867/2619 2720/2869/2621 2619/2870/2622 2535/2868/2620
f 2530/2851/2603 2620/2853/2605 2720/2869/2621 2658/2867/2619
f 2659/2871/2623 2729/2872/2624 2628/2727/2479 2493/2726/2478
f 2536/2873/2625 2629/2874/2626 2729/2872/2624 2659/2871/2623
f 2439/2733/2485 2538/2875/2627 2660/2876/2628 2494/2730/2482
f 2660/2876/2628 2704/2877/2629 2602/2731/2483 2494/2730/2482
f 2537/2878/2630 2603/2879/2631 2704/2877/2629 2660/2876/2628
f 2538/2875/2627 2467/2880/2632 2537/2878/2630 2660/2876/2628
f 2539/2881/2633 2691/2882/2634 2588/2737/2489 2440/2736/2488
f 2539/2881/2633 2468/2883/2635 2589/2884/2636 2691/2882/2634
f 2661/2885/2637 2539/2881/2633 2440/2736/2488 2497/2739/2491
f 2540/2886/2638 2468/2883/2635 2539/2881/2633 2661/2885/2637
f 2557/2887/2639 2469/2888/2640 2541/2889/2641 2670/2890/2642
f 2670/2890/2642 2541/2889/2641 2441/2743/2495 2559/2742/2494
f 2662/2891/2643 2730/2892/2644 2629/2874/2626 2536/2873/2625
f 2542/2893/2645 2630/2894/2646 2730/2892/2644 2662/2891/2643
f 2467/2880/2632 2544/2895/2647 2663/2896/2648 2537/2878/2630
f 2663/2896/2648 2705/2897/2649 2603/2879/2631 2537/2878/2630
f 2543/2898/2650 2604/2899/2651 2705/2897/2649 2663/2896/2648
f 2544/2895/2647 2470/2900/2652 2543/2898/2650 2663/2896/2648
f 2545/2901/2653 2692/2902/2654 2589/2884/2636 2468/2883/2635
f 2545/2901/2653 2471/2903/2655 2590/2904/2656 2692/2902/2654
f 2664/2905/2657 2545/2901/2653 2468/2883/2635 2540/2886/2638
f 2546/2906/2658 2471/2903/2655 2545/2901/2653 2664/2905/2657
f 2554/2907/2659 2472/2908/2660 2547/2909/2661 2669/2910/2662
f 2669/2910/2662 2547/2909/2661 2469/2888/2640 2557/2887/2639
f 2470/2900/2652 2549/2911/2663 2665/2912/2664 2543/2898/2650
f 2665/2912/2664 2706/2913/2665 2604/2899/2651 2543/2898/2650
f 2605/2914/2666 2706/2913/2665 2665/2912/2664 2548/2915/2667
f 2549/2911/2663 2474/2916/2668 2548/2915/2667 2665/2912/2664
f 2550/2917/2669 2693/2918/2670 2590/2904/2656 2471/2903/2655
f 2550/2917/2669 2475/2919/2671 2591/2920/2672 2693/2918/2670
f 2666/2921/2673 2550/2917/2669 2471/2903/2655 2546/2906/2658
f 2551/2922/2674 2475/2919/2671 2550/2917/2669 2666/2921/2673
f 2476/2923/2675 2552/2924/2676 2668/2925/2677 2555/2926/2678
f 2668/2925/2677 2552/2924/2676 2472/2908/2660 2554/2907/2659
f 2667/2927/2679 2731/2928/2680 2630/2894/2646 2542/2893/2645
f 2631/2929/2681 2731/2928/2680 2667/2927/2679 2553/2930/2682
f 2473/2931/2683 2556/2932/2684 2668/2925/2677 2554/2907/2659
f 2556/2932/2684 2477/2933/2685 2555/2926/2678 2668/2925/2677
f 2466/2934/2686 2558/2935/2687 2669/2910/2662 2557/2887/2639
f 2558/2935/2687 2473/2931/2683 2554/2907/2659 2669/2910/2662
f 2438/2936/2688 2560/2937/2689 2670/2890/2642 2559/2742/2494
f 2560/2937/2689 2466/2934/2686 2557/2887/2639 2670/2890/2642
f 2671/2740/2492 2561/2938/2690 2438/2936/2688 2559/2742/2494
f 2562/2722/2474 2434/2939/2691 2561/2938/2690 2671/2740/2492
f 2672/2720/2472 2563/2940/2692 2434/2939/2691 2562/2722/2474
f 2564/2702/2454 2430/2941/2693 2563/2940/2692 2672/2720/2472
f 2673/2700/2452 2565/2942/2694 2430/2941/2693 2564/2702/2454
f 2566/2699/2451 2426/2943/2695 2565/2942/2694 2673/2700/2452
f 2426/2943/2695 2566/2699/2451 2674/2761/2513 2567/2944/2696
f 2567/2944/2696 2674/2761/2513 2568/2763/2515 2442/2945/2697
f 2442/2945/2697 2568/2763/2515 2675/2781/2533 2569/2946/2698
f 2569/2946/2698 2675/2781/2533 2570/2783/2535 2446/2947/2699
f 2446/2947/2699 2570/2783/2535 2676/2801/2553 2571/2948/2700
f 2571/2948/2700 2676/2801/2553 2572/2803/2555 2450/2949/2701
f 2450/2949/2701 2572/2803/2555 2677/2821/2573 2573/2950/2702
f 2573/2950/2702 2677/2821/2573 2574/2823/2575 2461/2951/2703
f 2461/2951/2703 2574/2823/2575 2678/2847/2599 2575/2952/2704
f 2575/2952/2704 2678/2847/2599 2576/2849/2601 2465/2953/2705
f 2465/2953/2705 2576/2849/2601 2679/2864/2616 2577/2954/2706
f 2577/2954/2706 2679/2864/2616 2578/2866/2618 2454/2955/2707
f 2680/2833/2585 2694/2824/2576 2593/2859/2611 2535/2868/2620
f 2535/2868/2620 2619/2870/2622 2719/2830/2582 2680/2833/2585
f 2455/2857/2609 2532/2856/2608 2681/2827/2579 2579/2829/2581
f 2532/2856/2608 2593/2859/2611 2694/2824/2576 2681/2827/2579
f 2682/2860/2612 2531/2855/2607 2455/2857/2609 2579/2829/2581
f 2580/2842/2594 2462/2837/2589 2531/2855/2607 2682/2860/2612
f 2683/2840/2592 2525/2835/2587 2462/2837/2589 2580/2842/2594
f 2581/2816/2568 2458/2813/2565 2525/2835/2587 2683/2840/2592
f 2684/2814/2566 2518/2811/2563 2458/2813/2565 2581/2816/2568
f 2582/2796/2548 2451/2793/2545 2518/2811/2563 2684/2814/2566
f 2685/2794/2546 2512/2791/2543 2451/2793/2545 2582/2796/2548
f 2583/2776/2528 2447/2773/2525 2512/2791/2543 2685/2794/2546
f 2686/2774/2526 2506/2771/2523 2447/2773/2525 2583/2776/2528
f 2584/2756/2508 2443/2753/2505 2506/2771/2523 2686/2774/2526
f 2687/2754/2506 2500/2751/2503 2443/2753/2505 2584/2756/2508
f 2585/2689/2441 2427/2688/2440 2500/2751/2503 2687/2754/2506
f 2427/2688/2440 2585/2689/2441 2688/2692/2444 2481/2686/2438
f 2481/2686/2438 2688/2692/2444 2586/2694/2446 2431/2687/2439
f 2431/2687/2439 2586/2694/2446 2689/2715/2467 2489/2712/2464
f 2489/2712/2464 2689/2715/2467 2587/2717/2469 2435/2713/2465
f 2435/2713/2465 2587/2717/2469 2690/2735/2487 2495/2732/2484
f 2495/2732/2484 2690/2735/2487 2588/2737/2489 2439/2733/2485
f 2691/2882/2634 2538/2875/2627 2439/2733/2485 2588/2737/2489
f 2589/2884/2636 2467/2880/2632 2538/2875/2627 2691/2882/2634
f 2692/2902/2654 2544/2895/2647 2467/2880/2632 2589/2884/2636
f 2590/2904/2656 2470/2900/2652 2544/2895/2647 2692/2902/2654
f 2693/2918/2670 2549/2911/2663 2470/2900/2652 2590/2904/2656
f 2591/2920/2672 2474/2916/2668 2549/2911/2663 2693/2918/2670
f 2632/2674/2426 2479/2677/2429 2599/2682/2434 2701/2681/2433
f 2478/2678/2430 2632/2674/2426 2701/2681/2433 2600/2685/2437
f 2635/2704/2456 2478/2678/2430 2600/2685/2437 2702/2709/2461
f 2487/2706/2458 2635/2704/2456 2702/2709/2461 2601/2711/2463
f 2638/2724/2476 2487/2706/2458 2601/2711/2463 2703/2729/2481
f 2493/2726/2478 2638/2724/2476 2703/2729/2481 2602/2731/2483
f 2659/2871/2623 2493/2726/2478 2602/2731/2483 2704/2877/2629
f 2536/2873/2625 2659/2871/2623 2704/2877/2629 2603/2879/2631
f 2662/2891/2643 2536/2873/2625 2603/2879/2631 2705/2897/2649
f 2604/2899/2651 2542/2893/2645 2662/2891/2643 2705/2897/2649
f 2667/2927/2679 2542/2893/2645 2604/2899/2651 2706/2913/2665
f 2553/2930/2682 2667/2927/2679 2706/2913/2665 2605/2914/2666
f 2472/2908/2660 2552/2924/2676 2707/2956/2708 2606/2957/2709
f 2552/2924/2676 2476/2923/2675 2607/2958/2710 2707/2956/2708
f 2469/2888/2640 2547/2909/2661 2708/2959/2711 2608/2960/2712
f 2547/2909/2661 2472/2908/2660 2606/2957/2709 2708/2959/2711
f 2441/2743/2495 2541/2889/2641 2709/2961/2713 2609/2962/2714
f 2541/2889/2641 2469/2888/2640 2608/2960/2712 2709/2961/2713
f 2710/2963/2715 2498/2741/2493 2441/2743/2495 2609/2962/2714
f 2610/2964/2716 2437/2723/2475 2498/2741/2493 2710/2963/2715
f 2711/2965/2717 2492/2721/2473 2437/2723/2475 2610/2964/2716
f 2611/2966/2718 2433/2703/2455 2492/2721/2473 2711/2965/2717
f 2712/2967/2719 2486/2701/2453 2433/2703/2455 2611/2966/2718
f 2612/2968/2720 2429/2698/2450 2486/2701/2453 2712/2967/2719
f 2429/2698/2450 2612/2968/2720 2713/2969/2721 2504/2760/2512
f 2504/2760/2512 2713/2969/2721 2613/2970/2722 2445/2762/2514
f 2445/2762/2514 2613/2970/2722 2714/2971/2723 2510/2780/2532
f 2510/2780/2532 2714/2971/2723 2614/2972/2724 2449/2782/2534
f 2449/2782/2534 2614/2972/2724 2715/2973/2725 2516/2800/2552
f 2516/2800/2552 2715/2973/2725 2615/2974/2726 2453/2802/2554
f 2453/2802/2554 2615/2974/2726 2716/2975/2727 2522/2820/2572
f 2522/2820/2572 2716/2975/2727 2616/2976/2728 2460/2822/2574
f 2460/2822/2574 2616/2976/2728 2717/2977/2729 2529/2846/2598
f 2529/2846/2598 2717/2977/2729 2617/2978/2730 2464/2848/2600
f 2464/2848/2600 2617/2978/2730 2718/2979/2731 2534/2863/2615
f 2534/2863/2615 2718/2979/2731 2618/2831/2583 2457/2865/2617
f 2457/2865/2617 2618/2831/2583 2719/2830/2582 2578/2866/2618
f 2619/2870/2622 2454/2955/2707 2578/2866/2618 2719/2830/2582
f 2720/2869/2621 2577/2954/2706 2454/2955/2707 2619/2870/2622
f 2620/2853/2605 2465/2953/2705 2577/2954/2706 2720/2869/2621
f 2721/2852/2604 2575/2952/2704 2465/2953/2705 2620/2853/2605
f 2621/2809/2561 2461/2951/2703 2575/2952/2704 2721/2852/2604
f 2722/2808/2560 2573/2950/2702 2461/2951/2703 2621/2809/2561
f 2622/2789/2541 2450/2949/2701 2573/2950/2702 2722/2808/2560
f 2723/2788/2540 2571/2948/2700 2450/2949/2701 2622/2789/2541
f 2623/2769/2521 2446/2947/2699 2571/2948/2700 2723/2788/2540
f 2724/2768/2520 2569/2946/2698 2446/2947/2699 2623/2769/2521
f 2624/2749/2501 2442/2945/2697 2569/2946/2698 2724/2768/2520
f 2725/2748/2500 2567/2944/2696 2442/2945/2697 2624/2749/2501
f 2625/2676/2428 2426/2943/2695 2567/2944/2696 2725/2748/2500
f 2426/2943/2695 2625/2676/2428 2726/2675/2427 2565/2942/2694
f 2565/2942/2694 2726/2675/2427 2626/2679/2431 2430/2941/2693
f 2430/2941/2693 2626/2679/2431 2727/2705/2457 2563/2940/2692
f 2563/2940/2692 2727/2705/2457 2627/2707/2459 2434/2939/2691
f 2434/2939/2691 2627/2707/2459 2728/2725/2477 2561/2938/2690
f 2561/2938/2690 2728/2725/2477 2628/2727/2479 2438/2936/2688
f 2729/2872/2624 2560/2937/2689 2438/2936/2688 2628/2727/2479
f 2629/2874/2626 2466/2934/2686 2560/2937/2689 2729/2872/2624
f 2730/2892/2644 2558/2935/2687 2466/2934/2686 2629/2874/2626
f 2630/2894/2646 2473/2931/2683 2558/2935/2687 2730/2892/2644
f 2731/2928/2680 2556/2932/2684 2473/2931/2683 2630/2894/2646
f 2631/2929/2681 2477/2933/2685 2556/2932/2684 2731/2928/2680
s 102
f 2980/2980/2732 2876/2981/2733 2785/2982/2734 2942/2983/2735
f 2942/2983/2735 3045/2984/2736 2914/2985/2737 2784/2986/2738
f 2942/2983/2735 2785/2982/2734 2941/2987/2739 3045/2984/2736
f 2941/2987/2739 2913/2988/2740 3018/2989/2741 3045/2984/2736
f 3045/2984/2736 3018/2989/2741 2862/2990/2742 2914/2985/2737
f 2913/2988/2740 2734/2991/2743 2786/2992/2744 3018/2989/2741
f 3018/2989/2741 2786/2992/2744 2732/2993/2745 2862/2990/2742
f 2787/2994/2746 2980/2980/2732 2875/2995/2747 2733/2996/2748
f 2787/2994/2746 2735/2997/2749 2876/2981/2733 2980/2980/2732
f 2981/2998/2750 2877/2999/2751 2788/3000/2752 2943/3001/2753
f 2943/3001/2753 3044/3002/2754 2941/2987/2739 2785/2982/2734
f 2943/3001/2753 2788/3000/2752 2940/3003/2755 3044/3002/2754
f 2940/3003/2755 2912/3004/2756 3017/3005/2757 3044/3002/2754
f 3044/3002/2754 3017/3005/2757 2913/2988/2740 2941/2987/2739
f 2912/3004/2756 2736/3006/2758 2789/3007/2759 3017/3005/2757
f 3017/3005/2757 2789/3007/2759 2734/2991/2743 2913/2988/2740
f 2790/3008/2760 2981/2998/2750 2876/2981/2733 2735/2997/2749
f 2790/3008/2760 2737/3009/2761 2877/2999/2751 2981/2998/2750
f 2982/3010/2762 2878/3011/2763 2791/3012/2764 2944/3013/2765
f 2944/3013/2765 3043/3014/2766 2940/3003/2755 2788/3000/2752
f 2944/3013/2765 2791/3012/2764 2939/3015/2767 3043/3014/2766
f 2939/3015/2767 2911/3016/2768 3016/3017/2769 3043/3014/2766
f 3043/3014/2766 3016/3017/2769 2912/3004/2756 2940/3003/2755
f 2911/3016/2768 2738/3018/2770 2792/3019/2771 3016/3017/2769
f 3016/3017/2769 2792/3019/2771 2736/3006/2758 2912/3004/2756
f 2793/3020/2772 2982/3010/2762 2877/2999/2751 2737/3009/2761
f 2793/3020/2772 2739/3021/2773 2878/3011/2763 2982/3010/2762
f 2983/3022/2774 2879/3023/2775 2794/3024/2776 2945/3025/2777
f 2945/3025/2777 3042/3026/2778 2939/3015/2767 2791/3012/2764
f 2945/3025/2777 2794/3024/2776 2938/3027/2779 3042/3026/2778
f 2938/3027/2779 2910/3028/2780 3015/3029/2781 3042/3026/2778
f 3042/3026/2778 3015/3029/2781 2911/3016/2768 2939/3015/2767
f 2910/3028/2780 2740/3030/2782 2795/3031/2783 3015/3029/2781
f 3015/3029/2781 2795/3031/2783 2738/3018/2770 2911/3016/2768
f 2796/3032/2784 2983/3022/2774 2878/3011/2763 2739/3021/2773
f 2796/3032/2784 2741/3033/2785 2879/3023/2775 2983/3022/2774
f 2984/3034/2786 2880/3035/2787 2797/3036/2788 2946/3037/2789
f 2946/3037/2789 3041/3038/2790 2938/3027/2779 2794/3024/2776
f 2946/3037/2789 2797/3036/2788 2937/3039/2791 3041/3038/2790
f 2937/3039/2791 2909/3040/2792 3014/3041/2793 3041/3038/2790
f 3041/3038/2790 3014/3041/2793 2910/3028/2780 2938/3027/2779
f 2909/3040/2792 2742/3042/2794 2798/3043/2795 3014/3041/2793
f 3014/3041/2793 2798/3043/2795 2740/3030/2782 2910/3028/2780
f 2799/3044/2796 2984/3034/2786 2879/3023/2775 2741/3033/2785
f 2799/3044/2796 2743/3045/2797 2880/3035/2787 2984/3034/2786
f 2985/3046/2798 2881/3047/2799 2800/3048/2800 2947/3049/2801
f 2947/3049/2801 3040/3050/2802 2937/3039/2791 2797/3036/2788
f 2947/3049/2801 2800/3048/2800 2936/3051/2803 3040/3050/2802
f 2936/3051/2803 2908/3052/2804 3013/3053/2805 3040/3050/2802
f 3040/3050/2802 3013/3053/2805 2909/3040/2792 2937/3039/2791
f 2908/3052/2804 2744/3054/2806 2801/3055/2807 3013/3053/2805
f 3013/3053/2805 2801/3055/2807 2742/3042/2794 2909/3040/2792
f 2802/3056/2808 2985/3046/2798 2880/3035/2787 2743/3045/2797
f 2802/3056/2808 2745/3057/2809 2881/3047/2799 2985/3046/2798
f 2986/3058/2810 2882/3059/2811 2803/3060/2812 2948/3061/2813
f 2948/3061/2813 3039/3062/2814 2936/3051/2803 2800/3048/2800
f 2948/3061/2813 2803/3060/2812 2935/3063/2815 3039/3062/2814
f 2935/3063/2815 2907/3064/2816 3012/3065/2817 3039/3062/2814
f 3039/3062/2814 3012/3065/2817 2908/3052/2804 2936/3051/2803
f 2907/3064/2816 2746/3066/2818 2804/3067/2819 3012/3065/2817
f 3012/3065/2817 2804/3067/2819 2744/3054/2806 2908/3052/2804
f 2805/3068/2820 2986/3058/2810 2881/3047/2799 2745/3057/2809
f 2805/3068/2820 2747/3069/2821 2882/3059/2811 2986/3058/2810
f 2987/3070/2822 2883/3071/2823 2806/3072/2824 2949/3073/2825
f 2949/3073/2825 3038/3074/2826 2935/3063/2815 2803/3060/2812
f 2949/3073/2825 2806/3072/2824 2934/3075/2827 3038/3074/2826
f 2934/3075/2827 2906/3076/2828 3011/3077/2829 3038/3074/2826
f 3038/3074/2826 3011/3077/2829 2907/3064/2816 2935/3063/2815
f 2906/3076/2828 2748/3078/2830 2807/3079/2831 3011/3077/2829
f 3011/3077/2829 2807/3079/2831 2746/3066/2818 2907/3064/2816
f 2808/3080/2832 2987/3070/2822 2882/3059/2811 2747/3069/2821
f 2808/3080/2832 2749/3081/2833 2883/3071/2823 2987/3070/2822
f 2988/3082/2834 2884/3083/2835 2809/3084/2836 2950/3085/2837
f 2950/3085/2837 3037/3086/2838 2934/3075/2827 2806/3072/2824
f 2950/3085/2837 2809/3084/2836 2933/3087/2839 3037/3086/2838
f 2933/3087/2839 2905/3088/2840 3010/3089/2841 3037/3086/2838
f 3037/3086/2838 3010/3089/2841 2906/3076/2828 2934/3075/2827
f 2905/3088/2840 2750/3090/2842 2810/3091/2843 3010/3089/2841
f 3010/3089/2841 2810/3091/2843 2748/3078/2830 2906/3076/2828
f 2811/3092/2844 2988/3082/2834 2883/3071/2823 2749/3081/2833
f 2811/3092/2844 2751/3093/2845 2884/3083/2835 2988/3082/2834
f 2989/3094/2846 2885/3095/2847 2812/3096/2848 2951/3097/2849
f 2951/3097/2849 3036/3098/2850 2933/3087/2839 2809/3084/2836
f 2951/3097/2849 2812/3096/2848 2932/3099/2851 3036/3098/2850
f 2932/3099/2851 2904/3100/2852 3009/3101/2853 3036/3098/2850
f 3036/3098/2850 3009/3101/2853 2905/3088/2840 2933/3087/2839
f 2904/3100/2852 2752/3102/2854 2813/3103/2855 3009/3101/2853
f 3009/3101/2853 2813/3103/2855 2750/3090/2842 2905/3088/2840
f 2814/3104/2856 2989/3094/2846 2884/3083/2835 2751/3093/2845
f 2814/3104/2856 2753/3105/2857 2885/3095/2847 2989/3094/2846
f 2990/3106/2858 2886/3107/2859 2815/3108/2860 2952/3109/2861
f 2952/3109/2861 3035/3110/2862 2932/3099/2851 2812/3096/2848
f 2952/3109/2861 2815/3108/2860 2931/3111/2863 3035/3110/2862
f 2931/3111/2863 2903/3112/2864 3008/3113/2865 3035/3110/2862
f 3035/3110/2862 3008/3113/2865 2904/3100/2852 2932/3099/2851
f 2903/3112/2864 2754/3114/2866 2816/3115/2867 3008/3113/2865
f 3008/3113/2865 2816/3115/2867 2752/3102/2854 2904/3100/2852
f 2817/3116/2868 2990/3106/2858 2885/3095/2847 2753/3105/2857
f 2817/3116/2868 2755/3117/2869 2886/3107/2859 2990/3106/2858
f 2991/3118/2870 2887/3119/2871 2818/3120/2872 2953/3121/2873
f 2953/3121/2873 3034/3122/2874 2931/3111/2863 2815/3108/2860
f 2953/3121/2873 2818/3120/2872 2930/3123/2875 3034/3122/2874
f 2930/3123/2875 2902/3124/2876 3007/3125/2877 3034/3122/2874
f 3034/3122/2874 3007/3125/2877 2903/3112/2864 2931/3111/2863
f 2902/3124/2876 2756/3126/2878 2819/3127/2879 3007/3125/2877
f 3007/3125/2877 2819/3127/2879 2754/3114/2866 2903/3112/2864
f 2820/3128/2880 2991/3118/2870 2886/3107/2859 2755/3117/2869
f 2820/3128/2880 2757/3129/2881 2887/3119/2871 2991/3118/2870
f 2992/3130/2882 2888/3131/2883 2821/3132/2884 2954/3133/2885
f 2954/3133/2885 3033/3134/2886 2930/3123/2875 2818/3120/2872
f 2954/3133/2885 2821/3132/2884 2929/3135/2887 3033/3134/2886
f 2929/3135/2887 2901/3136/2888 3006/3137/2889 3033/3134/2886
f 3033/3134/2886 3006/3137/2889 2902/3124/2876 2930/3123/2875
f 2901/3136/2888 2758/3138/2890 2822/3139/2891 3006/3137/2889
f 3006/3137/2889 2822/3139/2891 2756/3126/2878 2902/3124/2876
f 2823/3140/2892 2992/3130/2882 2887/3119/2871 2757/3129/2881
f 2823/3140/2892 2759/3141/2893 2888/3131/2883 2992/3130/2882
f 2993/3142/2894 2889/3143/2895 2824/3144/2896 2955/3145/2897
f 2955/3145/2897 3032/3146/2898 2929/3135/2887 2821/3132/2884
f 2955/3145/2897 2824/3144/2896 2928/3147/2899 3032/3146/2898
f 2928/3147/2899 2900/3148/2900 3005/3149/2901 3032/3146/2898
f 3032/3146/2898 3005/3149/2901 2901/3136/2888 2929/3135/2887
f 2900/3148/2900 2760/3150/2902 2825/3151/2903 3005/3149/2901
f 3005/3149/2901 2825/3151/2903 2758/3138/2890 2901/3136/2888
f 2826/3152/2904 2993/3142/2894 2888/3131/2883 2759/3141/2893
f 2826/3152/2904 2761/3153/2905 2889/3143/2895 2993/3142/2894
f 2994/3154/2906 2890/3155/2907 2827/3156/2908 2956/3157/2909
f 2956/3157/2909 3031/3158/2910 2928/3147/2899 2824/3144/2896
f 2956/3157/2909 2827/3156/2908 2927/3159/2911 3031/3158/2910
f 2927/3159/2911 2899/3160/2912 3004/3161/2913 3031/3158/2910
f 3031/3158/2910 3004/3161/2913 2900/3148/2900 2928/3147/2899
f 2899/3160/2912 2762/3162/2914 2828/3163/2915 3004/3161/2913
f 3004/3161/2913 2828/3163/2915 2760/3150/2902 2900/3148/2900
f 2829/3164/2916 2994/3154/2906 2889/3143/2895 2761/3153/2905
f 2829/3164/2916 2763/3165/2917 2890/3155/2907 2994/3154/2906
f 2957/3166/2918 3029/3167/2919 2926/3168/2920 2831/3169/2921
f 2925/3170/2922 3029/3167/2919 2957/3166/2918 2830/3171/2923
f 2957/3166/2918 2996/3172/2924 2892/3173/2925 2830/3171/2923
f 2831/3169/2921 2891/3174/2926 2996/3172/2924 2957/3166/2918
f 2958/3175/2927 3028/3176/2928 2925/3170/2922 2830/3171/2923
f 2924/3177/2929 3028/3176/2928 2958/3175/2927 2832/3178/2930
f 2958/3175/2927 2997/3179/2931 2893/3180/2932 2832/3178/2930
f 2830/3171/2923 2892/3173/2925 2997/3179/2931 2958/3175/2927
f 2995/3181/2933 2891/3174/2926 2831/3169/2921 2959/3182/2934
f 2959/3182/2934 3030/3183/2935 2927/3159/2911 2827/3156/2908
f 2959/3182/2934 2831/3169/2921 2926/3168/2920 3030/3183/2935
f 2926/3168/2920 2898/3184/2936 3003/3185/2937 3030/3183/2935
f 3030/3183/2935 3003/3185/2937 2899/3160/2912 2927/3159/2911
f 2898/3184/2936 2769/3186/2938 2833/3187/2939 3003/3185/2937
f 3003/3185/2937 2833/3187/2939 2762/3162/2914 2899/3160/2912
f 2834/3188/2940 2995/3181/2933 2890/3155/2907 2763/3165/2917
f 2834/3188/2940 2766/3189/2941 2891/3174/2926 2995/3181/2933
f 2998/3190/2942 2894/3191/2943 2835/3192/2944 2960/3193/2945
f 2960/3193/2945 3027/3194/2946 2924/3177/2929 2832/3178/2930
f 2836/3195/2947 2998/3190/2942 2893/3180/2932 2768/3196/2948
f 2836/3195/2947 2765/3197/2949 2894/3191/2943 2998/3190/2942
f 2895/3198/2950 2764/3199/2951 2838/3200/2952 3000/3201/2953
f 3000/3201/2953 2838/3200/2952 2771/3202/2954 2896/3203/2955
f 2923/3204/2956 2895/3198/2950 3000/3201/2953 3027/3194/2946
f 3027/3194/2946 3000/3201/2953 2896/3203/2955 2924/3177/2929
f 2766/3189/2941 2839/3205/2957 2996/3172/2924 2891/3174/2926
f 2996/3172/2924 2839/3205/2957 2767/3206/2958 2892/3173/2925
f 2767/3206/2958 2840/3207/2959 2997/3179/2931 2892/3173/2925
f 2997/3179/2931 2840/3207/2959 2768/3196/2948 2893/3180/2932
f 2898/3184/2936 3002/3208/2960 2841/3209/2961 2769/3186/2938
f 2841/3209/2961 3002/3208/2960 2897/3210/2962 2770/3211/2963
f 2897/3210/2962 3001/3212/2964 2842/3213/2965 2770/3211/2963
f 2842/3213/2965 3001/3212/2964 2896/3203/2955 2771/3202/2954
f 2894/3191/2943 2765/3197/2949 2837/3214/2966 2999/3215/2967
f 2999/3215/2967 2837/3214/2966 2922/3216/2968 3026/3217/2969
f 2764/3199/2951 2895/3198/2950 3026/3217/2969 2922/3216/2968
f 2961/3218/2970 2979/3219/2971 2875/2995/2747 2784/2986/2738
f 2843/3220/2972 2874/3221/2973 2979/3219/2971 2961/3218/2970
f 3019/3222/2974 2915/3223/2975 2843/3220/2972 2961/3218/2970
f 3019/3222/2974 2967/3224/2976 2863/3225/2977 2915/3223/2975
f 2844/3226/2978 2967/3224/2976 2862/2990/2742 2732/2993/2745
f 2844/3226/2978 2772/3227/2979 2863/3225/2977 2967/3224/2976
f 2874/3221/2973 2773/3228/2980 2845/3229/2981 2979/3219/2971
f 2979/3219/2971 2845/3229/2981 2733/2996/2748 2875/2995/2747
f 2962/3230/2982 2978/3231/2983 2874/3221/2973 2843/3220/2972
f 2846/3232/2984 2873/3233/2985 2978/3231/2983 2962/3230/2982
f 3020/3234/2986 2916/3235/2987 2846/3232/2984 2962/3230/2982
f 3020/3234/2986 2968/3236/2988 2864/3237/2989 2916/3235/2987
f 2847/3238/2990 2968/3236/2988 2863/3225/2977 2772/3227/2979
f 2847/3238/2990 2774/3239/2991 2864/3237/2989 2968/3236/2988
f 2873/3233/2985 2775/3240/2992 2848/3241/2993 2978/3231/2983
f 2978/3231/2983 2848/3241/2993 2773/3228/2980 2874/3221/2973
f 2963/3242/2994 2977/3243/2995 2873/3233/2985 2846/3232/2984
f 2849/3244/2996 2872/3245/2997 2977/3243/2995 2963/3242/2994
f 3021/3246/2998 2917/3247/2999 2849/3244/2996 2963/3242/2994
f 3021/3246/2998 2969/3248/3000 2865/3249/3001 2917/3247/2999
f 2850/3250/3002 2969/3248/3000 2864/3237/2989 2774/3239/2991
f 2850/3250/3002 2776/3251/3003 2865/3249/3001 2969/3248/3000
f 2872/3245/2997 2777/3252/3004 2851/3253/3005 2977/3243/2995
f 2977/3243/2995 2851/3253/3005 2775/3240/2992 2873/3233/2985
f 2964/3254/3006 2976/3255/3007 2872/3245/2997 2849/3244/2996
f 2852/3256/3008 2871/3257/3009 2976/3255/3007 2964/3254/3006
f 3022/3258/3010 2918/3259/3011 2852/3256/3008 2964/3254/3006
f 3022/3258/3010 2970/3260/3012 2866/3261/3013 2918/3259/3011
f 2853/3262/3014 2970/3260/3012 2865/3249/3001 2776/3251/3003
f 2853/3262/3014 2780/3263/3015 2866/3261/3013 2970/3260/3012
f 2871/3257/3009 2781/3264/3016 2854/3265/3017 2976/3255/3007
f 2976/3255/3007 2854/3265/3017 2777/3252/3004 2872/3245/2997
f 2868/3266/3018 2778/3267/3019 2921/3268/3020 3025/3269/3021
f 3025/3269/3021 2921/3268/3020 2855/3270/3022 2973/3271/3023
f 2855/3270/3022 2779/3272/3024 2870/3273/3025 2973/3271/3023
f 3023/3274/3026 2919/3275/3027 2858/3276/3028 2965/3277/3029
f 3023/3274/3026 2971/3278/3030 2867/3279/3031 2919/3275/3027
f 2856/3280/3032 2971/3278/3030 2866/3261/3013 2780/3263/3015
f 2856/3280/3032 2782/3281/3033 2867/3279/3031 2971/3278/3030
f 2869/3282/3034 2783/3283/3035 2857/3284/3036 2975/3285/3037
f 2975/3285/3037 2857/3284/3036 2781/3264/3016 2871/3257/3009
f 2965/3277/3029 2975/3285/3037 2871/3257/3009 2852/3256/3008
f 2858/3276/3028 2869/3282/3034 2975/3285/3037 2965/3277/3029
f 3024/3286/3038 2920/3287/3039 2861/3288/3040 2966/3289/3041
f 3024/3286/3038 2972/3290/3042 2868/3266/3018 2920/3287/3039
f 2859/3291/3043 2972/3290/3042 2867/3279/3031 2782/3281/3033
f 2859/3291/3043 2778/3267/3019 2868/3266/3018 2972/3290/3042
f 2870/3273/3025 2779/3272/3024 2860/3292/3044 2974/3293/3045
f 2974/3293/3045 2860/3292/3044 2783/3283/3035 2869/3282/3034
f 2966/3289/3041 2974/3293/3045 2869/3282/3034 2858/3276/3028
f 2861/3288/3040 2870/3273/3025 2974/3293/3045 2966/3289/3041
f 3019/3222/2974 2914/2985/2737 2862/2990/2742 2967/3224/2976
f 3020/3234/2986 2915/3223/2975 2863/3225/2977 2968/3236/2988
f 3021/3246/2998 2916/3235/2987 2864/3237/2989 2969/3248/3000
f 3022/3258/3010 2917/3247/2999 2865/3249/3001 2970/3260/3012
f 3023/3274/3026 2918/3259/3011 2866/3261/3013 2971/3278/3030
f 3024/3286/3038 2919/3275/3027 2867/3279/3031 2972/3290/3042
f 2868/3266/3018 3025/3269/3021 2920/3287/3039
f 2973/3271/3023 2870/3273/3025 2861/3288/3040
f 2999/3215/2967 3026/3217/2969 2923/3204/2956 2835/3192/2944
f 3026/3217/2969 2895/3198/2950 2923/3204/2956
f 3028/3176/2928 2924/3177/2929 2896/3203/2955 3001/3212/2964
f 2925/3170/2922 3028/3176/2928 3001/3212/2964 2897/3210/2962
f 3029/3167/2919 2925/3170/2922 2897/3210/2962 3002/3208/2960
f 2926/3168/2920 3029/3167/2919 3002/3208/2960 2898/3184/2936
f 3019/3222/2974 2961/3218/2970 2784/2986/2738 2914/2985/2737
f 3020/3234/2986 2962/3230/2982 2843/3220/2972 2915/3223/2975
f 3021/3246/2998 2963/3242/2994 2846/3232/2984 2916/3235/2987
f 3022/3258/3010 2964/3254/3006 2849/3244/2996 2917/3247/2999
f 3023/3274/3026 2965/3277/3029 2852/3256/3008 2918/3259/3011
f 3024/3286/3038 2966/3289/3041 2858/3276/3028 2919/3275/3027
f 3025/3269/3021 2973/3271/3023 2861/3288/3040 2920/3287/3039
f 2960/3193/2945 2835/3192/2944 2923/3204/2956 3027/3194/2946
f 2894/3191/2943 2999/3215/2967 2835/3192/2944
f 2998/3190/2942 2960/3193/2945 2832/3178/2930 2893/3180/2932
f 2995/3181/2933 2959/3182/2934 2827/3156/2908 2890/3155/2907
f 2994/3154/2906 2956/3157/2909 2824/3144/2896 2889/3143/2895
f 2993/3142/2894 2955/3145/2897 2821/3132/2884 2888/3131/2883
f 2992/3130/2882 2954/3133/2885 2818/3120/2872 2887/3119/2871
f 2991/3118/2870 2953/3121/2873 2815/3108/2860 2886/3107/2859
f 2990/3106/2858 2952/3109/2861 2812/3096/2848 2885/3095/2847
f 2989/3094/2846 2951/3097/2849 2809/3084/2836 2884/3083/2835
f 2988/3082/2834 2950/3085/2837 2806/3072/2824 2883/3071/2823
f 2987/3070/2822 2949/3073/2825 2803/3060/2812 2882/3059/2811
f 2986/3058/2810 2948/3061/2813 2800/3048/2800 2881/3047/2799
f 2985/3046/2798 2947/3049/2801 2797/3036/2788 2880/3035/2787
f 2984/3034/2786 2946/3037/2789 2794/3024/2776 2879/3023/2775
f 2983/3022/2774 2945/3025/2777 2791/3012/2764 2878/3011/2763
f 2982/3010/2762 2944/3013/2765 2788/3000/2752 2877/2999/2751
f 2981/2998/2750 2943/3001/2753 2785/2982/2734 2876/2981/2733
f 2980/2980/2732 2942/2983/2735 2784/2986/2738 2875/2995/2747
s 125
f 3046/3294/3046 3074/3295/3047 3147/3296/3048 3121/3297/3049
f 3147/3296/3048 3074/3295/3047 3050/3298/3050 3120/3299/3051
f 3121/3297/3049 3147/3296/3048 3128/3300/3052 3076/3301/3053
f 3128/3300/3052 3147/3296/3048 3120/3299/3051 3075/3302/3054
f 3129/3303/3055 3078/3304/3056 3051/3305/3057 3077/3306/3058
f 3079/3307/3059 3047/3308/3060 3078/3304/3056 3129/3303/3055
f 3046/3294/3046 3082/3309/3061 3130/3310/3062 3074/3295/3047
f 3074/3295/3047 3130/3310/3062 3081/3311/3063 3050/3298/3050
f 3130/3310/3062 3080/3312/3064 3053/3313/3065 3081/3311/3063
f 3049/3314/3066 3080/3312/3064 3130/3310/3062 3082/3309/3061
f 3050/3298/3050 3083/3315/3067 3148/3316/3068 3120/3299/3051
f 3148/3316/3068 3083/3315/3067 3054/3317/3069 3122/3318/3070
f 3120/3299/3051 3148/3316/3068 3131/3319/3071 3075/3302/3054
f 3131/3319/3071 3148/3316/3068 3122/3318/3070 3084/3320/3072
f 3132/3321/3073 3086/3322/3074 3055/3323/3075 3085/3324/3076
f 3077/3306/3058 3051/3305/3057 3086/3322/3074 3132/3321/3073
f 3050/3298/3050 3081/3311/3063 3133/3325/3077 3083/3315/3067
f 3083/3315/3067 3133/3325/3077 3088/3326/3078 3054/3317/3069
f 3133/3325/3077 3087/3327/3079 3057/3328/3080 3088/3326/3078
f 3081/3311/3063 3053/3313/3065 3087/3327/3079 3133/3325/3077
f 3054/3317/3069 3089/3329/3081 3149/3330/3082 3122/3318/3070
f 3149/3330/3082 3089/3329/3081 3058/3331/3083 3123/3332/3084
f 3122/3318/3070 3149/3330/3082 3134/3333/3085 3084/3320/3072
f 3134/3333/3085 3149/3330/3082 3123/3332/3084 3090/3334/3086
f 3135/3335/3087 3092/3336/3088 3059/3337/3089 3091/3338/3090
f 3085/3324/3076 3055/3323/3075 3092/3336/3088 3135/3335/3087
f 3054/3317/3069 3088/3326/3078 3136/3339/3091 3089/3329/3081
f 3089/3329/3081 3136/3339/3091 3094/3340/3092 3058/3331/3083
f 3136/3339/3091 3093/3341/3093 3061/3342/3094 3094/3340/3092
f 3088/3326/3078 3057/3328/3080 3093/3341/3093 3136/3339/3091
f 3058/3331/3083 3095/3343/3095 3150/3344/3096 3123/3332/3084
f 3150/3344/3096 3095/3343/3095 3069/3345/3097 3124/3346/3098
f 3123/3332/3084 3150/3344/3096 3137/3347/3099 3090/3334/3086
f 3137/3347/3099 3150/3344/3096 3124/3346/3098 3096/3348/3100
f 3138/3349/3101 3098/3350/3102 3066/3351/3103 3097/3352/3104
f 3091/3338/3090 3059/3337/3089 3098/3350/3102 3138/3349/3101
f 3058/3331/3083 3094/3340/3092 3139/3353/3105 3095/3343/3095
f 3095/3343/3095 3139/3353/3105 3100/3354/3106 3069/3345/3097
f 3139/3353/3105 3099/3355/3107 3068/3356/3108 3100/3354/3106
f 3094/3340/3092 3061/3342/3094 3099/3355/3107 3139/3353/3105
f 3101/3357/3109 3126/3358/3110 3153/3359/3111 3140/3360/3112
f 3140/3360/3112 3153/3359/3111 3127/3361/3113 3111/3362/3114
f 3126/3358/3110 3062/3363/3115 3102/3364/3116 3153/3359/3111
f 3124/3346/3098 3151/3365/3117 3141/3366/3118 3096/3348/3100
f 3141/3366/3118 3151/3365/3117 3125/3367/3119 3103/3368/3120
f 3142/3369/3121 3105/3370/3122 3070/3371/3123 3104/3372/3124
f 3097/3352/3104 3066/3351/3103 3105/3370/3122 3142/3369/3121
f 3069/3345/3097 3100/3354/3106 3143/3373/3125 3107/3374/3126
f 3107/3374/3126 3143/3373/3125 3108/3375/3127 3073/3376/3128
f 3143/3373/3125 3106/3377/3129 3072/3378/3130 3108/3375/3127
f 3100/3354/3106 3068/3356/3108 3106/3377/3129 3143/3373/3125
f 3069/3345/3097 3107/3374/3126 3151/3365/3117 3124/3346/3098
f 3151/3365/3117 3107/3374/3126 3073/3376/3128 3125/3367/3119
f 3125/3367/3119 3152/3379/3131 3144/3380/3132 3103/3368/3120
f 3144/3380/3132 3152/3379/3131 3126/3358/3110 3101/3357/3109
f 3145/3381/3133 3110/3382/3134 3063/3383/3135 3109/3384/3136
f 3104/3372/3124 3070/3371/3123 3110/3382/3134 3145/3381/3133
f 3073/3376/3128 3108/3375/3127 3146/3385/3137 3113/3386/3138
f 3113/3386/3138 3146/3385/3137 3102/3364/3116 3062/3363/3115
f 3146/3385/3137 3112/3387/3139 3065/3388/3140 3102/3364/3116
f 3108/3375/3127 3072/3378/3130 3112/3387/3139 3146/3385/3137
f 3073/3376/3128 3113/3386/3138 3152/3379/3131 3125/3367/3119
f 3152/3379/3131 3113/3386/3138 3062/3363/3115 3126/3358/3110
f 3079/3307/3059 3129/3303/3055 3114/3389/3141 3048/3390/3142
f 3114/3389/3141 3129/3303/3055 3077/3306/3058 3052/3391/3143
f 3077/3306/3058 3132/3321/3073 3115/3392/3144 3052/3391/3143
f 3115/3392/3144 3132/3321/3073 3085/3324/3076 3056/3393/3145
f 3085/3324/3076 3135/3335/3087 3116/3394/3146 3056/3393/3145
f 3116/3394/3146 3135/3335/3087 3091/3338/3090 3060/3395/3147
f 3091/3338/3090 3138/3349/3101 3117/3396/3148 3060/3395/3147
f 3117/3396/3148 3138/3349/3101 3097/3352/3104 3067/3397/3149
f 3097/3352/3104 3142/3369/3121 3118/3398/3150 3067/3397/3149
f 3118/3398/3150 3142/3369/3121 3104/3372/3124 3071/3399/3151
f 3104/3372/3124 3145/3381/3133 3119/3400/3152 3071/3399/3151
f 3119/3400/3152 3145/3381/3133 3109/3384/3136 3064/3401/3153
f 3127/3361/3113 3153/3359/3111 3102/3364/3116 3065/3388/3140
f 3076/3301/3053 3128/3300/3052 3078/3304/3056 3047/3308/3060
f 3078/3304/3056 3128/3300/3052 3075/3302/3054 3051/3305/3057
f 3075/3302/3054 3131/3319/3071 3086/3322/3074 3051/3305/3057
f 3086/3322/3074 3131/3319/3071 3084/3320/3072 3055/3323/3075
f 3084/3320/3072 3134/3333/3085 3092/3336/3088 3055/3323/3075
f 3092/3336/3088 3134/3333/3085 3090/3334/3086 3059/3337/3089
f 3090/3334/3086 3137/3347/3099 3098/3350/3102 3059/3337/3089
f 3098/3350/3102 3137/3347/3099 3096/3348/3100 3066/3351/3103
f 3096/3348/3100 3141/3366/3118 3105/3370/3122 3066/3351/3103
f 3105/3370/3122 3141/3366/3118 3103/3368/3120 3070/3371/3123
f 3103/3368/3120 3144/3380/3132 3110/3382/3134 3070/3371/3123
f 3110/3382/3134 3144/3380/3132 3101/3357/3109 3063/3383/3135
f 3101/3357/3109 3140/3360/3112 3109/3384/3136 3063/3383/3135
f 3109/3384/3136 3140/3360/3112 3111/3362/3114 3064/3401/3153
s 128
f 3202/3402/3154 3170/3403/3155 3171/3404/3156
f 3202/3402/3154 3171/3404/3156 3172/3405/3157
f 3202/3402/3154 3172/3405/3157 3173/3406/3158
f 3202/3402/3154 3173/3406/3158 3174/3407/3159
f 3202/3408/3154 3174/3409/3159 3175/3410/3160
f 3202/3408/3154 3175/3410/3160 3176/3411/3161
f 3202/3408/3154 3176/3411/3161 3177/3412/3162
f 3170/3413/3155 3202/3408/3154 3177/3412/3162
f 3162/3414/3163 3154/3415/3164 3155/3416/3165 3163/3417/3166
f 3155/3416/3165 3156/3418/3167 3164/3419/3168 3163/3417/3166
f 3156/3418/3167 3157/3420/3169 3165/3421/3170 3164/3419/3168
f 3157/3420/3169 3158/3422/3171 3166/3423/3172 3165/3421/3170
f 3158/3424/3171 3159/3425/3173 3167/3426/3174 3166/3427/3172
f 3159/3425/3173 3160/3428/3175 3168/3429/3176 3167/3426/3174
f 3160/3428/3175 3161/3430/3177 3169/3431/3178 3168/3429/3176
f 3161/3430/3177 3154/3432/3164 3162/3433/3163 3169/3431/3178
f 3186/3434/3179 3162/3414/3163 3163/3417/3166 3193/3435/3180
f 3163/3417/3166 3164/3419/3168 3192/3436/3181 3193/3435/3180
f 3164/3419/3168 3165/3421/3170 3191/3437/3182 3192/3436/3181
f 3165/3421/3170 3166/3423/3172 3190/3438/3183 3191/3437/3182
f 3166/3427/3172 3167/3426/3174 3189/3439/3184 3190/3440/3183
f 3167/3426/3174 3168/3429/3176 3188/3441/3185 3189/3439/3184
f 3168/3429/3176 3169/3431/3178 3187/3442/3186 3188/3441/3185
f 3169/3431/3178 3162/3433/3163 3186/3443/3179 3187/3442/3186
f 3179/3444/3187 3178/3445/3188 3194/3446/3189 3195/3447/3190
f 3180/3448/3191 3179/3444/3187 3195/3447/3190 3196/3449/3192
f 3181/3450/3193 3180/3448/3191 3196/3449/3192 3197/3451/3194
f 3182/3452/3195 3181/3450/3193 3197/3451/3194 3198/3453/3196
f 3183/3454/3197 3182/3455/3195 3198/3456/3196 3199/3457/3198
f 3184/3458/3199 3183/3454/3197 3199/3457/3198 3200/3459/3200
f 3185/3460/3201 3184/3458/3199 3200/3459/3200 3201/3461/3202
f 3178/3462/3188 3185/3460/3201 3201/3461/3202 3194/3463/3189
f 3187/3442/3186 3186/3443/3179 3178/3445/3188 3179/3444/3187
f 3188/3441/3185 3187/3442/3186 3179/3444/3187 3180/3448/3191
f 3189/3439/3184 3188/3441/3185 3180/3448/3191 3181/3450/3193
f 3190/3440/3183 3189/3439/3184 3181/3450/3193 3182/3452/3195
f 3191/3437/3182 3190/3438/3183 3182/3455/3195 3183/3454/3197
f 3192/3436/3181 3191/3437/3182 3183/3454/3197 3184/3458/3199
f 3193/3435/3180 3192/3436/3181 3184/3458/3199 3185/3460/3201
f 3186/3434/3179 3193/3435/3180 3185/3460/3201 3178/3462/3188
f 3195/3447/3190 3194/3446/3189 3170/3413/3155 3177/3412/3162
f 3196/3449/3192 3195/3447/3190 3177/3412/3162 3176/3411/3161
f 3197/3451/3194 3196/3449/3192 3176/3411/3161 3175/3410/3160
f 3198/3453/3196 3197/3451/3194 3175/3410/3160 3174/3409/3159
f 3199/3457/3198 3198/3456/3196 3174/3407/3159 3173/3406/3158
f 3200/3459/3200 3199/3457/3198 3173/3406/3158 3172/3405/3157
f 3201/3461/3202 3200/3459/3200 3172/3405/3157 3171/3404/3156
f 3194/3463/3189 3201/3461/3202 3171/3404/3156 3170/3403/3155
f 3227/3464/3203 3228/3465/3204 3220/3466/3205 3219/3467/3206
f 3228/3465/3204 3227/3464/3203 3203/3468/3207 3204/3469/3208
f 3211/3470/3209 3212/3471/3210 3155/3416/3165 3154/3415/3164
f 3212/3471/3210 3213/3472/3211 3156/3418/3167 3155/3416/3165
f 3213/3472/3211 3214/3473/3212 3157/3420/3169 3156/3418/3167
f 3214/3473/3212 3215/3474/3213 3158/3422/3171 3157/3420/3169
f 3215/3475/3213 3216/3476/3214 3159/3425/3173 3158/3424/3171
f 3216/3476/3214 3217/3477/3215 3160/3428/3175 3159/3425/3173
f 3217/3477/3215 3218/3478/3216 3161/3430/3177 3160/3428/3175
f 3218/3478/3216 3211/3479/3209 3154/3432/3164 3161/3430/3177
f 3219/3467/3206 3220/3466/3205 3212/3471/3210 3211/3470/3209
f 3220/3466/3205 3221/3480/3217 3213/3472/3211 3212/3471/3210
f 3221/3480/3217 3222/3481/3218 3214/3473/3212 3213/3472/3211
f 3222/3481/3218 3223/3482/3219 3215/3474/3213 3214/3473/3212
f 3223/3483/3219 3224/3484/3220 3216/3476/3214 3215/3475/3213
f 3224/3484/3220 3225/3485/3221 3217/3477/3215 3216/3476/3214
f 3225/3485/3221 3226/3486/3222 3218/3478/3216 3217/3477/3215
f 3226/3486/3222 3219/3487/3206 3211/3479/3209 3218/3478/3216
f 3228/3465/3204 3229/3488/3223 3221/3480/3217 3220/3466/3205
f 3229/3488/3223 3228/3465/3204 3204/3469/3208 3205/3489/3224
f 3229/3488/3223 3230/3490/3225 3222/3481/3218 3221/3480/3217
f 3230/3490/3225 3229/3488/3223 3205/3489/3224 3206/3491/3226
f 3230/3490/3225 3231/3492/3227 3223/3482/3219 3222/3481/3218
f 3231/3492/3227 3230/3490/3225 3206/3491/3226 3207/3493/3228
f 3231/3494/3227 3232/3495/3229 3224/3484/3220 3223/3483/3219
f 3232/3495/3229 3231/3494/3227 3207/3496/3228 3208/3497/3230
f 3232/3495/3229 3233/3498/3231 3225/3485/3221 3224/3484/3220
f 3233/3498/3231 3232/3495/3229 3208/3497/3230 3209/3499/3232
f 3233/3498/3231 3234/3500/3233 3226/3486/3222 3225/3485/3221
f 3234/3500/3233 3233/3498/3231 3209/3499/3232 3210/3501/3234
f 3227/3502/3203 3234/3500/3233 3210/3501/3234 3203/3503/3207
f 3234/3500/3233 3227/3502/3203 3219/3487/3206 3226/3486/3222
s 131
f 3241/3504/3235 3242/3505/3236 3428/3506/3237 3429/3507/3238
f 3411/3508/3239 3236/3509/3240 3425/3510/3241 3426/3511/3242
f 3435/3512/3243 3422/3513/3244 3237/3514/3245 3434/3515/3246
f 3249/3516/3247 3241/3504/3235 3429/3507/3238 3430/3517/3248
f 3242/3505/3236 3250/3518/3249 3427/3519/3250 3428/3506/3237
f 3240/3520/3251 3264/3521/3252 3437/3522/3253 3438/3523/3254
f 3262/3524/3255 3244/3525/3256 3248/3526/3257 3263/3527/3258
f 3261/3528/3259 3243/3529/3260 3244/3525/3256 3262/3524/3255
f 3243/3529/3260 3261/3528/3259 3260/3530/3261 3251/3531/3262
f 3259/3532/3263 3239/3533/3264 3419/3534/3265 3420/3535/3266
f 3258/3536/3267 3259/3532/3263 3420/3535/3266 3421/3537/3268
f 3261/3528/3259 3256/3538/3269 3257/3539/3270 3260/3530/3261
f 3256/3538/3269 3261/3528/3259 3262/3524/3255 3255/3540/3271
f 3255/3540/3271 3262/3524/3255 3263/3527/3258 3254/3541/3272
f 3264/3521/3252 3253/3542/3273 3436/3543/3274 3437/3522/3253
f 3285/3544/3275 3287/3545/3276 3288/3546/3277 3286/3547/3278
f 3389/3548/3279 3390/3549/3280 3391/3550/3281 3392/3551/3282
f 3236/3552/3240 3411/3553/3239 3412/3554/3283 3265/3555/3284
f 3425/3556/3241 3236/3552/3240 3265/3555/3284 3424/3557/3285
f 3434/3558/3246 3237/3559/3245 3270/3560/3286 3433/3561/3287
f 3237/3559/3245 3422/3562/3244 3423/3563/3288 3270/3560/3286
f 3414/3564/3289 3235/3565/3290 3272/3566/3291 3413/3567/3292
f 3238/3568/3293 3431/3569/3294 3432/3570/3295 3273/3571/3296
f 3393/3572/3297 3389/3573/3279 3392/3574/3282 3394/3575/3298
f 3287/3545/3276 3289/3576/3299 3290/3577/3300 3288/3546/3277
f 3291/3578/3301 3285/3544/3275 3286/3547/3278 3292/3579/3302
f 3390/3549/3280 3395/3580/3303 3396/3581/3304 3391/3550/3281
f 3264/3582/3252 3240/3583/3251 3276/3584/3305 3277/3585/3306
f 3239/3586/3264 3259/3587/3263 3278/3588/3307 3275/3589/3308
f 3259/3587/3263 3258/3590/3267 3267/3591/3309 3278/3588/3307
f 3253/3592/3273 3264/3582/3252 3277/3585/3306 3268/3593/3310
f 3293/3594/3311 3279/3595/3312 3283/3596/3313 3294/3597/3314
f 3294/3598/3314 3283/3599/3313 3284/3600/3315 3295/3601/3316
f 3281/3602/3317 3297/3603/3318 3296/3604/3319 3282/3605/3320
f 3280/3606/3321 3298/3607/3322 3297/3608/3318 3281/3609/3317
f 3293/3594/3311 3298/3607/3322 3280/3606/3321 3279/3595/3312
f 3242/3505/3236 3241/3504/3235 3301/3610/3323 3299/3611/3324
f 3303/3612/3325 3301/3610/3323 3241/3504/3235 3249/3516/3247
f 3303/3613/3325 3249/3614/3247 3269/3615/3326 3305/3616/3327
f 3242/3505/3236 3299/3611/3324 3307/3617/3328 3250/3518/3249
f 3250/3618/3249 3307/3619/3328 3309/3620/3329 3266/3621/3330
f 3300/3622/3331 3302/3623/3332 3298/3607/3322 3293/3594/3311
f 3298/3607/3322 3302/3623/3332 3304/3624/3333 3297/3608/3318
f 3297/3603/3318 3304/3625/3333 3306/3626/3334 3296/3604/3319
f 3300/3622/3331 3293/3594/3311 3294/3597/3314 3308/3627/3335
f 3308/3628/3335 3294/3598/3314 3295/3601/3316 3310/3629/3336
f 3313/3630/3337 3312/3631/3338 3315/3632/3339 3314/3633/3340
f 3312/3631/3338 3311/3634/3341 3316/3635/3342 3315/3632/3339
f 3279/3595/3312 3280/3606/3321 3326/3636/3343 3313/3630/3337
f 3326/3636/3343 3280/3606/3321 3281/3609/3317 3323/3637/3344
f 3323/3638/3344 3281/3602/3317 3282/3605/3320 3320/3639/3345
f 3279/3595/3312 3313/3630/3337 3314/3633/3340 3283/3596/3313
f 3283/3599/3313 3314/3640/3340 3317/3641/3346 3284/3600/3315
f 3316/3635/3342 3311/3634/3341 3285/3642/3275 3291/3643/3301
f 3316/3644/3342 3291/3645/3301 3292/3646/3302 3319/3647/3347
f 3289/3576/3299 3325/3648/3348 3322/3649/3349 3290/3577/3300
f 3328/3650/3350 3325/3651/3348 3289/3652/3299 3287/3653/3276
f 3285/3642/3275 3311/3634/3341 3328/3650/3350 3287/3653/3276
f 3314/3640/3340 3315/3654/3339 3318/3655/3351 3317/3641/3346
f 3315/3654/3339 3316/3644/3342 3319/3647/3347 3318/3655/3351
f 3324/3656/3352 3323/3638/3344 3320/3639/3345 3321/3657/3353
f 3325/3648/3348 3324/3656/3352 3321/3657/3353 3322/3649/3349
f 3327/3658/3354 3326/3636/3343 3323/3637/3344 3324/3659/3352
f 3328/3650/3350 3327/3658/3354 3324/3659/3352 3325/3651/3348
f 3311/3634/3341 3312/3631/3338 3327/3658/3354 3328/3650/3350
f 3312/3631/3338 3313/3630/3337 3326/3636/3343 3327/3658/3354
f 3329/3660/3355 3330/3661/3356 3334/3662/3357 3333/3663/3358
f 3330/3661/3356 3329/3660/3355 3332/3664/3359 3331/3665/3360
f 3331/3666/3360 3332/3667/3359 3340/3668/3361 3339/3669/3362
f 3333/3663/3358 3334/3662/3357 3338/3670/3363 3337/3671/3364
f 3337/3672/3364 3338/3673/3363 3335/3674/3365 3336/3675/3366
f 3299/3611/3324 3330/3661/3356 3331/3665/3360 3307/3617/3328
f 3329/3660/3355 3300/3622/3331 3308/3627/3335 3332/3664/3359
f 3300/3622/3331 3329/3660/3355 3333/3663/3358 3302/3623/3332
f 3330/3661/3356 3299/3611/3324 3301/3610/3323 3334/3662/3357
f 3302/3623/3332 3333/3663/3358 3337/3671/3364 3304/3624/3333
f 3334/3662/3357 3301/3610/3323 3303/3612/3325 3338/3670/3363
f 3304/3625/3333 3337/3672/3364 3336/3675/3366 3306/3626/3334
f 3338/3673/3363 3303/3613/3325 3305/3616/3327 3335/3674/3365
f 3307/3619/3328 3331/3666/3360 3339/3669/3362 3309/3620/3329
f 3332/3667/3359 3308/3628/3335 3310/3629/3336 3340/3668/3361
f 3235/3565/3290 3346/3676/3367 3343/3677/3368 3272/3566/3291
f 3346/3678/3367 3235/3679/3290 3414/3680/3289 3415/3681/3369
f 3252/3682/3370 3245/3683/3371 3352/3684/3372 3349/3685/3373
f 3355/3686/3374 3352/3684/3372 3245/3683/3371 3246/3687/3375
f 3355/3686/3374 3246/3687/3375 3247/3688/3376 3358/3689/3377
f 3431/3690/3294 3238/3691/3293 3361/3692/3378 3442/3693/3379
f 3361/3694/3378 3238/3568/3293 3273/3571/3296 3364/3695/3380
f 3345/3696/3381 3344/3697/3382 3341/3698/3383 3342/3699/3384
f 3346/3676/3367 3345/3696/3381 3342/3699/3384 3343/3677/3368
f 3344/3700/3382 3345/3701/3381 3416/3702/3385 3417/3703/3386
f 3345/3701/3381 3346/3678/3367 3415/3681/3369 3416/3702/3385
f 3351/3704/3387 3350/3705/3388 3347/3706/3389 3348/3707/3390
f 3352/3684/3372 3351/3704/3387 3348/3707/3390 3349/3685/3373
f 3350/3705/3388 3351/3704/3387 3354/3708/3391 3353/3709/3392
f 3351/3704/3387 3352/3684/3372 3355/3686/3374 3354/3708/3391
f 3353/3709/3392 3354/3708/3391 3357/3710/3393 3356/3711/3394
f 3354/3708/3391 3355/3686/3374 3358/3689/3377 3357/3710/3393
f 3360/3712/3395 3359/3713/3396 3440/3714/3397 3441/3715/3398
f 3361/3692/3378 3360/3712/3395 3441/3715/3398 3442/3693/3379
f 3359/3716/3396 3360/3717/3395 3363/3718/3399 3362/3719/3400
f 3360/3717/3395 3361/3694/3378 3364/3695/3380 3363/3718/3399
f 3246/3687/3375 3245/3683/3371 3402/3720/3401 3397/3721/3402
f 3398/3722/3403 3247/3688/3376 3246/3687/3375 3397/3721/3402
f 3247/3723/3376 3398/3724/3403 3399/3725/3404 3274/3726/3405
f 3245/3683/3371 3252/3682/3370 3401/3727/3406 3402/3720/3401
f 3401/3728/3406 3252/3729/3370 3271/3730/3407 3400/3731/3408
f 3365/3732/3409 3366/3733/3410 3448/3734/3411 3443/3735/3412
f 3365/3732/3409 3443/3735/3412 3444/3736/3413 3367/3737/3414
f 3367/3738/3414 3444/3739/3413 3445/3740/3415 3368/3741/3416
f 3447/3742/3417 3448/3734/3411 3366/3733/3410 3369/3743/3418
f 3447/3744/3417 3369/3745/3418 3370/3746/3419 3446/3747/3420
f 3371/3748/3421 3372/3749/3422 3378/3750/3423 3377/3751/3424
f 3371/3748/3421 3377/3751/3424 3379/3752/3425 3373/3753/3426
f 3373/3754/3426 3379/3755/3425 3380/3756/3427 3374/3757/3428
f 3378/3750/3423 3372/3749/3422 3375/3758/3429 3381/3759/3430
f 3381/3760/3430 3375/3761/3429 3376/3762/3431 3382/3763/3432
f 3377/3751/3424 3378/3750/3423 3384/3764/3433 3383/3765/3434
f 3377/3751/3424 3383/3765/3434 3385/3766/3435 3379/3752/3425
f 3379/3755/3425 3385/3767/3435 3386/3768/3436 3380/3756/3427
f 3384/3764/3433 3378/3750/3423 3381/3759/3430 3387/3769/3437
f 3387/3770/3437 3381/3760/3430 3382/3763/3432 3388/3771/3438
f 3383/3765/3434 3384/3764/3433 3390/3772/3280 3389/3773/3279
f 3383/3765/3434 3389/3773/3279 3393/3774/3297 3385/3766/3435
f 3385/3767/3435 3393/3572/3297 3394/3575/3298 3386/3768/3436
f 3390/3772/3280 3384/3764/3433 3387/3769/3437 3395/3775/3303
f 3395/3580/3303 3387/3770/3437 3388/3771/3438 3396/3581/3304
f 3397/3721/3402 3365/3732/3409 3367/3737/3414 3398/3722/3403
f 3398/3724/3403 3367/3738/3414 3368/3741/3416 3399/3725/3404
f 3369/3745/3418 3401/3728/3406 3400/3731/3408 3370/3746/3419
f 3366/3733/3410 3402/3720/3401 3401/3727/3406 3369/3743/3418
f 3397/3721/3402 3402/3720/3401 3366/3733/3410 3365/3732/3409
f 3403/3776/3439 3239/3586/3264 3275/3589/3308 3404/3777/3440
f 3344/3697/3382 3403/3776/3439 3404/3777/3440 3341/3698/3383
f 3406/3778/3441 3359/3716/3396 3362/3719/3400 3405/3779/3442
f 3240/3583/3251 3406/3778/3441 3405/3779/3442 3276/3584/3305
f 3359/3713/3396 3406/3780/3441 3439/3781/3443 3440/3714/3397
f 3406/3780/3441 3240/3520/3251 3438/3523/3254 3439/3781/3443
f 3408/3782/3444 3353/3709/3392 3356/3711/3394 3407/3783/3445
f 3244/3525/3256 3408/3782/3444 3407/3783/3445 3248/3526/3257
f 3408/3782/3444 3409/3784/3446 3350/3705/3388 3353/3709/3392
f 3409/3784/3446 3408/3782/3444 3244/3525/3256 3243/3529/3260
f 3350/3705/3388 3409/3784/3446 3410/3785/3447 3347/3706/3389
f 3409/3784/3446 3243/3529/3260 3251/3531/3262 3410/3785/3447
f 3239/3533/3264 3403/3786/3439 3418/3787/3448 3419/3534/3265
f 3403/3786/3439 3344/3700/3382 3417/3703/3386 3418/3787/3448
f 3411/3553/3239 3250/3618/3249 3266/3621/3330 3412/3554/3283
f 3252/3729/3370 3414/3564/3289 3413/3567/3292 3271/3730/3407
f 3415/3681/3369 3414/3680/3289 3252/3682/3370 3349/3685/3373
f 3416/3702/3385 3415/3681/3369 3349/3685/3373 3348/3707/3390
f 3417/3703/3386 3416/3702/3385 3348/3707/3390 3347/3706/3389
f 3418/3787/3448 3417/3703/3386 3347/3706/3389 3410/3785/3447
f 3419/3534/3265 3418/3787/3448 3410/3785/3447 3251/3531/3262
f 3420/3535/3266 3419/3534/3265 3251/3531/3262 3260/3530/3261
f 3421/3537/3268 3420/3535/3266 3260/3530/3261 3257/3539/3270
f 3250/3518/3249 3411/3508/3239 3426/3511/3242 3427/3519/3250
f 3422/3562/3244 3253/3592/3273 3268/3593/3310 3423/3563/3288
f 3267/3591/3309 3258/3590/3267 3425/3556/3241 3424/3557/3285
f 3425/3510/3241 3258/3536/3267 3421/3537/3268 3426/3511/3242
f 3427/3519/3250 3426/3511/3242 3421/3537/3268 3257/3539/3270
f 3257/3539/3270 3256/3538/3269 3428/3506/3237 3427/3519/3250
f 3429/3507/3238 3428/3506/3237 3256/3538/3269 3255/3540/3271
f 3430/3517/3248 3429/3507/3238 3255/3540/3271 3254/3541/3272
f 3253/3542/3273 3422/3513/3244 3435/3512/3243 3436/3543/3274
f 3431/3569/3294 3247/3723/3376 3274/3726/3405 3432/3570/3295
f 3249/3614/3247 3434/3558/3246 3433/3561/3287 3269/3615/3326
f 3434/3515/3246 3249/3516/3247 3430/3517/3248 3435/3512/3243
f 3254/3541/3272 3436/3543/3274 3435/3512/3243 3430/3517/3248
f 3437/3522/3253 3436/3543/3274 3254/3541/3272 3263/3527/3258
f 3438/3523/3254 3437/3522/3253 3263/3527/3258 3248/3526/3257
f 3439/3781/3443 3438/3523/3254 3248/3526/3257 3407/3783/3445
f 3440/3714/3397 3439/3781/3443 3407/3783/3445 3356/3711/3394
f 3441/3715/3398 3440/3714/3397 3356/3711/3394 3357/3710/3393
f 3442/3693/3379 3441/3715/3398 3357/3710/3393 3358/3689/3377
f 3247/3688/3376 3431/3690/3294 3442/3693/3379 3358/3689/3377
f 3444/3736/3413 3443/3735/3412 3371/3748/3421 3373/3753/3426
f 3444/3739/3413 3373/3754/3426 3374/3757/3428 3445/3740/3415
f 3375/3761/3429 3447/3744/3417 3446/3747/3420 3376/3762/3431
f 3372/3749/3422 3448/3734/3411 3447/3742/3417 3375/3758/3429
f 3443/3735/3412 3448/3734/3411 3372/3749/3422 3371/3748/3421
s 149
f 3457/3788/3449 3449/3789/3450 3450/3790/3451 3458/3791/3452
f 3450/3792/3451 3451/3793/3453 3459/3794/3454 3458/3795/3452
f 3451/3793/3453 3452/3796/3455 3460/3797/3456 3459/3794/3454
f 3452/3796/3455 3453/3798/3457 3461/3799/3458 3460/3797/3456
f 3453/3798/3457 3454/3800/3459 3462/3801/3460 3461/3799/3458
f 3454/3800/3459 3455/3802/3461 3463/3803/3462 3462/3801/3460
f 3455/3802/3461 3456/3804/3463 3464/3805/3464 3463/3803/3462
f 3456/3804/3463 3449/3789/3450 3457/3788/3449 3464/3805/3464
f 3457/3806/3449 3458/3807/3452 3465/3808/3465
f 3458/3807/3452 3459/3809/3454 3465/3808/3465
f 3459/3809/3454 3460/3810/3456 3465/3808/3465
f 3460/3810/3456 3461/3811/3458 3465/3808/3465
f 3461/3811/3458 3462/3812/3460 3465/3808/3465
f 3462/3812/3460 3463/3813/3462 3465/3808/3465
f 3463/3813/3462 3464/3814/3464 3465/3808/3465
f 3464/3814/3464 3457/3806/3449 3465/3808/3465
s 150
f 3474/3815/3466 3466/3816/3467 3467/3817/3468 3475/3818/3469
f 3467/3817/3468 3468/3819/3470 3476/3820/3471 3475/3818/3469
f 3468/3819/3470 3469/3821/3472 3477/3822/3473 3476/3820/3471
f 3469/3821/3472 3470/3823/3474 3478/3824/3475 3477/3822/3473
f 3470/3823/3474 3471/3825/3476 3479/3826/3477 3478/3824/3475
f 3471/3825/3476 3472/3827/3478 3480/3828/3479 3479/3826/3477
f 3472/3827/3478 3473/3829/3480 3481/3830/3481 3480/3828/3479
f 3473/3829/3480 3466/3831/3467 3474/3832/3466 3481/3830/3481
f 3474/3833/3466 3475/3834/3469 3482/3835/3482
f 3475/3834/3469 3476/3836/3471 3482/3835/3482
f 3476/3836/3471 3477/3837/3473 3482/3835/3482
f 3477/3837/3473 3478/3838/3475 3482/3835/3482
f 3478/3838/3475 3479/3839/3477 3482/3835/3482
f 3479/3839/3477 3480/3840/3479 3482/3835/3482
f 3480/3840/3479 3481/3841/3481 3482/3835/3482
f 3481/3841/3481 3474/3833/3466 3482/3835/3482
