# This file uses centimeters as units for non-parametric coordinates.

mtllib PictureFrame3 lowpoly.mtl
g default
v 5.204895 64.257650 1.867373
v 5.270117 64.531103 2.313773
v 5.483733 65.353642 2.313773
v 5.558463 65.628394 1.867347
v 5.558463 65.628385 1.057416
v 5.483751 65.353628 1.057416
v 5.270134 64.531085 1.057416
v 5.204909 64.257641 1.057416
v 4.570731 64.410810 1.867373
v 4.596481 64.670546 2.313773
v 4.686431 65.448026 2.313773
v 4.719223 65.706714 1.867338
v 4.719237 65.706714 1.057416
v 4.686440 65.448017 1.057416
v 4.596495 64.670537 1.057416
v 4.570731 64.410801 1.057416
v 3.387084 64.339683 1.867338
v 3.343833 64.586820 2.313747
v 3.214111 65.328223 2.313720
v 3.170851 65.575352 1.867285
v 3.170851 65.575352 1.057416
v 3.214124 65.328214 1.057416
v 3.343842 64.586811 1.057416
v 3.387106 64.339674 1.057416
v 2.704819 64.025693 1.867338
v 2.575690 64.232930 2.313720
v 2.188260 64.854632 2.313702
v 2.059113 65.061865 1.867250
v 2.059126 65.061865 1.057416
v 2.188269 64.854619 1.057416
v 2.575729 64.232917 1.057416
v 2.704833 64.025684 1.057416
v 2.177098 63.431358 1.867329
v 1.986580 63.568914 2.313720
v 1.414998 63.981580 2.313694
v 1.224449 64.119131 1.867267
v 1.224462 64.119131 1.057416
v 1.415007 63.981567 1.057416
v 1.986593 63.568900 1.057416
v 2.177107 63.431354 1.057416
v 1.955773 62.736411 1.867338
v 1.728471 62.746905 2.313729
v 1.046578 62.778415 2.313702
v 0.819267 62.788910 1.867267
v 0.819280 62.788905 1.057416
v 1.046591 62.778407 1.057416
v 1.728475 62.746901 1.057416
v 1.955786 62.736402 1.057416
v 2.137848 62.001975 1.867338
v 1.942091 61.873720 2.313747
v 1.354834 61.488930 2.313729
v 1.159095 61.360667 1.867294
v 1.159104 61.360662 1.057416
v 1.354856 61.488926 1.057416
v 1.942100 61.873716 1.057416
v 2.137848 62.001975 1.057416
v 2.637931 61.462455 1.867347
v 2.533446 61.238849 2.313773
v 2.220000 60.568020 2.313773
v 2.115524 60.344409 1.867338
v 2.115537 60.344409 1.057416
v 2.220040 60.568020 1.057416
v 2.533446 61.238844 1.057416
v 2.637931 61.462455 1.057416
v 3.288156 61.354213 1.867373
v 3.322265 61.105334 2.313773
v 3.424522 60.358683 2.313808
v 3.458627 60.109809 1.867373
v 3.458627 60.109809 1.057416
v 3.424522 60.358683 1.057416
v 3.322274 61.105334 1.057416
v 3.288147 61.354213 1.057416
v 3.581559 61.454675 1.867373
v 3.697073 61.239879 2.313808
v 4.042427 60.596122 2.313817
v 4.157433 60.381622 1.867391
v 4.157433 60.381622 1.057416
v 4.042440 60.596122 1.057416
v 3.697104 61.239879 1.057416
v 3.581572 61.454675 1.057416
v 3.822463 61.651113 1.867373
v 4.006673 61.511674 2.313817
v 4.557686 61.099446 2.313826
v 4.741446 60.962960 1.867400
v 4.741454 60.962964 1.057416
v 4.557717 61.099446 1.057416
v 4.006673 61.511683 1.057416
v 3.822481 61.651113 1.057416
v 3.993575 61.923562 1.867382
v 4.210060 61.885298 2.313817
v 4.859550 61.777515 2.313826
v 5.076539 61.743017 1.867409
v 5.076544 61.743021 1.057416
v 4.859572 61.777524 1.057416
v 4.210073 61.885307 1.057416
v 3.993593 61.923567 1.057416
v 4.076642 62.237561 1.867382
v 4.277792 62.320721 2.313826
v 4.886839 62.575457 2.313844
v 5.090964 62.662313 1.867444
v 5.090964 62.662322 1.057416
v 4.886839 62.575484 1.057416
v 4.277801 62.320730 1.057416
v 4.076651 62.237570 1.057416
v 4.034200 62.507177 1.867382
v 4.161734 62.698279 2.313826
v 4.557991 63.248585 2.313844
v 4.691794 63.424802 1.867418
v 4.691794 63.424811 1.057416
v 4.558022 63.248611 1.057416
v 4.161734 62.698297 1.057416
v 4.034196 62.507186 1.057416
v 3.873092 62.674151 1.866569
v 3.894364 62.919003 2.305807
v 3.994141 63.587317 2.299778
v 4.025991 63.791366 1.864898
v 4.025991 63.791424 1.057257
v 3.994260 63.587436 1.066646
v 3.894271 62.919180 1.062809
v 3.873061 62.674169 1.057486
v 3.717315 62.702041 1.867391
v 3.620902 62.930046 2.313826
v 3.331681 63.614070 2.313870
v 3.235290 63.842084 1.867435
v 3.235290 63.842097 1.057416
v 3.331672 63.614096 1.057416
v 3.620902 62.930068 1.057416
v 3.717293 62.702054 1.057416
v 2.706579 61.810201 2.240383
v 2.793037 61.720759 1.832442
v 2.447187 62.078557 2.240453
v 2.360734 62.168012 1.832513
v 2.360738 62.168016 1.057416
v 2.447187 62.078570 1.057416
v 2.706565 61.810214 1.057416
v 2.793023 61.720763 1.057416
v 2.988493 61.956288 2.392256
v 3.304649 62.200601 2.425428
v 3.484063 62.565679 2.370383
v 3.683073 62.274893 1.877249
v 3.548285 61.908223 1.890652
v 3.202347 61.721183 1.855208
v 3.683303 62.274690 1.056514
v 3.545951 61.910062 1.067840
v 3.201760 61.721679 1.059821
v 3.484810 62.565131 1.019558
v 3.301192 62.203854 0.976439
v 2.987251 61.957274 0.935858
v 2.871542 63.398456 1.015747
v 2.598557 62.937344 0.950491
v 2.495115 62.466742 0.913702
v 2.635482 63.693030 1.058318
v 2.307059 63.210616 1.046117
v 2.253822 62.704437 1.054852
v 2.635336 63.693176 1.879318
v 2.309446 63.208724 1.866984
v 2.254494 62.703871 1.847472
v 2.871414 63.398571 2.377438
v 2.603119 62.933295 2.425994
v 2.496406 62.465734 2.408294
v 6.238517 64.092364 2.313773
v 6.111085 63.780646 1.867373
v 6.644079 65.032720 2.313773
v 6.783425 65.347736 1.867347
v 6.783425 65.347736 1.057416
v 6.644102 65.032703 1.057416
v 6.238557 64.092351 1.057416
v 6.111089 63.780642 1.057416
v 6.974633 63.159099 2.313773
v 6.743498 62.908960 1.867373
v 7.791518 63.905975 2.313773
v 8.028669 64.162501 1.867347
v 8.028665 64.162497 1.057416
v 7.791518 63.905948 1.057416
v 6.974638 63.159081 1.057416
v 6.743498 62.908955 1.057416
v 7.354340 62.053687 2.269125
v 6.929968 61.955152 1.867356
v 8.341766 62.442654 2.251257
v 8.721357 62.596800 1.867347
v 8.721357 62.596787 1.057416
v 8.341766 62.442623 1.057416
v 7.354340 62.053656 1.057416
v 6.929968 61.955134 1.057416
v 6.494544 60.038116 2.313773
v 6.357811 60.102484 1.867373
v 6.606222 59.988185 2.313773
v 6.742941 59.923799 1.867347
v 6.742933 59.923795 1.057416
v 6.606208 59.988176 1.057416
v 6.494531 60.038102 1.057416
v 6.357802 60.102484 1.057416
v 7.227102 61.171612 2.434464
v 8.066611 61.262808 2.498032
v 8.562185 61.212803 1.867356
v 8.562163 61.212789 1.057416
v 8.066598 61.262777 1.057416
v 7.227097 61.171590 1.057416
v 6.849053 61.148421 1.057416
v 6.849058 61.148430 1.867391
v 6.800055 60.368563 2.494230
v 7.296735 60.312727 2.611809
v 7.809187 60.155111 1.867356
v 7.809178 60.155102 1.057416
v 7.296713 60.312705 1.057416
v 6.800047 60.368546 1.057416
v 6.558952 60.393447 1.057416
v 6.558952 60.393456 1.867400
v 10.319293 63.663315 1.846119
v 10.196083 63.411894 2.276932
v 9.839633 62.643543 2.267295
v 9.723664 62.384727 1.835819
v 9.723681 62.384727 1.057416
v 9.839483 62.643442 1.057416
v 10.196101 63.411894 1.057416
v 10.319320 63.663315 1.057416
v 9.736147 64.011905 1.824609
v 9.589817 63.798448 2.239958
v 9.162019 63.150350 2.218669
v 9.022187 62.932853 1.801807
v 9.022187 62.932853 1.057416
v 9.162024 63.150350 1.057416
v 9.589614 63.798307 1.057416
v 9.736165 64.011901 1.057416
v 8.866034 64.923240 1.783347
v 8.671042 64.766932 2.167929
v 8.084426 64.296909 2.119108
v 7.888594 64.140014 1.731034
v 7.888603 64.140014 1.057416
v 8.084099 64.296657 1.057416
v 8.670768 64.766729 1.057416
v 8.866043 64.923240 1.057416
v 7.405464 66.014325 1.709992
v 7.242278 65.817220 2.052623
v 6.752989 65.226019 2.001653
v 6.590117 65.029104 1.655371
v 6.590126 65.029113 1.057416
v 6.752631 65.225776 1.057416
v 7.242300 65.817220 1.057416
v 7.405083 66.014082 1.057416
v 11.200016 63.021048 2.310608
v 11.298789 63.345696 1.865729
v 10.918292 62.026301 2.309963
v 10.826627 61.690580 1.864880
v 10.826627 61.690584 1.057416
v 10.918327 62.026301 1.057416
v 11.200042 63.021048 1.057416
v 11.298798 63.345696 1.057416
v 12.315657 63.152154 2.313773
v 12.300176 63.509474 1.867373
v 12.454835 61.989805 2.313773
v 12.470811 61.623241 1.867347
v 12.470829 61.623245 1.057416
v 12.454853 61.989814 1.057416
v 12.315675 63.152167 1.057416
v 12.300185 63.509479 1.057416
v 13.273793 63.676161 2.269125
v 13.023428 64.067923 1.867356
v 13.758042 62.647637 2.251257
v 13.941363 62.248851 1.867347
v 13.941363 62.248860 1.057416
v 13.758059 62.647663 1.057416
v 13.273802 63.676192 1.057416
v 13.023446 64.067936 1.057416
v 13.883471 65.800452 2.313773
v 13.743683 65.856236 1.867373
v 13.996002 65.752927 2.313773
v 14.135798 65.697148 1.867347
v 14.135798 65.697148 1.057416
v 13.996002 65.752936 1.057416
v 13.883471 65.800457 1.057416
v 13.743683 65.856245 1.057416
v 13.723066 64.418285 2.434464
v 14.282084 63.719311 2.498032
v 14.675923 63.382802 1.867356
v 14.675968 63.382820 1.057416
v 14.282102 63.719337 1.057416
v 13.723066 64.418316 1.057416
v 13.460315 64.719968 1.057416
v 13.460315 64.719959 1.867391
v 13.904089 65.328236 2.494230
v 14.302348 64.995159 2.611809
v 14.774750 64.724782 1.867356
v 14.774750 64.724791 1.057416
v 14.302348 64.995189 1.057416
v 13.904089 65.328267 1.057416
v 13.712112 65.491582 1.057416
v 13.712112 65.491568 1.867400
v 5.461378 65.940908 1.904117
v 5.463659 66.111105 1.604552
v 5.454557 65.430365 1.898105
v 5.452298 65.260204 1.598098
v 5.451812 65.259877 1.057416
v 5.454566 65.430379 1.057416
v 5.460874 65.940585 1.057416
v 5.463659 66.111105 1.057416
v 3.977338 65.765402 1.815440
v 4.047913 65.270336 1.814326
v 4.072540 65.106093 1.546112
v 4.071713 65.105518 1.057416
v 4.047922 65.270344 1.057416
v 3.976485 65.764827 1.057416
v 3.953825 65.930440 1.057416
v 3.953834 65.930440 1.546368
v 2.802695 65.180920 1.787732
v 2.874154 64.686438 1.787732
v 2.897955 64.521612 1.528173
v 2.897950 64.521621 1.057416
v 2.874154 64.686442 1.057416
v 2.802704 65.180929 1.057416
v 2.778913 65.345755 1.057416
v 2.778913 65.345746 1.528191
v 8.461502 63.116657 1.446569
v 8.294068 63.037860 1.646114
v 7.778619 62.782398 1.635699
v 7.619637 62.698805 1.443695
v 7.619867 62.698553 1.057416
v 7.778663 62.783831 1.057416
v 8.293891 63.038288 1.057416
v 8.461767 63.116922 1.057416
v 9.255271 61.487082 1.855853
v 9.383071 61.652660 1.589982
v 8.854912 60.978980 1.877700
v 8.766257 60.790035 1.640403
v 8.766624 60.789624 1.057416
v 8.853652 60.981155 1.057416
v 9.254281 61.488320 1.057416
v 9.383438 61.652846 1.057416
v 10.291789 60.444217 2.170077
v 10.364437 60.696509 1.761960
v 10.069910 59.697602 2.220578
v 10.092411 59.357443 1.827977
v 10.092818 59.357062 1.057416
v 10.067948 59.696930 1.057416
v 10.290206 60.444642 1.057416
v 10.364826 60.696553 1.057416
v 11.373798 59.830901 2.397110
v 11.373356 60.135992 1.851362
v 11.376548 58.973532 2.459016
v 11.528218 58.536093 1.864058
v 11.528519 58.535859 1.057416
v 11.375133 58.969664 1.057416
v 11.372498 59.829818 1.057416
v 11.373630 60.135970 1.057416
v 14.184195 60.455799 2.313773
v 14.030686 60.626341 1.867373
v 14.306840 60.317028 2.313773
v 14.460384 60.146495 1.867347
v 14.460384 60.146504 1.057416
v 14.306857 60.317037 1.057416
v 14.184195 60.455808 1.057416
v 14.030686 60.626341 1.057416
v 12.555050 59.627151 2.505618
v 12.780429 58.841423 2.617883
v 13.061755 58.399086 1.871962
v 13.061887 58.399028 1.057416
v 12.778669 58.836048 1.057416
v 12.553432 59.625290 1.057416
v 12.473110 59.935748 1.057416
v 12.473021 59.935757 1.868664
v 13.528569 59.864643 2.494230
v 13.840839 59.343120 2.611809
v 14.155205 58.998845 1.867356
v 14.155222 58.998845 1.057416
v 13.840848 59.343133 1.057416
v 13.528587 59.864652 1.057416
v 13.378994 60.117377 1.057416
v 13.378994 60.117377 1.867400
v 10.661359 62.106544 1.610263
v 10.493191 61.960616 1.905505
v 10.006855 61.513327 1.881802
v 9.848978 61.361569 1.585190
v 9.848987 61.361569 1.057416
v 10.005732 61.515498 1.057416
v 10.493217 61.960616 1.057416
v 10.661023 62.107304 1.057416
v 8.101503 65.093189 1.341872
v 7.977280 64.931449 1.492614
v 7.603506 64.444959 1.473464
v 7.478730 64.282551 1.321404
v 7.478735 64.282560 1.057416
v 7.603285 64.444694 1.057416
v 7.977103 64.931219 1.057416
v 8.101516 65.093189 1.057416
v 11.583033 61.507174 2.117508
v 11.644921 61.722877 1.737355
v 11.403884 60.842998 2.140875
v 11.360554 60.628573 1.768865
v 11.360713 60.628596 1.057416
v 11.403248 60.843807 1.057416
v 11.582812 61.507607 1.057416
v 11.644860 61.723279 1.057416
v 12.795582 61.467512 2.244184
v 12.714597 61.717170 1.827075
v 13.013783 60.730698 2.249648
v 13.122494 60.504616 1.852962
v 13.122715 60.504594 1.057416
v 13.011944 60.729526 1.057416
v 12.794628 61.467168 1.057416
v 12.714686 61.717311 1.057416
v 13.765636 61.755470 2.372611
v 13.575869 61.989531 1.860831
v 14.290572 61.110616 2.406499
v 14.637305 60.890697 1.868072
v 14.637464 60.890701 1.057416
v 14.291005 61.106947 1.057416
v 13.764743 61.753666 1.057416
v 13.575949 61.989575 1.057416
v 15.154434 63.989466 2.313773
v 14.937056 63.999580 1.867373
v 15.329640 63.979533 2.313773
v 15.546982 63.969428 1.867347
v 15.546982 63.969428 1.057416
v 15.329640 63.979542 1.057416
v 15.154417 63.989471 1.057416
v 14.937056 63.999585 1.057416
v 14.509603 62.293296 2.510542
v 15.187686 61.886991 2.615805
v 15.708873 61.774925 1.869725
v 15.708926 61.774938 1.057416
v 15.190524 61.879622 1.057416
v 14.508754 62.288942 1.057416
v 14.252369 62.464028 1.057416
v 14.252307 62.464001 1.867886
v 15.034955 63.063075 2.494230
v 15.584098 62.914132 2.611809
v 16.026165 62.897011 1.867356
v 16.026165 62.897015 1.057416
v 15.584098 62.914145 1.057416
v 15.034955 63.063092 1.057416
v 14.770100 63.136540 1.057416
v 14.770108 63.136536 1.867400
v 9.145424 63.281841 1.641340
v 8.720504 62.838036 1.622040
v 8.580796 62.687572 1.418348
v 8.580765 62.687568 1.057416
v 8.719903 62.839468 1.057416
v 9.145150 63.281575 1.057416
v 9.289792 63.427654 1.057416
v 9.289938 63.427061 1.438311
v -5.210343 64.257650 1.867373
v -5.275565 64.531103 2.313773
v -5.489181 65.353642 2.313773
v -5.563911 65.628394 1.867347
v -5.563911 65.628385 1.057416
v -5.489198 65.353628 1.057416
v -5.275582 64.531085 1.057416
v -5.210357 64.257641 1.057416
v -4.576179 64.410810 1.867373
v -4.601929 64.670546 2.313773
v -4.691879 65.448026 2.313773
v -4.724671 65.706714 1.867338
v -4.724684 65.706714 1.057416
v -4.691888 65.448017 1.057416
v -4.601942 64.670537 1.057416
v -4.576179 64.410801 1.057416
v -3.392532 64.339683 1.867338
v -3.349281 64.586820 2.313747
v -3.219558 65.328223 2.313720
v -3.176299 65.575352 1.867285
v -3.176299 65.575352 1.057416
v -3.219572 65.328214 1.057416
v -3.349289 64.586811 1.057416
v -3.392554 64.339674 1.057416
v -2.710267 64.025693 1.867338
v -2.581137 64.232930 2.313720
v -2.193708 64.854632 2.313702
v -2.064561 65.061865 1.867250
v -2.064574 65.061865 1.057416
v -2.193717 64.854619 1.057416
v -2.581177 64.232917 1.057416
v -2.710280 64.025684 1.057416
v -2.182546 63.431358 1.867329
v -1.992028 63.568914 2.313720
v -1.420446 63.981580 2.313694
v -1.229896 64.119131 1.867267
v -1.229910 64.119131 1.057416
v -1.420455 63.981567 1.057416
v -1.992041 63.568900 1.057416
v -2.182555 63.431354 1.057416
v -1.961221 62.736411 1.867338
v -1.733919 62.746905 2.313729
v -1.052025 62.778415 2.313702
v -0.824714 62.788910 1.867267
v -0.824728 62.788905 1.057416
v -1.052039 62.778407 1.057416
v -1.733923 62.746901 1.057416
v -1.961234 62.736402 1.057416
v -2.143296 62.001975 1.867338
v -1.947539 61.873720 2.313747
v -1.360282 61.488930 2.313729
v -1.164543 61.360667 1.867294
v -1.164551 61.360662 1.057416
v -1.360304 61.488926 1.057416
v -1.947548 61.873716 1.057416
v -2.143296 62.001975 1.057416
v -2.643379 61.462455 1.867347
v -2.538894 61.238849 2.313773
v -2.225448 60.568020 2.313773
v -2.120972 60.344409 1.867338
v -2.120985 60.344409 1.057416
v -2.225488 60.568020 1.057416
v -2.538894 61.238844 1.057416
v -2.643379 61.462455 1.057416
v -3.293603 61.354213 1.867373
v -3.327713 61.105334 2.313773
v -3.429970 60.358683 2.313808
v -3.464074 60.109809 1.867373
v -3.464074 60.109809 1.057416
v -3.429970 60.358683 1.057416
v -3.327721 61.105334 1.057416
v -3.293594 61.354213 1.057416
v -3.587006 61.454675 1.867373
v -3.702521 61.239879 2.313808
v -4.047875 60.596122 2.313817
v -4.162881 60.381622 1.867391
v -4.162881 60.381622 1.057416
v -4.047888 60.596122 1.057416
v -3.702552 61.239879 1.057416
v -3.587020 61.454675 1.057416
v -3.827911 61.651113 1.867373
v -4.012121 61.511674 2.313817
v -4.563134 61.099446 2.313826
v -4.746893 60.962960 1.867400
v -4.746902 60.962964 1.057416
v -4.563165 61.099446 1.057416
v -4.012121 61.511683 1.057416
v -3.827928 61.651113 1.057416
v -3.999023 61.923562 1.867382
v -4.215508 61.885298 2.313817
v -4.864998 61.777515 2.313826
v -5.081987 61.743017 1.867409
v -5.081992 61.743021 1.057416
v -4.865020 61.777524 1.057416
v -4.215521 61.885307 1.057416
v -3.999041 61.923567 1.057416
v -4.082090 62.237561 1.867382
v -4.283240 62.320721 2.313826
v -4.892286 62.575457 2.313844
v -5.096411 62.662313 1.867444
v -5.096411 62.662322 1.057416
v -4.892286 62.575484 1.057416
v -4.283249 62.320730 1.057416
v -4.082099 62.237570 1.057416
v -4.039648 62.507177 1.867382
v -4.167182 62.698279 2.313826
v -4.563439 63.248585 2.313844
v -4.697241 63.424802 1.867418
v -4.697241 63.424811 1.057416
v -4.563470 63.248611 1.057416
v -4.167182 62.698297 1.057416
v -4.039644 62.507186 1.057416
v -3.878540 62.674151 1.866569
v -3.899812 62.919003 2.305807
v -3.999589 63.587317 2.299778
v -4.031439 63.791366 1.864898
v -4.031439 63.791424 1.057257
v -3.999708 63.587436 1.066646
v -3.899719 62.919180 1.062809
v -3.878509 62.674169 1.057486
v -3.722763 62.702041 1.867391
v -3.626350 62.930046 2.313826
v -3.337128 63.614070 2.313870
v -3.240737 63.842084 1.867435
v -3.240737 63.842097 1.057416
v -3.337120 63.614096 1.057416
v -3.626350 62.930068 1.057416
v -3.722741 62.702054 1.057416
v -2.712026 61.810201 2.240383
v -2.798484 61.720759 1.832442
v -2.452635 62.078557 2.240453
v -2.366182 62.168012 1.832513
v -2.366186 62.168016 1.057416
v -2.452635 62.078570 1.057416
v -2.712013 61.810214 1.057416
v -2.798471 61.720763 1.057416
v -2.993941 61.956288 2.392256
v -3.310096 62.200601 2.425428
v -3.489510 62.565679 2.370383
v -3.688521 62.274893 1.877249
v -3.553733 61.908223 1.890652
v -3.207795 61.721183 1.855208
v -3.688751 62.274690 1.056514
v -3.551399 61.910062 1.067840
v -3.207207 61.721679 1.059821
v -3.490258 62.565131 1.019558
v -3.306640 62.203854 0.976439
v -2.992698 61.957274 0.935858
v -2.876989 63.398456 1.015747
v -2.604005 62.937344 0.950491
v -2.500563 62.466742 0.913702
v -2.640930 63.693030 1.058318
v -2.312507 63.210616 1.046117
v -2.259270 62.704437 1.054852
v -2.640784 63.693176 1.879318
v -2.314894 63.208724 1.866984
v -2.259942 62.703871 1.847472
v -2.876861 63.398571 2.377438
v -2.608567 62.933295 2.425994
v -2.501854 62.465734 2.408294
v -6.243965 64.092364 2.313773
v -6.116533 63.780646 1.867373
v -6.649527 65.032720 2.313773
v -6.788873 65.347736 1.867347
v -6.788873 65.347736 1.057416
v -6.649549 65.032703 1.057416
v -6.244005 64.092351 1.057416
v -6.116537 63.780642 1.057416
v -6.980081 63.159099 2.313773
v -6.748946 62.908960 1.867373
v -7.796966 63.905975 2.313773
v -8.034117 64.162501 1.867347
v -8.034112 64.162497 1.057416
v -7.796966 63.905948 1.057416
v -6.980085 63.159081 1.057416
v -6.748946 62.908955 1.057416
v -7.359787 62.053687 2.269125
v -6.935415 61.955152 1.867356
v -8.347214 62.442654 2.251257
v -8.726805 62.596800 1.867347
v -8.726805 62.596787 1.057416
v -8.347214 62.442623 1.057416
v -7.359787 62.053656 1.057416
v -6.935415 61.955134 1.057416
v -6.499992 60.038116 2.313773
v -6.363259 60.102484 1.867373
v -6.611669 59.988185 2.313773
v -6.748389 59.923799 1.867347
v -6.748380 59.923795 1.057416
v -6.611656 59.988176 1.057416
v -6.499979 60.038102 1.057416
v -6.363250 60.102484 1.057416
v -7.232550 61.171612 2.434464
v -8.072059 61.262808 2.498032
v -8.567633 61.212803 1.867356
v -8.567611 61.212789 1.057416
v -8.072046 61.262777 1.057416
v -7.232545 61.171590 1.057416
v -6.854501 61.148421 1.057416
v -6.854505 61.148430 1.867391
v -6.805503 60.368563 2.494230
v -7.302183 60.312727 2.611809
v -7.814635 60.155111 1.867356
v -7.814626 60.155102 1.057416
v -7.302161 60.312705 1.057416
v -6.805494 60.368546 1.057416
v -6.564400 60.393447 1.057416
v -6.564400 60.393456 1.867400
v -10.324741 63.663315 1.846119
v -10.201531 63.411894 2.276932
v -9.845081 62.643543 2.267295
v -9.729111 62.384727 1.835819
v -9.729129 62.384727 1.057416
v -9.844931 62.643442 1.057416
v -10.201548 63.411894 1.057416
v -10.324768 63.663315 1.057416
v -9.741595 64.011905 1.824609
v -9.595265 63.798448 2.239958
v -9.167467 63.150350 2.218669
v -9.027635 62.932853 1.801807
v -9.027635 62.932853 1.057416
v -9.167471 63.150350 1.057416
v -9.595062 63.798307 1.057416
v -9.741613 64.011901 1.057416
v -8.871482 64.923240 1.783347
v -8.676490 64.766932 2.167929
v -8.089874 64.296909 2.119108
v -7.894042 64.140014 1.731034
v -7.894051 64.140014 1.057416
v -8.089547 64.296657 1.057416
v -8.676216 64.766729 1.057416
v -8.871491 64.923240 1.057416
v -7.410911 66.014325 1.709992
v -7.247725 65.817220 2.052623
v -6.758437 65.226019 2.001653
v -6.595565 65.029104 1.655371
v -6.595574 65.029113 1.057416
v -6.758079 65.225776 1.057416
v -7.247748 65.817220 1.057416
v -7.410531 66.014082 1.057416
v -11.205464 63.021048 2.310608
v -11.304237 63.345696 1.865729
v -10.923740 62.026301 2.309963
v -10.832074 61.690580 1.864880
v -10.832074 61.690584 1.057416
v -10.923775 62.026301 1.057416
v -11.205490 63.021048 1.057416
v -11.304246 63.345696 1.057416
v -12.321105 63.152154 2.313773
v -12.305624 63.509474 1.867373
v -12.460283 61.989805 2.313773
v -12.476259 61.623241 1.867347
v -12.476276 61.623245 1.057416
v -12.460300 61.989814 1.057416
v -12.321123 63.152167 1.057416
v -12.305633 63.509479 1.057416
v -13.279241 63.676161 2.269125
v -13.028876 64.067923 1.867356
v -13.763489 62.647637 2.251257
v -13.946811 62.248851 1.867347
v -13.946811 62.248860 1.057416
v -13.763507 62.647663 1.057416
v -13.279249 63.676192 1.057416
v -13.028894 64.067936 1.057416
v -13.888919 65.800452 2.313773
v -13.749131 65.856236 1.867373
v -14.001449 65.752927 2.313773
v -14.141246 65.697148 1.867347
v -14.141246 65.697148 1.057416
v -14.001449 65.752936 1.057416
v -13.888919 65.800457 1.057416
v -13.749131 65.856245 1.057416
v -13.728514 64.418285 2.434464
v -14.287532 63.719311 2.498032
v -14.681371 63.382802 1.867356
v -14.681415 63.382820 1.057416
v -14.287550 63.719337 1.057416
v -13.728514 64.418316 1.057416
v -13.465763 64.719968 1.057416
v -13.465763 64.719959 1.867391
v -13.909537 65.328236 2.494230
v -14.307796 64.995159 2.611809
v -14.780198 64.724782 1.867356
v -14.780198 64.724791 1.057416
v -14.307796 64.995189 1.057416
v -13.909537 65.328267 1.057416
v -13.717559 65.491582 1.057416
v -13.717559 65.491568 1.867400
v -5.466826 65.940908 1.904117
v -5.469107 66.111105 1.604552
v -5.460005 65.430365 1.898105
v -5.457746 65.260204 1.598098
v -5.457260 65.259877 1.057416
v -5.460014 65.430379 1.057416
v -5.466322 65.940585 1.057416
v -5.469107 66.111105 1.057416
v -3.982786 65.765402 1.815440
v -4.053361 65.270336 1.814326
v -4.077988 65.106093 1.546112
v -4.077161 65.105518 1.057416
v -4.053370 65.270344 1.057416
v -3.981933 65.764827 1.057416
v -3.959273 65.930440 1.057416
v -3.959282 65.930440 1.546368
v -2.808143 65.180920 1.787732
v -2.879602 64.686438 1.787732
v -2.903403 64.521612 1.528173
v -2.903398 64.521621 1.057416
v -2.879602 64.686442 1.057416
v -2.808152 65.180929 1.057416
v -2.784361 65.345755 1.057416
v -2.784361 65.345746 1.528191
v -8.466950 63.116657 1.446569
v -8.299516 63.037860 1.646114
v -7.784066 62.782398 1.635699
v -7.625084 62.698805 1.443695
v -7.625314 62.698553 1.057416
v -7.784111 62.783831 1.057416
v -8.299339 63.038288 1.057416
v -8.467215 63.116922 1.057416
v -9.260719 61.487082 1.855853
v -9.388518 61.652660 1.589982
v -8.860360 60.978980 1.877700
v -8.771705 60.790035 1.640403
v -8.772072 60.789624 1.057416
v -8.859100 60.981155 1.057416
v -9.259729 61.488320 1.057416
v -9.388885 61.652846 1.057416
v -10.297236 60.444217 2.170077
v -10.369884 60.696509 1.761960
v -10.075358 59.697602 2.220578
v -10.097859 59.357443 1.827977
v -10.098266 59.357062 1.057416
v -10.073396 59.696930 1.057416
v -10.295654 60.444642 1.057416
v -10.370273 60.696553 1.057416
v -11.379246 59.830901 2.397110
v -11.378804 60.135992 1.851362
v -11.381995 58.973532 2.459016
v -11.533666 58.536093 1.864058
v -11.533966 58.535859 1.057416
v -11.380581 58.969664 1.057416
v -11.377946 59.829818 1.057416
v -11.379078 60.135970 1.057416
v -14.189643 60.455799 2.313773
v -14.036133 60.626341 1.867373
v -14.312287 60.317028 2.313773
v -14.465832 60.146495 1.867347
v -14.465832 60.146504 1.057416
v -14.312305 60.317037 1.057416
v -14.189643 60.455808 1.057416
v -14.036133 60.626341 1.057416
v -12.560497 59.627151 2.505618
v -12.785877 58.841423 2.617883
v -13.067203 58.399086 1.871962
v -13.067335 58.399028 1.057416
v -12.784117 58.836048 1.057416
v -12.558879 59.625290 1.057416
v -12.478557 59.935748 1.057416
v -12.478469 59.935757 1.868664
v -13.534017 59.864643 2.494230
v -13.846287 59.343120 2.611809
v -14.160653 58.998845 1.867356
v -14.160670 58.998845 1.057416
v -13.846296 59.343133 1.057416
v -13.534034 59.864652 1.057416
v -13.384442 60.117377 1.057416
v -13.384442 60.117377 1.867400
v -10.666806 62.106544 1.610263
v -10.498638 61.960616 1.905505
v -10.012303 61.513327 1.881802
v -9.854426 61.361569 1.585190
v -9.854435 61.361569 1.057416
v -10.011180 61.515498 1.057416
v -10.498665 61.960616 1.057416
v -10.666470 62.107304 1.057416
v -8.106951 65.093189 1.341872
v -7.982728 64.931449 1.492614
v -7.608954 64.444959 1.473464
v -7.484178 64.282551 1.321404
v -7.484183 64.282560 1.057416
v -7.608733 64.444694 1.057416
v -7.982551 64.931219 1.057416
v -8.106964 65.093189 1.057416
v -11.588481 61.507174 2.117508
v -11.650369 61.722877 1.737355
v -11.409332 60.842998 2.140875
v -11.366002 60.628573 1.768865
v -11.366161 60.628596 1.057416
v -11.408696 60.843807 1.057416
v -11.588260 61.507607 1.057416
v -11.650307 61.723279 1.057416
v -12.801030 61.467512 2.244184
v -12.720045 61.717170 1.827075
v -13.019230 60.730698 2.249648
v -13.127942 60.504616 1.852962
v -13.128163 60.504594 1.057416
v -13.017391 60.729526 1.057416
v -12.800075 61.467168 1.057416
v -12.720134 61.717311 1.057416
v -13.771084 61.755470 2.372611
v -13.581317 61.989531 1.860831
v -14.296020 61.110616 2.406499
v -14.642753 60.890697 1.868072
v -14.642912 60.890701 1.057416
v -14.296453 61.106947 1.057416
v -13.770191 61.753666 1.057416
v -13.581396 61.989575 1.057416
v -15.159882 63.989466 2.313773
v -14.942504 63.999580 1.867373
v -15.335088 63.979533 2.313773
v -15.552430 63.969428 1.867347
v -15.552430 63.969428 1.057416
v -15.335088 63.979542 1.057416
v -15.159864 63.989471 1.057416
v -14.942504 63.999585 1.057416
v -14.515051 62.293296 2.510542
v -15.193134 61.886991 2.615805
v -15.714321 61.774925 1.869725
v -15.714374 61.774938 1.057416
v -15.195972 61.879622 1.057416
v -14.514202 62.288942 1.057416
v -14.257817 62.464028 1.057416
v -14.257755 62.464001 1.867886
v -15.040402 63.063075 2.494230
v -15.589545 62.914132 2.611809
v -16.031613 62.897011 1.867356
v -16.031613 62.897015 1.057416
v -15.589545 62.914145 1.057416
v -15.040402 63.063092 1.057416
v -14.775547 63.136540 1.057416
v -14.775556 63.136536 1.867400
v -9.150872 63.281841 1.641340
v -8.725952 62.838036 1.622040
v -8.586244 62.687572 1.418348
v -8.586213 62.687568 1.057416
v -8.725351 62.839468 1.057416
v -9.150598 63.281575 1.057416
v -9.295240 63.427654 1.057416
v -9.295386 63.427061 1.438311
vt 0.873362 0.630477
vt 0.878168 0.627223
vt 0.869474 0.624555
vt 0.874739 0.621781
vt 0.867104 0.620959
vt 0.872599 0.618139
vt 0.863626 0.615345
vt 0.869641 0.612421
vt 0.720546 0.741215
vt 0.730566 0.740031
vt 0.731928 0.748083
vt 0.722940 0.750441
vt 0.733871 0.739573
vt 0.883567 0.636387
vt 0.887585 0.622434
vt 0.884757 0.617134
vt 0.883026 0.613422
vt 0.880622 0.607465
vt 0.738256 0.761577
vt 0.730614 0.766209
vt 0.891798 0.632068
vt 0.894467 0.620070
vt 0.892543 0.614591
vt 0.891360 0.610726
vt 0.889727 0.604534
vt 0.745482 0.768547
vt 0.740276 0.775514
vt 0.897236 0.630136
vt 0.902047 0.618708
vt 0.900798 0.613271
vt 0.900140 0.609291
vt 0.899389 0.602911
vt 0.755367 0.772200
vt 0.753267 0.780302
vt 0.903226 0.628965
vt 0.909583 0.618355
vt 0.909711 0.613159
vt 0.909843 0.609150
vt 0.910073 0.602713
vt 0.765572 0.771511
vt 0.768164 0.779189
vt 0.908716 0.628777
vt 0.917359 0.619839
vt 0.918870 0.614523
vt 0.919812 0.610568
vt 0.921126 0.604255
vt 0.774309 0.765383
vt 0.781098 0.770219
vt 0.914350 0.629759
vt 0.924603 0.622424
vt 0.927071 0.617077
vt 0.928755 0.613337
vt 0.931245 0.607415
vt 0.778782 0.756104
vt 0.787553 0.756678
vt 0.919541 0.631802
vt 0.930512 0.626292
vt 0.934186 0.621190
vt 0.936576 0.617845
vt 0.940270 0.612562
vt 0.776857 0.746803
vt 0.784674 0.742453
vt 0.923681 0.634682
vt 0.933263 0.628598
vt 0.937372 0.624127
vt 0.940183 0.621109
vt 0.944649 0.616448
vt 0.773752 0.743238
vt 0.779384 0.736642
vt 0.925436 0.636288
vt 0.935838 0.631283
vt 0.940338 0.627842
vt 0.943613 0.625281
vt 0.948748 0.621255
vt 0.769411 0.740986
vt 0.771594 0.733113
vt 0.927010 0.638090
vt 0.938042 0.634431
vt 0.943106 0.631929
vt 0.946752 0.629875
vt 0.952392 0.626577
vt 0.764401 0.740347
vt 0.762793 0.732698
vt 0.928392 0.640158
vt 0.940157 0.637810
vt 0.945771 0.636467
vt 0.949769 0.635114
vt 0.955839 0.632771
vt 0.759293 0.741475
vt 0.753849 0.735838
vt 0.929477 0.642436
vt 0.941737 0.641024
vt 0.947750 0.640834
vt 0.951863 0.640357
vt 0.958404 0.639293
vt 0.755618 0.744386
vt 0.747820 0.742381
vt 0.930112 0.644492
vt 0.942557 0.643983
vt 0.948809 0.644799
vt 0.952942 0.645252
vt 0.959069 0.645764
vt 0.754327 0.748297
vt 0.746503 0.750087
vt 0.930440 0.646355
vt 0.942567 0.646217
vt 0.948951 0.648809
vt 0.952818 0.650566
vt 0.958615 0.652873
vt 0.755385 0.751366
vt 0.749066 0.757552
vt 0.930580 0.647666
vt 0.940841 0.648283
vt 0.940015 0.650884
vt 0.940105 0.653706
vt 0.948099 0.651447
vt 0.951533 0.654439
vt 0.751184 0.765644
vt 0.760029 0.751299
vt 0.753450 0.761743
vt 0.762423 0.747796
vt 0.940078 0.655975
vt 0.933035 0.659123
vt 0.772594 0.755419
vt 0.768881 0.754341
vt 0.937183 0.662870
vt 0.765354 0.761776
vt 0.940509 0.664126
vt 0.947272 0.664465
vt 0.941748 0.664371
vt 0.946231 0.658939
vt 0.942480 0.659354
vt 0.943942 0.655293
vt 0.942114 0.656868
vt 0.767128 0.747747
vt 0.764837 0.751809
vt 0.759761 0.762750
vt 0.952096 0.662603
vt 0.949193 0.657366
vt 0.946029 0.653637
vt 0.866340 0.636028
vt 0.861905 0.629051
vt 0.859172 0.625511
vt 0.854895 0.620705
vt 0.719093 0.726996
vt 0.731242 0.727427
vt 0.735240 0.727493
vt 0.860027 0.643663
vt 0.853717 0.637267
vt 0.850307 0.634236
vt 0.844946 0.630588
vt 0.726608 0.709446
vt 0.738391 0.715261
vt 0.742154 0.716739
vt 0.854919 0.651515
vt 0.847550 0.646647
vt 0.843534 0.644647
vt 0.837326 0.642866
vt 0.740420 0.697050
vt 0.748981 0.706295
vt 0.751900 0.710564
vt 0.852285 0.657593
vt 0.846834 0.654611
vt 0.840751 0.654247
vt 0.753073 0.689309
vt 0.754657 0.695006
vt 0.759286 0.703898
vt 0.761172 0.707980
vt 0.847063 0.672748
vt 0.774982 0.707113
vt 0.848638 0.672919
vt 0.850589 0.662984
vt 0.847983 0.661570
vt 0.842187 0.663173
vt 0.768019 0.693077
vt 0.768486 0.699425
vt 0.770010 0.705159
vt 0.770774 0.707933
vt 0.850238 0.665602
vt 0.849559 0.665496
vt 0.848083 0.667829
vt 0.851511 0.672713
vt 0.853196 0.666097
vt 0.850972 0.667439
vt 0.856593 0.660878
vt 0.859132 0.654602
vt 0.863113 0.647309
vt 0.868938 0.639926
vt 0.875658 0.634089
vt 0.880333 0.630838
vt 0.889390 0.626119
vt 0.895705 0.623950
vt 0.902732 0.622648
vt 0.909361 0.622425
vt 0.916221 0.623702
vt 0.922713 0.626187
vt 0.927974 0.629714
vt 0.930250 0.631736
vt 0.932304 0.633965
vt 0.934129 0.636510
vt 0.935710 0.639249
vt 0.936739 0.641682
vt 0.937240 0.643823
vt 0.937294 0.645295
vt 0.936300 0.649103
vt 0.936282 0.652252
vt 0.936813 0.655124
vt 0.938559 0.657558
vt 0.804580 0.718432
vt 0.803435 0.712162
vt 0.798075 0.719826
vt 0.796214 0.713373
vt 0.794064 0.721031
vt 0.791827 0.714370
vt 0.788160 0.723148
vt 0.785503 0.716184
vt 0.899156 0.724451
vt 0.906147 0.731979
vt 0.899631 0.738790
vt 0.893225 0.732856
vt 0.814552 0.710825
vt 0.897416 0.741023
vt 0.807919 0.729265
vt 0.802191 0.732249
vt 0.798637 0.733980
vt 0.793259 0.735809
vt 0.916532 0.748015
vt 0.908502 0.752355
vt 0.905829 0.753801
vt 0.810963 0.743377
vt 0.805296 0.746099
vt 0.801908 0.747419
vt 0.796957 0.748433
vt 0.930418 0.762008
vt 0.923283 0.768009
vt 0.920910 0.770007
vt 0.802423 0.702663
vt 0.793471 0.704144
vt 0.788757 0.704749
vt 0.782124 0.705614
vt 0.882082 0.726005
vt 0.887610 0.714734
vt 0.814321 0.701913
vt 0.803197 0.692735
vt 0.792975 0.692610
vt 0.788025 0.692379
vt 0.781268 0.691456
vt 0.868470 0.725146
vt 0.869334 0.710958
vt 0.815464 0.692938
vt 0.804956 0.683538
vt 0.795023 0.682009
vt 0.790258 0.680699
vt 0.784180 0.677706
vt 0.855886 0.729323
vt 0.852336 0.715984
vt 0.817920 0.684556
vt 0.807392 0.677090
vt 0.800527 0.675861
vt 0.795053 0.672023
vt 0.839773 0.722771
vt 0.848906 0.737212
vt 0.843747 0.727647
vt 0.851389 0.741387
vt 0.813105 0.660495
vt 0.842745 0.752562
vt 0.815509 0.662359
vt 0.806772 0.671194
vt 0.810062 0.671606
vt 0.802685 0.665899
vt 0.835677 0.738587
vt 0.844766 0.747689
vt 0.840732 0.742844
vt 0.846704 0.750057
vt 0.811057 0.668952
vt 0.811716 0.669266
vt 0.811105 0.666084
vt 0.845534 0.754344
vt 0.810004 0.757823
vt 0.805666 0.757606
vt 0.802738 0.757674
vt 0.798176 0.757888
vt 0.945479 0.767273
vt 0.944295 0.773354
vt 0.943891 0.775385
vt 0.808750 0.770095
vt 0.804576 0.769957
vt 0.801895 0.769809
vt 0.962704 0.766398
vt 0.962630 0.768419
vt 0.962409 0.774481
vt 0.962320 0.776509
vt 0.806151 0.780620
vt 0.802045 0.780919
vt 0.799497 0.780830
vt 0.795606 0.780095
vt 0.977921 0.763995
vt 0.977700 0.770057
vt 0.977626 0.772078
vt 0.811389 0.770461
vt 0.808738 0.780918
vt 0.812932 0.758192
vt 0.814403 0.742624
vt 0.811596 0.728093
vt 0.808770 0.717621
vt 0.807832 0.711501
vt 0.807360 0.701938
vt 0.808442 0.692311
vt 0.810744 0.683978
vt 0.813260 0.677290
vt 0.814427 0.670704
vt 0.813452 0.667982
vt 0.708043 0.756106
vt 0.713518 0.769576
vt 0.707411 0.772848
vt 0.699824 0.757322
vt 0.705202 0.756437
vt 0.711481 0.770469
vt 0.697219 0.757922
vt 0.705583 0.774043
vt 0.653116 0.794122
vt 0.663466 0.771154
vt 0.647071 0.790801
vt 0.655722 0.770697
vt 0.645143 0.789689
vt 0.653215 0.770557
vt 0.705152 0.744548
vt 0.694530 0.744046
vt 0.701090 0.744369
vt 0.690065 0.744094
vt 0.667757 0.750378
vt 0.658871 0.753330
vt 0.655880 0.754328
vt 0.704051 0.734371
vt 0.691548 0.733098
vt 0.698772 0.734140
vt 0.685100 0.732004
vt 0.665929 0.732517
vt 0.657483 0.738455
vt 0.654462 0.740548
vt 0.703768 0.724449
vt 0.691216 0.723269
vt 0.697833 0.724697
vt 0.684484 0.720034
vt 0.657597 0.717788
vt 0.651379 0.725429
vt 0.710549 0.722834
vt 0.697879 0.711701
vt 0.698975 0.712043
vt 0.701008 0.710529
vt 0.693201 0.716105
vt 0.697804 0.717445
vt 0.688481 0.711539
vt 0.645306 0.710821
vt 0.642321 0.717478
vt 0.708820 0.713282
vt 0.703273 0.716654
vt 0.696561 0.708869
vt 0.699280 0.703551
vt 0.631998 0.715090
vt 0.703376 0.705740
vt 0.702865 0.775736
vt 0.665949 0.770694
vt 0.670930 0.747798
vt 0.669143 0.728026
vt 0.678069 0.717713
vt 0.685305 0.706930
vt 0.633143 0.710247
vt 0.859688 0.692551
vt 0.876515 0.692559
vt 0.859917 0.687217
vt 0.875564 0.686891
vt 0.859804 0.684718
vt 0.875038 0.683757
vt 0.950504 0.700959
vt 0.874696 0.679258
vt 0.942627 0.679992
vt 0.948119 0.701713
vt 0.940966 0.703783
vt 0.934801 0.681717
vt 0.875421 0.700455
vt 0.938559 0.704442
vt 0.887145 0.694156
vt 0.888128 0.688466
vt 0.888587 0.684765
vt 0.889149 0.678715
vt 0.926090 0.670345
vt 0.932004 0.664453
vt 0.883923 0.703300
vt 0.897442 0.697421
vt 0.900727 0.691276
vt 0.902535 0.687442
vt 0.904530 0.680874
vt 0.913592 0.662571
vt 0.915780 0.653496
vt 0.892345 0.707376
vt 0.905494 0.701052
vt 0.910345 0.695202
vt 0.914729 0.690853
vt 0.918431 0.685122
vt 0.901653 0.659700
vt 0.900041 0.649708
vt 0.899319 0.711833
vt 0.911964 0.704854
vt 0.917043 0.700496
vt 0.923976 0.697120
vt 0.881079 0.648133
vt 0.890583 0.660817
vt 0.885895 0.652378
vt 0.892217 0.664213
vt 0.930540 0.717260
vt 0.871697 0.673617
vt 0.926861 0.719911
vt 0.921438 0.706179
vt 0.917627 0.708978
vt 0.928127 0.705162
vt 0.870938 0.658009
vt 0.880354 0.665767
vt 0.875483 0.660870
vt 0.882694 0.668145
vt 0.922593 0.712766
vt 0.921687 0.713417
vt 0.925673 0.713430
vt 0.875704 0.676209
vt 0.842198 0.693978
vt 0.843291 0.688875
vt 0.843492 0.686700
vt 0.843109 0.684465
vt 0.950127 0.725365
vt 0.943245 0.728214
vt 0.940954 0.729163
vt 0.859469 0.695023
vt 0.841750 0.696092
vt 0.876443 0.695782
vt 0.886003 0.697817
vt 0.895223 0.701287
vt 0.902443 0.705502
vt 0.908640 0.709927
vt 0.914902 0.713966
vt 0.921780 0.715987
vt 0.855105 0.671405
vt 0.774859 0.708903
vt 0.837824 0.667149
vt 0.775175 0.703873
vt 0.860603 0.665454
vt 0.834491 0.655182
vt 0.849862 0.672890
vt 0.864122 0.658817
vt 0.775053 0.705663
vt 0.737078 0.693516
vt 0.868091 0.651614
vt 0.722747 0.707929
vt 0.873392 0.644750
vt 0.715007 0.726814
vt 0.879442 0.639350
vt 0.717185 0.741573
vt 0.769534 0.762305
vt 0.763932 0.765843
vt 0.936127 0.662108
vt 0.770768 0.750784
vt 0.757497 0.749305
vt 0.930653 0.651461
vt 0.746962 0.759609
vt 0.956456 0.658560
vt 0.757964 0.767266
vt 0.931203 0.655368
vt 0.772012 0.756818
vt 0.770198 0.760942
vt 0.757131 0.747471
vt 0.744107 0.750619
vt 0.758282 0.744973
vt 0.745294 0.741662
vt 0.761080 0.743341
vt 0.752008 0.733955
vt 0.764912 0.742906
vt 0.762239 0.730150
vt 0.768663 0.743624
vt 0.772312 0.730492
vt 0.771875 0.745442
vt 0.781260 0.734445
vt 0.774251 0.748254
vt 0.787280 0.741002
vt 0.775858 0.755913
vt 0.790477 0.756870
vt 0.772047 0.763770
vt 0.783360 0.771831
vt 0.764708 0.768951
vt 0.769028 0.781748
vt 0.756067 0.769500
vt 0.752568 0.783003
vt 0.747218 0.766226
vt 0.738541 0.777836
vt 0.740803 0.760033
vt 0.728067 0.767753
vt 0.734912 0.747248
vt 0.719938 0.751193
vt 0.815403 0.771332
vt 0.812578 0.781945
vt 0.797766 0.769351
vt 0.977995 0.761975
vt 0.817521 0.758839
vt 0.945883 0.765243
vt 0.819809 0.742626
vt 0.932786 0.760012
vt 0.819102 0.667281
vt 0.816697 0.663658
vt 0.801330 0.659735
vt 0.841196 0.751592
vt 0.820006 0.676460
vt 0.790657 0.667032
vt 0.843986 0.753374
vt 0.814496 0.661540
vt 0.858025 0.734547
vt 0.851014 0.710822
vt 0.867879 0.729448
vt 0.869940 0.706545
vt 0.880197 0.729668
vt 0.889435 0.710923
vt 0.891207 0.735591
vt 0.901101 0.721612
vt 0.817670 0.727059
vt 0.919208 0.746569
vt 0.815286 0.716505
vt 0.908290 0.729685
vt 0.859268 0.698301
vt 0.841770 0.698533
vt 0.859324 0.681656
vt 0.952420 0.724415
vt 0.914251 0.720710
vt 0.924389 0.720879
vt 0.933953 0.705359
vt 0.869473 0.672193
vt 0.905984 0.716616
vt 0.929929 0.693392
vt 0.873480 0.674784
vt 0.928502 0.718867
vt 0.902207 0.663326
vt 0.897709 0.645333
vt 0.912916 0.665686
vt 0.915979 0.650459
vt 0.924130 0.672237
vt 0.933756 0.662448
vt 0.932147 0.682241
vt 0.945209 0.679324
vt 0.631375 0.717773
vt 0.701116 0.704269
vt 0.632520 0.712929
vt 0.696740 0.702863
vt 0.640862 0.720687
vt 0.646534 0.705361
vt 0.648876 0.728353
vt 0.659950 0.711997
vt 0.710639 0.733518
vt 0.678620 0.732708
vt 0.710971 0.743746
vt 0.684232 0.746526
vt 0.712385 0.755075
vt 0.693039 0.760369
vt 0.716596 0.768637
vt 0.655046 0.795098
vt 0.875658 0.634089
vt 0.873362 0.630477
vt 0.878168 0.627223
vt 0.880333 0.630838
vt 0.869474 0.624555
vt 0.874739 0.621781
vt 0.867104 0.620959
vt 0.872599 0.618139
vt 0.863626 0.615345
vt 0.869641 0.612421
vt 0.719938 0.751193
vt 0.717185 0.741573
vt 0.720546 0.741215
vt 0.722940 0.750441
vt 0.730566 0.740031
vt 0.731928 0.748083
vt 0.733871 0.739573
vt 0.734912 0.747248
vt 0.883567 0.636387
vt 0.879442 0.639350
vt 0.887585 0.622434
vt 0.889390 0.626119
vt 0.884757 0.617134
vt 0.883026 0.613422
vt 0.880622 0.607465
vt 0.728067 0.767753
vt 0.730614 0.766209
vt 0.738256 0.761577
vt 0.740803 0.760033
vt 0.891798 0.632068
vt 0.894467 0.620070
vt 0.895705 0.623950
vt 0.892543 0.614591
vt 0.891360 0.610726
vt 0.889727 0.604534
vt 0.738541 0.777836
vt 0.740276 0.775514
vt 0.745482 0.768547
vt 0.747218 0.766226
vt 0.897236 0.630136
vt 0.902047 0.618708
vt 0.902732 0.622648
vt 0.900798 0.613271
vt 0.900140 0.609291
vt 0.899389 0.602911
vt 0.752568 0.783003
vt 0.753267 0.780302
vt 0.755367 0.772200
vt 0.756067 0.769500
vt 0.903226 0.628965
vt 0.909583 0.618355
vt 0.909361 0.622425
vt 0.909711 0.613159
vt 0.909843 0.609150
vt 0.910073 0.602713
vt 0.769028 0.781748
vt 0.768164 0.779189
vt 0.765572 0.771511
vt 0.764708 0.768951
vt 0.908716 0.628777
vt 0.917359 0.619839
vt 0.916221 0.623702
vt 0.918870 0.614523
vt 0.919812 0.610568
vt 0.921126 0.604255
vt 0.783360 0.771831
vt 0.781098 0.770219
vt 0.774309 0.765383
vt 0.772047 0.763770
vt 0.914350 0.629759
vt 0.924603 0.622424
vt 0.922713 0.626187
vt 0.927071 0.617077
vt 0.928755 0.613337
vt 0.931245 0.607415
vt 0.790477 0.756870
vt 0.787553 0.756678
vt 0.778782 0.756104
vt 0.775858 0.755913
vt 0.919541 0.631802
vt 0.930512 0.626292
vt 0.927974 0.629714
vt 0.934186 0.621190
vt 0.936576 0.617845
vt 0.940270 0.612562
vt 0.787280 0.741002
vt 0.784674 0.742453
vt 0.776857 0.746803
vt 0.774251 0.748254
vt 0.923681 0.634682
vt 0.933263 0.628598
vt 0.930250 0.631736
vt 0.937372 0.624127
vt 0.940183 0.621109
vt 0.944649 0.616448
vt 0.781260 0.734445
vt 0.779384 0.736642
vt 0.773752 0.743238
vt 0.771875 0.745442
vt 0.925436 0.636288
vt 0.935838 0.631283
vt 0.932304 0.633965
vt 0.940338 0.627842
vt 0.943613 0.625281
vt 0.948748 0.621255
vt 0.772312 0.730492
vt 0.771594 0.733113
vt 0.769411 0.740986
vt 0.768663 0.743624
vt 0.927010 0.638090
vt 0.938042 0.634431
vt 0.934129 0.636510
vt 0.943106 0.631929
vt 0.946752 0.629875
vt 0.952392 0.626577
vt 0.762239 0.730150
vt 0.762793 0.732698
vt 0.764401 0.740347
vt 0.764912 0.742906
vt 0.928392 0.640158
vt 0.940157 0.637810
vt 0.935710 0.639249
vt 0.945771 0.636467
vt 0.949769 0.635114
vt 0.955839 0.632771
vt 0.752008 0.733955
vt 0.753849 0.735838
vt 0.759293 0.741475
vt 0.761080 0.743341
vt 0.929477 0.642436
vt 0.941737 0.641024
vt 0.936739 0.641682
vt 0.947750 0.640834
vt 0.951863 0.640357
vt 0.958404 0.639293
vt 0.745294 0.741662
vt 0.747820 0.742381
vt 0.755618 0.744386
vt 0.758282 0.744973
vt 0.930112 0.644492
vt 0.942557 0.643983
vt 0.937240 0.643823
vt 0.948809 0.644799
vt 0.952942 0.645252
vt 0.959069 0.645764
vt 0.744107 0.750619
vt 0.746503 0.750087
vt 0.754327 0.748297
vt 0.757131 0.747471
vt 0.930440 0.646355
vt 0.942567 0.646217
vt 0.937294 0.645295
vt 0.948951 0.648809
vt 0.952818 0.650566
vt 0.958615 0.652873
vt 0.746962 0.759609
vt 0.749066 0.757552
vt 0.755385 0.751366
vt 0.757497 0.749305
vt 0.930580 0.647666
vt 0.940841 0.648283
vt 0.940015 0.650884
vt 0.936282 0.652252
vt 0.936300 0.649103
vt 0.940105 0.653706
vt 0.936813 0.655124
vt 0.948099 0.651447
vt 0.951533 0.654439
vt 0.956456 0.658560
vt 0.751184 0.765644
vt 0.753450 0.761743
vt 0.760029 0.751299
vt 0.762423 0.747796
vt 0.930653 0.651461
vt 0.940078 0.655975
vt 0.938559 0.657558
vt 0.936127 0.662108
vt 0.933035 0.659123
vt 0.772012 0.756818
vt 0.768881 0.754341
vt 0.770768 0.750784
vt 0.772594 0.755419
vt 0.765354 0.761776
vt 0.770198 0.760942
vt 0.769534 0.762305
vt 0.763932 0.765843
vt 0.947272 0.664465
vt 0.941748 0.664371
vt 0.942480 0.659354
vt 0.946231 0.658939
vt 0.942114 0.656868
vt 0.943942 0.655293
vt 0.931203 0.655368
vt 0.764837 0.751809
vt 0.767128 0.747747
vt 0.759761 0.762750
vt 0.757964 0.767266
vt 0.952096 0.662603
vt 0.949193 0.657366
vt 0.946029 0.653637
vt 0.937183 0.662870
vt 0.940509 0.664126
vt 0.866340 0.636028
vt 0.868938 0.639926
vt 0.861905 0.629051
vt 0.859172 0.625511
vt 0.854895 0.620705
vt 0.715007 0.726814
vt 0.719093 0.726996
vt 0.731242 0.727427
vt 0.735240 0.727493
vt 0.873392 0.644750
vt 0.860027 0.643663
vt 0.863113 0.647309
vt 0.853717 0.637267
vt 0.850307 0.634236
vt 0.844946 0.630588
vt 0.722747 0.707929
vt 0.726608 0.709446
vt 0.738391 0.715261
vt 0.742154 0.716739
vt 0.868091 0.651614
vt 0.854919 0.651515
vt 0.859132 0.654602
vt 0.847550 0.646647
vt 0.843534 0.644647
vt 0.837326 0.642866
vt 0.737078 0.693516
vt 0.740420 0.697050
vt 0.748981 0.706295
vt 0.751900 0.710564
vt 0.864122 0.658817
vt 0.852285 0.657593
vt 0.856593 0.660878
vt 0.846834 0.654611
vt 0.840751 0.654247
vt 0.834491 0.655182
vt 0.753073 0.689309
vt 0.754657 0.695006
vt 0.759286 0.703898
vt 0.761172 0.707980
vt 0.860603 0.665454
vt 0.849559 0.665496
vt 0.848638 0.672919
vt 0.847063 0.672748
vt 0.848083 0.667829
vt 0.849862 0.672890
vt 0.850238 0.665602
vt 0.850972 0.667439
vt 0.851511 0.672713
vt 0.850589 0.662984
vt 0.847983 0.661570
vt 0.842187 0.663173
vt 0.837824 0.667149
vt 0.768019 0.693077
vt 0.768486 0.699425
vt 0.770010 0.705159
vt 0.770774 0.707933
vt 0.855105 0.671405
vt 0.853196 0.666097
vt 0.775175 0.703873
vt 0.775053 0.705663
vt 0.774982 0.707113
vt 0.774859 0.708903
vt 0.804580 0.718432
vt 0.803435 0.712162
vt 0.807832 0.711501
vt 0.808770 0.717621
vt 0.798075 0.719826
vt 0.796214 0.713373
vt 0.794064 0.721031
vt 0.791827 0.714370
vt 0.788160 0.723148
vt 0.785503 0.716184
vt 0.901101 0.721612
vt 0.908290 0.729685
vt 0.906147 0.731979
vt 0.899156 0.724451
vt 0.899631 0.738790
vt 0.893225 0.732856
vt 0.897416 0.741023
vt 0.891207 0.735591
vt 0.814552 0.710825
vt 0.815286 0.716505
vt 0.807919 0.729265
vt 0.811596 0.728093
vt 0.802191 0.732249
vt 0.798637 0.733980
vt 0.793259 0.735809
vt 0.919208 0.746569
vt 0.916532 0.748015
vt 0.908502 0.752355
vt 0.905829 0.753801
vt 0.817670 0.727059
vt 0.810963 0.743377
vt 0.814403 0.742624
vt 0.805296 0.746099
vt 0.801908 0.747419
vt 0.796957 0.748433
vt 0.932786 0.760012
vt 0.930418 0.762008
vt 0.923283 0.768009
vt 0.920910 0.770007
vt 0.819809 0.742626
vt 0.802423 0.702663
vt 0.807360 0.701938
vt 0.793471 0.704144
vt 0.788757 0.704749
vt 0.782124 0.705614
vt 0.889435 0.710923
vt 0.887610 0.714734
vt 0.882082 0.726005
vt 0.880197 0.729668
vt 0.814321 0.701913
vt 0.803197 0.692735
vt 0.808442 0.692311
vt 0.792975 0.692610
vt 0.788025 0.692379
vt 0.781268 0.691456
vt 0.869940 0.706545
vt 0.869334 0.710958
vt 0.868470 0.725146
vt 0.867879 0.729448
vt 0.815464 0.692938
vt 0.804956 0.683538
vt 0.810744 0.683978
vt 0.795023 0.682009
vt 0.790258 0.680699
vt 0.784180 0.677706
vt 0.851014 0.710822
vt 0.852336 0.715984
vt 0.855886 0.729323
vt 0.858025 0.734547
vt 0.817920 0.684556
vt 0.807392 0.677090
vt 0.813260 0.677290
vt 0.800527 0.675861
vt 0.795053 0.672023
vt 0.790657 0.667032
vt 0.839773 0.722771
vt 0.843747 0.727647
vt 0.848906 0.737212
vt 0.851389 0.741387
vt 0.820006 0.676460
vt 0.811105 0.666084
vt 0.813105 0.660495
vt 0.814496 0.661540
vt 0.811057 0.668952
vt 0.815509 0.662359
vt 0.811716 0.669266
vt 0.816697 0.663658
vt 0.813452 0.667982
vt 0.806772 0.671194
vt 0.810062 0.671606
vt 0.802685 0.665899
vt 0.801330 0.659735
vt 0.835677 0.738587
vt 0.840732 0.742844
vt 0.844766 0.747689
vt 0.846704 0.750057
vt 0.819102 0.667281
vt 0.814427 0.670704
vt 0.841196 0.751592
vt 0.842745 0.752562
vt 0.843986 0.753374
vt 0.845534 0.754344
vt 0.810004 0.757823
vt 0.812932 0.758192
vt 0.805666 0.757606
vt 0.802738 0.757674
vt 0.798176 0.757888
vt 0.945883 0.765243
vt 0.945479 0.767273
vt 0.944295 0.773354
vt 0.943891 0.775385
vt 0.817521 0.758839
vt 0.808750 0.770095
vt 0.811389 0.770461
vt 0.804576 0.769957
vt 0.801895 0.769809
vt 0.797766 0.769351
vt 0.962704 0.766398
vt 0.962630 0.768419
vt 0.962409 0.774481
vt 0.962320 0.776509
vt 0.815403 0.771332
vt 0.806151 0.780620
vt 0.802045 0.780919
vt 0.799497 0.780830
vt 0.795606 0.780095
vt 0.977995 0.761975
vt 0.977921 0.763995
vt 0.977700 0.770057
vt 0.977626 0.772078
vt 0.812578 0.781945
vt 0.808738 0.780918
vt 0.708043 0.756106
vt 0.713518 0.769576
vt 0.711481 0.770469
vt 0.705202 0.756437
vt 0.707411 0.772848
vt 0.699824 0.757322
vt 0.705583 0.774043
vt 0.697219 0.757922
vt 0.702865 0.775736
vt 0.693039 0.760369
vt 0.655046 0.795098
vt 0.653116 0.794122
vt 0.663466 0.771154
vt 0.665949 0.770694
vt 0.647071 0.790801
vt 0.655722 0.770697
vt 0.645143 0.789689
vt 0.653215 0.770557
vt 0.716596 0.768637
vt 0.712385 0.755075
vt 0.705152 0.744548
vt 0.701090 0.744369
vt 0.694530 0.744046
vt 0.690065 0.744094
vt 0.684232 0.746526
vt 0.667757 0.750378
vt 0.670930 0.747798
vt 0.658871 0.753330
vt 0.655880 0.754328
vt 0.710971 0.743746
vt 0.704051 0.734371
vt 0.698772 0.734140
vt 0.691548 0.733098
vt 0.685100 0.732004
vt 0.678620 0.732708
vt 0.665929 0.732517
vt 0.669143 0.728026
vt 0.657483 0.738455
vt 0.654462 0.740548
vt 0.710639 0.733518
vt 0.703768 0.724449
vt 0.697833 0.724697
vt 0.691216 0.723269
vt 0.684484 0.720034
vt 0.678069 0.717713
vt 0.657597 0.717788
vt 0.659950 0.711997
vt 0.651379 0.725429
vt 0.648876 0.728353
vt 0.710549 0.722834
vt 0.699280 0.703551
vt 0.697879 0.711701
vt 0.696561 0.708869
vt 0.696740 0.702863
vt 0.698975 0.712043
vt 0.701116 0.704269
vt 0.703376 0.705740
vt 0.701008 0.710529
vt 0.693201 0.716105
vt 0.697804 0.717445
vt 0.688481 0.711539
vt 0.685305 0.706930
vt 0.645306 0.710821
vt 0.646534 0.705361
vt 0.642321 0.717478
vt 0.640862 0.720687
vt 0.703273 0.716654
vt 0.708820 0.713282
vt 0.632520 0.712929
vt 0.633143 0.710247
vt 0.631998 0.715090
vt 0.631375 0.717773
vt 0.859688 0.692551
vt 0.876515 0.692559
vt 0.876443 0.695782
vt 0.859469 0.695023
vt 0.859917 0.687217
vt 0.875564 0.686891
vt 0.859804 0.684718
vt 0.875038 0.683757
vt 0.859324 0.681656
vt 0.874696 0.679258
vt 0.945209 0.679324
vt 0.950504 0.700959
vt 0.948119 0.701713
vt 0.942627 0.679992
vt 0.940966 0.703783
vt 0.934801 0.681717
vt 0.938559 0.704442
vt 0.932147 0.682241
vt 0.875421 0.700455
vt 0.859268 0.698301
vt 0.887145 0.694156
vt 0.886003 0.697817
vt 0.888128 0.688466
vt 0.888587 0.684765
vt 0.889149 0.678715
vt 0.933756 0.662448
vt 0.932004 0.664453
vt 0.926090 0.670345
vt 0.924130 0.672237
vt 0.883923 0.703300
vt 0.897442 0.697421
vt 0.895223 0.701287
vt 0.900727 0.691276
vt 0.902535 0.687442
vt 0.904530 0.680874
vt 0.915979 0.650459
vt 0.915780 0.653496
vt 0.913592 0.662571
vt 0.912916 0.665686
vt 0.892345 0.707376
vt 0.905494 0.701052
vt 0.902443 0.705502
vt 0.910345 0.695202
vt 0.914729 0.690853
vt 0.918431 0.685122
vt 0.897709 0.645333
vt 0.900041 0.649708
vt 0.901653 0.659700
vt 0.902207 0.663326
vt 0.899319 0.711833
vt 0.911964 0.704854
vt 0.908640 0.709927
vt 0.917043 0.700496
vt 0.923976 0.697120
vt 0.929929 0.693392
vt 0.881079 0.648133
vt 0.885895 0.652378
vt 0.890583 0.660817
vt 0.892217 0.664213
vt 0.905984 0.716616
vt 0.925673 0.713430
vt 0.930540 0.717260
vt 0.928502 0.718867
vt 0.922593 0.712766
vt 0.926861 0.719911
vt 0.921687 0.713417
vt 0.924389 0.720879
vt 0.921780 0.715987
vt 0.921438 0.706179
vt 0.917627 0.708978
vt 0.928127 0.705162
vt 0.933953 0.705359
vt 0.870938 0.658009
vt 0.875483 0.660870
vt 0.880354 0.665767
vt 0.882694 0.668145
vt 0.914251 0.720710
vt 0.914902 0.713966
vt 0.869473 0.672193
vt 0.871697 0.673617
vt 0.873480 0.674784
vt 0.875704 0.676209
vt 0.842198 0.693978
vt 0.843291 0.688875
vt 0.843492 0.686700
vt 0.843109 0.684465
vt 0.952420 0.724415
vt 0.950127 0.725365
vt 0.943245 0.728214
vt 0.940954 0.729163
vt 0.841770 0.698533
vt 0.841750 0.696092
vn -0.360759 -0.901779 0.238009
vn -0.107196 -0.285051 0.952499
vn -0.012665 -0.331872 0.943240
vn -0.040865 -0.976049 0.213679
vn 0.072728 0.381135 0.921654
vn -0.008901 0.451189 0.892384
vn 0.173779 0.958800 0.224729
vn -0.018832 0.980677 0.194727
vn 0.161769 0.930200 -0.329483
vn -0.021333 0.960459 -0.277601
vn 0.000000 -0.000000 -1.000000
vn 0.000000 -0.000002 -1.000000
vn -0.000000 0.000001 -1.000000
vn 0.000000 -0.000003 -1.000000
vn -0.350608 -0.857013 -0.377627
vn -0.042352 -0.938504 -0.342662
vn 0.066529 -0.321361 0.944617
vn 0.200850 -0.957066 0.209009
vn -0.113942 0.465822 0.877512
vn -0.229192 0.955331 0.186583
vn -0.227423 0.938172 -0.260982
vn -0.000000 0.000003 -1.000000
vn -0.000000 0.000000 -1.000000
vn 0.190124 -0.921183 -0.339520
vn 0.189960 -0.256086 0.947806
vn 0.589036 -0.781830 0.204398
vn -0.309751 0.409754 0.857995
vn -0.588065 0.788958 0.178115
vn -0.581021 0.776599 -0.243534
vn -0.000000 0.000001 -1.000000
vn 0.000000 -0.000002 -1.000000
vn 0.564752 -0.752329 -0.339200
vn 0.278878 -0.163112 0.946373
vn 0.849711 -0.488997 0.197163
vn -0.473624 0.255193 0.842945
vn -0.863641 0.474577 0.170002
vn -0.854169 0.465929 -0.230881
vn 0.000000 -0.000001 -1.000000
vn 0.000000 -0.000003 -1.000000
vn 0.816431 -0.474336 -0.329311
vn 0.303894 -0.008493 0.952668
vn 0.979834 -0.026269 0.198076
vn -0.565748 0.012935 0.824477
vn -0.986047 0.023831 0.164754
vn -0.975719 0.023114 -0.217802
vn -0.000000 0.000002 -1.000000
vn -0.000000 0.000003 -1.000000
vn 0.939548 -0.025799 -0.341444
vn 0.266795 0.145013 0.952781
vn 0.865000 0.460305 0.199735
vn -0.494531 -0.258505 0.829828
vn -0.869874 -0.463938 0.167572
vn -0.861395 -0.456786 -0.222136
vn 0.000000 -0.000002 -1.000000
vn 0.000000 -0.000002 -1.000000
vn 0.828761 0.443768 -0.340920
vn 0.129858 0.235601 0.963135
vn 0.479933 0.850273 0.216100
vn -0.267512 -0.484878 0.832665
vn -0.468961 -0.865737 0.174857
vn -0.465617 -0.855996 -0.224659
vn 0.000000 -0.000007 -1.000000
vn 0.000000 -0.000010 -1.000000
vn 0.454668 0.807406 -0.375995
vn -0.000126 0.269099 0.963112
vn 0.007401 0.976342 0.216105
vn 0.007735 -0.547221 0.836952
vn 0.018502 -0.984086 0.176730
vn 0.017729 -0.972641 -0.231635
vn 0.000000 -0.000005 -1.000000
vn 0.000000 -0.000006 -1.000000
vn 0.007658 0.928945 -0.370139
vn -0.137353 0.239253 0.961193
vn -0.480448 0.851007 0.212030
vn 0.303878 -0.456101 0.836439
vn 0.542839 -0.821647 0.173846
vn 0.538150 -0.809174 -0.235865
vn -0.000000 0.000003 -1.000000
vn -0.000000 0.000004 -1.000000
vn -0.453699 0.816502 -0.357045
vn -0.222608 0.184258 0.957337
vn -0.742195 0.639370 0.200882
vn 0.469753 -0.319648 0.822896
vn 0.816023 -0.553925 0.165144
vn 0.807422 -0.545103 -0.225683
vn -0.000000 0.000001 -1.000000
vn 0.000000 -0.000002 -1.000000
vn -0.706589 0.620888 -0.339456
vn -0.283779 0.104465 0.953182
vn -0.907235 0.376608 0.187329
vn 0.576415 -0.125348 0.807486
vn 0.966901 -0.200414 0.157914
vn 0.956520 -0.196727 -0.215332
vn -0.000000 0.000000 -1.000000
vn 0.000000 -0.000002 -1.000000
vn -0.869812 0.376982 -0.318294
vn -0.284193 -0.007404 0.958738
vn -0.982001 0.047955 0.182686
vn 0.600349 0.122875 0.790242
vn 0.962856 0.220938 0.155224
vn 0.954097 0.218274 -0.205072
vn -0.000000 0.000002 -1.000000
vn -0.000000 0.000002 -1.000000
vn -0.943518 0.065658 -0.324749
vn -0.221457 -0.126839 0.966886
vn -0.882243 -0.428206 0.195671
vn 0.455497 0.412089 0.789116
vn 0.719278 0.677248 0.154837
vn 0.713111 0.672252 -0.198872
vn -0.006929 -0.000226 -0.999976
vn -0.004217 0.003656 -0.999985
vn -0.846162 -0.392743 -0.360227
vn -0.089729 -0.186377 0.978372
vn -0.491215 -0.842238 0.222133
vn 0.177682 0.588912 0.788424
vn 0.270949 0.950015 0.155106
vn 0.269522 0.940112 -0.208680
vn -0.000660 -0.003614 -0.999993
vn 0.000798 0.007404 -0.999972
vn -0.477987 -0.774681 -0.414002
vn 0.221892 -0.063285 0.973015
vn 0.852157 -0.464355 0.241252
vn -0.009029 0.579980 0.814581
vn -0.084677 0.979851 0.180893
vn -0.066163 0.966041 -0.249773
vn 0.038027 0.030519 -0.998811
vn 0.058181 0.028860 -0.997889
vn 0.807550 -0.349842 -0.474842
vn 0.428260 -0.040309 0.902756
vn 0.328578 -0.241799 0.913000
vn 0.731227 -0.636184 0.246124
vn 0.952145 -0.236136 0.194060
vn 0.075745 -0.499890 0.862770
vn 0.287182 -0.938025 0.193997
vn -0.245212 0.413462 0.876881
vn -0.566213 0.789670 0.236272
vn -0.536700 0.792382 -0.289972
vn 0.034484 0.085382 -0.995751
vn 0.116916 0.049081 -0.991928
vn 0.936181 -0.199498 -0.289424
vn -0.493471 -0.793431 0.356305
vn -0.194863 -0.975156 0.105356
vn -0.201190 -0.956192 -0.212649
vn 0.258789 -0.924768 -0.278984
vn -0.654987 -0.670402 -0.348644
vn 0.023389 -0.118422 -0.992688
vn -0.099339 -0.019620 -0.994860
vn -0.675586 -0.638347 -0.368914
vn -0.933381 -0.307010 -0.185863
vn -0.967957 -0.028640 -0.249478
vn -0.949668 -0.300084 0.089895
vn -0.985156 -0.008014 0.171474
vn -0.787448 -0.504495 0.354133
vn -0.559873 -0.058318 0.826523
vn 0.728305 -0.616537 -0.299089
vn 0.136323 0.003247 -0.990659
vn -0.012321 0.082515 -0.996514
vn -0.873615 0.359357 -0.328114
vn -0.899867 0.363627 0.240862
vn -0.403323 0.175728 0.898026
vn -0.146870 -0.184990 0.971704
vn -0.637236 -0.724291 0.263311
vn 0.215192 0.345420 0.913442
vn 0.496701 0.834820 0.237409
vn 0.484236 0.815996 -0.315698
vn -0.000000 0.000000 -1.000000
vn -0.000000 0.000001 -1.000000
vn -0.596701 -0.680719 -0.424934
vn -0.182691 -0.122324 0.975531
vn -0.867907 -0.401321 0.292710
vn 0.320323 0.196111 0.926787
vn 0.789854 0.557319 0.255982
vn 0.767039 0.540352 -0.345934
vn 0.000000 -0.000001 -1.000000
vn 0.000000 -0.000002 -1.000000
vn -0.807596 -0.362273 -0.465347
vn -0.253767 0.049284 0.966009
vn -0.949194 -0.046656 0.311214
vn 0.412481 0.067402 0.908469
vn 0.946891 0.170792 0.272446
vn 0.915400 0.165565 -0.366921
vn -0.000000 0.000001 -1.000000
vn 0.000000 -0.000000 -1.000000
vn -0.876095 -0.052527 -0.479268
vn -0.409844 0.248668 0.877606
vn -0.929624 0.269939 0.250864
vn 0.447395 -0.133219 0.884359
vn 0.896868 -0.335832 0.287827
vn 0.854772 -0.319333 -0.409135
vn 0.000000 -0.000002 -1.000000
vn -0.000000 0.000002 -1.000000
vn -0.881936 0.209523 -0.422243
vn 0.044480 -0.911801 0.408215
vn -0.305521 -0.665593 -0.680913
vn 0.114545 -0.952604 -0.281825
vn 0.133323 -0.983705 0.120618
vn -0.358929 -0.782004 -0.509548
vn -0.851416 -0.135131 0.506785
vn -0.990544 0.046981 0.128900
vn -0.976768 0.070005 -0.202542
vn -0.582050 0.276521 0.764692
vn 0.330755 -0.479831 0.812627
vn 0.605176 -0.757423 0.245096
vn 0.532278 -0.751242 -0.390277
vn 0.000000 -0.000004 -1.000000
vn 0.000000 -0.000003 -1.000000
vn -0.863733 0.405664 -0.299001
vn -0.878848 0.441145 0.181707
vn 0.139562 0.245461 0.959308
vn 0.085632 0.284158 0.954946
vn 0.379031 0.892763 0.243535
vn 0.629836 0.742051 0.229491
vn -0.342332 -0.289256 0.893946
vn -0.242548 -0.300742 0.922348
vn -0.679011 -0.702448 0.213331
vn -0.551785 -0.801494 0.230522
vn -0.657096 -0.690444 -0.302511
vn -0.531971 -0.774348 -0.342625
vn 0.000000 -0.000001 -1.000000
vn -0.000000 0.000001 -1.000000
vn -0.000000 0.000002 -1.000000
vn -0.000000 0.000001 -1.000000
vn 0.609001 0.706102 -0.361299
vn 0.361504 0.851264 -0.380347
vn 0.180071 0.294646 0.938487
vn 0.631953 0.743099 0.220089
vn -0.289930 -0.240477 0.926343
vn -0.647725 -0.724714 0.235038
vn -0.611447 -0.700993 -0.367072
vn 0.000000 -0.000002 -1.000000
vn 0.000000 -0.000001 -1.000000
vn 0.621421 0.718651 -0.312052
vn 0.076988 0.417546 0.905388
vn 0.347355 0.914295 0.208349
vn -0.203174 -0.257054 0.944798
vn -0.419324 -0.874527 0.243660
vn -0.393729 -0.832641 -0.389469
vn 0.000000 -0.000002 -1.000000
vn 0.000000 -0.000000 -1.000000
vn 0.335726 0.900161 -0.277487
vn 0.011403 0.226606 0.973920
vn 0.070476 0.958276 0.277020
vn -0.111835 -0.375346 0.920113
vn -0.253940 -0.935132 0.247066
vn -0.249825 -0.910400 -0.329786
vn 0.000000 -0.000001 -1.000000
vn -0.000000 0.000001 -1.000000
vn 0.068022 0.894446 -0.441972
vn -0.042951 0.197564 0.979349
vn -0.354470 0.880784 0.313961
vn 0.086743 -0.351074 0.932321
vn 0.171153 -0.947643 0.269591
vn 0.164735 -0.918173 -0.360308
vn 0.000000 -0.000000 -1.000000
vn 0.000000 -0.000002 -1.000000
vn -0.335375 0.800564 -0.496610
vn -0.221483 0.117643 0.968042
vn -0.692453 0.643539 0.326140
vn 0.261667 -0.307956 0.914710
vn 0.596833 -0.750189 0.284617
vn 0.577191 -0.723343 -0.378980
vn -0.000000 0.000000 -1.000000
vn 0.000000 -0.000002 -1.000000
vn -0.625143 0.599135 -0.500234
vn -0.483784 0.072581 0.872173
vn -0.892376 0.374999 0.251080
vn 0.428283 -0.172861 0.886957
vn 0.906209 -0.309756 0.287813
vn 0.865386 -0.291279 -0.407754
vn 0.000000 -0.000000 -1.000000
vn 0.000000 -0.000003 -1.000000
vn -0.814991 0.394240 -0.424693
vn 0.790342 0.601971 0.113978
vn 0.757764 0.593478 -0.271251
vn 0.279065 0.679723 -0.678306
vn 0.682745 0.613958 0.396125
vn 0.328496 0.800111 -0.501909
vn -0.561790 0.648503 0.513649
vn -0.798426 0.570929 -0.191197
vn -0.787405 0.602210 0.131663
vn 0.574962 0.150117 0.804291
vn -0.642457 0.164778 0.748396
vn 0.956963 0.168607 0.236204
vn 0.898039 0.209598 -0.386775
vn 0.000000 -0.000007 -1.000000
vn 0.000000 -0.000004 -1.000000
vn -0.930808 0.232127 -0.282335
vn -0.960879 0.213257 0.176730
vn -0.067024 0.438668 0.896146
vn -0.026861 0.980833 0.192989
vn -0.076816 -0.329382 0.941067
vn -0.049439 -0.973658 0.222590
vn -0.035696 -0.932493 -0.359420
vn -0.000000 0.000001 -1.000000
vn 0.000000 -0.000000 -1.000000
vn -0.017464 0.958854 -0.283362
vn -0.153664 0.406892 0.900459
vn -0.265601 0.943333 0.198945
vn 0.052860 -0.338341 0.939538
vn 0.259965 -0.941212 0.215725
vn 0.255122 -0.902685 -0.346515
vn -0.000000 0.000006 -1.000000
vn -0.000000 0.000001 -1.000000
vn -0.256737 0.923539 -0.284889
vn -0.160530 0.279996 0.946484
vn 0.191890 -0.424437 0.884891
vn 0.434280 -0.880159 0.191627
vn 0.430838 -0.865930 -0.254057
vn -0.000000 0.000016 -1.000000
vn 0.000000 -0.000001 -1.000000
vn -0.414166 0.832251 -0.368544
vn -0.438136 0.871844 0.218918
vn 0.729041 0.634484 0.256767
vn 0.802727 0.534895 0.263661
vn 0.153138 0.222512 0.962828
vn 0.110375 0.278325 0.954124
vn -0.332594 -0.077187 0.939906
vn -0.386938 -0.120556 0.914191
vn -0.847784 -0.482896 0.219255
vn -0.785429 -0.584036 0.204945
vn -0.810856 -0.487106 -0.324408
vn -0.760420 -0.583346 -0.285428
vn -0.000000 0.000004 -1.000000
vn -0.000000 0.000003 -1.000000
vn 0.000000 -0.000004 -1.000000
vn 0.000000 -0.000002 -1.000000
vn 0.769728 0.484586 -0.415566
vn 0.712248 0.580440 -0.394705
vn 0.551097 0.800626 0.235139
vn 0.044916 0.362939 0.930730
vn -0.400317 -0.275055 0.874123
vn -0.605600 -0.768147 0.207844
vn -0.595542 -0.747575 -0.294042
vn 0.000000 -0.000001 -1.000000
vn 0.000000 -0.000001 -1.000000
vn 0.553430 0.745819 -0.370769
vn 0.305213 0.925114 0.225851
vn 0.000782 0.414831 0.909898
vn -0.246285 -0.457828 0.854247
vn -0.278932 -0.929338 0.241926
vn -0.282922 -0.885977 -0.367423
vn 0.000000 -0.000002 -1.000000
vn -0.000000 0.000001 -1.000000
vn 0.308642 0.870932 -0.382383
vn -0.001026 0.975225 0.221212
vn -0.068545 0.462329 0.884055
vn 0.042752 -0.536392 0.842885
vn 0.177695 -0.945066 0.274363
vn 0.158774 -0.899315 -0.407460
vn 0.000000 -0.000000 -1.000000
vn 0.000000 -0.000000 -1.000000
vn 0.007606 0.914094 -0.405432
vn 0.413055 0.368500 -0.832823
vn 0.766154 0.082855 0.637294
vn 0.975562 -0.099144 0.196086
vn 0.916257 -0.073375 -0.393814
vn -0.051472 0.754734 0.654009
vn 0.472169 0.421201 -0.774368
vn -0.309807 0.900924 -0.303901
vn -0.314739 0.931892 0.180327
vn 0.458014 -0.380092 0.803588
vn -0.169228 0.519057 0.837820
vn 0.730238 -0.633240 0.256437
vn 0.725593 -0.581449 -0.368011
vn -0.000000 0.000000 -1.000000
vn 0.000000 -0.000000 -1.000000
vn -0.372547 0.840490 -0.393428
vn -0.387282 0.897033 0.212942
vn 0.089155 0.214714 0.972599
vn 0.026760 0.294682 0.955220
vn 0.504851 0.819935 0.269874
vn 0.689993 0.647265 0.323971
vn -0.290692 -0.113525 0.950058
vn -0.318561 -0.235570 0.918164
vn -0.744132 -0.588609 0.315922
vn -0.579512 -0.778802 0.240070
vn -0.680877 -0.568377 -0.461902
vn -0.537719 -0.773133 -0.336338
vn 0.000000 -0.000001 -1.000000
vn -0.000000 0.000004 -1.000000
vn -0.000000 0.000000 -1.000000
vn 0.000000 -0.000004 -1.000000
vn 0.656863 0.580987 -0.480609
vn 0.513783 0.750587 -0.415507
vn -0.057621 0.322665 0.944758
vn 0.139911 0.963386 0.228717
vn -0.199727 -0.405077 0.892200
vn -0.244810 -0.950057 0.193546
vn -0.227106 -0.939191 -0.257571
vn 0.000000 -0.000002 -1.000000
vn 0.000000 -0.000005 -1.000000
vn 0.159428 0.914724 -0.371298
vn -0.137923 0.296752 0.944942
vn -0.155135 0.961143 0.228336
vn -0.028620 -0.499966 0.865572
vn 0.086366 -0.977837 0.190725
vn 0.081928 -0.961768 -0.261325
vn 0.000000 -0.000006 -1.000000
vn 0.000000 -0.000004 -1.000000
vn -0.133110 0.920909 -0.366345
vn -0.276433 0.261599 0.924743
vn -0.445560 0.865561 0.228650
vn 0.163213 -0.520173 0.838320
vn 0.446919 -0.864994 0.228143
vn 0.416456 -0.845346 -0.334595
vn 0.000000 -0.000005 -1.000000
vn 0.000000 -0.000001 -1.000000
vn -0.404696 0.829139 -0.385681
vn -0.395443 0.263821 0.879786
vn -0.688435 0.693159 0.213511
vn 0.407237 -0.357021 0.840651
vn 0.798710 -0.538517 0.268444
vn 0.754408 -0.522268 -0.397624
vn -0.000000 0.000000 -1.000000
vn -0.000000 0.000002 -1.000000
vn -0.638979 0.664855 -0.386877
vn 0.814705 0.544820 0.198560
vn 0.756235 0.527071 -0.387691
vn 0.027450 0.532510 -0.845978
vn 0.534128 0.545904 0.645520
vn 0.031293 0.607048 -0.794048
vn -0.573097 0.504695 0.645633
vn -0.846163 0.442139 -0.297525
vn -0.871070 0.460531 0.170732
vn 0.606276 0.029852 0.794694
vn -0.497693 0.278392 0.821462
vn 0.967271 0.036365 0.251128
vn 0.927649 0.068199 -0.367173
vn -0.000000 0.000003 -1.000000
vn -0.000000 0.000006 -1.000000
vn -0.847187 0.377802 -0.373551
vn -0.890831 0.407641 0.200622
vn 0.163280 0.199183 0.966264
vn -0.214940 -0.063311 0.974573
vn -0.770148 -0.502668 0.392678
vn -0.654468 -0.452215 -0.605948
vn 0.000000 -0.000003 -1.000000
vn -0.000000 0.000003 -1.000000
vn 0.733401 0.523203 -0.434029
vn 0.760383 0.565469 0.319471
vn 0.360758 -0.901778 0.238012
vn 0.040865 -0.976049 0.213679
vn 0.012665 -0.331872 0.943239
vn 0.107196 -0.285050 0.952500
vn 0.008901 0.451190 0.892383
vn -0.072727 0.381136 0.921654
vn 0.018832 0.980677 0.194726
vn -0.173779 0.958800 0.224728
vn 0.021333 0.960459 -0.277602
vn -0.161770 0.930200 -0.329482
vn -0.000000 0.000000 -1.000000
vn 0.000000 -0.000002 -1.000000
vn -0.000000 0.000000 -1.000000
vn 0.000000 -0.000002 -1.000000
vn 0.042352 -0.938503 -0.342663
vn 0.350607 -0.857014 -0.377627
vn -0.200849 -0.957066 0.209009
vn -0.066529 -0.321363 0.944616
vn 0.113941 0.465824 0.877511
vn 0.229190 0.955332 0.186582
vn 0.227422 0.938172 -0.260984
vn -0.000000 0.000003 -1.000000
vn -0.000000 0.000004 -1.000000
vn -0.190125 -0.921182 -0.339524
vn -0.589037 -0.781829 0.204401
vn -0.189959 -0.256083 0.947806
vn 0.309750 0.409756 0.857995
vn 0.588063 0.788960 0.178113
vn 0.581020 0.776599 -0.243535
vn -0.000000 0.000001 -1.000000
vn 0.000000 -0.000002 -1.000000
vn -0.564752 -0.752328 -0.339201
vn -0.849712 -0.488996 0.197164
vn -0.278879 -0.163109 0.946373
vn 0.473623 0.255196 0.842945
vn 0.863640 0.474578 0.170002
vn 0.854169 0.465929 -0.230879
vn 0.000000 -0.000001 -1.000000
vn 0.000000 -0.000001 -1.000000
vn -0.816433 -0.474337 -0.329305
vn -0.979835 -0.026271 0.198074
vn -0.303895 -0.008497 0.952668
vn 0.565744 0.012932 0.824480
vn 0.986046 0.023831 0.164760
vn 0.975720 0.023114 -0.217797
vn -0.000000 0.000003 -1.000000
vn -0.000000 0.000006 -1.000000
vn -0.939549 -0.025800 -0.341442
vn -0.865001 0.460304 0.199734
vn -0.266796 0.145010 0.952781
vn 0.494529 -0.258507 0.829828
vn 0.869873 -0.463938 0.167577
vn 0.861397 -0.456786 -0.222132
vn 0.000000 -0.000000 -1.000000
vn -0.000000 0.000000 -1.000000
vn -0.828759 0.443767 -0.340923
vn -0.479933 0.850273 0.216099
vn -0.129858 0.235603 0.963134
vn 0.267512 -0.484881 0.832663
vn 0.468960 -0.865738 0.174855
vn 0.465617 -0.855997 -0.224658
vn 0.000000 -0.000003 -1.000000
vn 0.000000 -0.000005 -1.000000
vn -0.454667 0.807407 -0.375995
vn -0.007402 0.976342 0.216106
vn 0.000126 0.269101 0.963112
vn -0.007735 -0.547221 0.836952
vn -0.018502 -0.984085 0.176730
vn -0.017730 -0.972641 -0.231635
vn 0.000000 -0.000004 -1.000000
vn 0.000000 -0.000002 -1.000000
vn -0.007658 0.928944 -0.370141
vn 0.480447 0.851007 0.212033
vn 0.137353 0.239250 0.961194
vn -0.303876 -0.456101 0.836439
vn -0.542839 -0.821647 0.173848
vn -0.538148 -0.809175 -0.235865
vn 0.000000 -0.000009 -1.000000
vn -0.000000 0.000003 -1.000000
vn 0.453696 0.816502 -0.357050
vn 0.742195 0.639369 0.200885
vn 0.222610 0.184259 0.957337
vn -0.469753 -0.319649 0.822895
vn -0.816023 -0.553925 0.165148
vn -0.807420 -0.545106 -0.225680
vn 0.000000 -0.000007 -1.000000
vn 0.000000 -0.000002 -1.000000
vn 0.706588 0.620887 -0.339459
vn 0.907234 0.376607 0.187331
vn 0.283779 0.104466 0.953182
vn -0.576414 -0.125348 0.807487
vn -0.966901 -0.200413 0.157916
vn -0.956520 -0.196727 -0.215331
vn 0.000000 -0.000002 -1.000000
vn 0.000000 -0.000004 -1.000000
vn 0.869813 0.376980 -0.318295
vn 0.982001 0.047953 0.182689
vn 0.284191 -0.007407 0.958739
vn -0.600347 0.122873 0.790244
vn -0.962856 0.220938 0.155224
vn -0.954097 0.218273 -0.205076
vn 0.000000 -0.000000 -1.000000
vn -0.000000 0.000000 -1.000000
vn 0.943519 0.065658 -0.324746
vn 0.882243 -0.428207 0.195671
vn 0.221457 -0.126839 0.966886
vn -0.455496 0.412087 0.789119
vn -0.719278 0.677247 0.154839
vn -0.713113 0.672250 -0.198871
vn 0.006929 -0.000229 -0.999976
vn 0.004217 0.003659 -0.999984
vn 0.846165 -0.392743 -0.360219
vn 0.491216 -0.842237 0.222133
vn 0.089728 -0.186378 0.978372
vn -0.177683 0.588907 0.788427
vn -0.270950 0.950015 0.155107
vn -0.269522 0.940112 -0.208680
vn 0.000660 -0.003613 -0.999993
vn -0.000798 0.007414 -0.999972
vn 0.477993 -0.774679 -0.413998
vn -0.852159 -0.464354 0.241249
vn -0.221894 -0.063294 0.973014
vn 0.009028 0.579977 0.814583
vn 0.084677 0.979851 0.180893
vn 0.066163 0.966042 -0.249772
vn -0.038027 0.030522 -0.998810
vn -0.058181 0.028865 -0.997889
vn -0.807549 -0.349842 -0.474842
vn -0.428261 -0.040311 0.902756
vn -0.952145 -0.236135 0.194063
vn -0.731226 -0.636183 0.246129
vn -0.328577 -0.241796 0.913001
vn -0.287183 -0.938025 0.193998
vn -0.075746 -0.499888 0.862771
vn 0.245214 0.413461 0.876881
vn 0.566214 0.789670 0.236268
vn 0.536700 0.792381 -0.289976
vn -0.034484 0.085383 -0.995751
vn -0.116917 0.049080 -0.991928
vn -0.936179 -0.199498 -0.289430
vn 0.194860 -0.975156 0.105355
vn 0.493471 -0.793432 0.356304
vn 0.201188 -0.956193 -0.212644
vn -0.258788 -0.924770 -0.278979
vn 0.654987 -0.670404 -0.348641
vn -0.023389 -0.118424 -0.992688
vn 0.099338 -0.019620 -0.994860
vn 0.675585 -0.638348 -0.368913
vn 0.933381 -0.307012 -0.185859
vn 0.967958 -0.028640 -0.249472
vn 0.985155 -0.008015 0.171477
vn 0.949667 -0.300085 0.089898
vn 0.559873 -0.058315 0.826524
vn 0.787449 -0.504496 0.354129
vn -0.728304 -0.616539 -0.299086
vn -0.136323 0.003244 -0.990659
vn 0.012322 0.082516 -0.996514
vn 0.873614 0.359357 -0.328118
vn 0.899868 0.363627 0.240861
vn 0.403322 0.175729 0.898026
vn 0.146869 -0.184993 0.971703
vn 0.637235 -0.724292 0.263311
vn -0.215193 0.345422 0.913442
vn -0.496700 0.834821 0.237409
vn -0.484235 0.815998 -0.315696
vn -0.000000 0.000000 -1.000000
vn 0.000000 -0.000000 -1.000000
vn 0.596700 -0.680720 -0.424934
vn 0.182691 -0.122325 0.975531
vn 0.867907 -0.401320 0.292712
vn -0.320322 0.196111 0.926787
vn -0.789852 0.557319 0.255985
vn -0.767040 0.540354 -0.345929
vn -0.000000 0.000001 -1.000000
vn 0.000000 -0.000001 -1.000000
vn 0.807595 -0.362274 -0.465348
vn 0.253767 0.049284 0.966009
vn 0.949194 -0.046655 0.311213
vn -0.412481 0.067402 0.908469
vn -0.946891 0.170792 0.272449
vn -0.915402 0.165564 -0.366915
vn 0.000000 -0.000001 -1.000000
vn 0.000000 -0.000001 -1.000000
vn 0.876097 -0.052527 -0.479265
vn 0.409845 0.248665 0.877607
vn 0.929624 0.269939 0.250861
vn -0.447394 -0.133222 0.884359
vn -0.896868 -0.335833 0.287825
vn -0.854772 -0.319335 -0.409133
vn 0.000000 -0.000006 -1.000000
vn -0.000000 0.000001 -1.000000
vn 0.881937 0.209528 -0.422238
vn -0.044479 -0.911801 0.408216
vn -0.133323 -0.983706 0.120617
vn -0.114547 -0.952602 -0.281832
vn 0.305520 -0.665591 -0.680915
vn 0.358933 -0.782006 -0.509543
vn 0.851416 -0.135123 0.506787
vn 0.990544 0.046984 0.128898
vn 0.976769 0.070015 -0.202533
vn -0.330753 -0.479832 0.812627
vn 0.582049 0.276525 0.764691
vn -0.605175 -0.757424 0.245095
vn -0.532277 -0.751241 -0.390279
vn 0.000000 -0.000001 -1.000000
vn 0.000000 -0.000000 -1.000000
vn 0.863732 0.405671 -0.298994
vn 0.878848 0.441145 0.181707
vn -0.139563 0.245464 0.959307
vn -0.629836 0.742052 0.229490
vn -0.379030 0.892764 0.243533
vn -0.085631 0.284163 0.954944
vn 0.242549 -0.300740 0.922348
vn 0.342333 -0.289256 0.893946
vn 0.679011 -0.702448 0.213330
vn 0.551785 -0.801494 0.230522
vn 0.657095 -0.690445 -0.302509
vn 0.531971 -0.774348 -0.342625
vn 0.000000 -0.000000 -1.000000
vn 0.000000 -0.000003 -1.000000
vn -0.000000 0.000000 -1.000000
vn -0.000000 0.000002 -1.000000
vn -0.361504 0.851266 -0.380344
vn -0.609000 0.706102 -0.361302
vn -0.180071 0.294645 0.938487
vn -0.631953 0.743098 0.220090
vn 0.289931 -0.240477 0.926343
vn 0.647725 -0.724713 0.235038
vn 0.611448 -0.700994 -0.367068
vn 0.000000 -0.000003 -1.000000
vn -0.000000 0.000000 -1.000000
vn -0.621420 0.718653 -0.312051
vn -0.076988 0.417544 0.905389
vn -0.347355 0.914295 0.208350
vn 0.203174 -0.257053 0.944798
vn 0.419325 -0.874526 0.243662
vn 0.393731 -0.832643 -0.389464
vn 0.000000 -0.000001 -1.000000
vn -0.000000 0.000003 -1.000000
vn -0.335726 0.900162 -0.277484
vn -0.070475 0.958277 0.277018
vn -0.011402 0.226607 0.973920
vn 0.111835 -0.375345 0.920114
vn 0.253941 -0.935132 0.247067
vn 0.249826 -0.910400 -0.329787
vn 0.000000 -0.000001 -1.000000
vn 0.000000 -0.000002 -1.000000
vn -0.068022 0.894447 -0.441970
vn 0.354469 0.880784 0.313962
vn 0.042950 0.197564 0.979349
vn -0.086743 -0.351072 0.932322
vn -0.171153 -0.947643 0.269592
vn -0.164735 -0.918173 -0.360307
vn 0.000000 -0.000001 -1.000000
vn 0.000000 -0.000002 -1.000000
vn 0.335374 0.800565 -0.496608
vn 0.692451 0.643539 0.326143
vn 0.221482 0.117644 0.968042
vn -0.261667 -0.307953 0.914710
vn -0.596833 -0.750187 0.284621
vn -0.577190 -0.723344 -0.378979
vn 0.000000 -0.000001 -1.000000
vn -0.000000 0.000001 -1.000000
vn 0.625143 0.599137 -0.500231
vn 0.892374 0.374998 0.251088
vn 0.483784 0.072580 0.872173
vn -0.428281 -0.172862 0.886958
vn -0.906208 -0.309755 0.287816
vn -0.865383 -0.291279 -0.407760
vn -0.000000 0.000001 -1.000000
vn 0.000000 -0.000001 -1.000000
vn 0.814990 0.394241 -0.424696
vn -0.790341 0.601972 0.113978
vn -0.682744 0.613960 0.396125
vn -0.279060 0.679718 -0.678313
vn -0.757763 0.593479 -0.271253
vn 0.561791 0.648503 0.513648
vn -0.328491 0.800103 -0.501926
vn 0.787406 0.602210 0.131661
vn 0.798423 0.570928 -0.191212
vn 0.642454 0.164776 0.748399
vn -0.574960 0.150117 0.804293
vn -0.956963 0.168608 0.236204
vn -0.898037 0.209598 -0.386779
vn 0.000000 -0.000004 -1.000000
vn 0.000000 -0.000002 -1.000000
vn 0.930805 0.232127 -0.282346
vn 0.960878 0.213256 0.176735
vn 0.067024 0.438671 0.896145
vn 0.026862 0.980833 0.192989
vn 0.076816 -0.329377 0.941069
vn 0.049439 -0.973658 0.222590
vn 0.035696 -0.932493 -0.359419
vn 0.000000 -0.000001 -1.000000
vn 0.000000 -0.000000 -1.000000
vn 0.017464 0.958854 -0.283362
vn 0.153662 0.406895 0.900458
vn 0.265601 0.943333 0.198945
vn -0.052859 -0.338338 0.939539
vn -0.259963 -0.941214 0.215722
vn -0.255119 -0.902685 -0.346517
vn -0.000000 0.000002 -1.000000
vn 0.000000 -0.000003 -1.000000
vn 0.256738 0.923539 -0.284889
vn -0.191886 -0.424440 0.884890
vn 0.160529 0.279989 0.946486
vn -0.434277 -0.880162 0.191623
vn -0.430834 -0.865929 -0.254064
vn -0.000000 0.000016 -1.000000
vn 0.000000 -0.000001 -1.000000
vn 0.414167 0.832250 -0.368545
vn 0.438136 0.871844 0.218917
vn -0.729042 0.634483 0.256768
vn -0.110375 0.278328 0.954123
vn -0.153139 0.222515 0.962827
vn -0.802727 0.534894 0.263661
vn 0.332594 -0.077185 0.939906
vn 0.386938 -0.120554 0.914191
vn 0.785428 -0.584036 0.204949
vn 0.847784 -0.482896 0.219256
vn 0.760419 -0.583347 -0.285427
vn 0.810851 -0.487109 -0.324416
vn 0.000000 -0.000001 -1.000000
vn -0.000000 0.000000 -1.000000
vn 0.000000 -0.000003 -1.000000
vn 0.000000 -0.000003 -1.000000
vn -0.712250 0.580440 -0.394701
vn -0.769730 0.484587 -0.415561
vn -0.551098 0.800626 0.235138
vn -0.044916 0.362940 0.930729
vn 0.400316 -0.275056 0.874123
vn 0.605599 -0.768147 0.207847
vn 0.595544 -0.747575 -0.294039
vn 0.000000 -0.000001 -1.000000
vn 0.000000 -0.000002 -1.000000
vn -0.553431 0.745819 -0.370767
vn -0.305213 0.925115 0.225849
vn -0.000783 0.414830 0.909899
vn 0.246284 -0.457828 0.854247
vn 0.278932 -0.929338 0.241925
vn 0.282921 -0.885976 -0.367425
vn -0.000000 0.000000 -1.000000
vn 0.000000 -0.000002 -1.000000
vn -0.308642 0.870932 -0.382383
vn 0.001026 0.975225 0.221212
vn 0.068544 0.462329 0.884055
vn -0.042752 -0.536391 0.842886
vn -0.177695 -0.945066 0.274363
vn -0.158773 -0.899315 -0.407461
vn -0.000000 0.000000 -1.000000
vn 0.000000 -0.000001 -1.000000
vn -0.007606 0.914093 -0.405434
vn -0.413053 0.368496 -0.832825
vn -0.916259 -0.073374 -0.393810
vn -0.975561 -0.099143 0.196091
vn -0.766154 0.082855 0.637293
vn 0.051473 0.754737 0.654005
vn -0.472169 0.421196 -0.774371
vn 0.309806 0.900925 -0.303898
vn 0.314738 0.931892 0.180324
vn 0.169228 0.519058 0.837819
vn -0.458012 -0.380090 0.803590
vn -0.730237 -0.633239 0.256440
vn -0.725593 -0.581449 -0.368010
vn -0.000000 0.000000 -1.000000
vn -0.000000 0.000000 -1.000000
vn 0.372547 0.840492 -0.393424
vn 0.387283 0.897033 0.212941
vn -0.089154 0.214716 0.972599
vn -0.689991 0.647268 0.323969
vn -0.504850 0.819937 0.269870
vn -0.026759 0.294686 0.955219
vn 0.318561 -0.235567 0.918165
vn 0.290693 -0.113526 0.950058
vn 0.744129 -0.588611 0.315927
vn 0.579510 -0.778803 0.240070
vn 0.680878 -0.568381 -0.461896
vn 0.537718 -0.773134 -0.336338
vn -0.000000 0.000003 -1.000000
vn 0.000000 -0.000002 -1.000000
vn 0.000000 -0.000001 -1.000000
vn -0.000000 0.000003 -1.000000
vn -0.513780 0.750591 -0.415504
vn -0.656857 0.580993 -0.480609
vn -0.139911 0.963387 0.228717
vn 0.057621 0.322665 0.944758
vn 0.199727 -0.405076 0.892201
vn 0.244811 -0.950057 0.193545
vn 0.227106 -0.939190 -0.257576
vn 0.000000 -0.000001 -1.000000
vn 0.000000 -0.000005 -1.000000
vn -0.159427 0.914725 -0.371297
vn 0.155135 0.961143 0.228337
vn 0.137923 0.296749 0.944943
vn 0.028620 -0.499971 0.865569
vn -0.086365 -0.977837 0.190723
vn -0.081928 -0.961767 -0.261327
vn 0.000000 -0.000005 -1.000000
vn 0.000000 -0.000003 -1.000000
vn 0.133110 0.920909 -0.366344
vn 0.445560 0.865561 0.228650
vn 0.276433 0.261598 0.924744
vn -0.163213 -0.520176 0.838319
vn -0.446919 -0.864994 0.228143
vn -0.416456 -0.845347 -0.334594
vn 0.000000 -0.000004 -1.000000
vn -0.000000 0.000005 -1.000000
vn 0.404696 0.829139 -0.385680
vn 0.688436 0.693159 0.213509
vn 0.395442 0.263823 0.879786
vn -0.407240 -0.357020 0.840650
vn -0.798710 -0.538516 0.268445
vn -0.754409 -0.522268 -0.397621
vn 0.000000 -0.000001 -1.000000
vn -0.000000 0.000001 -1.000000
vn 0.638976 0.664854 -0.386883
vn -0.814707 0.544818 0.198559
vn -0.534127 0.545898 0.645526
vn -0.027450 0.532504 -0.845982
vn -0.756234 0.527072 -0.387694
vn 0.573098 0.504695 0.645633
vn -0.031292 0.607047 -0.794050
vn 0.871070 0.460530 0.170728
vn 0.846166 0.442141 -0.297514
vn 0.497692 0.278393 0.821462
vn -0.606277 0.029850 0.794693
vn -0.967271 0.036363 0.251126
vn -0.927649 0.068200 -0.367173
vn -0.000000 0.000001 -1.000000
vn -0.000000 0.000000 -1.000000
vn 0.847186 0.377803 -0.373551
vn 0.890831 0.407641 0.200620
vn 0.214942 -0.063313 0.974572
vn -0.163278 0.199182 0.966264
vn 0.770147 -0.502669 0.392681
vn 0.654468 -0.452215 -0.605949
vn 0.000000 -0.000002 -1.000000
vn -0.000000 0.000008 -1.000000
vn -0.733394 0.523210 -0.434033
vn -0.760380 0.565472 0.319473
s 1
g sweep11 group3 lowpoly PROP_____PictureFrame_Var_3 High_Fidelity_Group
usemtl initialShadingGroup
f 1/189/1 2/1/2 10/2/3 9/190/4
f 2/1/2 3/3/5 11/4/6 10/2/3
f 3/3/5 4/5/7 12/6/8 11/4/6
f 4/5/7 5/7/9 13/8/10 12/6/8
f 13/496/10 5/456/9 6/9/11 14/12/12
f 6/9/11 7/10/13 15/11/14 14/12/12
f 15/11/14 7/10/13 8/13/15 16/495/16
f 16/14/16 8/455/15 1/189/1 9/190/4
f 10/2/3 18/15/17 17/191/18 9/190/4
f 10/2/3 11/4/6 19/16/19 18/15/17
f 12/6/8 20/17/20 19/16/19 11/4/6
f 13/8/10 21/18/21 20/17/20 12/6/8
f 21/494/21 13/496/10 14/12/12 22/20/22
f 14/12/12 15/11/14 23/19/23 22/20/22
f 23/19/23 15/11/14 16/495/16 24/493/24
f 24/21/24 16/14/16 9/190/4 17/191/18
f 18/15/17 26/22/25 25/192/26 17/191/18
f 18/15/17 19/16/19 27/23/27 26/22/25
f 20/17/20 28/24/28 27/23/27 19/16/19
f 21/18/21 29/25/29 28/24/28 20/17/20
f 29/492/29 21/494/21 22/20/22 30/27/30
f 22/20/22 23/19/23 31/26/31 30/27/30
f 31/26/31 23/19/23 24/493/24 32/491/32
f 32/28/32 24/21/24 17/191/18 25/192/26
f 26/22/25 34/29/33 33/193/34 25/192/26
f 26/22/25 27/23/27 35/30/35 34/29/33
f 28/24/28 36/31/36 35/30/35 27/23/27
f 29/25/29 37/32/37 36/31/36 28/24/28
f 37/490/37 29/492/29 30/27/30 38/34/38
f 30/27/30 31/26/31 39/33/39 38/34/38
f 39/33/39 31/26/31 32/491/32 40/489/40
f 40/35/40 32/28/32 25/192/26 33/193/34
f 34/29/33 42/36/41 41/194/42 33/193/34
f 34/29/33 35/30/35 43/37/43 42/36/41
f 36/31/36 44/38/44 43/37/43 35/30/35
f 37/32/37 45/39/45 44/38/44 36/31/36
f 45/488/45 37/490/37 38/34/38 46/41/46
f 38/34/38 39/33/39 47/40/47 46/41/46
f 47/40/47 39/33/39 40/489/40 48/487/48
f 48/42/48 40/35/40 33/193/34 41/194/42
f 42/36/41 50/43/49 49/195/50 41/194/42
f 42/36/41 43/37/43 51/44/51 50/43/49
f 44/38/44 52/45/52 51/44/51 43/37/43
f 45/39/45 53/46/53 52/45/52 44/38/44
f 53/486/53 45/488/45 46/41/46 54/48/54
f 46/41/46 47/40/47 55/47/55 54/48/54
f 55/47/55 47/40/47 48/487/48 56/485/56
f 56/49/56 48/42/48 41/194/42 49/195/50
f 50/43/49 58/50/57 57/196/58 49/195/50
f 50/43/49 51/44/51 59/51/59 58/50/57
f 52/45/52 60/52/60 59/51/59 51/44/51
f 53/46/53 61/53/61 60/52/60 52/45/52
f 61/484/61 53/486/53 54/48/54 62/55/62
f 54/48/54 55/47/55 63/54/63 62/55/62
f 63/54/63 55/47/55 56/485/56 64/483/64
f 64/56/64 56/49/56 49/195/50 57/196/58
f 58/50/57 66/57/65 65/197/66 57/196/58
f 58/50/57 59/51/59 67/58/67 66/57/65
f 60/52/60 68/59/68 67/58/67 59/51/59
f 61/53/61 69/60/69 68/59/68 60/52/60
f 69/482/69 61/484/61 62/55/62 70/62/70
f 62/55/62 63/54/63 71/61/71 70/62/70
f 71/61/71 63/54/63 64/483/64 72/481/72
f 72/63/72 64/56/64 57/196/58 65/197/66
f 66/57/65 74/64/73 73/198/74 65/197/66
f 66/57/65 67/58/67 75/65/75 74/64/73
f 68/59/68 76/66/76 75/65/75 67/58/67
f 69/60/69 77/67/77 76/66/76 68/59/68
f 77/480/77 69/482/69 70/62/70 78/69/78
f 70/62/70 71/61/71 79/68/79 78/69/78
f 79/68/79 71/61/71 72/481/72 80/479/80
f 80/70/80 72/63/72 65/197/66 73/198/74
f 74/64/73 82/71/81 81/199/82 73/198/74
f 74/64/73 75/65/75 83/72/83 82/71/81
f 76/66/76 84/73/84 83/72/83 75/65/75
f 77/67/77 85/74/85 84/73/84 76/66/76
f 85/478/85 77/480/77 78/69/78 86/76/86
f 78/69/78 79/68/79 87/75/87 86/76/86
f 87/75/87 79/68/79 80/479/80 88/477/88
f 88/77/88 80/70/80 73/198/74 81/199/82
f 82/71/81 90/78/89 89/200/90 81/199/82
f 82/71/81 83/72/83 91/79/91 90/78/89
f 84/73/84 92/80/92 91/79/91 83/72/83
f 85/74/85 93/81/93 92/80/92 84/73/84
f 93/476/93 85/478/85 86/76/86 94/83/94
f 86/76/86 87/75/87 95/82/95 94/83/94
f 95/82/95 87/75/87 88/477/88 96/475/96
f 96/84/96 88/77/88 81/199/82 89/200/90
f 90/78/89 98/85/97 97/201/98 89/200/90
f 90/78/89 91/79/91 99/86/99 98/85/97
f 92/80/92 100/87/100 99/86/99 91/79/91
f 93/81/93 101/88/101 100/87/100 92/80/92
f 101/474/101 93/476/93 94/83/94 102/90/102
f 94/83/94 95/82/95 103/89/103 102/90/102
f 103/89/103 95/82/95 96/475/96 104/473/104
f 104/91/104 96/84/96 89/200/90 97/201/98
f 98/85/97 106/92/105 105/202/106 97/201/98
f 98/85/97 99/86/99 107/93/107 106/92/105
f 100/87/100 108/94/108 107/93/107 99/86/99
f 101/88/101 109/95/109 108/94/108 100/87/100
f 109/472/109 101/474/101 102/90/102 110/97/110
f 102/90/102 103/89/103 111/96/111 110/97/110
f 111/96/111 103/89/103 104/473/104 112/471/112
f 112/98/112 104/91/104 97/201/98 105/202/106
f 106/92/105 114/99/113 113/203/114 105/202/106
f 106/92/105 107/93/107 115/100/115 114/99/113
f 108/94/108 116/101/116 115/100/115 107/93/107
f 109/95/109 117/102/117 116/101/116 108/94/108
f 117/470/117 109/472/109 110/97/110 118/104/118
f 110/97/110 111/96/111 119/103/119 118/104/118
f 119/103/119 111/96/111 112/471/112 120/469/120
f 120/105/120 112/98/112 105/202/106 113/203/114
f 114/99/113 122/106/121 121/204/122 113/203/114
f 114/99/113 115/100/115 123/107/123 122/106/121
f 116/101/116 124/108/124 123/107/123 115/100/115
f 117/102/117 125/109/125 124/108/124 116/101/116
f 125/463/125 117/470/117 118/104/118 126/111/126
f 118/104/118 119/103/119 127/110/127 126/111/126
f 127/110/127 119/103/119 120/469/120 128/461/128
f 128/112/128 120/105/120 113/203/114 121/204/122
f 139/113/129 138/114/130 141/206/131 140/205/132
f 138/114/130 137/115/133 142/207/134 141/206/131
f 122/106/121 139/113/129 140/205/132 121/204/122
f 122/106/121 123/107/123 158/116/135 139/113/129
f 124/108/124 155/117/136 158/116/135 123/107/123
f 125/109/125 152/464/137 155/117/136 124/108/124
f 152/118/137 125/463/125 126/111/126 149/120/138
f 126/111/126 127/110/127 146/119/139 149/120/138
f 146/119/139 127/110/127 128/461/128 143/121/140
f 143/462/140 128/112/128 121/204/122 140/205/132
f 137/115/133 129/122/141 130/208/142 142/207/134
f 136/459/143 145/123/144 142/207/134 130/208/142
f 135/467/145 148/125/146 145/460/144 136/124/143
f 151/127/147 148/125/146 135/467/145 134/468/148
f 133/457/149 154/458/150 151/127/147 134/468/148
f 154/129/150 133/130/149 132/132/151 157/131/152
f 157/131/152 132/132/151 131/134/153 160/133/154
f 137/115/133 160/133/154 131/134/153 129/122/141
f 144/466/155 143/462/140 140/205/132 141/206/131
f 145/123/144 144/466/155 141/206/131 142/207/134
f 147/136/156 146/119/139 143/121/140 144/135/155
f 148/125/146 147/136/156 144/135/155 145/460/144
f 146/119/139 147/136/156 150/137/157 149/120/138
f 147/136/156 148/125/146 151/127/147 150/137/157
f 153/465/158 152/118/137 149/120/138 150/137/157
f 154/458/150 153/465/158 150/137/157 151/127/147
f 152/464/137 153/138/158 156/139/159 155/117/136
f 153/138/158 154/129/150 157/131/152 156/139/159
f 155/117/136 156/139/159 159/140/160 158/116/135
f 156/139/159 157/131/152 160/133/154 159/140/160
f 137/115/133 138/114/130 159/140/160 160/133/154
f 138/114/130 139/113/129 158/116/135 159/140/160
f 135/126/145 136/459/143 130/208/142 129/122/141
f 134/128/148 135/126/145 129/122/141 131/134/153
f 133/130/149 134/128/148 131/134/153 132/132/151
f 161/141/161 2/1/2 1/189/1 162/188/162
f 3/3/5 2/1/2 161/141/161 163/142/163
f 164/143/164 4/5/7 3/3/5 163/142/163
f 165/144/165 5/7/9 4/5/7 164/143/164
f 5/456/9 165/454/165 166/145/166 6/9/11
f 7/10/13 6/9/11 166/145/166 167/146/167
f 7/10/13 167/146/167 168/147/168 8/13/15
f 8/455/15 168/453/168 162/188/162 1/189/1
f 169/148/169 161/141/161 162/188/162 170/187/170
f 163/142/163 161/141/161 169/148/169 171/149/171
f 172/150/172 164/143/164 163/142/163 171/149/171
f 173/151/173 165/144/165 164/143/164 172/150/172
f 165/454/165 173/452/173 174/152/174 166/145/166
f 167/146/167 166/145/166 174/152/174 175/153/175
f 167/146/167 175/153/175 176/154/176 168/147/168
f 168/453/168 176/451/176 170/187/170 162/188/162
f 177/155/177 169/148/169 170/187/170 178/186/178
f 171/149/171 169/148/169 177/155/177 179/156/179
f 180/157/180 172/150/172 171/149/171 179/156/179
f 181/158/181 173/151/173 172/150/172 180/157/180
f 173/452/173 181/450/181 182/159/182 174/152/174
f 175/153/175 174/152/174 182/159/182 183/160/183
f 175/153/175 183/160/183 184/161/184 176/154/176
f 176/451/176 184/448/184 178/186/178 170/187/170
f 193/162/185 177/155/177 178/186/178 200/185/186
f 179/156/179 177/155/177 193/162/185 194/163/187
f 195/164/188 180/157/180 179/156/179 194/163/187
f 196/446/189 181/158/181 180/157/180 195/164/188
f 181/450/181 196/165/189 197/166/190 182/159/182
f 183/160/183 182/159/182 197/166/190 198/167/191
f 183/160/183 198/167/191 199/168/192 184/161/184
f 184/448/184 199/445/192 200/185/186 178/186/178
f 187/180/193 190/171/194 189/169/195 188/181/196
f 191/447/197 190/171/194 187/180/193 185/179/198
f 186/184/199 192/182/200 191/447/197 185/179/198
f 194/163/187 193/162/185 201/172/201 202/173/202
f 203/174/203 195/164/188 194/163/187 202/173/202
f 204/443/204 196/446/189 195/164/188 203/174/203
f 196/165/189 204/175/204 205/176/205 197/166/190
f 198/167/191 197/166/190 205/176/205 206/177/206
f 198/167/191 206/177/206 207/178/207 199/168/192
f 199/445/192 207/441/207 208/183/208 200/185/186
f 201/172/201 193/162/185 200/185/186 208/183/208
f 202/173/202 201/172/201 185/179/198 187/180/193
f 188/181/196 203/174/203 202/173/202 187/180/193
f 189/169/195 204/443/204 203/174/203 188/181/196
f 204/175/204 189/444/195 190/449/194 205/176/205
f 206/177/206 205/176/205 190/449/194 191/170/197
f 206/177/206 191/170/197 192/442/200 207/178/207
f 207/441/207 192/182/200 186/184/199 208/183/208
f 185/179/198 201/172/201 208/183/208 186/184/199
s 4
f 218/209/209 210/210/210 209/306/211 217/305/212
f 210/210/210 218/209/209 219/211/213 211/212/214
f 220/213/215 212/214/216 211/212/214 219/211/213
f 221/215/217 213/216/218 212/214/216 220/213/215
f 213/520/218 221/524/217 222/218/219 214/217/220
f 214/217/220 222/218/219 223/219/221 215/220/222
f 215/220/222 223/219/221 224/222/223 216/519/224
f 216/221/224 224/523/223 217/305/212 209/306/211
f 226/223/225 218/209/209 217/305/212 225/304/226
f 218/209/209 226/223/225 227/224/227 219/211/213
f 228/225/228 220/213/215 219/211/213 227/224/227
f 229/226/229 221/215/217 220/213/215 228/225/228
f 221/524/217 229/522/229 230/227/230 222/218/219
f 222/218/219 230/227/230 231/228/231 223/219/221
f 223/219/221 231/228/231 232/229/232 224/222/223
f 224/523/223 232/521/232 225/304/226 217/305/212
f 234/230/233 226/223/225 225/304/226 233/303/234
f 226/223/225 234/230/233 235/231/235 227/224/227
f 236/232/236 228/225/228 227/224/227 235/231/235
f 237/233/237 229/226/229 228/225/228 236/232/236
f 229/522/229 237/504/237 238/234/238 230/227/230
f 230/227/230 238/234/238 239/235/239 231/228/231
f 231/228/231 239/235/239 240/236/240 232/229/232
f 232/521/232 240/503/240 233/303/234 225/304/226
f 210/210/210 241/237/241 242/307/242 209/306/211
f 211/212/214 243/238/243 241/237/241 210/210/210
f 212/214/216 244/239/244 243/238/243 211/212/214
f 213/216/218 245/240/245 244/239/244 212/214/216
f 245/518/245 213/520/218 214/217/220 246/242/246
f 215/220/222 247/241/247 246/242/246 214/217/220
f 247/241/247 215/220/222 216/519/224 248/517/248
f 248/243/248 216/221/224 209/306/211 242/307/242
f 241/237/241 249/244/249 250/308/250 242/307/242
f 243/238/243 251/245/251 249/244/249 241/237/241
f 244/239/244 252/246/252 251/245/251 243/238/243
f 245/240/245 253/247/253 252/246/252 244/239/244
f 253/516/253 245/518/245 246/242/246 254/249/254
f 247/241/247 255/248/255 254/249/254 246/242/246
f 255/248/255 247/241/247 248/517/248 256/515/256
f 256/250/256 248/243/248 242/307/242 250/308/250
f 249/244/249 257/251/257 258/309/258 250/308/250
f 251/245/251 259/252/259 257/251/257 249/244/249
f 252/246/252 260/253/260 259/252/259 251/245/251
f 253/247/253 261/254/261 260/253/260 252/246/252
f 261/514/261 253/516/253 254/249/254 262/256/262
f 255/248/255 263/255/263 262/256/262 254/249/254
f 263/255/263 255/248/255 256/515/256 264/513/264
f 264/257/264 256/250/256 250/308/250 258/309/258
f 257/251/257 273/258/265 280/310/266 258/309/258
f 259/252/259 274/259/267 273/258/265 257/251/257
f 260/253/260 275/260/268 274/259/267 259/252/259
f 261/254/261 276/510/269 275/260/268 260/253/260
f 276/261/269 261/514/261 262/256/262 277/263/270
f 263/255/263 278/262/271 277/263/270 262/256/262
f 278/262/271 263/255/263 264/513/264 279/264/272
f 279/509/272 264/257/264 258/309/258 280/310/266
f 268/277/273 269/265/274 270/512/275 267/275/276
f 270/512/275 271/267/277 265/276/278 267/275/276
f 265/276/278 271/267/277 272/506/279 266/312/280
f 274/259/267 282/268/281 281/269/282 273/258/265
f 275/260/268 283/270/283 282/268/281 274/259/267
f 276/510/269 284/507/284 283/270/283 275/260/268
f 284/271/284 276/261/269 277/263/270 285/273/285
f 278/262/271 286/272/286 285/273/285 277/263/270
f 286/272/286 278/262/271 279/264/272 287/274/287
f 287/505/287 279/509/272 280/310/266 288/311/288
f 273/258/265 281/269/282 288/311/288 280/310/266
f 282/268/281 267/275/276 265/276/278 281/269/282
f 283/270/283 268/277/273 267/275/276 282/268/281
f 284/507/284 269/265/274 268/277/273 283/270/283
f 269/508/274 284/271/284 285/273/285 270/266/275
f 286/272/286 271/511/277 270/266/275 285/273/285
f 271/511/277 286/272/286 287/274/287 272/278/279
f 272/506/279 287/505/287 288/311/288 266/312/280
f 281/269/282 265/276/278 266/312/280 288/311/288
f 289/279/289 234/230/233 233/303/234 290/302/290
f 235/231/235 234/230/233 289/279/289 291/280/291
f 292/281/292 236/232/236 235/231/235 291/280/291
f 293/282/293 237/233/237 236/232/236 292/281/292
f 237/504/237 293/502/293 294/283/294 238/234/238
f 239/235/239 238/234/238 294/283/294 295/284/295
f 239/235/239 295/284/295 296/285/296 240/236/240
f 240/503/240 296/501/296 290/302/290 233/303/234
f 297/286/297 289/279/289 290/302/290 304/300/298
f 291/280/291 289/279/289 297/286/297 298/287/299
f 299/288/300 292/281/292 291/280/291 298/287/299
f 300/499/301 293/282/293 292/281/292 299/288/300
f 293/502/293 300/289/301 301/290/302 294/283/294
f 295/284/295 294/283/294 301/290/302 302/291/303
f 295/284/295 302/291/303 303/292/304 296/285/296
f 296/501/296 303/497/304 304/300/298 290/302/290
f 298/287/299 297/286/297 305/293/305 306/294/306
f 306/294/306 307/295/307 299/288/300 298/287/299
f 307/295/307 308/296/308 300/499/301 299/288/300
f 300/289/301 308/500/308 309/297/309 301/290/302
f 302/291/303 301/290/302 309/297/309 310/298/310
f 302/291/303 310/298/310 311/299/311 303/292/304
f 303/497/304 311/498/311 312/301/312 304/300/298
f 312/301/312 305/293/305 297/286/297 304/300/298
s 6
f 322/313/313 313/314/314 314/318/315 321/317/316
f 315/315/317 323/316/318 321/317/316 314/318/315
f 323/316/318 315/315/317 316/320/319 324/319/320
f 324/319/320 316/320/319 317/362/321 325/558/322
f 317/560/321 318/321/323 326/322/324 325/363/322
f 319/323/325 327/324/326 326/322/324 318/321/323
f 319/323/325 320/325/327 328/326/328 327/324/326
f 320/559/327 313/314/314 322/313/313 328/557/328
f 330/327/329 322/313/313 321/317/316 329/329/330
f 323/316/318 331/328/331 329/329/330 321/317/316
f 331/328/331 323/316/318 324/319/320 332/330/332
f 332/330/332 324/319/320 325/558/322 333/556/333
f 326/322/324 334/331/334 333/364/333 325/363/322
f 327/324/326 335/332/335 334/331/334 326/322/324
f 328/326/328 336/333/336 335/332/335 327/324/326
f 322/313/313 330/327/329 336/555/336 328/557/328
f 338/334/337 330/327/329 329/329/330 337/336/338
f 331/328/331 339/335/339 337/336/338 329/329/330
f 339/335/339 331/328/331 332/330/332 340/337/340
f 340/337/340 332/330/332 333/556/333 341/554/341
f 334/331/334 342/338/342 341/365/341 333/364/333
f 335/332/335 343/339/343 342/338/342 334/331/334
f 336/333/336 344/340/344 343/339/343 335/332/335
f 330/327/329 338/334/337 344/553/344 336/555/336
f 360/341/345 338/334/337 337/336/338 353/343/346
f 339/335/339 354/342/347 353/343/346 337/336/338
f 354/342/347 339/335/339 340/337/340 355/344/348
f 355/344/348 340/337/340 341/554/341 356/366/349
f 342/338/342 357/345/350 356/552/349 341/365/341
f 343/339/343 358/346/351 357/345/350 342/338/342
f 344/340/344 359/551/352 358/346/351 343/339/343
f 338/334/337 360/341/345 359/347/352 344/553/344
f 350/359/353 347/348/354 348/358/355 349/548/356
f 345/349/357 347/348/354 350/359/353 351/546/358
f 352/361/359 346/350/360 345/349/357 351/546/358
f 354/342/347 362/351/361 361/352/362 353/343/346
f 362/351/361 354/342/347 355/344/348 363/353/363
f 363/353/363 355/344/348 356/366/349 364/367/364
f 357/345/350 365/354/365 364/550/364 356/552/349
f 358/346/351 366/355/366 365/354/365 357/345/350
f 359/551/352 367/549/367 366/355/366 358/346/351
f 360/341/345 368/357/368 367/356/367 359/347/352
f 368/357/368 360/341/345 353/343/346 361/352/362
f 362/351/361 347/348/354 345/349/357 361/352/362
f 347/348/354 362/351/361 363/353/363 348/358/355
f 348/358/355 363/353/363 364/367/364 349/548/356
f 365/354/365 350/547/353 349/368/356 364/550/364
f 366/355/366 351/360/358 350/547/353 365/354/365
f 367/549/367 352/545/359 351/360/358 366/355/366
f 368/357/368 346/350/360 352/361/359 367/356/367
f 346/350/360 368/357/368 361/352/362 345/349/357
s 8
f 433/369/369 370/370/370 369/434/371 440/432/372
f 370/370/370 433/369/369 434/371/373 371/372/374
f 435/373/375 372/374/376 371/372/374 434/371/373
f 436/527/377 373/376/378 372/374/376 435/373/375
f 373/544/378 436/375/377 437/378/379 374/377/380
f 374/377/380 437/378/379 438/379/381 375/380/382
f 375/380/382 438/379/381 439/382/383 376/543/384
f 376/381/384 439/525/383 440/432/372 369/434/371
f 370/370/370 385/383/385 386/435/386 369/434/371
f 371/372/374 387/384/387 385/383/385 370/370/370
f 372/374/376 388/385/388 387/384/387 371/372/374
f 373/376/378 389/386/389 388/385/388 372/374/376
f 389/542/389 373/544/378 374/377/380 390/388/390
f 375/380/382 391/387/391 390/388/390 374/377/380
f 391/387/391 375/380/382 376/543/384 392/541/392
f 392/389/392 376/381/384 369/434/371 386/435/386
f 385/383/385 393/390/393 394/436/394 386/435/386
f 387/384/387 395/391/395 393/390/393 385/383/385
f 388/385/388 396/392/396 395/391/395 387/384/387
f 389/386/389 397/393/397 396/392/396 388/385/388
f 397/540/397 389/542/389 390/388/390 398/395/398
f 391/387/391 399/394/399 398/395/398 390/388/390
f 399/394/399 391/387/391 392/541/392 400/539/400
f 400/396/400 392/389/392 386/435/386 394/436/394
f 393/390/393 401/397/401 402/437/402 394/436/394
f 395/391/395 403/398/403 401/397/401 393/390/393
f 396/392/396 404/399/404 403/398/403 395/391/395
f 397/393/397 405/400/405 404/399/404 396/392/396
f 405/538/405 397/540/397 398/395/398 406/402/406
f 399/394/399 407/401/407 406/402/406 398/395/398
f 407/401/407 399/394/399 400/539/400 408/537/408
f 408/403/408 400/396/400 394/436/394 402/437/402
f 401/397/401 417/404/409 424/438/410 402/437/402
f 403/398/403 418/405/411 417/404/409 401/397/401
f 404/399/404 419/406/412 418/405/411 403/398/403
f 405/400/405 420/534/413 419/406/412 404/399/404
f 420/407/413 405/538/405 406/402/406 421/409/414
f 407/401/407 422/408/415 421/409/414 406/402/406
f 422/408/415 407/401/407 408/537/408 423/410/416
f 423/533/416 408/403/408 402/437/402 424/438/410
f 412/423/417 413/411/418 414/536/419 411/421/420
f 414/536/419 415/413/421 409/422/422 411/421/420
f 409/422/422 415/413/421 416/530/423 410/440/424
f 418/405/411 426/414/425 425/415/426 417/404/409
f 419/406/412 427/416/427 426/414/425 418/405/411
f 420/534/413 428/531/428 427/416/427 419/406/412
f 428/417/428 420/407/413 421/409/414 429/419/429
f 422/408/415 430/418/430 429/419/429 421/409/414
f 430/418/430 422/408/415 423/410/416 431/420/431
f 431/529/431 423/533/416 424/438/410 432/439/432
f 417/404/409 425/415/426 432/439/432 424/438/410
f 426/414/425 411/421/420 409/422/422 425/415/426
f 427/416/427 412/423/417 411/421/420 426/414/425
f 428/531/428 413/411/418 412/423/417 427/416/427
f 413/532/418 428/417/428 429/419/429 414/412/419
f 430/418/430 415/535/421 414/412/419 429/419/429
f 415/535/421 430/418/430 431/420/431 416/424/423
f 416/530/423 431/529/431 432/439/432 410/440/424
f 425/415/426 409/422/422 410/440/424 432/439/432
f 434/371/373 433/369/369 378/425/433 379/426/434
f 379/426/434 380/427/435 435/373/375 434/371/373
f 380/427/435 381/428/436 436/527/377 435/373/375
f 436/375/377 381/528/436 382/429/437 437/378/379
f 438/379/381 437/378/379 382/429/437 383/430/438
f 438/379/381 383/430/438 384/431/439 439/382/383
f 439/525/383 384/526/439 377/433/440 440/432/372
f 377/433/440 378/425/433 433/369/369 440/432/372
s 10
f 441/561/441 449/564/442 450/563/443 442/562/444
f 442/562/444 450/563/443 451/566/445 443/565/446
f 443/565/446 451/566/445 452/568/447 444/567/448
f 444/567/448 452/568/447 453/570/449 445/569/450
f 453/571/449 454/574/451 446/573/452 445/572/450
f 446/573/452 454/574/451 455/576/453 447/575/454
f 455/576/453 456/578/455 448/577/456 447/575/454
f 456/579/455 449/564/442 441/561/441 448/580/456
f 450/563/443 449/564/442 457/582/457 458/581/458
f 450/563/443 458/581/458 459/583/459 451/566/445
f 452/568/447 451/566/445 459/583/459 460/584/460
f 453/570/449 452/568/447 460/584/460 461/585/461
f 461/586/461 462/587/462 454/574/451 453/571/449
f 454/574/451 462/587/462 463/588/463 455/576/453
f 463/588/463 464/589/464 456/578/455 455/576/453
f 464/590/464 457/582/457 449/564/442 456/579/455
f 458/581/458 457/582/457 465/592/465 466/591/466
f 458/581/458 466/591/466 467/593/467 459/583/459
f 460/584/460 459/583/459 467/593/467 468/594/468
f 461/585/461 460/584/460 468/594/468 469/595/469
f 469/596/469 470/597/470 462/587/462 461/586/461
f 462/587/462 470/597/470 471/598/471 463/588/463
f 471/598/471 472/599/472 464/589/464 463/588/463
f 472/600/472 465/592/465 457/582/457 464/590/464
f 466/591/466 465/592/465 473/602/473 474/601/474
f 466/591/466 474/601/474 475/603/475 467/593/467
f 468/594/468 467/593/467 475/603/475 476/604/476
f 469/595/469 468/594/468 476/604/476 477/605/477
f 477/606/477 478/607/478 470/597/470 469/596/469
f 470/597/470 478/607/478 479/608/479 471/598/471
f 479/608/479 480/609/480 472/599/472 471/598/471
f 480/610/480 473/602/473 465/592/465 472/600/472
f 474/601/474 473/602/473 481/612/481 482/611/482
f 474/601/474 482/611/482 483/613/483 475/603/475
f 476/604/476 475/603/475 483/613/483 484/614/484
f 477/605/477 476/604/476 484/614/484 485/615/485
f 485/616/485 486/617/486 478/607/478 477/606/477
f 478/607/478 486/617/486 487/618/487 479/608/479
f 487/618/487 488/619/488 480/609/480 479/608/479
f 488/620/488 481/612/481 473/602/473 480/610/480
f 482/611/482 481/612/481 489/622/489 490/621/490
f 482/611/482 490/621/490 491/623/491 483/613/483
f 484/614/484 483/613/483 491/623/491 492/624/492
f 485/615/485 484/614/484 492/624/492 493/625/493
f 493/626/493 494/627/494 486/617/486 485/616/485
f 486/617/486 494/627/494 495/628/495 487/618/487
f 495/628/495 496/629/496 488/619/488 487/618/487
f 496/630/496 489/622/489 481/612/481 488/620/488
f 490/621/490 489/622/489 497/632/497 498/631/498
f 490/621/490 498/631/498 499/633/499 491/623/491
f 492/624/492 491/623/491 499/633/499 500/634/500
f 493/625/493 492/624/492 500/634/500 501/635/501
f 501/636/501 502/637/502 494/627/494 493/626/493
f 494/627/494 502/637/502 503/638/503 495/628/495
f 503/638/503 504/639/504 496/629/496 495/628/495
f 504/640/504 497/632/497 489/622/489 496/630/496
f 498/631/498 497/632/497 505/642/505 506/641/506
f 498/631/498 506/641/506 507/643/507 499/633/499
f 500/634/500 499/633/499 507/643/507 508/644/508
f 501/635/501 500/634/500 508/644/508 509/645/509
f 509/646/509 510/647/510 502/637/502 501/636/501
f 502/637/502 510/647/510 511/648/511 503/638/503
f 511/648/511 512/649/512 504/639/504 503/638/503
f 512/650/512 505/642/505 497/632/497 504/640/504
f 506/641/506 505/642/505 513/652/513 514/651/514
f 506/641/506 514/651/514 515/653/515 507/643/507
f 508/644/508 507/643/507 515/653/515 516/654/516
f 509/645/509 508/644/508 516/654/516 517/655/517
f 517/656/517 518/657/518 510/647/510 509/646/509
f 510/647/510 518/657/518 519/658/519 511/648/511
f 519/658/519 520/659/520 512/649/512 511/648/511
f 520/660/520 513/652/513 505/642/505 512/650/512
f 514/651/514 513/652/513 521/662/521 522/661/522
f 514/651/514 522/661/522 523/663/523 515/653/515
f 516/654/516 515/653/515 523/663/523 524/664/524
f 517/655/517 516/654/516 524/664/524 525/665/525
f 525/666/525 526/667/526 518/657/518 517/656/517
f 518/657/518 526/667/526 527/668/527 519/658/519
f 527/668/527 528/669/528 520/659/520 519/658/519
f 528/670/528 521/662/521 513/652/513 520/660/520
f 522/661/522 521/662/521 529/672/529 530/671/530
f 522/661/522 530/671/530 531/673/531 523/663/523
f 524/664/524 523/663/523 531/673/531 532/674/532
f 525/665/525 524/664/524 532/674/532 533/675/533
f 533/676/533 534/677/534 526/667/526 525/666/525
f 526/667/526 534/677/534 535/678/535 527/668/527
f 535/678/535 536/679/536 528/669/528 527/668/527
f 536/680/536 529/672/529 521/662/521 528/670/528
f 530/671/530 529/672/529 537/682/537 538/681/538
f 530/671/530 538/681/538 539/683/539 531/673/531
f 532/674/532 531/673/531 539/683/539 540/684/540
f 533/675/533 532/674/532 540/684/540 541/685/541
f 541/686/541 542/687/542 534/677/534 533/676/533
f 534/677/534 542/687/542 543/688/543 535/678/535
f 543/688/543 544/689/544 536/679/536 535/678/535
f 544/690/544 537/682/537 529/672/529 536/680/536
f 538/681/538 537/682/537 545/692/545 546/691/546
f 538/681/538 546/691/546 547/693/547 539/683/539
f 540/684/540 539/683/539 547/693/547 548/694/548
f 541/685/541 540/684/540 548/694/548 549/695/549
f 549/696/549 550/697/550 542/687/542 541/686/541
f 542/687/542 550/697/550 551/698/551 543/688/543
f 551/698/551 552/699/552 544/689/544 543/688/543
f 552/700/552 545/692/545 537/682/537 544/690/544
f 546/691/546 545/692/545 553/702/553 554/701/554
f 546/691/546 554/701/554 555/703/555 547/693/547
f 548/694/548 547/693/547 555/703/555 556/704/556
f 549/695/549 548/694/548 556/704/556 557/705/557
f 557/706/557 558/707/558 550/697/550 549/696/549
f 550/697/550 558/707/558 559/708/559 551/698/551
f 559/708/559 560/709/560 552/699/552 551/698/551
f 560/710/560 553/702/553 545/692/545 552/700/552
f 554/701/554 553/702/553 561/712/561 562/711/562
f 554/701/554 562/711/562 563/713/563 555/703/555
f 556/704/556 555/703/555 563/713/563 564/714/564
f 557/705/557 556/704/556 564/714/564 565/715/565
f 565/716/565 566/717/566 558/707/558 557/706/557
f 558/707/558 566/717/566 567/718/567 559/708/559
f 567/718/567 568/719/568 560/709/560 559/708/559
f 568/720/568 561/712/561 553/702/553 560/710/560
f 579/721/569 580/724/570 581/723/571 578/722/572
f 578/722/572 581/723/571 582/726/573 577/725/574
f 562/711/562 561/712/561 580/724/570 579/721/569
f 562/711/562 579/721/569 598/727/575 563/713/563
f 564/714/564 563/713/563 598/727/575 595/728/576
f 565/715/565 564/714/564 595/728/576 592/729/577
f 592/730/577 589/731/578 566/717/566 565/716/565
f 566/717/566 589/731/578 586/732/579 567/718/567
f 586/732/579 583/733/580 568/719/568 567/718/567
f 583/734/580 580/724/570 561/712/561 568/720/568
f 577/725/574 582/726/573 570/736/581 569/735/582
f 576/737/583 570/736/581 582/726/573 585/738/584
f 575/739/585 576/742/583 585/741/584 588/740/586
f 591/743/587 574/744/588 575/739/585 588/740/586
f 573/745/589 574/744/588 591/743/587 594/746/590
f 594/747/590 597/750/591 572/749/592 573/748/589
f 597/750/591 600/752/593 571/751/594 572/749/592
f 577/725/574 569/735/582 571/751/594 600/752/593
f 584/753/595 581/723/571 580/724/570 583/734/580
f 585/738/584 582/726/573 581/723/571 584/753/595
f 587/754/596 584/755/595 583/733/580 586/732/579
f 588/740/586 585/741/584 584/755/595 587/754/596
f 586/732/579 589/731/578 590/756/597 587/754/596
f 587/754/596 590/756/597 591/743/587 588/740/586
f 593/757/598 590/756/597 589/731/578 592/730/577
f 594/746/590 591/743/587 590/756/597 593/757/598
f 592/729/577 595/728/576 596/759/599 593/758/598
f 593/758/598 596/759/599 597/750/591 594/747/590
f 595/728/576 598/727/575 599/760/600 596/759/599
f 596/759/599 599/760/600 600/752/593 597/750/591
f 577/725/574 600/752/593 599/760/600 578/722/572
f 578/722/572 599/760/600 598/727/575 579/721/569
f 575/761/585 569/735/582 570/736/581 576/737/583
f 574/762/588 571/751/594 569/735/582 575/761/585
f 573/748/589 572/749/592 571/751/594 574/762/588
f 601/763/601 602/764/602 441/561/441 442/562/444
f 443/565/446 603/765/603 601/763/601 442/562/444
f 604/766/604 603/765/603 443/565/446 444/567/448
f 605/767/605 604/766/604 444/567/448 445/569/450
f 445/572/450 446/573/452 606/769/606 605/768/605
f 447/575/454 607/770/607 606/769/606 446/573/452
f 447/575/454 448/577/456 608/771/608 607/770/607
f 448/580/456 441/561/441 602/764/602 608/772/608
f 609/773/609 610/774/610 602/764/602 601/763/601
f 603/765/603 611/775/611 609/773/609 601/763/601
f 612/776/612 611/775/611 603/765/603 604/766/604
f 613/777/613 612/776/612 604/766/604 605/767/605
f 605/768/605 606/769/606 614/779/614 613/778/613
f 607/770/607 615/780/615 614/779/614 606/769/606
f 607/770/607 608/771/608 616/781/616 615/780/615
f 608/772/608 602/764/602 610/774/610 616/782/616
f 617/783/617 618/784/618 610/774/610 609/773/609
f 611/775/611 619/785/619 617/783/617 609/773/609
f 620/786/620 619/785/619 611/775/611 612/776/612
f 621/787/621 620/786/620 612/776/612 613/777/613
f 613/778/613 614/779/614 622/789/622 621/788/621
f 615/780/615 623/790/623 622/789/622 614/779/614
f 615/780/615 616/781/616 624/791/624 623/790/623
f 616/782/616 610/774/610 618/784/618 624/792/624
f 633/793/625 640/794/626 618/784/618 617/783/617
f 619/785/619 634/795/627 633/793/625 617/783/617
f 635/796/628 634/795/627 619/785/619 620/786/620
f 636/797/629 635/796/628 620/786/620 621/787/621
f 621/788/621 622/789/622 637/799/630 636/798/629
f 623/790/623 638/800/631 637/799/630 622/789/622
f 623/790/623 624/791/624 639/801/632 638/800/631
f 624/792/624 618/784/618 640/794/626 639/802/632
f 627/803/633 628/806/634 629/805/635 630/804/636
f 631/807/637 625/808/638 627/803/633 630/804/636
f 626/809/639 625/808/638 631/807/637 632/810/640
f 634/795/627 642/812/641 641/811/642 633/793/625
f 643/813/643 642/812/641 634/795/627 635/796/628
f 644/814/644 643/813/643 635/796/628 636/797/629
f 636/798/629 637/799/630 645/816/645 644/815/644
f 638/800/631 646/817/646 645/816/645 637/799/630
f 638/800/631 639/801/632 647/818/647 646/817/646
f 639/802/632 640/794/626 648/820/648 647/819/647
f 641/811/642 648/820/648 640/794/626 633/793/625
f 642/812/641 627/803/633 625/808/638 641/811/642
f 628/806/634 627/803/633 642/812/641 643/813/643
f 629/805/635 628/806/634 643/813/643 644/814/644
f 644/815/644 645/816/645 630/822/636 629/821/635
f 646/817/646 631/823/637 630/822/636 645/816/645
f 646/817/646 647/818/647 632/824/640 631/823/637
f 647/819/647 648/820/648 626/809/639 632/810/640
f 625/808/638 626/809/639 648/820/648 641/811/642
s 12
f 658/825/649 657/828/650 649/827/651 650/826/652
f 650/826/652 651/830/653 659/829/654 658/825/649
f 660/831/655 659/829/654 651/830/653 652/832/656
f 661/833/657 660/831/655 652/832/656 653/834/658
f 653/835/658 654/838/659 662/837/660 661/836/657
f 654/838/659 655/840/661 663/839/662 662/837/660
f 655/840/661 656/842/663 664/841/664 663/839/662
f 656/843/663 649/827/651 657/828/650 664/844/664
f 666/845/665 665/846/666 657/828/650 658/825/649
f 658/825/649 659/829/654 667/847/667 666/845/665
f 668/848/668 667/847/667 659/829/654 660/831/655
f 669/849/669 668/848/668 660/831/655 661/833/657
f 661/836/657 662/837/660 670/851/670 669/850/669
f 662/837/660 663/839/662 671/852/671 670/851/670
f 663/839/662 664/841/664 672/853/672 671/852/671
f 664/844/664 657/828/650 665/846/666 672/854/672
f 674/855/673 673/856/674 665/846/666 666/845/665
f 666/845/665 667/847/667 675/857/675 674/855/673
f 676/858/676 675/857/675 667/847/667 668/848/668
f 677/859/677 676/858/676 668/848/668 669/849/669
f 669/850/669 670/851/670 678/861/678 677/860/677
f 670/851/670 671/852/671 679/862/679 678/861/678
f 671/852/671 672/853/672 680/863/680 679/862/679
f 672/854/672 665/846/666 673/856/674 680/864/680
f 650/826/652 649/827/651 682/866/681 681/865/682
f 651/830/653 650/826/652 681/865/682 683/867/683
f 652/832/656 651/830/653 683/867/683 684/868/684
f 653/834/658 652/832/656 684/868/684 685/869/685
f 685/870/685 686/871/686 654/838/659 653/835/658
f 655/840/661 654/838/659 686/871/686 687/872/687
f 687/872/687 688/873/688 656/842/663 655/840/661
f 688/874/688 682/866/681 649/827/651 656/843/663
f 681/865/682 682/866/681 690/876/689 689/875/690
f 683/867/683 681/865/682 689/875/690 691/877/691
f 684/868/684 683/867/683 691/877/691 692/878/692
f 685/869/685 684/868/684 692/878/692 693/879/693
f 693/880/693 694/881/694 686/871/686 685/870/685
f 687/872/687 686/871/686 694/881/694 695/882/695
f 695/882/695 696/883/696 688/873/688 687/872/687
f 696/884/696 690/876/689 682/866/681 688/874/688
f 689/875/690 690/876/689 698/886/697 697/885/698
f 691/877/691 689/875/690 697/885/698 699/887/699
f 692/878/692 691/877/691 699/887/699 700/888/700
f 693/879/693 692/878/692 700/888/700 701/889/701
f 701/890/701 702/891/702 694/881/694 693/880/693
f 695/882/695 694/881/694 702/891/702 703/892/703
f 703/892/703 704/893/704 696/883/696 695/882/695
f 704/894/704 698/886/697 690/876/689 696/884/696
f 697/885/698 698/886/697 720/896/705 713/895/706
f 699/887/699 697/885/698 713/895/706 714/897/707
f 700/888/700 699/887/699 714/897/707 715/898/708
f 701/889/701 700/888/700 715/898/708 716/899/709
f 716/900/709 717/901/710 702/891/702 701/890/701
f 703/892/703 702/891/702 717/901/710 718/902/711
f 718/902/711 719/903/712 704/893/704 703/892/703
f 719/904/712 720/896/705 698/886/697 704/894/704
f 708/905/713 707/908/714 710/907/715 709/906/716
f 710/907/715 707/908/714 705/910/717 711/909/718
f 705/910/717 706/912/719 712/911/720 711/909/718
f 714/897/707 713/895/706 721/914/721 722/913/722
f 715/898/708 714/897/707 722/913/722 723/915/723
f 716/899/709 715/898/708 723/915/723 724/916/724
f 724/917/724 725/918/725 717/901/710 716/900/709
f 718/902/711 717/901/710 725/918/725 726/919/726
f 726/919/726 727/920/727 719/903/712 718/902/711
f 727/921/727 728/922/728 720/896/705 719/904/712
f 713/895/706 720/896/705 728/922/728 721/914/721
f 722/913/722 721/914/721 705/910/717 707/908/714
f 723/915/723 722/913/722 707/908/714 708/905/713
f 724/916/724 723/915/723 708/905/713 709/906/716
f 709/923/716 710/924/715 725/918/725 724/917/724
f 726/919/726 725/918/725 710/924/715 711/925/718
f 711/925/718 712/926/720 727/920/727 726/919/726
f 712/911/720 706/912/719 728/922/728 727/921/727
f 721/914/721 728/922/728 706/912/719 705/910/717
f 729/927/729 730/928/730 673/856/674 674/855/673
f 675/857/675 731/929/731 729/927/729 674/855/673
f 732/930/732 731/929/731 675/857/675 676/858/676
f 733/931/733 732/930/732 676/858/676 677/859/677
f 677/860/677 678/861/678 734/933/734 733/932/733
f 679/862/679 735/934/735 734/933/734 678/861/678
f 679/862/679 680/863/680 736/935/736 735/934/735
f 680/864/680 673/856/674 730/928/730 736/936/736
f 737/937/737 744/938/738 730/928/730 729/927/729
f 731/929/731 738/939/739 737/937/737 729/927/729
f 739/940/740 738/939/739 731/929/731 732/930/732
f 740/941/741 739/940/740 732/930/732 733/931/733
f 733/932/733 734/933/734 741/943/742 740/942/741
f 735/934/735 742/944/743 741/943/742 734/933/734
f 735/934/735 736/935/736 743/945/744 742/944/743
f 736/936/736 730/928/730 744/938/738 743/946/744
f 738/939/739 746/948/745 745/947/746 737/937/737
f 746/948/745 738/939/739 739/940/740 747/949/747
f 747/949/747 739/940/740 740/941/741 748/950/748
f 740/942/741 741/943/742 749/952/749 748/951/748
f 742/944/743 750/953/750 749/952/749 741/943/742
f 742/944/743 743/945/744 751/954/751 750/953/750
f 743/946/744 744/938/738 752/956/752 751/955/751
f 752/956/752 744/938/738 737/937/737 745/947/746
s 14
f 762/957/753 761/960/754 754/959/755 753/958/756
f 755/961/757 754/959/755 761/960/754 763/962/758
f 763/962/758 764/964/759 756/963/760 755/961/757
f 764/964/759 765/966/761 757/965/762 756/963/760
f 757/967/762 765/970/761 766/969/763 758/968/764
f 759/971/765 758/968/764 766/969/763 767/972/766
f 759/971/765 767/972/766 768/974/767 760/973/768
f 760/975/768 768/976/767 762/957/753 753/958/756
f 770/977/769 769/978/770 761/960/754 762/957/753
f 763/962/758 761/960/754 769/978/770 771/979/771
f 771/979/771 772/980/772 764/964/759 763/962/758
f 772/980/772 773/981/773 765/966/761 764/964/759
f 766/969/763 765/970/761 773/983/773 774/982/774
f 767/972/766 766/969/763 774/982/774 775/984/775
f 768/974/767 767/972/766 775/984/775 776/985/776
f 762/957/753 768/976/767 776/986/776 770/977/769
f 778/987/777 777/988/778 769/978/770 770/977/769
f 771/979/771 769/978/770 777/988/778 779/989/779
f 779/989/779 780/990/780 772/980/772 771/979/771
f 780/990/780 781/991/781 773/981/773 772/980/772
f 774/982/774 773/983/773 781/993/781 782/992/782
f 775/984/775 774/982/774 782/992/782 783/994/783
f 776/985/776 775/984/775 783/994/783 784/995/784
f 770/977/769 776/986/776 784/996/784 778/987/777
f 800/997/785 793/998/786 777/988/778 778/987/777
f 779/989/779 777/988/778 793/998/786 794/999/787
f 794/999/787 795/1000/788 780/990/780 779/989/779
f 795/1000/788 796/1001/789 781/991/781 780/990/780
f 782/992/782 781/993/781 796/1003/789 797/1002/790
f 783/994/783 782/992/782 797/1002/790 798/1004/791
f 784/995/784 783/994/783 798/1004/791 799/1005/792
f 778/987/777 784/996/784 799/1006/792 800/997/785
f 790/1007/793 789/1010/794 788/1009/795 787/1008/796
f 785/1011/797 791/1012/798 790/1007/793 787/1008/796
f 792/1013/799 791/1012/798 785/1011/797 786/1014/800
f 794/999/787 793/998/786 801/1016/801 802/1015/802
f 802/1015/802 803/1017/803 795/1000/788 794/999/787
f 803/1017/803 804/1018/804 796/1001/789 795/1000/788
f 797/1002/790 796/1003/789 804/1020/804 805/1019/805
f 798/1004/791 797/1002/790 805/1019/805 806/1021/806
f 799/1005/792 798/1004/791 806/1021/806 807/1022/807
f 800/997/785 799/1006/792 807/1024/807 808/1023/808
f 808/1023/808 801/1016/801 793/998/786 800/997/785
f 802/1015/802 801/1016/801 785/1011/797 787/1008/796
f 787/1008/796 788/1009/795 803/1017/803 802/1015/802
f 788/1009/795 789/1010/794 804/1018/804 803/1017/803
f 805/1019/805 804/1020/804 789/1026/794 790/1025/793
f 806/1021/806 805/1019/805 790/1025/793 791/1027/798
f 807/1022/807 806/1021/806 791/1027/798 792/1028/799
f 808/1023/808 807/1024/807 792/1013/799 786/1014/800
f 786/1014/800 785/1011/797 801/1016/801 808/1023/808
s 16
f 873/1029/809 880/1032/810 809/1031/811 810/1030/812
f 810/1030/812 811/1034/813 874/1033/814 873/1029/809
f 875/1035/815 874/1033/814 811/1034/813 812/1036/816
f 876/1037/817 875/1035/815 812/1036/816 813/1038/818
f 813/1039/818 814/1042/819 877/1041/820 876/1040/817
f 814/1042/819 815/1044/821 878/1043/822 877/1041/820
f 815/1044/821 816/1046/823 879/1045/824 878/1043/822
f 816/1047/823 809/1031/811 880/1032/810 879/1048/824
f 810/1030/812 809/1031/811 826/1050/825 825/1049/826
f 811/1034/813 810/1030/812 825/1049/826 827/1051/827
f 812/1036/816 811/1034/813 827/1051/827 828/1052/828
f 813/1038/818 812/1036/816 828/1052/828 829/1053/829
f 829/1054/829 830/1055/830 814/1042/819 813/1039/818
f 815/1044/821 814/1042/819 830/1055/830 831/1056/831
f 831/1056/831 832/1057/832 816/1046/823 815/1044/821
f 832/1058/832 826/1050/825 809/1031/811 816/1047/823
f 825/1049/826 826/1050/825 834/1060/833 833/1059/834
f 827/1051/827 825/1049/826 833/1059/834 835/1061/835
f 828/1052/828 827/1051/827 835/1061/835 836/1062/836
f 829/1053/829 828/1052/828 836/1062/836 837/1063/837
f 837/1064/837 838/1065/838 830/1055/830 829/1054/829
f 831/1056/831 830/1055/830 838/1065/838 839/1066/839
f 839/1066/839 840/1067/840 832/1057/832 831/1056/831
f 840/1068/840 834/1060/833 826/1050/825 832/1058/832
f 833/1059/834 834/1060/833 842/1070/841 841/1069/842
f 835/1061/835 833/1059/834 841/1069/842 843/1071/843
f 836/1062/836 835/1061/835 843/1071/843 844/1072/844
f 837/1063/837 836/1062/836 844/1072/844 845/1073/845
f 845/1074/845 846/1075/846 838/1065/838 837/1064/837
f 839/1066/839 838/1065/838 846/1075/846 847/1076/847
f 847/1076/847 848/1077/848 840/1067/840 839/1066/839
f 848/1078/848 842/1070/841 834/1060/833 840/1068/840
f 841/1069/842 842/1070/841 864/1080/849 857/1079/850
f 843/1071/843 841/1069/842 857/1079/850 858/1081/851
f 844/1072/844 843/1071/843 858/1081/851 859/1082/852
f 845/1073/845 844/1072/844 859/1082/852 860/1083/853
f 860/1084/853 861/1085/854 846/1075/846 845/1074/845
f 847/1076/847 846/1075/846 861/1085/854 862/1086/855
f 862/1086/855 863/1087/856 848/1077/848 847/1076/847
f 863/1088/856 864/1080/849 842/1070/841 848/1078/848
f 852/1089/857 851/1092/858 854/1091/859 853/1090/860
f 854/1091/859 851/1092/858 849/1094/861 855/1093/862
f 849/1094/861 850/1096/863 856/1095/864 855/1093/862
f 858/1081/851 857/1079/850 865/1098/865 866/1097/866
f 859/1082/852 858/1081/851 866/1097/866 867/1099/867
f 860/1083/853 859/1082/852 867/1099/867 868/1100/868
f 868/1101/868 869/1102/869 861/1085/854 860/1084/853
f 862/1086/855 861/1085/854 869/1102/869 870/1103/870
f 870/1103/870 871/1104/871 863/1087/856 862/1086/855
f 871/1105/871 872/1106/872 864/1080/849 863/1088/856
f 857/1079/850 864/1080/849 872/1106/872 865/1098/865
f 866/1097/866 865/1098/865 849/1094/861 851/1092/858
f 867/1099/867 866/1097/866 851/1092/858 852/1089/857
f 868/1100/868 867/1099/867 852/1089/857 853/1090/860
f 853/1107/860 854/1108/859 869/1102/869 868/1101/868
f 870/1103/870 869/1102/869 854/1108/859 855/1109/862
f 855/1109/862 856/1110/864 871/1104/871 870/1103/870
f 856/1095/864 850/1096/863 872/1106/872 871/1105/871
f 865/1098/865 872/1106/872 850/1096/863 849/1094/861
f 874/1033/814 819/1112/873 818/1111/874 873/1029/809
f 819/1112/873 874/1033/814 875/1035/815 820/1113/875
f 820/1113/875 875/1035/815 876/1037/817 821/1114/876
f 876/1040/817 877/1041/820 822/1116/877 821/1115/876
f 878/1043/822 823/1117/878 822/1116/877 877/1041/820
f 878/1043/822 879/1045/824 824/1118/879 823/1117/878
f 879/1048/824 880/1032/810 817/1120/880 824/1119/879
f 817/1120/880 880/1032/810 873/1029/809 818/1111/874
g default
v 0.738922 63.519473 1.922622
v 0.736982 63.519588 1.057416
v 1.852424 66.917976 1.866790
v 1.852172 66.918184 1.057416
v 1.424153 67.586196 1.867082
v 1.424043 67.586302 1.057416
v 0.846794 68.146002 1.867285
v 0.846794 68.146011 1.057416
v 1.000869 64.320426 1.057416
v 1.001952 64.320174 1.889662
v 1.908826 66.240866 1.866542
v 1.729209 65.582450 1.867418
v 1.369842 64.975000 1.872943
v 1.908402 66.241348 1.057416
v 1.728705 65.583052 1.057416
v 1.369188 64.975455 1.057416
v 0.677176 62.280824 1.867338
v 0.677176 62.280824 1.057416
v -0.002220 68.146002 2.313729
v -0.002220 67.495592 2.313101
v -0.002220 66.845178 2.312544
v -0.002220 66.211332 2.312005
v -0.002220 65.566956 2.313923
v -0.002220 64.901596 2.324710
v -0.002220 64.194488 2.356918
v -0.002220 63.418361 2.422369
v -0.002220 62.280829 2.313773
v 1.468629 60.711065 1.544715
v 0.266211 59.894773 1.544582
v 0.267767 59.888443 1.057407
v 1.469442 60.709699 1.057407
v 1.141249 61.235241 1.605498
v 0.100585 60.714867 1.673274
v 0.099259 60.703037 1.064666
v 1.142982 61.233092 1.057407
v 1.922813 60.215009 1.545387
v 0.636245 59.013078 1.545387
v 0.636732 59.013255 1.057407
v 1.922371 60.214956 1.057407
v 2.545798 59.951560 1.545387
v 1.360479 58.168989 1.545387
v 1.360585 58.169104 1.057407
v 2.545143 59.951370 1.057407
v 3.276101 59.910192 1.545387
v 2.516807 57.820638 1.545387
v 2.516684 57.820656 1.057407
v 3.274673 59.910050 1.057407
v 5.128698 60.541832 1.545387
v 5.274148 60.157108 1.545387
v 5.274148 60.157108 1.057407
v 5.128698 60.541832 1.057407
v 3.772621 58.136887 1.545387
v 3.772568 58.136865 1.057407
v 3.976454 60.064382 1.057407
v 3.978585 60.064515 1.545413
v 4.767111 58.970534 1.545387
v 4.767111 58.970539 1.057407
v 4.654471 60.333945 1.057407
v 4.657180 60.334436 1.545413
v 0.880430 61.793565 1.724138
v 0.035337 61.543723 1.943920
v 0.031721 61.537481 1.067778
v 0.881615 61.792721 1.057416
v -0.002220 68.146002 1.057416
v -0.002220 67.495698 1.057513
v -0.002220 66.845399 1.057601
v -0.002220 66.211770 1.057690
v -0.002220 65.567633 1.057372
v -0.002220 64.902502 1.055577
v -0.002220 64.195504 1.050131
v -0.002220 63.419572 1.039123
v -0.002220 62.280829 1.057416
v -0.743358 63.519473 1.922622
v -0.741439 63.519588 1.057416
v -1.856855 66.917976 1.866790
v -1.856585 66.918184 1.057416
v -1.428536 67.586196 1.867082
v -1.428474 67.586302 1.057416
v -0.851211 68.146002 1.867285
v -0.851211 68.146011 1.057416
v -1.005313 64.320426 1.057416
v -1.006392 64.320174 1.889662
v -1.913244 66.240866 1.866542
v -1.733627 65.582450 1.867418
v -1.374286 64.975000 1.872943
v -1.912846 66.241348 1.057416
v -1.733145 65.583052 1.057416
v -1.373636 64.975455 1.057416
v -0.681589 62.280824 1.867338
v -0.681589 62.280824 1.057416
v -1.473029 60.711065 1.544715
v -0.270647 59.894773 1.544582
v -0.272194 59.888443 1.057407
v -1.473847 60.709699 1.057407
v -1.145698 61.235241 1.605498
v -0.104999 60.714867 1.673274
v -0.103686 60.703037 1.064666
v -1.147404 61.233092 1.057407
v -1.927244 60.215009 1.545387
v -0.640663 59.013078 1.545387
v -0.641176 59.013255 1.057407
v -1.926780 60.214956 1.057407
v -2.550246 59.951560 1.545387
v -1.364897 58.168989 1.545387
v -1.365021 58.169104 1.057407
v -2.549605 59.951370 1.057407
v -3.280527 59.910192 1.545387
v -2.521212 57.820638 1.545387
v -2.521146 57.820656 1.057407
v -3.279135 59.910050 1.057407
v -5.133129 60.541832 1.545387
v -5.278584 60.157108 1.545387
v -5.278584 60.157108 1.057407
v -5.133129 60.541832 1.057407
v -3.777043 58.136887 1.545387
v -3.777003 58.136865 1.057407
v -3.980898 60.064382 1.057407
v -3.983016 60.064515 1.545413
v -4.771556 58.970534 1.545387
v -4.771556 58.970539 1.057407
v -4.658932 60.333945 1.057407
v -4.661625 60.334436 1.545413
v -0.884883 61.793565 1.724138
v -0.039760 61.543723 1.943920
v -0.036170 61.537481 1.067778
v -0.886032 61.792721 1.057416
v 0.632223 62.896714 1.057416
v 0.633841 62.895613 1.927803
v -0.002220 62.859413 2.437275
v -0.638298 62.895613 1.927803
v -0.636645 62.896714 1.057416
v -0.002220 62.864952 1.034888
vt 0.089672 0.699574
vt 0.091932 0.707089
vt 0.097259 0.699583
vt 0.099337 0.706090
vt 0.097164 0.730230
vt 0.093977 0.735647
vt 0.103189 0.732832
vt 0.099003 0.740208
vt 0.089262 0.740030
vt 0.092281 0.745968
vt 0.097988 0.724773
vt 0.104337 0.725809
vt 0.135654 0.715230
vt 0.094707 0.713373
vt 0.097020 0.719069
vt 0.103875 0.718865
vt 0.089072 0.693718
vt 0.096485 0.695035
vt 0.104671 0.679511
vt 0.099267 0.682149
vt 0.093421 0.674118
vt 0.098081 0.668533
vt 0.095561 0.664986
vt 0.090779 0.669442
vt 0.102555 0.685601
vt 0.106764 0.683219
vt 0.110898 0.677288
vt 0.103641 0.663162
vt 0.101480 0.659583
vt 0.112154 0.681508
vt 0.117559 0.676340
vt 0.110973 0.658744
vt 0.109775 0.654719
vt 0.117999 0.680615
vt 0.124685 0.676457
vt 0.120118 0.657574
vt 0.120472 0.653338
vt 0.124614 0.680746
vt 0.131403 0.677296
vt 0.129668 0.660461
vt 0.131596 0.656642
vt 0.131378 0.681541
vt 0.142369 0.675111
vt 0.141663 0.677469
vt 0.137719 0.666639
vt 0.140963 0.663930
vt 0.138859 0.681911
vt 0.137837 0.678018
vt 0.146343 0.675008
vt 0.144626 0.679903
vt 0.094334 0.685335
vt 0.088003 0.680352
vt 0.085908 0.672954
vt 0.099262 0.688494
vt 0.090345 0.688542
vt 0.097346 0.691277
vt 0.123809 0.733491
vt 0.123806 0.728697
vt 0.123798 0.721986
vt 0.123792 0.715871
vt 0.123788 0.710119
vt 0.123784 0.704548
vt 0.123778 0.699070
vt 0.123774 0.693445
vt 0.082944 0.748956
vt 0.082585 0.738802
vt 0.082406 0.733584
vt 0.082234 0.728078
vt 0.082076 0.722515
vt 0.081949 0.716982
vt 0.081840 0.711230
vt 0.081745 0.705000
vt 0.081657 0.697887
vt 0.081601 0.692631
vt 0.081534 0.686295
vt 0.081417 0.674567
vt 0.073687 0.699840
vt 0.074157 0.693933
vt 0.066776 0.695428
vt 0.066106 0.700045
vt 0.071622 0.707491
vt 0.064191 0.706706
vt 0.071010 0.736253
vt 0.067461 0.730972
vt 0.061593 0.734200
vt 0.066398 0.741186
vt 0.075963 0.740488
vt 0.073557 0.746251
vt 0.066374 0.725557
vt 0.059758 0.727102
vt 0.061854 0.713139
vt 0.069046 0.713944
vt 0.066972 0.719793
vt 0.060033 0.719924
vt 0.058336 0.680069
vt 0.063758 0.682562
vt 0.064558 0.668811
vt 0.069390 0.674334
vt 0.066969 0.665172
vt 0.071924 0.669588
vt 0.056317 0.683829
vt 0.060542 0.686086
vt 0.052121 0.678050
vt 0.058727 0.663579
vt 0.060792 0.659794
vt 0.050942 0.682307
vt 0.045498 0.677384
vt 0.051133 0.659422
vt 0.051978 0.655257
vt 0.045161 0.681674
vt 0.038464 0.677852
vt 0.041822 0.658771
vt 0.041032 0.654597
vt 0.038679 0.682143
vt 0.031890 0.679085
vt 0.032363 0.662301
vt 0.030030 0.658706
vt 0.032153 0.683331
vt 0.020777 0.677995
vt 0.021418 0.680356
vt 0.024733 0.669134
vt 0.021063 0.666795
vt 0.025037 0.684303
vt 0.025572 0.680349
vt 0.016942 0.678570
vt 0.019504 0.682994
vt 0.068736 0.685636
vt 0.074946 0.680485
vt 0.076894 0.673033
vt 0.063874 0.688903
vt 0.072780 0.688764
vt 0.065839 0.691656
vt 0.123769 0.687822
vt 0.116428 0.687828
vt 0.079454 0.753628
vt 0.078199 0.756957
vt 0.130197 0.727825
vt 0.129298 0.733215
vt 0.118319 0.733225
vt 0.117939 0.738552
vt 0.129687 0.738542
vt 0.123526 0.744973
vt 0.123814 0.738546
vt 0.116173 0.742773
vt 0.113917 0.747615
vt 0.122948 0.752191
vt 0.083557 0.755422
vt 0.082595 0.767214
vt 0.089423 0.757747
vt 0.091204 0.774415
vt 0.095493 0.759076
vt 0.102066 0.777139
vt 0.101803 0.758712
vt 0.112062 0.774116
vt 0.107186 0.756428
vt 0.118314 0.766810
vt 0.111100 0.752146
vt 0.121498 0.759237
vt 0.111932 0.715250
vt 0.108820 0.709998
vt 0.107261 0.704307
vt 0.115122 0.720912
vt 0.107740 0.698454
vt 0.111439 0.692672
vt 0.117409 0.727836
vt 0.124109 0.744973
vt 0.131110 0.687815
vt 0.131458 0.742761
vt 0.133723 0.747600
vt 0.124699 0.752190
vt 0.164096 0.755353
vt 0.168196 0.753552
vt 0.165079 0.767143
vt 0.169456 0.756878
vt 0.158234 0.757689
vt 0.156484 0.774360
vt 0.152166 0.759028
vt 0.145625 0.777102
vt 0.145858 0.758674
vt 0.135623 0.774097
vt 0.140468 0.756400
vt 0.129359 0.766800
vt 0.136550 0.752123
vt 0.126162 0.759233
vt 0.101850 0.712317
vt 0.132473 0.720898
vt 0.140308 0.704279
vt 0.139815 0.698426
vt 0.138758 0.709973
vt 0.136108 0.692651
vn 0.842880 -0.153987 0.515598
vn 0.751690 -0.241244 0.613810
vn -0.000000 -0.050172 0.998741
vn -0.000000 -0.038135 0.999273
vn 0.591146 -0.250537 -0.766667
vn 0.710066 -0.177373 -0.681429
vn -0.000000 0.003106 -0.999995
vn -0.000000 0.003824 -0.999993
vn 0.609819 0.179923 0.771848
vn 0.590934 0.390222 0.706062
vn -0.000000 0.121274 0.992619
vn 0.000000 0.044694 0.999001
vn 0.445340 0.364674 -0.817731
vn 0.471634 0.169889 -0.865274
vn 0.000000 -0.000084 -1.000000
vn 0.000000 -0.000089 -1.000000
vn 0.377728 0.807600 0.452883
vn -0.000000 0.723545 0.690277
vn 0.256004 0.759417 -0.598120
vn -0.000001 0.780985 -0.624549
vn 0.594766 -0.044463 0.802668
vn 0.000000 -0.010816 0.999941
vn 0.448095 -0.041327 -0.893030
vn 0.000000 0.000084 -1.000000
vn 0.470131 -0.268757 -0.840682
vn 0.000000 0.002077 -0.999998
vn 0.634882 -0.283303 0.718793
vn -0.000000 -0.069603 0.997575
vn 0.595337 -0.201738 0.777738
vn -0.000000 -0.048846 0.998806
vn 0.442928 -0.188199 -0.876582
vn -0.000000 0.000713 -1.000000
vn 0.885422 -0.069536 0.459557
vn 0.000000 -0.086890 0.996218
vn 0.781743 -0.044102 -0.622040
vn 0.000000 -0.008798 -0.999961
vn 0.253912 0.124132 0.959229
vn 0.468470 0.036613 0.882721
vn -0.477584 -0.199643 0.855603
vn -0.369131 -0.152011 0.916861
vn 0.325063 0.179907 -0.928422
vn 0.210456 0.163251 -0.963876
vn -0.380244 -0.116930 -0.917465
vn -0.552037 -0.071151 -0.830779
vn 0.106053 0.151078 0.982816
vn -0.290095 -0.183829 0.939176
vn 0.106527 0.151095 -0.982763
vn -0.290331 -0.184345 -0.939002
vn 0.035078 0.155751 0.987173
vn -0.180682 -0.284881 0.941380
vn 0.035125 0.155767 -0.987169
vn -0.180756 -0.285009 -0.941327
vn -0.013118 0.165621 0.986102
vn -0.004545 -0.341596 0.939836
vn -0.013030 0.165680 -0.986094
vn -0.004572 -0.341747 -0.939781
vn -0.062450 0.203118 0.977161
vn 0.176573 -0.345560 0.921635
vn -0.062379 0.203213 -0.977145
vn 0.176590 -0.345606 -0.921614
vn -0.127498 0.307502 -0.942967
vn 0.413909 -0.307640 -0.856760
vn -0.127544 0.307545 0.942947
vn 0.413989 -0.307704 0.856698
vn 0.146040 0.509953 -0.847714
vn 0.689940 -0.158767 -0.706240
vn 0.146497 0.511454 0.846731
vn 0.691313 -0.159082 0.704826
vn 0.673837 -0.001987 0.738878
vn -0.650220 -0.239517 0.721003
vn 0.474022 0.209430 -0.855244
vn -0.756125 -0.049127 -0.652581
vn 0.819476 -0.048502 0.571058
vn -0.000002 -0.246817 0.969062
vn 0.660588 0.131309 -0.739176
vn -0.000000 -0.057357 -0.998354
vn -0.842879 -0.153988 0.515600
vn -0.885425 -0.069552 0.459548
vn -0.781737 -0.044126 -0.622045
vn -0.710071 -0.177374 -0.681423
vn -0.751690 -0.241242 0.613811
vn -0.591142 -0.250539 -0.766669
vn -0.590932 0.390221 0.706064
vn -0.609825 0.179932 0.771841
vn -0.471630 0.169898 -0.865274
vn -0.445349 0.364678 -0.817725
vn -0.377735 0.807601 0.452877
vn -0.256007 0.759418 -0.598118
vn -0.594766 -0.044457 0.802669
vn -0.448105 -0.041321 -0.893026
vn -0.470132 -0.268754 -0.840683
vn -0.634886 -0.283304 0.718790
vn -0.595335 -0.201729 0.777741
vn -0.442930 -0.188193 -0.876582
vn -0.468478 0.036602 0.882717
vn -0.253909 0.124120 0.959231
vn 0.369127 -0.152016 0.916862
vn 0.477593 -0.199644 0.855597
vn -0.210456 0.163243 -0.963878
vn -0.325067 0.179902 -0.928421
vn 0.552042 -0.071147 -0.830775
vn 0.380248 -0.116938 -0.917462
vn -0.106052 0.151090 0.982815
vn 0.290094 -0.183822 0.939178
vn -0.106525 0.151091 -0.982763
vn 0.290326 -0.184349 -0.939003
vn -0.035079 0.155758 0.987172
vn 0.180685 -0.284875 0.941382
vn -0.035125 0.155770 -0.987169
vn 0.180752 -0.285006 -0.941329
vn 0.013117 0.165619 0.986103
vn 0.004553 -0.341597 0.939835
vn 0.013031 0.165683 -0.986093
vn 0.004566 -0.341745 -0.939782
vn 0.062450 0.203117 0.977161
vn -0.176569 -0.345559 0.921636
vn 0.062380 0.203219 -0.977144
vn -0.176594 -0.345610 -0.921612
vn 0.127498 0.307504 -0.942966
vn -0.413905 -0.307638 -0.856762
vn 0.127543 0.307546 0.942946
vn -0.413982 -0.307701 0.856702
vn -0.146046 0.509965 -0.847707
vn -0.689958 -0.158767 -0.706223
vn -0.146500 0.511458 0.846728
vn -0.691321 -0.159078 0.704819
vn -0.673840 -0.001978 0.738875
vn 0.650220 -0.239510 0.721006
vn -0.474018 0.209445 -0.855243
vn 0.756122 -0.049113 -0.652585
vn -0.819474 -0.048512 0.571059
vn -0.660588 0.131309 -0.739176
s 1
g group3 lowpoly PROP_____PictureFrame_Var_3 High_Fidelity_Group sweep10
usemtl initialShadingGroup
f 881/1121/881 890/1122/882 905/1192/883 906/1193/884
f 889/1306/885 882/1257/886 951/1178/887 950/1179/888
f 883/1125/889 885/1126/890 900/1187/891 901/1188/892
f 886/1310/893 884/1308/894 946/1183/895 945/1184/896
f 885/1126/890 887/1129/897 899/1186/898 900/1187/891
f 888/1287/899 886/1310/893 945/1184/896 944/1253/900
f 891/1131/901 883/1125/889 901/1188/892 902/1189/902
f 884/1308/894 894/1307/903 947/1182/904 946/1183/895
f 896/1133/905 889/1306/885 950/1179/888 949/1180/906
f 890/1122/882 893/1134/907 904/1191/908 905/1192/883
f 892/1135/909 891/1131/901 902/1189/902 903/1190/910
f 893/1134/907 892/1135/909 903/1190/910 904/1191/908
f 894/1307/903 895/1309/911 948/1181/912 947/1182/904
f 895/1309/911 896/1133/905 949/1180/906 948/1181/912
f 1008/1137/913 881/1121/881 906/1193/884 1009/1194/914
f 882/1257/886 1007/1258/915 1012/1177/916 951/1178/887
f 908/1139/917 912/1140/918 913/1141/919 909/1142/920
f 915/1289/921 911/1303/922 910/1304/923 914/1290/924
f 916/1147/925 908/1139/917 909/1142/920 917/1148/926
f 911/1303/922 919/1301/927 918/1302/928 910/1304/923
f 920/1151/929 916/1147/925 917/1148/926 921/1152/930
f 919/1301/927 923/1299/931 922/1300/932 918/1302/928
f 924/1155/933 920/1151/929 921/1152/930 925/1156/934
f 923/1299/931 927/1297/935 926/1298/936 922/1300/932
f 935/1159/937 924/1155/933 925/1156/934 932/1160/938
f 927/1297/935 934/1295/939 933/1296/940 926/1298/936
f 934/1295/939 938/1291/941 937/1293/942 933/1296/940
f 939/1168/943 935/1159/937 932/1160/938 936/1165/944
f 938/1291/941 931/1292/945 930/1294/946 937/1293/942
f 928/1164/947 939/1168/943 936/1165/944 929/1163/948
f 912/1140/918 940/1171/949 941/1172/950 913/1141/919
f 943/1288/951 915/1289/921 914/1290/924 942/1286/952
f 940/1171/949 897/1175/953 907/1195/954 941/1172/950
f 898/1261/955 943/1288/951 942/1286/952 952/1263/956
f 953/1197/957 1010/1198/958 1009/1194/914 906/1193/884
f 1011/1259/959 954/1285/960 951/1178/887 1012/1177/916
f 962/1201/961 953/1197/957 906/1193/884 905/1192/883
f 954/1285/960 961/1282/962 950/1179/888 951/1178/887
f 957/1203/963 955/1204/964 901/1188/892 900/1187/891
f 956/1283/965 958/1284/966 945/1184/896 946/1183/895
f 959/1207/967 957/1203/963 900/1187/891 899/1186/898
f 958/1284/966 960/1254/968 944/1253/900 945/1184/896
f 955/1204/964 963/1209/969 902/1189/902 901/1188/892
f 966/1281/970 956/1283/965 946/1183/895 947/1182/904
f 961/1282/962 968/1279/971 949/1180/906 950/1179/888
f 965/1212/972 962/1201/961 905/1192/883 904/1191/908
f 963/1209/969 964/1213/973 903/1190/910 902/1189/902
f 964/1213/973 965/1212/972 904/1191/908 903/1190/910
f 967/1280/974 966/1281/970 947/1182/904 948/1181/912
f 968/1279/971 967/1280/974 948/1181/912 949/1180/906
f 975/1216/975 971/1215/976 972/1217/977 976/1218/978
f 974/1277/979 978/1265/980 977/1266/981 973/1278/982
f 971/1215/976 979/1223/983 980/1224/984 972/1217/977
f 982/1275/985 974/1277/979 973/1278/982 981/1276/986
f 979/1223/983 983/1227/987 984/1228/988 980/1224/984
f 986/1273/989 982/1275/985 981/1276/986 985/1274/990
f 983/1227/987 987/1231/991 988/1232/992 984/1228/988
f 990/1271/993 986/1273/989 985/1274/990 989/1272/994
f 987/1231/991 998/1235/995 995/1236/996 988/1232/992
f 997/1269/997 990/1271/993 989/1272/994 996/1270/998
f 1001/1267/999 997/1269/997 996/1270/998 1000/1268/1000
f 998/1235/995 1002/1244/1001 999/1241/1002 995/1236/996
f 994/1255/1003 1001/1267/999 1000/1268/1000 993/1256/1004
f 1002/1244/1001 991/1240/1005 992/1239/1006 999/1241/1002
f 1003/1247/1007 975/1216/975 976/1218/978 1004/1248/1008
f 978/1265/980 1006/1264/1009 1005/1262/1010 977/1266/981
f 969/1251/1011 1003/1247/1007 1004/1248/1008 907/1195/954
f 1006/1264/1009 970/1260/1012 952/1263/956 1005/1262/1010
f 897/1175/953 1008/1137/913 1009/1194/914 907/1195/954
f 1007/1258/915 898/1261/955 952/1263/956 1012/1177/916
f 970/1260/1012 1011/1259/959 1012/1177/916 952/1263/956
f 1010/1198/958 969/1251/1011 907/1195/954 1009/1194/914
f 896/1305/905 895/1136/911 892/1135/909 893/1134/907
f 895/1136/911 894/1132/903 891/1131/901 892/1135/909
f 894/1132/903 884/1127/894 883/1125/889 891/1131/901
f 884/1127/894 886/1128/893 885/1126/890 883/1125/889
f 886/1128/893 888/1130/899 887/1129/897 885/1126/890
f 888/1130/899 944/1185/900 899/1186/898 887/1129/897
f 944/1185/900 960/1208/968 959/1207/967 899/1186/898
f 960/1208/968 958/1206/966 957/1203/963 959/1207/967
f 958/1206/966 956/1205/965 955/1204/964 957/1203/963
f 956/1205/965 966/1210/970 963/1209/969 955/1204/964
f 966/1210/970 967/1214/974 964/1213/973 963/1209/969
f 967/1214/974 968/1211/971 965/1212/972 964/1213/973
f 968/1211/971 961/1202/962 962/1201/961 965/1212/972
f 961/1202/962 954/1200/960 953/1197/957 962/1201/961
f 954/1200/960 1011/1199/959 1010/1198/958 953/1197/957
f 1011/1199/959 970/1252/1012 969/1251/1011 1010/1198/958
f 970/1252/1012 1006/1250/1009 1003/1247/1007 969/1251/1011
f 1006/1250/1009 978/1222/980 975/1216/975 1003/1247/1007
f 978/1222/980 974/1221/979 971/1215/976 975/1216/975
f 974/1221/979 982/1226/985 979/1223/983 971/1215/976
f 982/1226/985 986/1230/989 983/1227/987 979/1223/983
f 986/1230/989 990/1234/993 987/1231/991 983/1227/987
f 990/1234/993 997/1238/997 998/1235/995 987/1231/991
f 997/1238/997 1001/1243/999 1002/1244/1001 998/1235/995
f 1001/1243/999 994/1246/1003 991/1240/1005 1002/1244/1001
f 992/1239/1006 991/1240/1005 994/1246/1003 993/1245/1004
f 993/1245/1004 1000/1242/1000 999/1241/1002 992/1239/1006
f 1000/1242/1000 996/1237/998 995/1236/996 999/1241/1002
f 996/1237/998 989/1233/994 988/1232/992 995/1236/996
f 989/1233/994 985/1229/990 984/1228/988 988/1232/992
f 985/1229/990 981/1225/986 980/1224/984 984/1228/988
f 981/1225/986 973/1219/982 972/1217/977 980/1224/984
f 973/1219/982 977/1220/981 976/1218/978 972/1217/977
f 977/1220/981 1005/1249/1010 1004/1248/1008 976/1218/978
f 1005/1249/1010 952/1196/956 907/1195/954 1004/1248/1008
f 952/1196/956 942/1173/952 941/1172/950 907/1195/954
f 942/1173/952 914/1144/924 913/1141/919 941/1172/950
f 914/1144/924 910/1143/923 909/1142/920 913/1141/919
f 910/1143/923 918/1149/928 917/1148/926 909/1142/920
f 918/1149/928 922/1153/932 921/1152/930 917/1148/926
f 922/1153/932 926/1157/936 925/1156/934 921/1152/930
f 926/1157/936 933/1161/940 932/1160/938 925/1156/934
f 933/1161/940 937/1166/942 936/1165/944 932/1160/938
f 937/1166/942 930/1169/946 929/1163/948 936/1165/944
f 928/1164/947 929/1163/948 930/1169/946 931/1170/945
f 931/1170/945 938/1167/941 939/1168/943 928/1164/947
f 938/1167/941 934/1162/939 935/1159/937 939/1168/943
f 934/1162/939 927/1158/935 924/1155/933 935/1159/937
f 927/1158/935 923/1154/931 920/1151/929 924/1155/933
f 923/1154/931 919/1150/927 916/1147/925 920/1151/929
f 919/1150/927 911/1146/922 908/1139/917 916/1147/925
f 911/1146/922 915/1145/921 912/1140/918 908/1139/917
f 915/1145/921 943/1174/951 940/1171/949 912/1140/918
f 943/1174/951 898/1176/955 897/1175/953 940/1171/949
f 898/1176/955 1007/1138/915 1008/1137/913 897/1175/953
f 1007/1138/915 882/1123/886 881/1121/881 1008/1137/913
f 882/1123/886 889/1124/885 890/1122/882 881/1121/881
f 889/1124/885 896/1305/905 893/1134/907 890/1122/882
g default
v 17.311490 61.729116 0.469217
v 31.247023 47.040127 0.468999
v -17.468773 61.073376 0.469172
v 0.007563 66.569251 0.469309
v -41.300700 24.861047 0.468944
v -31.285584 46.918991 0.469035
v -41.206597 -25.619777 0.468944
v -44.157634 -0.135403 0.468853
v -16.783891 -61.577143 0.469172
v -31.155749 -47.147305 0.469044
v 17.557053 -61.150345 0.469172
v 0.162609 -66.574625 0.469272
v 41.398152 -24.883824 0.468935
v 31.383970 -46.953521 0.469035
v 40.821703 24.932084 0.468853
v 44.177176 -0.000904 0.468853
v 16.330670 58.772812 1.297234
v 0.009924 63.381792 1.297635
v -16.473290 58.148421 1.297225
v -29.504285 44.670911 1.296369
v -38.949332 23.669201 1.295749
v -41.643488 -0.129562 1.295467
v -38.860623 -24.392894 1.295831
v -29.381841 -44.889662 1.296451
v -15.827347 -58.629392 1.297234
v 0.156239 -63.388168 1.297608
v 16.562244 -58.223006 1.297225
v 29.602817 -44.705077 1.296369
v 39.046957 -23.692172 1.295749
v 41.667563 -0.001476 1.295412
v 38.503168 23.736750 1.295567
v 29.473561 44.786134 1.296305
v 15.158234 55.746257 0.507619
v 14.801787 55.033777 0.478166
v 0.018809 59.326401 0.478221
v 0.007855 60.139906 0.506799
v -14.921625 54.447965 0.478166
v -15.283198 55.155210 0.507619
v -26.760387 41.857893 0.477747
v -27.345735 42.343113 0.508129
v -35.364467 22.189839 0.477136
v -36.066636 22.424658 0.508248
v -37.821453 -0.122332 0.476672
v -38.551831 -0.123423 0.508248
v -35.283678 -22.870673 0.477136
v -35.984680 -23.110980 0.508248
v -26.650614 -42.061962 0.477747
v -27.230900 -42.554268 0.508129
v -14.334122 -54.899752 0.478166
v -14.685972 -55.613021 0.507619
v 0.144903 -59.333324 0.478221
v 0.150015 -60.148160 0.506799
v 15.012256 -54.519443 0.478166
v 15.372567 -55.227376 0.507619
v 26.859060 -41.891853 0.477747
v 27.444585 -42.376605 0.508129
v 35.462297 -22.213851 0.477136
v 36.164685 -22.447027 0.508248
v 37.851767 -0.006979 0.476672
v 38.582595 0.002574 0.508248
v 34.964583 22.253485 0.477136
v 35.665185 22.488482 0.508248
v 26.737377 41.971429 0.477747
v 27.329245 42.447004 0.508129
v 15.080921 55.590465 0.677445
v 14.981710 55.393537 0.731903
v 14.882581 55.196755 0.669398
v 0.016394 59.512211 0.669380
v 0.013314 59.737179 0.731639
v 0.010206 59.962297 0.677090
v -15.003554 54.609712 0.669353
v -15.104159 54.805068 0.731602
v -15.204796 55.000570 0.677400
v -26.893206 41.969201 0.669271
v -27.055802 42.102872 0.731256
v -27.218524 42.236639 0.677445
v -35.524028 22.243824 0.669125
v -35.718782 22.308351 0.731138
v -35.913628 22.372948 0.677454
v -37.987502 -0.122581 0.668742
v -38.189957 -0.122893 0.730837
v -38.392553 -0.123194 0.677400
v -35.442956 -22.925928 0.669125
v -35.637337 -22.991967 0.731138
v -35.831918 -23.058064 0.677454
v -26.782294 -42.174847 0.669271
v -26.943441 -42.310519 0.731256
v -27.104751 -42.446286 0.677445
v -14.413828 -55.062885 0.669353
v -14.511745 -55.259904 0.731602
v -14.609716 -55.457073 0.677400
v 0.146060 -59.519435 0.669353
v 0.147472 -59.744768 0.731602
v 0.148894 -59.970269 0.677081
v 15.093852 -54.681355 0.669353
v 15.194111 -54.876906 0.731602
v 15.294407 -55.072586 0.677400
v 26.991907 -42.003043 0.669271
v 27.154516 -42.136591 0.731256
v 27.317325 -42.270231 0.677445
v 35.621908 -22.267476 0.669125
v 35.816685 -22.331557 0.731138
v 36.011617 -22.395688 0.677454
v 38.017911 -0.004830 0.668742
v 38.220489 -0.002138 0.730837
v 38.423249 0.000557 0.677400
v 35.123811 22.307534 0.669125
v 35.318115 22.372121 0.731138
v 35.512582 22.436762 0.677454
v 26.871663 42.080578 0.669271
v 27.036104 42.211524 0.731293
v 27.200699 42.342575 0.677454
v -24.659489 38.638438 -2.611066
v -32.556866 20.472283 -2.611066
v -13.764349 50.295509 -2.611066
v 0.016640 54.821754 -2.611066
v 13.661620 50.835584 -2.611066
v 24.650471 38.738201 -2.611066
v 32.200505 20.530766 -2.611066
v 34.846472 -0.003117 -2.611066
v 32.655125 -20.495782 -2.611066
v 24.758513 -38.671592 -2.611066
v 13.855267 -50.363647 -2.611066
v 0.138906 -54.830928 -2.611066
v -13.224269 -50.715138 -2.611066
v -24.557134 -38.831194 -2.611066
v -32.482679 -21.101881 -2.611066
v -34.809671 -0.113880 -2.611066
v 16.592171 59.619433 1.581080
v 16.548365 59.478325 1.677740
v 16.501863 59.329969 1.706545
v 16.455506 59.182241 1.674869
v 16.412093 59.042469 1.574765
v 0.009814 63.684797 1.587696
v 0.009705 63.833372 1.687363
v 0.009577 63.987379 1.718346
v 0.009441 64.142219 1.690807
v 0.009349 64.292466 1.595642
v -16.555916 58.414583 1.574227
v -16.599967 58.552865 1.674158
v -16.647039 58.699335 1.705743
v -16.694321 58.846407 1.676883
v -16.738723 58.986001 1.580315
v -29.640203 44.858653 1.548976
v -29.720924 44.967861 1.649326
v -29.810681 45.088260 1.681968
v -29.900588 45.208945 1.650820
v -29.981856 45.318878 1.552147
v -39.116133 23.761842 1.528499
v -39.224999 23.821075 1.628658
v -39.350036 23.888546 1.662084
v -39.475173 23.956111 1.629360
v -39.584513 24.015620 1.529757
v -41.815050 -0.130070 1.518493
v -41.932332 -0.130355 1.618060
v -42.069334 -0.130663 1.651677
v -42.206386 -0.130972 1.618297
v -42.324000 -0.131261 1.518603
v -39.027939 -24.488756 1.529693
v -39.136468 -24.549678 1.629870
v -39.260867 -24.618935 1.663287
v -39.385475 -24.688309 1.630626
v -39.494446 -24.749524 1.531115
v -29.518123 -45.079304 1.550643
v -29.598407 -45.188831 1.650912
v -29.687517 -45.309334 1.683517
v -29.776767 -45.430156 1.652506
v -29.857612 -45.540435 1.554024
v -15.906897 -58.897969 1.574747
v -15.949167 -59.037249 1.674678
v -15.994371 -59.184617 1.706345
v -16.039716 -59.332613 1.677539
v -16.082346 -59.473220 1.580971
v 0.156767 -63.690002 1.586703
v 0.157032 -63.838600 1.686306
v 0.157369 -63.992885 1.717335
v 0.157651 -64.147953 1.689687
v 0.157934 -64.298214 1.594394
v 16.644879 -58.489337 1.574273
v 16.688858 -58.627742 1.674213
v 16.735907 -58.774331 1.705834
v 16.783120 -58.921544 1.677011
v 16.827545 -59.061257 1.580451
v 29.738726 -44.892837 1.548985
v 29.819456 -45.002064 1.649317
v 29.909199 -45.122485 1.681995
v 29.999078 -45.243188 1.650848
v 30.080346 -45.353148 1.552147
v 39.213630 -23.784783 1.528244
v 39.322428 -23.843998 1.628430
v 39.447501 -23.911465 1.661920
v 39.572702 -23.979016 1.629150
v 39.682010 -24.038518 1.529529
v 41.837289 -0.001806 1.516452
v 41.954434 -0.001751 1.616073
v 42.091628 -0.001604 1.649690
v 42.228894 -0.001464 1.616183
v 42.346367 -0.001422 1.516306
v 38.663472 23.827233 1.522640
v 38.771012 23.886822 1.622562
v 38.895529 23.955305 1.656097
v 39.020120 24.023815 1.622835
v 39.128043 24.083613 1.522804
v 29.606553 44.971907 1.545230
v 29.687138 45.081689 1.645617
v 29.777182 45.203231 1.678478
v 29.867353 45.324983 1.646884
v 29.948402 45.435449 1.547709
v 16.648597 59.806177 1.393557
v 0.009231 64.501710 1.402387
v -16.795943 59.170376 1.392864
v -30.076479 45.449683 1.376552
v -39.701079 24.080458 1.364924
v -42.444412 -0.131612 1.358673
v -39.611268 -24.816567 1.365772
v -29.952358 -45.672475 1.377910
v -16.137474 -59.659244 1.393375
v 0.158326 -64.506747 1.401421
v 16.884756 -59.245727 1.393083
v 30.174956 -45.483962 1.376625
v 39.798517 -24.103333 1.364797
v 42.465681 -0.001576 1.357188
v 39.240622 24.147268 1.360031
v 30.041225 45.565128 1.373591
v 25.498117 40.058596 0.529125
v 14.128888 52.564853 0.541801
v 33.314345 21.229807 0.518381
v 36.054265 -0.004352 0.514809
v 33.786798 -21.193456 0.519803
v 25.611891 -39.987869 0.530209
v 14.329388 -52.075402 0.541673
v 0.141449 -56.692497 0.547223
v -13.679354 -52.439025 0.541910
v -25.407746 -40.152369 0.530747
v -33.612188 -21.820326 0.520249
v -36.020380 -0.117330 0.515438
v -33.688754 21.169827 0.519885
v -25.513040 39.954414 0.530209
v -14.238611 52.005901 0.541692
v 0.017141 56.684412 0.547460
v 33.396962 21.281673 0.628992
v 33.486304 21.336391 0.682885
v 33.676524 21.452714 0.630396
v 33.586809 21.397750 0.683359
v 36.142714 -0.004536 0.621966
v 36.242035 -0.004608 0.676197
v 36.454090 -0.004758 0.623433
v 36.354332 -0.004681 0.676716
v 33.871256 -21.245554 0.631608
v 33.961154 -21.299547 0.685237
v 34.152495 -21.414239 0.633038
v 34.062169 -21.360002 0.685747
v 25.677803 -40.089668 0.650790
v 25.740554 -40.184013 0.702569
v 25.873264 -40.383342 0.652239
v 25.810240 -40.288578 0.703125
v 14.367261 -52.212531 0.671422
v 14.399037 -52.324227 0.720284
v 14.465925 -52.559105 0.673107
v 14.434012 -52.446931 0.720895
v 0.141658 -56.843979 0.681254
v 0.141822 -56.959711 0.728213
v 0.142141 -57.202618 0.682803
v 0.141986 -57.086402 0.728778
v -13.715705 -52.577258 0.671932
v -13.746073 -52.689482 0.720576
v -13.810168 -52.925431 0.673627
v -13.779558 -52.812733 0.721177
v -25.473572 -40.254687 0.651601
v -25.535886 -40.348959 0.703143
v -25.667652 -40.548111 0.653087
v -25.605088 -40.453438 0.703763
v -33.696614 -21.874055 0.632337
v -33.786093 -21.929488 0.685811
v -33.976323 -22.047194 0.633777
v -33.886438 -21.991519 0.686421
v -36.109184 -0.117593 0.623042
v -36.208391 -0.117843 0.676862
v -36.420154 -0.118368 0.624527
v -36.320501 -0.118118 0.677454
v -33.773225 21.221900 0.631717
v -33.863110 21.275864 0.685291
v -34.054365 21.390500 0.633193
v -33.964075 21.336293 0.685811
v -25.578948 40.056181 0.650799
v -25.641681 40.150494 0.702578
v -25.774391 40.349750 0.652257
v -25.711394 40.255018 0.703143
v -14.276479 52.142903 0.671513
v -14.308274 52.254498 0.720348
v -14.375185 52.489167 0.673153
v -14.343263 52.377097 0.720941
v 0.017232 56.836112 0.681664
v 0.017296 56.951672 0.728723
v 0.017405 57.194209 0.683223
v 0.017323 57.078153 0.729297
v 25.276986 39.661137 0.362087
v 33.016393 21.019343 0.361149
v 14.008708 52.048599 0.363345
v 0.015346 56.131688 0.363755
v -14.117160 51.496796 0.363354
v -25.288655 39.559520 0.362260
v -33.384605 20.959658 0.361367
v -35.693554 -0.116239 0.360893
v -33.307802 -21.603225 0.361404
v -25.182578 -39.755543 0.362315
v -13.562769 -51.924644 0.363345
v 0.141312 -56.140429 0.363627
v 14.207814 -51.565914 0.363345
v 25.387597 -39.592815 0.362260
v 33.482768 -20.983021 0.361358
v 35.728738 -0.002594 0.360811
v 25.402478 39.845566 0.446390
v 14.077628 52.289154 0.446426
v 0.015255 56.390592 0.446308
v -14.187242 51.734991 0.446426
v -25.414790 39.743380 0.446390
v -33.551857 21.057430 0.446262
v -35.872579 -0.116715 0.446217
v -33.474508 -21.703823 0.446253
v -25.308011 -39.939972 0.446335
v -13.629944 -52.164475 0.446426
v 0.141768 -56.399265 0.446308
v 14.277855 -51.804309 0.446426
v 25.513691 -39.776716 0.446390
v 33.649979 -21.080790 0.446262
v 35.907485 -0.002628 0.446208
v 33.181161 21.117403 0.446244
v -24.827224 38.900809 -0.438336
v -32.778239 20.611351 -0.445608
v -13.858133 50.637012 -0.430700
v 0.016394 55.193976 -0.427064
v 13.754032 51.180750 -0.430627
v 24.817427 39.001242 -0.438983
v 32.418757 20.670217 -0.446337
v 35.082685 -0.003048 -0.448916
v 32.876447 -20.634825 -0.445635
v 24.926225 -38.934009 -0.438336
v 13.948983 -50.705432 -0.430700
v 0.139508 -55.203040 -0.427182
v -13.314386 -51.059315 -0.430554
v -24.724194 -39.094691 -0.438145
v -32.703546 -21.245030 -0.445408
v -35.046326 -0.114561 -0.448707
v -33.059602 20.788005 -0.567492
v -25.039944 39.233286 -0.566900
v -13.976709 51.068621 -0.566298
v 0.016111 55.663814 -0.566052
v 13.870877 51.616971 -0.566298
v 25.029218 39.334647 -0.566945
v 32.696251 20.847436 -0.567510
v 35.383244 -0.002951 -0.567692
v 33.157778 -20.811447 -0.567492
v 25.138890 -39.266540 -0.566900
v 14.067504 -51.137389 -0.566326
v 0.140291 -55.672732 -0.566052
v -13.428287 -51.494260 -0.566298
v -24.935944 -39.428566 -0.566863
v -32.984234 -21.426876 -0.567465
v -35.347463 -0.115427 -0.567692
v 25.451970 39.975788 0.447483
v 14.101422 52.448255 0.447575
v 0.016795 56.555251 0.447556
v -14.210794 51.890961 0.447575
v -25.465813 39.871524 0.447483
v -33.629617 21.128626 0.447174
v -35.959083 -0.117108 0.447110
v -33.552837 -21.777655 0.447174
v -25.360200 -40.068800 0.447465
v -13.652603 -52.322792 0.447565
v 0.141376 -56.563664 0.447556
v 14.301548 -51.960403 0.447575
v 25.564686 -39.904956 0.447483
v 33.727720 -21.152216 0.447174
v 35.993529 -0.003963 0.447110
v 33.257135 21.189034 0.447174
v 25.123708 39.479272 -0.106320
v 13.922328 51.804567 -0.104971
v 0.016421 55.864874 -0.104406
v -14.028921 51.254072 -0.104962
v -25.135319 39.377159 -0.106138
v -33.187595 20.864664 -0.107168
v -35.484784 -0.115812 -0.107678
v -33.111982 -21.505877 -0.107113
v -25.031082 -39.572872 -0.106092
v -13.478348 -51.681186 -0.104971
v 0.140446 -55.873606 -0.104580
v 14.119757 -51.322994 -0.104971
v 25.234238 -39.410450 -0.106138
v 33.285785 -20.888170 -0.107168
v 35.520218 -0.003341 -0.107733
v 32.822035 20.924266 -0.107350
v -24.603600 38.550978 -0.611571
v -32.483071 20.425930 -0.611571
v -34.730849 -0.113653 -0.611571
v -32.409047 -21.054160 -0.611571
v -24.501427 -38.743360 -0.611571
v -13.194206 -50.600421 -0.611571
v 0.138706 -54.706889 -0.611571
v 13.824055 -50.249710 -0.611571
v 24.702596 -38.584123 -0.611571
v 32.581338 -20.449436 -0.611571
v 34.767737 -0.003140 -0.611571
v 32.127766 20.484282 -0.611571
v 24.594801 38.650513 -0.611571
v 13.630836 50.720526 -0.611571
v 0.016713 54.697674 -0.611571
v -13.733078 50.181667 -0.611571
v 25.851867 40.603578 0.473455
v 14.318161 53.257718 0.476663
v 0.017560 57.420808 0.477984
v -14.430718 52.691348 0.476626
v -25.868599 40.496025 0.473701
v -34.172047 21.463471 0.471231
v -36.542371 -0.118750 0.469846
v -34.094014 -22.122571 0.471268
v -25.761833 -40.695369 0.473810
v -13.863464 -53.129507 0.476672
v 0.142451 -57.428779 0.477893
v 14.521458 -52.761427 0.476581
v 25.967408 -40.529635 0.473701
v 34.270051 -21.487232 0.471231
v 36.575591 -0.005047 0.469691
v 33.791072 21.525074 0.470794
v 26.296809 41.293568 0.524760
v 14.563751 54.163312 0.531640
v 0.018271 58.397032 0.534310
v -14.679994 53.586886 0.531412
v -26.317231 41.183613 0.525134
v -34.766836 21.827036 0.519547
v -37.178053 -0.120551 0.516996
v -34.687718 -22.497155 0.519885
v -26.209167 -41.385651 0.525471
v -14.102479 -54.032199 0.531476
v 0.143681 -58.404251 0.534219
v 14.770694 -53.657658 0.531412
v 26.415977 -41.217392 0.525134
v 34.864743 -21.850920 0.519502
v 37.209478 -0.006106 0.516631
v 34.375632 21.889135 0.518846
v 8.411977 62.313306 1.297526
v -8.473343 61.897033 1.297508
v -23.425291 52.425309 1.296852
v -34.885202 34.828480 1.296077
v -41.077874 11.964297 1.295521
v -41.018732 -12.455698 1.295521
v -34.826106 -35.319929 1.296123
v -22.994697 -52.754944 1.296879
v -8.042700 -62.226604 1.297490
v 8.566412 -61.955685 1.297480
v 23.518314 -52.483974 1.296852
v 34.984030 -34.852743 1.296077
v 41.176629 -11.988536 1.295521
v 40.814131 12.009367 1.295421
v 34.621513 34.873450 1.295895
v 23.363934 52.841509 1.296788
v 16.782902 60.208967 1.304188
v 0.008894 64.937640 1.309728
v -16.932343 59.568929 1.303559
v -30.319002 45.753809 1.292988
v -40.019490 24.240677 1.286026
v -42.784179 -0.132401 1.281970
v -39.929009 -24.981543 1.286572
v -30.193965 -45.978027 1.294009
v -16.268530 -60.060959 1.303805
v 0.159191 -64.942407 1.309045
v 17.021047 -59.644572 1.303650
v 30.417447 -45.788130 1.293024
v 40.116882 -24.263533 1.285898
v 42.804687 -0.001518 1.280658
v 39.554303 24.307777 1.282326
v 30.282468 45.869756 1.291092
v 8.477088 62.754530 1.684100
v 8.454953 62.607850 1.584297
v 8.500381 62.907393 1.715348
v 8.523801 63.061025 1.687427
v 8.546154 63.209295 1.591815
v 8.575862 63.412844 1.400082
v -8.610054 62.786962 1.590913
v -8.640181 62.988779 1.399425
v -23.803322 53.182770 1.566509
v -23.881588 53.342859 1.384717
v -35.452205 35.335877 1.539845
v -35.559969 35.434261 1.370128
v -41.748845 12.139953 1.521883
v -41.868843 12.172148 1.360568
v -41.688792 -12.638153 1.522576
v -41.808926 -12.671749 1.360988
v -35.392275 -35.834169 1.541676
v -35.500421 -35.934358 1.371331
v -23.365871 -53.516651 1.567985
v -23.442956 -53.678249 1.385774
v -8.172470 -63.120525 1.590539
v -8.201117 -63.323039 1.399043
v 8.703022 -62.845906 1.590321
v 8.733167 -63.047445 1.398988
v 23.896259 -53.241937 1.566700
v 23.974492 -53.402144 1.384963
v 35.550956 -35.360087 1.539826
v 35.658697 -35.458448 1.370110
v 41.847404 -12.164163 1.521118
v 41.967119 -12.196344 1.360085
v 41.478117 12.185319 1.517008
v 41.595353 12.216883 1.357188
v 35.181404 35.381010 1.533338
v 35.285992 35.477825 1.365590
v 23.816248 53.765766 1.383815
v 23.739136 53.604875 1.565014
v -8.587304 62.639677 1.686515
v -8.563314 62.486818 1.714473
v -8.539439 62.334721 1.683289
v -8.516884 62.188985 1.583577
v -23.739560 53.055432 1.664180
v -23.670339 52.918535 1.694225
v -23.601287 52.782103 1.662057
v -23.537998 52.655767 1.561907
v -35.355086 35.249194 1.639183
v -35.245632 35.152279 1.671224
v -35.136305 35.055544 1.638081
v -35.039705 34.969330 1.537776
v -41.632976 12.109685 1.621514
v -41.498749 12.075014 1.654712
v -41.364554 12.040385 1.621140
v -41.249122 12.010241 1.521327
v -41.573150 -12.606730 1.622243
v -41.439242 -12.570823 1.655404
v -41.305444 -12.534961 1.621851
v -41.190230 -12.503679 1.522011
v -35.295411 -35.746404 1.640851
v -35.186440 -35.648478 1.672764
v -35.077683 -35.550745 1.639657
v -34.981324 -35.463476 1.539325
v -23.303262 -53.388694 1.665529
v -23.235453 -53.251414 1.695346
v -23.167845 -53.114603 1.663287
v -23.105769 -52.987689 1.563173
v -8.150841 -62.972510 1.686215
v -8.128159 -62.818859 1.714182
v -8.105523 -62.665955 1.683025
v -8.084122 -62.519503 1.583249
v 8.680258 -62.698493 1.686023
v 8.656301 -62.545407 1.714036
v 8.632498 -62.393059 1.682788
v 8.609935 -62.247199 1.583140
v 23.832460 -53.114508 1.664371
v 23.763276 -52.977551 1.694325
v 23.694301 -52.841069 1.662166
v 23.631003 -52.714656 1.562007
v 35.453859 -35.273404 1.639138
v 35.344378 -35.176496 1.671160
v 35.235060 -35.079759 1.638053
v 35.138483 -34.993559 1.537721
v 41.731544 -12.133901 1.620867
v 41.597158 -12.099239 1.654138
v 41.462808 -12.064614 1.620484
v 41.347367 -12.034486 1.520671
v 41.363205 12.154889 1.616985
v 41.229292 12.119667 1.650538
v 41.095397 12.084452 1.616930
v 40.980822 12.054104 1.517245
v 35.085191 35.293990 1.633142
v 34.975828 35.196036 1.665775
v 34.866566 35.098190 1.632495
v 34.770726 35.011577 1.532254
v 23.675656 53.476371 1.663004
v 23.606672 53.338216 1.693204
v 23.537816 53.200508 1.660908
v 23.474801 53.073011 1.560595
v 17.314106 61.736679 -2.513031
v 31.251670 47.045827 -2.513031
v -17.471407 61.080858 -2.513031
v 0.007536 66.577439 -2.513031
v -41.306865 24.864047 -2.513031
v -31.290263 46.924691 -2.513031
v -41.212739 -25.622868 -2.513031
v -44.164195 -0.135418 -2.513031
v -16.786456 -61.584689 -2.513031
v -31.160420 -47.153037 -2.513031
v 17.559705 -61.157840 -2.513031
v 0.162618 -66.582818 -2.513031
v 41.404322 -24.886836 -2.513031
v 31.388699 -46.959217 -2.513031
v 40.827772 24.935082 -2.513031
v 44.183700 -0.000906 -2.513031
v -29.158659 30.124983 -2.611066
v -19.576821 45.345523 -2.611066
v -7.075844 53.537636 -2.611066
v 7.041165 53.897688 -2.611066
v 19.542087 45.705579 -2.611066
v 28.954824 30.163969 -2.611066
v 34.132894 10.386450 -2.611066
v 34.435922 -10.372076 -2.611066
v 29.257906 -30.149589 -2.611066
v 19.671188 -45.399888 -2.611066
v 7.170230 -53.592010 -2.611066
v -6.715806 -53.826346 -2.611066
v -19.216783 -45.634224 -2.611066
v -29.109222 -30.553653 -2.611066
v -34.287270 -10.776139 -2.611066
v -34.336711 10.347462 -2.611066
v 16.680328 59.908350 1.312179
v 0.009167 64.615493 1.318340
v -16.828211 59.271292 1.311633
v -30.130513 45.522225 1.301034
v -39.768628 24.116827 1.294437
v -42.514686 -0.131804 1.290482
v -39.678853 -24.854137 1.295084
v -30.006442 -45.745632 1.302073
v -16.168458 -59.761038 1.312006
v 0.158508 -64.620201 1.317474
v 16.916942 -59.346688 1.311870
v 30.228995 -45.556510 1.301116
v 39.866007 -24.139693 1.294391
v 42.535440 -0.001640 1.289352
v 39.306161 24.183138 1.290537
v 30.094426 45.637183 1.298820
v 7.808819 59.119673 0.507099
v -7.864603 58.725038 0.507099
v -21.722499 49.710626 0.507938
v -32.316124 33.004516 0.508248
v -38.030342 11.333362 0.508248
v -37.975888 -11.799744 0.508248
v -32.260408 -33.472501 0.508248
v -21.324060 -50.026218 0.507938
v -7.462669 -59.039322 0.507099
v 7.956137 -58.782569 0.507099
v 21.816224 -49.767437 0.507938
v 32.415203 -33.028730 0.508248
v 38.129643 -11.354722 0.508248
v 37.796197 11.379240 0.508248
v 32.084225 33.043507 0.508248
v 21.676142 50.101643 0.507938
v 7.719122 58.730228 0.731839
v 7.668737 58.512769 0.669398
v 7.769543 58.947851 0.677254
v 7.627684 58.333023 0.478221
v -7.667594 57.943077 0.478221
v -7.821924 58.554241 0.677217
v -21.233392 49.105969 0.478011
v -21.616308 49.578199 0.677454
v -31.660107 32.644551 0.477392
v -32.173340 32.925385 0.677445
v -37.305340 11.217686 0.476845
v -37.872271 11.307857 0.677409
v -37.251274 -11.680641 0.476845
v -37.817904 -11.773493 0.677409
v -31.607312 -33.105875 0.477392
v -32.118221 -33.391928 0.677445
v -20.841983 -49.414653 0.478011
v -21.219427 -49.892315 0.677454
v -7.279757 -58.253078 0.478221
v -7.423029 -58.867592 0.677217
v 7.763537 -57.999191 0.478221
v 7.914391 -58.611472 0.677217
v 21.327103 -49.162807 0.478011
v 21.710042 -49.635028 0.677454
v 31.759035 -32.669146 0.477392
v 32.272378 -32.949686 0.677445
v 37.404063 -11.245157 0.476845
v 37.971436 -11.330525 0.677409
v 37.072685 11.256771 0.476845
v 37.638509 11.352320 0.677409
v 31.425178 32.690554 0.477392
v 31.940872 32.965882 0.677445
v 21.569358 49.969740 0.677491
v 21.183959 49.499546 0.478011
v -7.767046 58.337908 0.731621
v -7.712187 58.121752 0.669353
v -21.480281 49.411266 0.731393
v -21.344322 49.244452 0.669316
v -31.991157 32.826260 0.731174
v -31.809087 32.727229 0.669244
v -37.671147 11.276057 0.730965
v -37.470155 11.244300 0.668925
v -37.616871 -11.740757 0.730965
v -37.415970 -11.708046 0.668925
v -31.936867 -33.290960 0.731174
v -31.755627 -33.190061 0.669244
v -21.085300 -49.723445 0.731393
v -20.951283 -49.554694 0.669316
v -7.372079 -58.650092 0.731621
v -7.321189 -58.432733 0.669353
v 7.860744 -58.394755 0.731621
v 7.807151 -58.178185 0.669353
v 21.573987 -49.468086 0.731393
v 21.438006 -49.301276 0.669316
v 32.090149 -32.850668 0.731174
v 31.908066 -32.751731 0.669244
v 37.770143 -11.300453 0.730965
v 37.569014 -11.270402 0.668925
v 37.437754 11.318609 0.730965
v 37.237190 11.284925 0.668925
v 31.757786 32.868735 0.731174
v 31.574856 32.771670 0.669244
v 21.432393 49.803545 0.731621
v 21.295537 49.637478 0.669353
v 15.476116 56.657606 0.743741
v 0.012120 61.094837 0.740214
v -15.605997 56.055774 0.743786
v -27.961811 43.071491 0.751140
v -36.924439 22.825503 0.757629
v -39.481889 -0.125426 0.759615
v -36.840296 -23.524380 0.757629
v -27.845800 -43.283256 0.751095
v -14.993803 -56.519891 0.743522
v 0.150707 -61.101637 0.739977
v 15.695598 -56.128578 0.743741
v 28.060465 -43.105383 0.751140
v 37.022155 -22.848606 0.757583
v 39.509687 -0.002004 0.759287
v 36.505440 22.890238 0.756900
v 27.937625 43.182462 0.750849
v 15.900992 57.555573 1.188045
v 28.679808 43.835477 1.189731
v 0.007263 62.083199 1.186450
v -16.036012 56.943384 1.187607
v -28.701415 43.725294 1.189448
v -37.866420 23.160615 1.190578
v -40.479459 -0.127097 1.191006
v -37.781384 -23.869220 1.190806
v -28.582584 -43.943064 1.189530
v -15.409844 -57.416828 1.187817
v 0.154362 -62.090896 1.186414
v 16.124912 -57.017022 1.187607
v 28.800070 -43.759086 1.189448
v 37.964155 -23.183060 1.190578
v 40.506273 0.002012 1.190979
v 37.439485 23.227016 1.190615
v 24.768783 55.500111 0.469126
v 36.705649 36.629039 0.468944
v 43.272210 12.614491 0.468853
v 43.656515 -12.591266 0.468862
v 37.089927 -36.605817 0.468981
v 24.932485 -55.123230 0.469117
v 9.079418 -65.070315 0.469254
v -8.530212 -65.354839 0.469254
v -24.383339 -55.407759 0.469126
v -36.928494 -37.096453 0.468990
v -43.495096 -13.081902 0.468889
v -43.557820 12.567132 0.468889
v -36.991231 36.581675 0.468990
v -24.839868 55.062970 0.469117
v -8.986809 65.010050 0.469263
v 8.915706 65.447214 0.469263
v 14.630001 54.403421 0.584886
v 26.425755 41.490519 0.576648
v 14.593705 54.272958 0.584030
v 26.352926 41.379949 0.575755
v 26.492944 41.594482 0.511975
v 14.666625 54.538227 0.517178
v 0.018490 58.791830 0.519046
v -14.784486 53.957896 0.516996
v -26.513995 41.482172 0.512248
v -35.038343 21.991417 0.507983
v -37.473194 -0.121346 0.505951
v -34.958259 -22.666247 0.508056
v -26.404933 -41.684737 0.512531
v -14.202506 -54.405770 0.517251
v 0.144210 -58.799145 0.519001
v 14.875081 -54.028996 0.516987
v 26.612695 -41.516050 0.512212
v 35.136250 -22.015370 0.507938
v 37.504423 -0.006455 0.505650
v 34.644086 22.054804 0.507427
v 34.554899 21.999389 0.569376
v 34.451386 21.936011 0.568501
v 37.407399 -0.006305 0.566524
v 37.292322 -0.006214 0.565667
v 35.045660 -21.960098 0.570142
v 34.941482 -21.897555 0.569285
v 26.545042 -41.412529 0.577159
v 26.472340 -41.303266 0.576320
v 14.837882 -53.895576 0.584740
v 14.801085 -53.766219 0.583847
v 0.144009 -58.654694 0.588158
v 0.143809 -58.520653 0.587247
v -14.166870 -54.271415 0.584932
v -14.131631 -54.141444 0.583902
v -26.337498 -41.580897 0.577468
v -26.265293 -41.471721 0.576566
v -34.867806 -22.609345 0.570506
v -34.764202 -22.545129 0.569768
v -37.375956 -0.121073 0.567116
v -37.261002 -0.120782 0.566251
v -34.947748 21.936168 0.570224
v -34.843598 21.873655 0.569358
v -26.446282 41.378691 0.577195
v -26.373617 41.269465 0.576320
v -14.747247 53.824571 0.584750
v -14.710418 53.695352 0.583857
v 0.018408 58.647287 0.588203
v 0.018353 58.513461 0.587338
v 14.263457 53.053035 0.673363
v 25.759154 40.457619 0.650371
v 14.231990 52.939877 0.721168
v 25.695947 40.361711 0.701512
v 14.197507 52.816207 0.720567
v 25.626097 40.255911 0.700993
v 14.166187 52.703527 0.671695
v 25.563237 40.160436 0.648913
v 24.772483 55.506887 -2.513031
v -8.988153 65.018042 -2.513031
v -36.996776 36.586104 -2.513031
v -43.501603 -13.083477 -2.513031
v -24.387011 -55.414512 -2.513031
v 9.080757 -65.078302 -2.513031
v 37.095458 -36.610246 -2.513031
v 43.278653 12.616006 -2.513031
v 8.917036 65.455261 -2.513031
v -24.843631 55.069677 -2.513031
v -43.564308 12.568649 -2.513031
v -36.934057 -37.100934 -2.513031
v -8.531520 -65.362872 -2.513031
v 24.936231 -55.129946 -2.513031
v 43.662995 -12.592790 -2.513031
v 36.711089 36.633463 -2.513031
v 8.592502 63.523710 1.316754
v -8.657090 63.098734 1.316162
v -23.925949 53.431030 1.306192
v -35.621995 35.489154 1.297289
v -41.938747 12.190263 1.291721
v -41.878812 -12.690635 1.292040
v -35.562607 -35.990213 1.298219
v -23.486620 -53.767176 1.307040
v -8.217210 -63.433413 1.315852
v 8.750044 -63.157295 1.315852
v 24.018826 -53.490361 1.306447
v 35.720700 -35.513330 1.297289
v 42.036887 -12.214455 1.291384
v 41.663863 12.234739 1.289042
v 35.346410 35.532028 1.293808
v 23.860017 53.854397 1.305582
v 7.972458 60.066666 0.741244
v -8.025262 59.665425 0.741244
v -22.196434 50.543200 0.747304
v -33.067261 33.584439 0.754758
v -38.944871 11.538147 0.759160
v -38.888782 -12.013007 0.759160
v -33.011190 -34.059320 0.754758
v -21.788326 -50.861612 0.747112
v -7.617118 -59.983623 0.740961
v 8.118736 -59.722751 0.741116
v 22.289871 -50.600722 0.747304
v 33.166171 -33.608786 0.754758
v 39.043676 -11.562494 0.759005
v 38.699194 11.581319 0.758586
v 32.821625 33.627524 0.754193
v 22.143492 50.944350 0.747149
v 22.742860 51.734029 1.188947
v 8.190299 61.032788 1.187042
v -8.251592 60.624334 1.186769
v -22.795687 51.327557 1.188546
v -33.924134 34.084998 1.190150
v -39.930840 11.706048 1.190870
v -39.874191 -12.187214 1.191043
v -33.867165 -34.568022 1.190296
v -22.378590 -51.653748 1.188701
v -7.831091 -60.949043 1.186924
v 8.343212 -60.682872 1.186769
v 22.888938 -51.385394 1.188546
v 34.023030 -34.109197 1.190150
v 40.029882 -11.727965 1.190870
v 39.679586 11.752816 1.190870
v 33.675786 34.127188 1.190305
v 20.937677 48.932374 0.581041
v 20.882936 48.808919 0.580157
v 20.990494 49.054281 0.514772
v 7.557898 57.807469 0.518618
v -7.597297 57.421159 0.518490
v -21.037995 48.664513 0.514772
v -31.368264 32.352073 0.509961
v -36.961651 11.117435 0.506571
v -36.908040 -11.576387 0.506562
v -31.315766 -32.809481 0.510088
v -20.650227 -48.970646 0.515091
v -7.212678 -57.728646 0.518600
v 7.693004 -57.477146 0.518463
v 21.131807 -48.721055 0.514772
v 31.467279 -32.376677 0.509943
v 37.060465 -11.144555 0.506398
v 36.732668 11.156711 0.506070
v 31.137487 32.397689 0.509478
v 31.057850 32.316426 0.572648
v 30.968080 32.226471 0.571773
v 36.637786 11.128729 0.567217
v 36.525753 11.096131 0.566360
v 36.964653 -11.116447 0.567690
v 36.852128 -11.084056 0.566834
v 31.386594 -32.295648 0.573404
v 31.296605 -32.206858 0.572520
v 21.078542 -48.600173 0.581177
v 21.023619 -48.478062 0.580312
v 7.673949 -57.335724 0.587183
v 7.655523 -57.202727 0.586262
v -7.194589 -57.586581 0.587292
v -7.177110 -57.453124 0.586299
v -20.597933 -48.849208 0.581469
v -20.544163 -48.726955 0.580476
v -31.235135 -32.727406 0.573723
v -31.145566 -32.637761 0.572939
v -36.812369 -11.547280 0.568110
v -36.700296 -11.513843 0.567353
v -36.865784 11.089436 0.567955
v -36.753423 11.057177 0.567080
v -31.287598 32.271049 0.573413
v -31.197609 32.182274 0.572520
v -20.984717 48.543704 0.581196
v -20.929767 48.421665 0.580312
v -7.578279 57.279779 0.587201
v -7.559898 57.146991 0.586308
v 7.520863 57.531616 0.586490
v 7.539043 57.665127 0.587365
v 20.411558 47.715837 0.662491
v 20.364044 47.608766 0.712037
v 20.311818 47.491252 0.711436
v 20.264577 47.384642 0.660905
v 20.212078 47.262015 0.535786
v 29.953779 31.192056 0.523120
v 35.315126 10.739255 0.515529
v 35.629918 -10.725766 0.516358
v 30.269665 -31.175892 0.524605
v 20.346921 -46.944171 0.536197
v 7.414043 -55.412129 0.545610
v -6.947554 -55.654621 0.545738
v -19.880149 -47.186226 0.536670
v -30.119937 -31.593614 0.525079
v -35.479877 -11.142877 0.516841
v -35.531018 10.700257 0.516659
v -30.170555 31.151315 0.524587
v -20.252800 46.888795 0.536197
v -7.319161 55.357131 0.545738
v 7.281853 55.729654 0.545902
v 30.029050 31.269779 0.637841
v 30.106528 31.347450 0.691051
v 30.271041 31.512050 0.639290
v 30.193227 31.434030 0.691579
v 35.401962 10.765118 0.623470
v 35.498621 10.793263 0.677673
v 35.704917 10.853194 0.624919
v 35.607802 10.824923 0.678201
v 35.717939 -10.751939 0.625056
v 35.815045 -10.779895 0.679067
v 36.022106 -10.839380 0.626514
v 35.924581 -10.811295 0.679659
v 30.346386 -31.253838 0.640474
v 30.424072 -31.330504 0.693356
v 30.588896 -31.492897 0.641887
v 30.510881 -31.415898 0.693912
v 20.400039 -47.065891 0.661671
v 20.447435 -47.171345 0.712037
v 20.547475 -47.393547 0.663256
v 20.499852 -47.287647 0.712602
v 7.433617 -55.559570 0.678347
v 7.449528 -55.674396 0.726007
v 7.482990 -55.915557 0.679997
v 7.467007 -55.800234 0.726545
v -6.966254 -55.802781 0.678675
v -6.981340 -55.918022 0.726153
v -7.013025 -56.159994 0.680297
v -6.997889 -56.044262 0.726727
v -19.932339 -47.308716 0.662382
v -19.978741 -47.414283 0.712466
v -20.076672 -47.636690 0.663995
v -20.030064 -47.530681 0.713076
v -30.196754 -31.672706 0.641240
v -30.274072 -31.750105 0.693994
v -30.438061 -31.914045 0.642689
v -30.360424 -31.836308 0.694568
v -35.567897 -11.170038 0.625812
v -35.664616 -11.198899 0.679614
v -35.870811 -11.260271 0.627224
v -35.773655 -11.231283 0.680179
v -35.619066 10.726335 0.625438
v -35.716099 10.754179 0.679277
v -35.922928 10.813419 0.626969
v -35.825498 10.785447 0.679842
v -30.247257 31.229263 0.640493
v -30.324962 31.305909 0.693374
v -30.489822 31.468281 0.641923
v -30.411743 31.391294 0.693939
v -20.305936 47.010420 0.661671
v -20.353355 47.115809 0.712037
v -20.453454 47.337888 0.663256
v -20.405804 47.232052 0.712602
v -7.338740 55.504572 0.678712
v -7.354591 55.619225 0.726262
v -7.387926 55.860012 0.680307
v -7.372011 55.744868 0.726873
v 7.301281 55.878224 0.678958
v 7.316982 55.993501 0.726563
v 7.334206 56.119750 0.727137
v 7.349943 56.235519 0.680589
v 29.689544 30.882125 0.361577
v 20.039008 46.795330 0.362734
v 7.219229 55.184813 0.363664
v -7.258233 54.816915 0.363664
v -20.077332 46.427633 0.362871
v -29.901134 30.842539 0.361805
v -35.208939 10.593840 0.361003
v -35.157848 -11.031905 0.361048
v -29.849392 -31.280272 0.361841
v -19.707252 -46.721559 0.362880
v -6.888490 -55.111133 0.363582
v 7.352249 -54.871935 0.363582
v 20.171545 -46.482653 0.362871
v 30.000309 -30.867081 0.361805
v 35.308127 -10.618202 0.360966
v 34.997162 10.633844 0.360893
v 20.138082 47.012233 0.446408
v 7.254605 55.439461 0.446353
v -7.294228 55.070000 0.446353
v -20.177209 46.642891 0.446408
v -30.050625 30.986172 0.446308
v -35.385513 10.643331 0.446235
v -35.334072 -11.083300 0.446235
v -29.998491 -31.425683 0.446290
v -19.805110 -46.937802 0.446399
v -6.922640 -55.365330 0.446353
v 7.388308 -55.125158 0.446353
v 20.271366 -46.698044 0.446408
v 30.149777 -31.010704 0.446308
v 35.484651 -10.667737 0.446235
v 35.172100 10.683467 0.446208
v 29.837417 31.026032 0.446299
v -29.356922 30.329570 -0.442264
v -19.710050 45.653431 -0.434299
v -7.124270 53.901146 -0.428112
v 7.088588 54.263644 -0.427993
v 19.674350 46.015921 -0.434563
v 29.151022 30.368812 -0.443038
v 34.364231 10.457044 -0.448360
v 34.669347 -10.442394 -0.447932
v 29.456156 -30.354158 -0.442309
v 19.804344 -45.707983 -0.434299
v 7.218555 -53.955711 -0.428184
v -6.761771 -54.191637 -0.428093
v -19.347570 -45.943909 -0.434090
v -29.307189 -30.760965 -0.442045
v -34.520353 -10.849200 -0.447768
v -34.570131 10.417799 -0.447868
v -29.608723 30.589148 -0.567182
v -19.878728 46.043054 -0.566626
v -7.185371 54.360158 -0.566134
v 7.148560 54.725723 -0.566098
v 19.841925 46.408660 -0.566635
v 29.400239 30.628809 -0.567237
v 34.658612 10.546819 -0.567647
v 34.966260 -10.531780 -0.567610
v 29.707870 -30.613725 -0.567182
v 19.973004 -46.097838 -0.566626
v 7.279629 -54.414951 -0.566134
v -6.819788 -54.652877 -0.566134
v -19.513131 -46.335746 -0.566608
v -29.558456 -31.023995 -0.567137
v -34.816870 -10.942069 -0.567601
v -34.867086 10.507205 -0.567620
v 20.174206 47.160444 0.447556
v 7.267208 55.603564 0.447565
v -7.304863 55.232190 0.447565
v -20.214220 46.788167 0.447556
v -30.116238 31.088774 0.447301
v -35.469989 10.679798 0.447128
v -35.418725 -11.121483 0.447128
v -30.065238 -31.529963 0.447292
v -19.842063 -47.084563 0.447547
v -6.933694 -55.528992 0.447565
v 7.399508 -55.287297 0.447565
v 20.308301 -46.843457 0.447556
v 30.215371 -31.113355 0.447301
v 35.569008 -10.705098 0.447128
v 35.255391 10.719240 0.447101
v 29.901143 31.129936 0.447292
v 19.916113 46.578308 -0.105609
v 7.175132 54.923772 -0.104561
v -7.211931 54.556822 -0.104561
v -19.953763 46.211067 -0.105491
v -29.722574 30.701696 -0.106712
v -35.002507 10.546031 -0.107541
v -34.952076 -10.982466 -0.107514
v -29.672262 -31.137987 -0.106694
v -19.586703 -46.504638 -0.105473
v -6.845176 -54.850479 -0.104643
v 7.306348 -54.611660 -0.104643
v 20.047966 -46.265983 -0.105491
v 29.821761 -30.726277 -0.106712
v 35.101622 -10.570872 -0.107559
v 34.792488 10.585475 -0.107651
v 29.512382 30.741728 -0.106931
v -29.092560 30.056787 -0.611571
v -34.258874 10.324017 -0.611571
v -34.209606 -10.751786 -0.611571
v -29.043209 -30.484553 -0.611571
v -19.173141 -45.530998 -0.611571
v -6.700483 -53.704580 -0.611571
v 7.154155 -53.470782 -0.611571
v 19.626781 -45.297195 -0.611571
v 29.191811 -30.081398 -0.611571
v 34.358117 -10.348637 -0.611571
v 34.055754 10.362919 -0.611571
v 28.889421 30.095687 -0.611571
v 19.497962 45.602131 -0.611571
v 7.025336 53.775704 -0.611571
v -7.059747 53.416463 -0.611571
v -19.532387 45.242890 -0.611571
v 20.487458 47.894435 0.475168
v 7.378722 56.456701 0.477647
v -7.416832 56.079458 0.477610
v -20.530426 47.515192 0.475223
v -30.597945 31.578849 0.472325
v -36.044556 10.849691 0.470302
v -35.992458 -11.298100 0.470347
v -30.546440 -32.026369 0.472443
v -20.152354 -47.815438 0.475350
v -7.040619 -56.380465 0.477610
v 7.511960 -56.134888 0.477483
v 20.624378 -47.570982 0.475223
v 30.696992 -31.603449 0.472325
v 36.143507 -10.875775 0.470220
v 35.824404 10.889003 0.469974
v 30.376668 31.621861 0.471988
v 20.839313 48.708769 0.528423
v 7.505536 57.416639 0.533663
v -7.544457 57.032758 0.533435
v -20.885807 48.322463 0.528414
v -31.129814 32.114447 0.522099
v -36.671827 11.033449 0.517734
v -36.618882 -11.489190 0.517880
v -31.077926 -32.569117 0.522464
v -20.501082 -48.627325 0.528606
v -7.162384 -57.338339 0.533435
v 7.640041 -57.088421 0.533417
v 20.979650 -48.378791 0.528414
v 31.228788 -32.139036 0.522099
v 36.770541 -11.060236 0.517579
v 36.444849 11.072346 0.517133
v 30.900955 32.158287 0.521525
v 8.645001 63.840959 1.308389
v -8.710641 63.414042 1.307760
v -24.074825 53.701052 1.298228
v -35.845815 35.670643 1.289088
v -42.204167 12.253044 1.283219
v -42.143767 -12.755808 1.283501
v -35.785916 -36.173975 1.290044
v -23.632671 -54.038601 1.298975
v -8.268027 -63.750329 1.307514
v 8.803518 -63.472840 1.307514
v 24.167638 -53.760524 1.298374
v 35.944547 -35.694814 1.289088
v 42.302361 -12.277230 1.282763
v 41.927497 12.298002 1.280549
v 35.568589 35.714252 1.285889
v 24.008018 54.126615 1.297799
vt 0.921214 0.008443
vt 0.946092 0.008443
vt 0.946120 0.017457
vt 0.921286 0.017457
vt 0.892040 0.008443
vt 0.892099 0.017457
vt 0.031074 0.008443
vt 0.054947 0.008443
vt 0.054930 0.017457
vt 0.031175 0.017457
vt 0.993437 0.008443
vt 0.993141 0.017457
vt 0.142592 0.008443
vt 0.179924 0.008443
vt 0.179910 0.017457
vt 0.142567 0.017457
vt 0.108254 0.008443
vt 0.108199 0.017457
vt 0.297501 0.008443
vt 0.336178 0.008443
vt 0.336199 0.017457
vt 0.297522 0.017457
vt 0.257369 0.008443
vt 0.257369 0.017457
vt 0.435101 0.008443
vt 0.460117 0.008443
vt 0.460194 0.017457
vt 0.435175 0.017457
vt 0.405783 0.008443
vt 0.405832 0.017457
vt 0.522550 0.008443
vt 0.544861 0.008443
vt 0.544807 0.017457
vt 0.522508 0.017457
vt 0.501740 0.008443
vt 0.501726 0.017457
vt 0.630706 0.008443
vt 0.667454 0.008443
vt 0.667440 0.017457
vt 0.630680 0.017457
vt 0.596935 0.008443
vt 0.596877 0.017457
vt 0.782477 0.008443
vt 0.820791 0.008443
vt 0.820808 0.017457
vt 0.782483 0.017457
vt 0.743535 0.008443
vt 0.743534 0.017457
vt 0.186232 0.061198
vt 0.151099 0.061198
vt 0.151218 0.054983
vt 0.186319 0.054983
vt 0.118240 0.061198
vt 0.118395 0.054983
vt 0.063064 0.054983
vt 0.062956 0.061198
vt 0.037919 0.061198
vt 0.037918 0.054983
vt 0.015574 0.061198
vt 0.015638 0.054983
vt 0.962789 0.061198
vt 0.962803 0.054983
vt 0.937988 0.061198
vt 0.937874 0.054983
vt 0.911012 0.061198
vt 0.910842 0.054983
vt 0.881456 0.061198
vt 0.881293 0.054983
vt 0.848922 0.061198
vt 0.848794 0.054983
vt 0.814418 0.061198
vt 0.814328 0.054983
vt 0.779273 0.061198
vt 0.779223 0.054983
vt 0.743942 0.061198
vt 0.743946 0.054983
vt 0.708694 0.061198
vt 0.708747 0.054983
vt 0.673688 0.061198
vt 0.673772 0.054983
vt 0.639077 0.061198
vt 0.639193 0.054983
vt 0.606762 0.061198
vt 0.606915 0.054983
vt 0.578285 0.061198
vt 0.578446 0.054983
vt 0.552167 0.061198
vt 0.552298 0.054983
vt 0.526691 0.061198
vt 0.526778 0.054983
vt 0.501967 0.061198
vt 0.501987 0.054983
vt 0.477739 0.061198
vt 0.477657 0.054983
vt 0.452619 0.061198
vt 0.452477 0.054983
vt 0.425617 0.061198
vt 0.425457 0.054983
vt 0.396184 0.061198
vt 0.396038 0.054983
vt 0.364012 0.061198
vt 0.363895 0.054983
vt 0.329588 0.061198
vt 0.329494 0.054983
vt 0.293649 0.061198
vt 0.293592 0.054983
vt 0.257368 0.061198
vt 0.257369 0.054983
vt 0.221632 0.061198
vt 0.221689 0.054983
vt 0.968147 0.023619
vt 0.945036 0.023619
vt 0.945226 0.022714
vt 0.968278 0.022714
vt 0.007558 0.023619
vt 0.007326 0.022714
vt 0.032035 0.023619
vt 0.031884 0.022714
vt 0.056005 0.023619
vt 0.055816 0.022714
vt 0.080947 0.023619
vt 0.080711 0.022714
vt 0.109661 0.023619
vt 0.109409 0.022714
vt 0.143826 0.023619
vt 0.143609 0.022714
vt 0.180855 0.023619
vt 0.180692 0.022714
vt 0.218564 0.023619
vt 0.218467 0.022714
vt 0.257370 0.023619
vt 0.257370 0.022714
vt 0.296916 0.023619
vt 0.297019 0.022714
vt 0.335205 0.023619
vt 0.335377 0.022714
vt 0.371225 0.023619
vt 0.371438 0.022714
vt 0.404444 0.023619
vt 0.404684 0.022714
vt 0.433834 0.023619
vt 0.434066 0.022714
vt 0.459178 0.023619
vt 0.459356 0.022714
vt 0.481245 0.023619
vt 0.481335 0.022714
vt 0.501771 0.023619
vt 0.501763 0.022714
vt 0.523057 0.023619
vt 0.522960 0.022714
vt 0.545784 0.023619
vt 0.545612 0.022714
vt 0.570099 0.023619
vt 0.569869 0.022714
vt 0.598315 0.023619
vt 0.598067 0.022714
vt 0.631917 0.023619
vt 0.631704 0.022714
vt 0.668369 0.023619
vt 0.668208 0.022714
vt 0.705548 0.023619
vt 0.705450 0.022714
vt 0.743606 0.023619
vt 0.743595 0.022714
vt 0.781988 0.023619
vt 0.782072 0.022714
vt 0.819839 0.023619
vt 0.820005 0.022714
vt 0.856639 0.023619
vt 0.856873 0.022714
vt 0.890531 0.023619
vt 0.890801 0.022714
vt 0.919840 0.023619
vt 0.920091 0.022714
vt 0.944965 0.023982
vt 0.919752 0.023982
vt 0.968881 0.017457
vt 0.857999 0.017457
vt 0.079588 0.017457
vt 0.217993 0.017457
vt 0.372459 0.017457
vt 0.481754 0.017457
vt 0.568776 0.017457
vt 0.704973 0.017457
vt 0.988688 0.037744
vt 0.966105 0.037744
vt 0.966588 0.034784
vt 0.010316 0.034784
vt 0.942484 0.037744
vt 0.943117 0.034784
vt 0.058530 0.037744
vt 0.034328 0.037744
vt 0.033778 0.034784
vt 0.057906 0.034784
vt 0.112910 0.037744
vt 0.084036 0.037744
vt 0.083265 0.034784
vt 0.112094 0.034784
vt 0.182937 0.037744
vt 0.146600 0.037744
vt 0.145902 0.034784
vt 0.182411 0.034784
vt 0.257369 0.037744
vt 0.219794 0.037744
vt 0.219484 0.034784
vt 0.257369 0.034784
vt 0.333020 0.037744
vt 0.295594 0.037744
vt 0.295928 0.034784
vt 0.333574 0.034784
vt 0.401350 0.037744
vt 0.368495 0.037744
vt 0.369182 0.034784
vt 0.402123 0.034784
vt 0.456848 0.037744
vt 0.430816 0.037744
vt 0.431569 0.034784
vt 0.457433 0.034784
vt 0.501870 0.037744
vt 0.480050 0.037744
vt 0.480349 0.034784
vt 0.501844 0.034784
vt 0.548042 0.037744
vt 0.524327 0.037744
vt 0.524009 0.034784
vt 0.547476 0.034784
vt 0.601516 0.037744
vt 0.573111 0.037744
vt 0.572357 0.034784
vt 0.600710 0.034784
vt 0.670428 0.037744
vt 0.634646 0.037744
vt 0.633959 0.034784
vt 0.669905 0.034784
vt 0.743782 0.037744
vt 0.706827 0.037744
vt 0.706498 0.034784
vt 0.743729 0.034784
vt 0.817723 0.037744
vt 0.780945 0.037744
vt 0.781205 0.034784
vt 0.818260 0.034784
vt 0.887027 0.037744
vt 0.853617 0.037744
vt 0.854387 0.034784
vt 0.887922 0.034784
vt 0.916535 0.037744
vt 0.917370 0.034784
vt 0.965872 0.039836
vt 0.942309 0.039836
vt 0.942373 0.039155
vt 0.965951 0.039155
vt 0.011558 0.039155
vt 0.011760 0.039836
vt 0.942435 0.038480
vt 0.966030 0.038480
vt 0.988503 0.038480
vt 0.965793 0.040637
vt 0.942258 0.040637
vt 0.011962 0.040638
vt 0.034642 0.040638
vt 0.034563 0.039836
vt 0.058754 0.040638
vt 0.058702 0.039836
vt 0.034402 0.038480
vt 0.058579 0.038480
vt 0.084274 0.040637
vt 0.084221 0.039836
vt 0.113139 0.040637
vt 0.113088 0.039836
vt 0.084087 0.038480
vt 0.112959 0.038480
vt 0.146782 0.040637
vt 0.146739 0.039836
vt 0.183072 0.040637
vt 0.183041 0.039836
vt 0.146640 0.038480
vt 0.182967 0.038480
vt 0.219886 0.040638
vt 0.219865 0.039836
vt 0.257371 0.040638
vt 0.257370 0.039836
vt 0.219814 0.038480
vt 0.257369 0.038480
vt 0.295495 0.040638
vt 0.295517 0.039836
vt 0.332878 0.040637
vt 0.332910 0.039836
vt 0.295573 0.038480
vt 0.332989 0.038480
vt 0.368316 0.040637
vt 0.368357 0.039836
vt 0.401125 0.040637
vt 0.401176 0.039836
vt 0.368455 0.038480
vt 0.401302 0.038480
vt 0.430583 0.040637
vt 0.430634 0.039836
vt 0.456674 0.040637
vt 0.456710 0.039836
vt 0.430767 0.038480
vt 0.456813 0.038480
vt 0.479955 0.040637
vt 0.479974 0.039836
vt 0.501874 0.040637
vt 0.501874 0.039836
vt 0.480031 0.038480
vt 0.501870 0.038480
vt 0.524430 0.040638
vt 0.524409 0.039836
vt 0.548218 0.040637
vt 0.548180 0.039836
vt 0.524348 0.038480
vt 0.548079 0.038480
vt 0.573339 0.040637
vt 0.573289 0.039836
vt 0.601741 0.040638
vt 0.601691 0.039836
vt 0.573159 0.038480
vt 0.601564 0.038480
vt 0.634822 0.040638
vt 0.634782 0.039836
vt 0.670556 0.040638
vt 0.670526 0.039836
vt 0.634685 0.038480
vt 0.670457 0.038480
vt 0.706908 0.040637
vt 0.706889 0.039836
vt 0.743782 0.040637
vt 0.743782 0.039836
vt 0.706845 0.038480
vt 0.743782 0.038480
vt 0.780866 0.040637
vt 0.780884 0.039836
vt 0.817588 0.040637
vt 0.817620 0.039836
vt 0.780928 0.038480
vt 0.817693 0.038480
vt 0.853427 0.040638
vt 0.853470 0.039836
vt 0.886794 0.040637
vt 0.886846 0.039836
vt 0.853575 0.038480
vt 0.886976 0.038480
vt 0.916482 0.038480
vt 0.916284 0.040637
vt 0.916339 0.039836
vt 0.034483 0.039155
vt 0.058641 0.039155
vt 0.084154 0.039155
vt 0.113024 0.039155
vt 0.146690 0.039155
vt 0.183004 0.039155
vt 0.219839 0.039155
vt 0.257370 0.039155
vt 0.295545 0.039155
vt 0.332949 0.039155
vt 0.368406 0.039155
vt 0.401239 0.039155
vt 0.430700 0.039155
vt 0.456762 0.039155
vt 0.480003 0.039155
vt 0.501872 0.039155
vt 0.524378 0.039155
vt 0.548129 0.039155
vt 0.573224 0.039155
vt 0.601628 0.039155
vt 0.634733 0.039155
vt 0.670492 0.039155
vt 0.706867 0.039155
vt 0.743782 0.039155
vt 0.780906 0.039155
vt 0.817657 0.039155
vt 0.853523 0.039155
vt 0.886911 0.039155
vt 0.916410 0.039155
vt 0.943448 0.031454
vt 0.917787 0.031454
vt 0.918813 0.027702
vt 0.944228 0.027702
vt 0.888353 0.031454
vt 0.889449 0.027702
vt 0.966940 0.031454
vt 0.009502 0.031454
vt 0.967523 0.027702
vt 0.991058 0.027702
vt 0.033393 0.031454
vt 0.057582 0.031454
vt 0.032725 0.027702
vt 0.056811 0.027702
vt 0.082885 0.031454
vt 0.111703 0.031454
vt 0.081926 0.027702
vt 0.110689 0.027702
vt 0.145584 0.031454
vt 0.182168 0.031454
vt 0.144718 0.027702
vt 0.181518 0.027702
vt 0.219326 0.031454
vt 0.257367 0.031454
vt 0.218942 0.027702
vt 0.257368 0.027702
vt 0.296103 0.031454
vt 0.333834 0.031454
vt 0.296516 0.027702
vt 0.334516 0.027702
vt 0.369493 0.031454
vt 0.402490 0.031454
vt 0.370344 0.027702
vt 0.403451 0.027702
vt 0.431938 0.031454
vt 0.457715 0.031454
vt 0.432874 0.027702
vt 0.458439 0.027702
vt 0.480491 0.031454
vt 0.501828 0.031454
vt 0.480858 0.027702
vt 0.501797 0.027702
vt 0.523855 0.031454
vt 0.547207 0.031454
vt 0.523466 0.027702
vt 0.546510 0.027702
vt 0.571988 0.031454
vt 0.600325 0.031454
vt 0.571051 0.027702
vt 0.599326 0.027702
vt 0.633647 0.031454
vt 0.669667 0.031454
vt 0.632795 0.027702
vt 0.669023 0.027702
vt 0.706335 0.031454
vt 0.743702 0.031454
vt 0.705932 0.027702
vt 0.743642 0.027702
vt 0.781328 0.031454
vt 0.818508 0.031454
vt 0.781651 0.027702
vt 0.819172 0.027702
vt 0.854751 0.031454
vt 0.855698 0.027702
vt 0.857967 0.008443
vt 0.704994 0.008443
vt 0.568846 0.008443
vt 0.481706 0.008443
vt 0.372439 0.008443
vt 0.218013 0.008443
vt 0.079650 0.008443
vt 0.968992 0.008443
vt 0.941671 0.042374
vt 0.915546 0.042374
vt 0.915704 0.041960
vt 0.941797 0.041960
vt 0.941549 0.042749
vt 0.915385 0.042749
vt 0.886037 0.042374
vt 0.885863 0.042749
vt 0.886200 0.041960
vt 0.941445 0.043087
vt 0.915254 0.043087
vt 0.885726 0.043087
vt 0.965462 0.041960
vt 0.012452 0.041960
vt 0.035004 0.041960
vt 0.059210 0.041960
vt 0.084826 0.041960
vt 0.113704 0.041960
vt 0.147261 0.041960
vt 0.183423 0.041960
vt 0.220083 0.041960
vt 0.257371 0.041960
vt 0.295287 0.041960
vt 0.332512 0.041960
vt 0.367839 0.041960
vt 0.400578 0.041960
vt 0.430038 0.041960
vt 0.456238 0.041960
vt 0.479722 0.041960
vt 0.501887 0.041960
vt 0.524672 0.041960
vt 0.548645 0.041960
vt 0.573881 0.041960
vt 0.602296 0.041960
vt 0.635295 0.041960
vt 0.670904 0.041960
vt 0.707108 0.041960
vt 0.743800 0.041960
vt 0.780687 0.041960
vt 0.817234 0.041960
vt 0.852925 0.041960
vt 0.852785 0.042374
vt 0.852631 0.042749
vt 0.817135 0.042374
vt 0.817023 0.042749
vt 0.852514 0.043087
vt 0.816939 0.043087
vt 0.780638 0.042374
vt 0.780580 0.042749
vt 0.743805 0.042374
vt 0.743811 0.042749
vt 0.780538 0.043087
vt 0.743816 0.043087
vt 0.707164 0.042374
vt 0.707228 0.042749
vt 0.671001 0.042374
vt 0.671110 0.042749
vt 0.707276 0.043087
vt 0.671192 0.043087
vt 0.635426 0.042374
vt 0.635568 0.042749
vt 0.602450 0.042374
vt 0.602611 0.042749
vt 0.635678 0.043087
vt 0.602739 0.043087
vt 0.574029 0.042374
vt 0.574180 0.042749
vt 0.548762 0.042374
vt 0.548875 0.042749
vt 0.574303 0.043087
vt 0.548971 0.043087
vt 0.524738 0.042374
vt 0.524799 0.042749
vt 0.501890 0.042374
vt 0.501893 0.042749
vt 0.524853 0.043087
vt 0.501896 0.043087
vt 0.479658 0.042374
vt 0.479597 0.042749
vt 0.456119 0.042374
vt 0.456003 0.042749
vt 0.479544 0.043087
vt 0.455905 0.043087
vt 0.429890 0.042374
vt 0.429739 0.042749
vt 0.400427 0.042374
vt 0.400269 0.042749
vt 0.429616 0.043087
vt 0.400143 0.043087
vt 0.367707 0.042374
vt 0.367563 0.042749
vt 0.332410 0.042374
vt 0.332295 0.042749
vt 0.367452 0.043087
vt 0.332209 0.043087
vt 0.295230 0.042374
vt 0.295164 0.042749
vt 0.257371 0.042374
vt 0.257371 0.042749
vt 0.295115 0.043087
vt 0.257371 0.043087
vt 0.220138 0.042374
vt 0.220201 0.042749
vt 0.183521 0.042374
vt 0.183632 0.042749
vt 0.220247 0.043087
vt 0.183715 0.043087
vt 0.147395 0.042374
vt 0.147540 0.042749
vt 0.113860 0.042374
vt 0.114024 0.042749
vt 0.147652 0.043087
vt 0.114154 0.043087
vt 0.084977 0.042374
vt 0.085131 0.042749
vt 0.059336 0.042374
vt 0.059457 0.042749
vt 0.085257 0.043087
vt 0.059560 0.043087
vt 0.035105 0.042374
vt 0.035196 0.042749
vt 0.987331 0.042374
vt 0.987225 0.042749
vt 0.035278 0.043087
vt 0.012813 0.043087
vt 0.965284 0.042749
vt 0.965209 0.043087
vt 0.965368 0.042374
vt 0.940356 0.046258
vt 0.913902 0.046258
vt 0.914145 0.045497
vt 0.940560 0.045497
vt 0.940244 0.046618
vt 0.913755 0.046618
vt 0.884362 0.046258
vt 0.884206 0.046618
vt 0.884601 0.045497
vt 0.940120 0.046978
vt 0.913593 0.046978
vt 0.884033 0.046978
vt 0.940006 0.047338
vt 0.913445 0.047338
vt 0.883876 0.047338
vt 0.939864 0.047856
vt 0.913273 0.047856
vt 0.883706 0.047856
vt 0.850808 0.047856
vt 0.850948 0.047338
vt 0.815832 0.047338
vt 0.815736 0.047856
vt 0.851085 0.046978
vt 0.815932 0.046978
vt 0.851374 0.046258
vt 0.851569 0.045497
vt 0.851238 0.046618
vt 0.816143 0.046258
vt 0.816043 0.046618
vt 0.816275 0.045497
vt 0.779934 0.047856
vt 0.779981 0.047338
vt 0.743875 0.047338
vt 0.743880 0.047856
vt 0.780032 0.046978
vt 0.743870 0.046978
vt 0.780141 0.046258
vt 0.780206 0.045497
vt 0.780090 0.046618
vt 0.743859 0.046258
vt 0.743864 0.046618
vt 0.743851 0.045497
vt 0.707956 0.047856
vt 0.707902 0.047338
vt 0.672282 0.047338
vt 0.672378 0.047856
vt 0.707845 0.046978
vt 0.672184 0.046978
vt 0.707725 0.046258
vt 0.707651 0.045497
vt 0.707781 0.046618
vt 0.671979 0.046258
vt 0.672075 0.046618
vt 0.671846 0.045497
vt 0.637283 0.047856
vt 0.637150 0.047338
vt 0.604473 0.047338
vt 0.604632 0.047856
vt 0.637022 0.046978
vt 0.604327 0.046978
vt 0.636754 0.046258
vt 0.636568 0.045497
vt 0.636881 0.046618
vt 0.604020 0.046258
vt 0.604165 0.046618
vt 0.603795 0.045497
vt 0.576159 0.047856
vt 0.575999 0.047338
vt 0.550312 0.047338
vt 0.550443 0.047856
vt 0.575861 0.046978
vt 0.550206 0.046978
vt 0.575572 0.046258
vt 0.575343 0.045497
vt 0.575709 0.046618
vt 0.549985 0.046258
vt 0.550089 0.046618
vt 0.549797 0.045497
vt 0.525689 0.047856
vt 0.525612 0.047338
vt 0.501934 0.047338
vt 0.501938 0.047856
vt 0.525553 0.046978
vt 0.501931 0.046978
vt 0.525430 0.046258
vt 0.525322 0.045497
vt 0.525488 0.046618
vt 0.501925 0.046258
vt 0.501928 0.046618
vt 0.501920 0.045497
vt 0.478727 0.047856
vt 0.478802 0.047338
vt 0.454531 0.047338
vt 0.454396 0.047856
vt 0.478860 0.046978
vt 0.454640 0.046978
vt 0.478981 0.046258
vt 0.479087 0.045497
vt 0.478924 0.046618
vt 0.454867 0.046258
vt 0.454760 0.046618
vt 0.455058 0.045497
vt 0.427754 0.047856
vt 0.427916 0.047338
vt 0.398439 0.047338
vt 0.398281 0.047856
vt 0.428054 0.046978
vt 0.398582 0.046978
vt 0.428342 0.046258
vt 0.428572 0.045497
vt 0.428205 0.046618
vt 0.398882 0.046258
vt 0.398740 0.046618
vt 0.399104 0.045497
vt 0.365828 0.047856
vt 0.365963 0.047338
vt 0.331062 0.047338
vt 0.330961 0.047856
vt 0.366092 0.046978
vt 0.331165 0.046978
vt 0.366363 0.046258
vt 0.366552 0.045497
vt 0.366235 0.046618
vt 0.331381 0.046258
vt 0.331279 0.046618
vt 0.331520 0.045497
vt 0.294411 0.047856
vt 0.294467 0.047338
vt 0.257372 0.047338
vt 0.257372 0.047856
vt 0.294525 0.046978
vt 0.257371 0.046978
vt 0.294649 0.046258
vt 0.294725 0.045497
vt 0.294590 0.046618
vt 0.257371 0.046258
vt 0.257371 0.046618
vt 0.257371 0.045497
vt 0.220915 0.047856
vt 0.220863 0.047338
vt 0.184816 0.047338
vt 0.184913 0.047856
vt 0.220807 0.046978
vt 0.184717 0.046978
vt 0.220689 0.046258
vt 0.220616 0.045497
vt 0.220744 0.046618
vt 0.184509 0.046258
vt 0.184608 0.046618
vt 0.184376 0.045497
vt 0.149281 0.047856
vt 0.149147 0.047338
vt 0.115915 0.047338
vt 0.116077 0.047856
vt 0.149017 0.046978
vt 0.115767 0.046978
vt 0.148744 0.046258
vt 0.148555 0.045497
vt 0.148873 0.046618
vt 0.115454 0.046258
vt 0.115602 0.046618
vt 0.115226 0.045497
vt 0.087149 0.047856
vt 0.086985 0.047338
vt 0.060979 0.047338
vt 0.061119 0.047856
vt 0.086844 0.046978
vt 0.060867 0.046978
vt 0.086550 0.046258
vt 0.086317 0.045497
vt 0.086690 0.046618
vt 0.060634 0.046258
vt 0.060745 0.046618
vt 0.060433 0.045497
vt 0.036478 0.047856
vt 0.036365 0.047338
vt 0.985987 0.047338
vt 0.985875 0.047856
vt 0.036284 0.046978
vt 0.986066 0.046978
vt 0.036114 0.046258
vt 0.035947 0.045497
vt 0.036196 0.046618
vt 0.986229 0.046258
vt 0.986149 0.046618
vt 0.013628 0.045497
vt 0.964212 0.047338
vt 0.964108 0.047856
vt 0.964287 0.046978
vt 0.964368 0.046618
vt 0.964442 0.046258
vt 0.964598 0.045497
vt 0.882972 0.049311
vt 0.850197 0.049311
vt 0.850449 0.048606
vt 0.883274 0.048606
vt 0.882735 0.050931
vt 0.849997 0.050931
vt 0.815310 0.049311
vt 0.815170 0.050931
vt 0.815486 0.048606
vt 0.912538 0.049311
vt 0.912303 0.050931
vt 0.912839 0.048606
vt 0.939266 0.049311
vt 0.939511 0.048606
vt 0.939066 0.050931
vt 0.963723 0.049311
vt 0.963550 0.050931
vt 0.963883 0.048606
vt 0.014641 0.049311
vt 0.014460 0.048606
vt 0.014859 0.050931
vt 0.036905 0.049311
vt 0.037088 0.050931
vt 0.036728 0.048606
vt 0.061703 0.049311
vt 0.061464 0.048606
vt 0.061900 0.050931
vt 0.087851 0.049311
vt 0.088078 0.050931
vt 0.087563 0.048606
vt 0.116777 0.049311
vt 0.116489 0.048606
vt 0.117005 0.050931
vt 0.149869 0.049311
vt 0.150061 0.050931
vt 0.149627 0.048606
vt 0.185339 0.049311
vt 0.185162 0.048606
vt 0.185478 0.050931
vt 0.221148 0.049311
vt 0.221225 0.050931
vt 0.221050 0.048606
vt 0.257371 0.049311
vt 0.257371 0.048606
vt 0.257371 0.050931
vt 0.294166 0.049311
vt 0.294084 0.050931
vt 0.294270 0.048606
vt 0.330516 0.049311
vt 0.330701 0.048606
vt 0.330371 0.050931
vt 0.365242 0.049311
vt 0.365051 0.050931
vt 0.365482 0.048606
vt 0.397601 0.049311
vt 0.397880 0.048606
vt 0.397381 0.050931
vt 0.427060 0.049311
vt 0.426838 0.050931
vt 0.427345 0.048606
vt 0.453818 0.049311
vt 0.454055 0.048606
vt 0.453637 0.050931
vt 0.478405 0.049311
vt 0.478303 0.050931
vt 0.478537 0.048606
vt 0.501954 0.049311
vt 0.501947 0.048606
vt 0.501954 0.050931
vt 0.526017 0.049311
vt 0.526117 0.050931
vt 0.525883 0.048606
vt 0.551002 0.049311
vt 0.550774 0.048606
vt 0.551179 0.050931
vt 0.576849 0.049311
vt 0.577069 0.050931
vt 0.576566 0.048606
vt 0.605322 0.049311
vt 0.605038 0.048606
vt 0.605545 0.050931
vt 0.637862 0.049311
vt 0.638052 0.050931
vt 0.637624 0.048606
vt 0.672800 0.049311
vt 0.672626 0.048606
vt 0.672939 0.050931
vt 0.708196 0.049311
vt 0.708274 0.050931
vt 0.708096 0.048606
vt 0.743902 0.049311
vt 0.743893 0.048606
vt 0.743909 0.050931
vt 0.779721 0.049311
vt 0.779650 0.050931
vt 0.779810 0.048606
vt 0.883555 0.048238
vt 0.913117 0.048238
vt 0.939732 0.048238
vt 0.964016 0.048238
vt 0.014337 0.048238
vt 0.036579 0.048238
vt 0.061247 0.048238
vt 0.087298 0.048238
vt 0.116221 0.048238
vt 0.149400 0.048238
vt 0.184996 0.048238
vt 0.220960 0.048238
vt 0.257371 0.048238
vt 0.294364 0.048238
vt 0.330874 0.048238
vt 0.365710 0.048238
vt 0.398140 0.048238
vt 0.427606 0.048238
vt 0.454270 0.048238
vt 0.478656 0.048238
vt 0.501941 0.048238
vt 0.525761 0.048238
vt 0.550565 0.048238
vt 0.576306 0.048238
vt 0.604775 0.048238
vt 0.637399 0.048238
vt 0.672460 0.048238
vt 0.708002 0.048238
vt 0.743884 0.048238
vt 0.779893 0.048238
vt 0.815653 0.048238
vt 0.850686 0.048238
vt 0.117794 0.053661
vt 0.150721 0.053661
vt 0.185958 0.053661
vt 0.088867 0.053661
vt 0.089477 0.054983
vt 0.062560 0.053661
vt 0.037577 0.053661
vt 0.984942 0.053661
vt 0.963107 0.053661
vt 0.938392 0.053661
vt 0.911480 0.053661
vt 0.881916 0.053661
vt 0.849310 0.053661
vt 0.814690 0.053661
vt 0.779406 0.053661
vt 0.743931 0.053661
vt 0.708543 0.053661
vt 0.673414 0.053661
vt 0.638703 0.053661
vt 0.606322 0.053661
vt 0.577845 0.053661
vt 0.551807 0.053661
vt 0.526482 0.053661
vt 0.501970 0.053661
vt 0.477943 0.053661
vt 0.452988 0.053661
vt 0.426060 0.053661
vt 0.396620 0.053661
vt 0.364391 0.053661
vt 0.329871 0.053661
vt 0.293803 0.053661
vt 0.257370 0.053661
vt 0.221487 0.053661
vt 0.150253 0.052446
vt 0.117230 0.052446
vt 0.185617 0.052446
vt 0.088300 0.052446
vt 0.062093 0.052446
vt 0.037255 0.052446
vt 0.985190 0.052446
vt 0.963394 0.052446
vt 0.938872 0.052446
vt 0.912072 0.052446
vt 0.882500 0.052446
vt 0.849796 0.052446
vt 0.815031 0.052446
vt 0.779580 0.052446
vt 0.743917 0.052446
vt 0.708352 0.052446
vt 0.673077 0.052446
vt 0.638242 0.052446
vt 0.605767 0.052446
vt 0.577286 0.052446
vt 0.551354 0.052446
vt 0.526214 0.052446
vt 0.501955 0.052446
vt 0.478206 0.052446
vt 0.453458 0.052446
vt 0.426620 0.052446
vt 0.397164 0.052446
vt 0.364859 0.052446
vt 0.330228 0.052446
vt 0.294003 0.052446
vt 0.257370 0.052446
vt 0.221298 0.052446
vt 0.089321 0.061198
vt 0.967690 0.026637
vt 0.944424 0.026637
vt 0.944524 0.026130
vt 0.967766 0.026130
vt 0.008159 0.026130
vt 0.008277 0.026637
vt 0.944629 0.025678
vt 0.967840 0.025678
vt 0.008046 0.025678
vt 0.944734 0.025225
vt 0.967912 0.025225
vt 0.007933 0.025225
vt 0.944833 0.024719
vt 0.967986 0.024719
vt 0.991695 0.024719
vt 0.032543 0.026637
vt 0.056614 0.026637
vt 0.081698 0.026637
vt 0.110459 0.026637
vt 0.144523 0.026637
vt 0.181378 0.026637
vt 0.218865 0.026637
vt 0.257369 0.026637
vt 0.296599 0.026637
vt 0.334661 0.026637
vt 0.370538 0.026637
vt 0.403675 0.026637
vt 0.433097 0.026637
vt 0.458616 0.026637
vt 0.480953 0.026637
vt 0.501791 0.026637
vt 0.523365 0.026637
vt 0.546335 0.026637
vt 0.570829 0.026637
vt 0.599100 0.026637
vt 0.632604 0.026637
vt 0.668884 0.026637
vt 0.705852 0.026637
vt 0.743635 0.026637
vt 0.781718 0.026637
vt 0.819310 0.026637
vt 0.855899 0.026637
vt 0.889687 0.026637
vt 0.919051 0.026637
vt 0.968092 0.023982
vt 0.007648 0.023982
vt 0.056207 0.024719
vt 0.032213 0.024719
vt 0.032095 0.023982
vt 0.056075 0.023982
vt 0.109903 0.024719
vt 0.081184 0.024719
vt 0.081030 0.023982
vt 0.109747 0.023982
vt 0.181004 0.024719
vt 0.144031 0.024719
vt 0.143898 0.023982
vt 0.180908 0.023982
vt 0.257369 0.024719
vt 0.218648 0.024719
vt 0.218594 0.023982
vt 0.257370 0.023982
vt 0.335050 0.024719
vt 0.296827 0.024719
vt 0.296885 0.023982
vt 0.335150 0.023982
vt 0.404209 0.024719
vt 0.371022 0.024719
vt 0.371154 0.023982
vt 0.404361 0.023982
vt 0.458994 0.024719
vt 0.433600 0.024719
vt 0.433751 0.023982
vt 0.459113 0.023982
vt 0.501777 0.024719
vt 0.481147 0.024719
vt 0.481211 0.023982
vt 0.501773 0.023982
vt 0.545964 0.024719
vt 0.523162 0.024719
vt 0.523094 0.023982
vt 0.545847 0.023982
vt 0.598554 0.024719
vt 0.570329 0.024719
vt 0.570180 0.023982
vt 0.598399 0.023982
vt 0.668515 0.024719
vt 0.632119 0.024719
vt 0.631988 0.023982
vt 0.668420 0.023982
vt 0.743615 0.024719
vt 0.705633 0.024719
vt 0.705578 0.023982
vt 0.743610 0.023982
vt 0.819692 0.024719
vt 0.781914 0.024719
vt 0.781962 0.023982
vt 0.819787 0.023982
vt 0.890277 0.024719
vt 0.856425 0.024719
vt 0.856563 0.023982
vt 0.890441 0.023982
vt 0.919591 0.024719
vt 0.032295 0.025225
vt 0.056306 0.025225
vt 0.032377 0.025678
vt 0.056410 0.025678
vt 0.032459 0.026130
vt 0.056515 0.026130
vt 0.081306 0.025225
vt 0.110035 0.025225
vt 0.081440 0.025678
vt 0.110181 0.025678
vt 0.081574 0.026130
vt 0.110327 0.026130
vt 0.144147 0.025225
vt 0.181091 0.025225
vt 0.144277 0.025678
vt 0.181190 0.025678
vt 0.144407 0.026130
vt 0.181290 0.026130
vt 0.218698 0.025225
vt 0.257369 0.025225
vt 0.218756 0.025678
vt 0.257369 0.025678
vt 0.218814 0.026130
vt 0.257369 0.026130
vt 0.296774 0.025225
vt 0.334960 0.025225
vt 0.296713 0.025678
vt 0.334856 0.025678
vt 0.296652 0.026130
vt 0.334753 0.026130
vt 0.370908 0.025225
vt 0.404082 0.025225
vt 0.370781 0.025678
vt 0.403942 0.025678
vt 0.370652 0.026130
vt 0.403802 0.026130
vt 0.433480 0.025225
vt 0.458903 0.025225
vt 0.433349 0.025678
vt 0.458806 0.025678
vt 0.433218 0.026130
vt 0.458708 0.026130
vt 0.481100 0.025225
vt 0.501781 0.025225
vt 0.481050 0.025678
vt 0.501784 0.025678
vt 0.481000 0.026130
vt 0.501788 0.026130
vt 0.523211 0.025225
vt 0.546053 0.025225
vt 0.523263 0.025678
vt 0.546149 0.025678
vt 0.523316 0.026130
vt 0.546245 0.026130
vt 0.570448 0.025225
vt 0.598683 0.025225
vt 0.570578 0.025678
vt 0.598826 0.025678
vt 0.570709 0.026130
vt 0.598971 0.026130
vt 0.632233 0.025225
vt 0.668601 0.025225
vt 0.632361 0.025678
vt 0.668699 0.025678
vt 0.632489 0.026130
vt 0.668797 0.026130
vt 0.705684 0.025225
vt 0.743620 0.025225
vt 0.705742 0.025678
vt 0.743625 0.025678
vt 0.705801 0.026130
vt 0.743630 0.026130
vt 0.781869 0.025225
vt 0.819603 0.025225
vt 0.781817 0.025678
vt 0.819502 0.025678
vt 0.781764 0.026130
vt 0.819399 0.026130
vt 0.856302 0.025225
vt 0.890137 0.025225
vt 0.856162 0.025678
vt 0.889982 0.025678
vt 0.856023 0.026130
vt 0.889827 0.026130
vt 0.919462 0.025225
vt 0.919321 0.025678
vt 0.919181 0.026130
vt 0.991849 0.023982
vt 0.007818 0.024719
vt 0.991929 0.023619
vt 0.991288 0.026637
vt 0.008527 0.027702
vt 0.991593 0.025225
vt 0.991494 0.025678
vt 0.991393 0.026130
vt 0.987128 0.043087
vt 0.012706 0.042749
vt 0.984718 0.054983
vt 0.015346 0.053661
vt 0.015040 0.052446
vt 0.985350 0.050931
vt 0.985544 0.049311
vt 0.985693 0.048606
vt 0.985787 0.048238
vt 0.014233 0.047856
vt 0.984763 0.061198
vt 0.014105 0.047338
vt 0.986406 0.045497
vt 0.013825 0.046258
vt 0.014013 0.046978
vt 0.013916 0.046618
vt 0.987453 0.041960
vt 0.012587 0.042374
vt 0.987897 0.040637
vt 0.005913 0.008443
vt 0.006172 0.017457
vt 0.989445 0.034784
vt 0.011174 0.037744
vt 0.990209 0.031454
vt 0.011357 0.038480
vt 0.988101 0.039836
vt 0.988303 0.039155
vt 0.992133 0.022714
vn 0.725423 0.688299 0.002464
vn 0.531442 0.847091 0.002616
vn 0.493516 0.792611 0.358063
vn 0.677917 0.647827 0.347489
vn 0.845091 0.534618 0.002339
vn 0.793574 0.505104 0.339279
vn -0.299956 0.953949 0.002696
vn -0.531447 0.847088 0.002597
vn -0.493764 0.792134 0.358778
vn -0.277434 0.888138 0.366389
vn -0.024407 0.999698 0.002750
vn -0.022322 0.929229 0.368829
vn -0.910525 0.413448 0.002302
vn -0.964579 0.263784 0.002256
vn -0.909360 0.250273 0.332307
vn -0.856551 0.390876 0.336950
vn -0.835544 0.549419 0.002367
vn -0.784340 0.518525 0.340503
vn -0.993358 -0.115042 0.002218
vn -0.964578 -0.263787 0.002263
vn -0.909500 -0.250478 0.331769
vn -0.937318 -0.109305 0.330890
vn -0.999995 -0.002445 0.002202
vn -0.943361 -0.002304 0.331762
vn -0.708490 -0.705717 0.002475
vn -0.531445 -0.847089 0.002601
vn -0.493829 -0.792642 0.357563
vn -0.661982 -0.663362 0.348899
vn -0.824937 -0.565220 0.002381
vn -0.773770 -0.532836 0.342587
vn 0.297666 -0.954666 0.002697
vn 0.531447 -0.847088 0.002600
vn 0.493728 -0.792156 0.358778
vn 0.275300 -0.888771 0.366465
vn 0.016152 -0.999866 0.002751
vn 0.014819 -0.929597 0.368279
vn 0.910622 -0.413233 0.002306
vn 0.964579 -0.263784 0.002257
vn 0.909345 -0.250263 0.332356
vn 0.856642 -0.390670 0.336958
vn 0.835910 -0.548861 0.002371
vn 0.784682 -0.517994 0.340522
vn 0.991062 0.133387 0.002205
vn 0.964580 0.263781 0.002229
vn 0.909633 0.250085 0.331701
vn 0.935332 0.126457 0.330398
vn 0.999881 0.015243 0.002195
vn 0.943642 0.014305 0.330658
vn 0.966385 -0.253721 -0.041549
vn 0.915867 -0.399075 -0.043886
vn 0.910444 -0.393661 0.126977
vn 0.960750 -0.249844 0.120574
vn 0.844737 -0.533119 -0.046939
vn 0.839612 -0.525591 0.137131
vn 0.543121 -0.823201 0.165409
vn 0.546029 -0.835884 -0.056128
vn 0.310563 -0.948658 -0.059994
vn 0.308932 -0.934244 0.178185
vn 0.025304 -0.997761 -0.061916
vn 0.025354 -0.982216 0.186034
vn -0.279034 -0.958363 -0.060675
vn -0.277500 -0.943358 0.181852
vn -0.545849 -0.835976 -0.056511
vn -0.543172 -0.822544 0.168480
vn -0.738148 -0.672701 -0.051090
vn -0.734156 -0.662151 0.150240
vn -0.853798 -0.518522 -0.046511
vn -0.848881 -0.510940 0.135430
vn -0.922542 -0.383464 -0.043268
vn -0.917249 -0.378229 0.124892
vn -0.966431 -0.253623 -0.041058
vn -0.960941 -0.250153 0.118388
vn -0.990984 -0.127955 -0.039732
vn -0.985373 -0.126333 0.114363
vn -0.999120 -0.014566 -0.039343
vn -0.993492 -0.014549 0.112971
vn -0.993505 0.106562 -0.039906
vn -0.987774 0.104832 0.115378
vn -0.966386 0.253718 -0.041539
vn -0.960752 0.249846 0.120548
vn -0.915959 0.398865 -0.043882
vn -0.910538 0.393459 0.126927
vn -0.845086 0.532567 -0.046931
vn -0.839961 0.525059 0.137037
vn -0.729346 0.682223 -0.051235
vn -0.725257 0.671813 0.150561
vn -0.546016 0.835891 -0.056156
vn -0.543131 0.823144 0.165657
vn -0.308208 0.949422 -0.060044
vn -0.306580 0.934937 0.178609
vn -0.016759 0.997941 -0.061907
vn -0.016746 0.982297 0.186580
vn 0.292863 0.954247 -0.060357
vn 0.291449 0.939339 0.180832
vn 0.545976 0.835916 -0.056171
vn 0.543122 0.822975 0.166528
vn 0.721755 0.690239 -0.051383
vn 0.717566 0.680063 0.150378
vn 0.834612 0.548798 -0.047363
vn 0.829557 0.541231 0.137493
vn 0.911666 0.408545 -0.044216
vn 0.906248 0.402809 0.128297
vn 0.966366 0.253776 -0.041639
vn 0.960681 0.249695 0.121426
vn 0.993083 0.110418 -0.039922
vn 0.987386 0.108714 0.115114
vn 0.999221 0.002339 -0.039403
vn 0.993631 0.002322 0.112660
vn 0.993239 -0.109000 -0.039930
vn 0.987518 -0.107318 0.115288
vn 0.049124 0.179147 0.982595
vn 0.099197 0.161872 0.981813
vn 0.229044 0.350748 0.908028
vn 0.113737 0.392760 0.912581
vn -0.004315 0.184918 0.982744
vn -0.010677 0.406677 0.913510
vn -0.055863 0.181061 0.981884
vn -0.127422 0.390925 0.911560
vn -0.101692 0.165191 0.981005
vn -0.228869 0.351976 0.907597
vn -0.141327 0.140596 0.979928
vn -0.314267 0.295885 0.902047
vn -0.170749 0.113917 0.978707
vn -0.371579 0.236713 0.897717
vn -0.189450 0.087210 0.978010
vn -0.407264 0.179456 0.895507
vn -0.200389 0.055848 0.978123
vn -0.434493 0.114530 0.893364
vn -0.209164 0.024338 0.977578
vn -0.449294 0.049305 0.892022
vn -0.213433 -0.000510 0.976957
vn -0.452202 -0.001093 0.891915
vn -0.209895 -0.024730 0.977411
vn -0.449384 -0.049928 0.891942
vn -0.199612 -0.055744 0.978288
vn -0.434871 -0.114285 0.893211
vn -0.187298 -0.088770 0.978284
vn -0.404801 -0.183191 0.895866
vn -0.169206 -0.117525 0.978549
vn -0.365610 -0.243053 0.898474
vn -0.141156 -0.143028 0.979601
vn -0.310910 -0.299324 0.902075
vn -0.101061 -0.164515 0.981184
vn -0.229562 -0.352461 0.907234
vn -0.051682 -0.179222 0.982450
vn -0.120123 -0.392158 0.912021
vn 0.002835 -0.183884 0.982944
vn 0.006969 -0.406565 0.913595
vn 0.055198 -0.180559 0.982014
vn 0.126304 -0.390864 0.911742
vn 0.101550 -0.165053 0.981043
vn 0.228862 -0.351865 0.907642
vn 0.141640 -0.140615 0.979880
vn 0.314711 -0.295586 0.901990
vn 0.171012 -0.113920 0.978661
vn 0.371798 -0.236507 0.897681
vn 0.189542 -0.087191 0.977994
vn 0.407321 -0.179365 0.895499
vn 0.200438 -0.055841 0.978114
vn 0.434408 -0.114503 0.893408
vn 0.208892 -0.023761 0.977650
vn 0.449372 -0.047996 0.892055
vn 0.212020 0.003231 0.977260
vn 0.452294 0.007119 0.891841
vn 0.208986 0.028472 0.977504
vn 0.448161 0.058654 0.892027
vn 0.201981 0.056032 0.977785
vn 0.435137 0.115217 0.892962
vn 0.191130 0.083937 0.977969
vn 0.412009 0.172770 0.894650
vn 0.172366 0.110872 0.978773
vn 0.376976 0.230126 0.897179
vn 0.142450 0.138023 0.980131
vn 0.319196 0.291145 0.901858
vn 0.356615 0.572951 0.737938
vn 0.509230 0.486483 0.709943
vn 0.249070 0.896247 0.367024
vn 0.863879 0.376167 0.334979
vn -0.668670 0.657049 0.348091
vn -0.937541 0.107904 0.330717
vn -0.852173 -0.399999 0.337345
vn -0.261471 -0.893196 0.365833
vn 0.669410 -0.656313 0.348057
vn 0.937904 -0.105550 0.330448
vn 0.002670 -0.081839 0.996642
vn -0.025236 -0.078374 0.996605
vn -0.093056 -0.324318 0.941360
vn 0.008492 -0.337401 0.941323
vn -0.050719 -0.068871 0.996335
vn -0.184248 -0.286275 0.940266
vn 0.048998 -0.067357 0.996525
vn 0.027840 -0.076216 0.996703
vn 0.104230 -0.322912 0.940672
vn 0.184865 -0.287258 0.939845
vn 0.074994 -0.043264 0.996245
vn 0.066033 -0.055567 0.996269
vn 0.249300 -0.237283 0.938907
vn 0.289692 -0.185817 0.938909
vn 0.086368 -0.020468 0.996053
vn 0.080162 -0.032213 0.996261
vn 0.311826 -0.138237 0.940029
vn 0.327217 -0.087421 0.940897
vn 0.084927 0.000202 0.996387
vn 0.086975 -0.008461 0.996175
vn 0.335556 -0.037423 0.941277
vn 0.337127 0.000805 0.941459
vn 0.087168 0.020442 0.995984
vn 0.086625 0.008513 0.996205
vn 0.335493 0.037904 0.941280
vn 0.326977 0.087355 0.940986
vn 0.072991 0.044102 0.996357
vn 0.080426 0.033128 0.996210
vn 0.309476 0.141096 0.940381
vn 0.285149 0.190584 0.939344
vn 0.049871 0.068084 0.996432
vn 0.064396 0.055616 0.996373
vn 0.246923 0.239750 0.938908
vn 0.185172 0.287621 0.939673
vn -0.001708 0.082467 0.996592
vn 0.026938 0.078161 0.996577
vn 0.098160 0.324217 0.940876
vn -0.005647 0.337687 0.941242
vn -0.049117 0.067441 0.996514
vn -0.027667 0.076409 0.996693
vn -0.103428 0.323009 0.940727
vn -0.184819 0.287164 0.939882
vn -0.074969 0.043183 0.996250
vn -0.066134 0.055483 0.996267
vn -0.249582 0.237011 0.938901
vn -0.289843 0.185646 0.938897
vn -0.086292 0.020461 0.996060
vn -0.080139 0.032184 0.996264
vn -0.311893 0.138181 0.940015
vn -0.327254 0.087443 0.940882
vn -0.086039 -0.001429 0.996291
vn -0.087302 0.008197 0.996148
vn -0.335900 0.036642 0.941185
vn -0.338100 -0.005009 0.941097
vn -0.084909 -0.020394 0.996180
vn -0.086200 -0.010352 0.996224
vn -0.336677 -0.044217 0.940582
vn -0.330094 -0.088146 0.939823
vn -0.076400 -0.041768 0.996202
vn -0.080967 -0.030725 0.996243
vn -0.316957 -0.134012 0.938924
vn -0.294323 -0.181657 0.938283
vn -0.067579 -0.054625 0.996217
vn -0.252903 -0.233919 0.938788
vn -0.141128 -0.489014 0.860783
vn -0.281234 -0.434681 0.855547
vn 0.005442 0.003959 0.999977
vn 0.003301 0.006970 0.999970
vn -0.000454 0.008174 0.999966
vn 0.012666 -0.505546 0.862707
vn 0.282447 0.431431 0.856791
vn 0.142697 0.489181 0.860430
vn -0.012954 0.507337 0.861650
vn -0.069828 -0.233646 0.969811
vn -0.143098 -0.212781 0.966565
vn 0.006472 -0.240531 0.970620
vn 0.077244 -0.229856 0.970155
vn 0.157944 -0.486840 0.859093
vn 0.140918 -0.210431 0.967399
vn 0.282727 -0.436621 0.854066
vn -0.158510 0.483348 0.860958
vn -0.281282 0.429955 0.857916
vn 0.199337 -0.182457 0.962795
vn 0.386082 -0.365171 0.847107
vn 0.242279 -0.150201 0.958510
vn 0.458223 -0.291529 0.839668
vn -0.379966 0.355681 0.853883
vn -0.443710 0.280091 0.851276
vn 0.272172 -0.116858 0.955126
vn 0.503479 -0.221032 0.835256
vn 0.299923 -0.077230 0.950832
vn 0.534280 -0.141378 0.833401
vn -0.483385 0.210850 0.849636
vn -0.513570 0.134800 0.847393
vn 0.313831 -0.033671 0.948882
vn 0.554767 -0.061432 0.829735
vn 0.314535 0.000744 0.949246
vn 0.561721 0.001325 0.827326
vn -0.528365 0.057901 0.847041
vn -0.530399 -0.001251 0.847747
vn 0.313129 0.034025 0.949101
vn 0.555047 0.062271 0.829485
vn 0.301003 0.077324 0.950483
vn 0.533702 0.141281 0.833788
vn -0.528018 -0.058623 0.847207
vn -0.513925 -0.134838 0.847171
vn 0.270755 0.119408 0.955214
vn 0.499984 0.225753 0.836093
vn 0.236151 0.152701 0.959643
vn 0.452413 0.299869 0.839882
vn -0.481393 -0.215892 0.849500
vn -0.437485 -0.287812 0.851922
vn 0.195525 0.182860 0.963500
vn 0.383120 0.369608 0.846528
vn 0.142096 0.211684 0.966953
vn 0.282383 0.436244 0.854372
vn -0.375643 -0.358887 0.854454
vn -0.281770 -0.430543 0.857460
vn 0.073750 0.233326 0.969598
vn 0.148029 0.486960 0.860789
vn -0.004313 0.241750 0.970329
vn -0.008366 0.504312 0.863481
vn -0.149850 -0.486906 0.860504
vn 0.008592 -0.507380 0.861680
vn -0.076846 0.230426 0.970051
vn -0.156567 0.486834 0.859348
vn -0.141141 0.210660 0.967317
vn -0.282634 0.436544 0.854135
vn 0.157376 -0.483771 0.860929
vn 0.281420 -0.430140 0.857778
vn -0.199637 0.182276 0.962767
vn -0.386576 0.364814 0.847036
vn -0.242350 0.150038 0.958517
vn -0.458551 0.291306 0.839567
vn 0.380456 -0.355347 0.853804
vn 0.443897 -0.279807 0.851272
vn -0.272231 0.116820 0.955114
vn -0.503641 0.220962 0.835178
vn -0.300030 0.077288 0.950793
vn -0.534435 0.141408 0.833297
vn 0.483463 -0.210747 0.849617
vn 0.513655 -0.134834 0.847336
vn -0.314868 0.032994 0.948562
vn -0.554579 0.059995 0.829966
vn -0.317271 -0.004717 0.948323
vn -0.560541 -0.008238 0.828086
vn 0.528816 -0.056645 0.846844
vn 0.530981 0.007805 0.847348
vn -0.313924 -0.040016 0.948605
vn -0.554125 -0.072126 0.829303
vn -0.300409 -0.077654 0.950644
vn -0.536646 -0.141913 0.831788
vn 0.526561 0.068074 0.847407
vn 0.512630 0.134642 0.847987
vn -0.276699 -0.113215 0.954264
vn -0.508299 -0.212883 0.834454
vn -0.246459 -0.146681 0.957989
vn -0.463711 -0.283900 0.839270
vn 0.487218 0.202679 0.849435
vn 0.449269 0.272775 0.850735
vn 0.385938 0.351000 0.853142
vn -0.203096 -0.180252 0.962425
vn -0.391549 -0.360077 0.846778
vn -0.002896 0.004451 0.999986
vn -0.003526 0.001686 0.999992
vn -0.002107 -0.001159 0.999997
vn 0.002365 -0.003417 0.999991
vn 0.005321 -0.003474 0.999980
vn 0.005177 -0.002271 0.999984
vn 0.009004 -0.001514 0.999958
vn 0.012483 0.000027 0.999922
vn 0.009415 0.001587 0.999954
vn 0.004474 0.002196 0.999988
vn 0.004271 0.003155 0.999986
vn 0.002717 0.003655 0.999990
vn -0.001142 0.001925 0.999998
vn -0.004172 -0.002243 0.999989
vn -0.003601 -0.006682 0.999971
vn 0.000347 -0.008952 0.999960
vn 0.003055 -0.004739 0.999984
vn 0.003704 -0.001859 0.999991
vn 0.002131 0.001150 0.999997
vn -0.002434 0.003447 0.999991
vn -0.005350 0.003486 0.999980
vn -0.005200 0.002250 0.999984
vn -0.008538 0.001396 0.999963
vn -0.011238 -0.000155 0.999937
vn -0.009850 -0.001669 0.999950
vn -0.007525 -0.002755 0.999968
vn -0.005979 -0.003677 0.999975
vn -0.002248 -0.003368 0.999992
vn 0.002596 -0.000977 0.999996
vn -0.119348 -0.188157 0.974860
vn -0.167728 -0.157339 0.973197
vn -0.195057 -0.181628 0.963828
vn -0.143488 -0.224262 0.963908
vn -0.199225 -0.124331 0.972035
vn -0.223749 -0.139125 0.964666
vn -0.059769 -0.210839 0.975692
vn 0.005248 -0.218521 0.975818
vn -0.072391 -0.253969 0.964500
vn 0.006627 -0.264407 0.964388
vn 0.067449 -0.211991 0.974941
vn 0.121169 -0.190644 0.974152
vn 0.080648 -0.251625 0.964459
vn 0.142838 -0.223406 0.964203
vn 0.165486 -0.159488 0.973231
vn 0.195727 -0.126806 0.972425
vn 0.192346 -0.184293 0.963867
vn 0.221328 -0.143042 0.964652
vn 0.213143 -0.095212 0.972371
vn 0.223663 -0.060238 0.972803
vn 0.235260 -0.105050 0.966239
vn 0.245807 -0.066059 0.967065
vn 0.231775 -0.026152 0.972418
vn 0.235209 0.000562 0.971945
vn 0.248939 -0.027972 0.968115
vn 0.247539 0.000603 0.968878
vn 0.232047 0.026539 0.972343
vn 0.222916 0.060099 0.972983
vn 0.248992 0.028353 0.968091
vn 0.246956 0.066334 0.966754
vn 0.210897 0.096879 0.972696
vn 0.193252 0.130371 0.972449
vn 0.234718 0.107731 0.966075
vn 0.217733 0.146650 0.964928
vn 0.164673 0.161872 0.972975
vn 0.120840 0.190437 0.974234
vn 0.190455 0.186248 0.963867
vn 0.143863 0.224872 0.963710
vn 0.062928 0.211124 0.975432
vn -0.003475 0.218150 0.975909
vn 0.076387 0.253926 0.964203
vn -0.004397 0.264952 0.964252
vn -0.066820 0.211833 0.975019
vn -0.121016 0.190444 0.974211
vn -0.080035 0.251755 0.964476
vn -0.142875 0.223427 0.964192
vn -0.165655 0.159308 0.973231
vn -0.195878 0.126724 0.972406
vn -0.192595 0.184106 0.963853
vn -0.221394 0.142882 0.964660
vn -0.213205 0.095180 0.972360
vn -0.223712 0.060242 0.972792
vn -0.235216 0.104970 0.966258
vn -0.245593 0.066011 0.967123
vn -0.231757 0.025562 0.972438
vn -0.235096 -0.003468 0.971966
vn -0.248901 0.027344 0.968143
vn -0.247764 -0.003709 0.968813
vn -0.233329 -0.030876 0.971907
vn -0.227507 -0.061220 0.971850
vn -0.247273 -0.032742 0.968393
vn -0.244391 -0.065746 0.967445
vn -0.217448 -0.092736 0.971657
vn -0.237037 -0.100997 0.966237
vn 0.917622 0.397447 0.002266
vn 0.993817 -0.111006 0.002214
vn 0.716336 -0.697751 0.002476
vn -0.282821 -0.959169 0.002712
vn -0.906091 -0.423077 0.002319
vn -0.993528 0.113566 0.002216
vn -0.715546 0.698561 0.002473
vn 0.269343 0.963040 0.002723
vn 0.151553 0.221009 0.963425
vn 0.209597 0.182068 0.960687
vn 0.123698 0.114709 0.985668
vn 0.084761 0.132055 0.987612
vn -0.103249 -0.168680 0.980248
vn -0.151048 -0.146299 0.977641
vn 0.244887 0.142328 0.959048
vn -0.186316 -0.119499 0.975196
vn 0.152206 0.094009 0.983868
vn -0.061789 -0.095723 0.993488
vn -0.089064 -0.082126 0.992634
vn -0.108830 -0.066856 0.991810
vn 0.041176 0.143680 0.988767
vn -0.003683 0.147443 0.989064
vn -0.046690 0.144775 0.988362
vn -0.086246 0.134112 0.987206
vn -0.122064 0.116331 0.985681
vn -0.149521 0.095846 0.984102
vn -0.168407 0.074592 0.982891
vn -0.181286 0.048578 0.982230
vn -0.190593 0.021353 0.981437
vn -0.194480 -0.000463 0.980906
vn -0.191066 -0.021692 0.981337
vn -0.180530 -0.048438 0.982376
vn -0.166410 -0.075844 0.983136
vn -0.147639 -0.098559 0.984118
vn -0.121421 -0.117904 0.985574
vn -0.085916 -0.133597 0.987305
vn -0.043458 -0.143883 0.988640
vn 0.002442 -0.147120 0.989116
vn 0.046230 -0.144570 0.988414
vn 0.086109 -0.133920 0.987244
vn 0.122178 -0.116177 0.985685
vn 0.149631 -0.095770 0.984093
vn 0.168422 -0.074558 0.982891
vn 0.181101 -0.048547 0.982266
vn 0.189974 -0.020851 0.981568
vn 0.193066 0.002806 0.981182
vn 0.190463 0.025009 0.981376
vn 0.183293 0.048992 0.981837
vn 0.171349 0.072430 0.982544
vn 0.263719 0.105230 0.958843
vn -0.210070 -0.091862 0.973361
vn 0.275839 0.069333 0.958700
vn -0.224717 -0.062142 0.972440
vn -0.121677 -0.051144 0.991251
vn -0.130656 -0.034682 0.990821
vn 0.281747 0.035021 0.958849
vn -0.233751 -0.031649 0.971781
vn 0.283120 0.004306 0.959075
vn -0.237015 -0.003352 0.971500
vn -0.135724 -0.017724 0.990588
vn -0.137037 -0.001990 0.990564
vn 0.283568 -0.028621 0.958525
vn -0.232887 0.026767 0.972135
vn 0.276730 -0.069070 0.958462
vn -0.221881 0.061876 0.973108
vn -0.135953 0.014807 0.990605
vn -0.129987 0.034552 0.990913
vn 0.261037 -0.109399 0.959110
vn -0.207063 0.094674 0.973736
vn 0.242029 -0.146737 0.959109
vn -0.184023 0.121906 0.975333
vn -0.119617 0.052654 0.991423
vn -0.107168 0.068266 0.991895
vn 0.206717 -0.184901 0.960770
vn -0.150019 0.148561 0.977458
vn 0.150477 -0.220476 0.963715
vn -0.105997 0.171876 0.979400
vn -0.087791 0.083044 0.992671
vn -0.061695 0.095489 0.993517
vn 0.083282 -0.246027 0.965679
vn -0.057028 0.186013 0.980891
vn 0.004658 -0.257726 0.966207
vn -0.002924 0.189030 0.981967
vn -0.033333 0.103785 0.994041
vn -0.001806 0.107593 0.994193
vn -0.079473 -0.247552 0.965610
vn 0.053380 0.184967 0.981294
vn -0.151184 -0.221205 0.963438
vn 0.105668 0.171561 0.979490
vn 0.031680 0.104394 0.994031
vn 0.061937 0.095840 0.993468
vn -0.202977 -0.186275 0.961302
vn 0.149716 0.150981 0.977133
vn -0.236477 -0.149807 0.960019
vn 0.181831 0.125452 0.975294
vn 0.086442 0.083553 0.992747
vn 0.104651 0.069544 0.992075
vn -0.260384 -0.112014 0.958985
vn 0.203964 0.096203 0.974240
vn -0.279269 -0.069426 0.957700
vn 0.220484 0.061749 0.973434
vn 0.118810 0.053826 0.991457
vn 0.130639 0.034728 0.990822
vn -0.284365 -0.029917 0.958249
vn 0.234260 0.027739 0.971778
vn -0.283106 -0.000671 0.959088
vn 0.238999 0.000577 0.971020
vn 0.136057 0.015342 0.990582
vn 0.136772 0.000331 0.990602
vn -0.283678 0.029449 0.958467
vn 0.233786 -0.027320 0.971904
vn -0.276955 0.069107 0.958395
vn 0.222122 -0.061932 0.973050
vn 0.135978 -0.015124 0.990597
vn 0.130085 -0.034567 0.990900
vn -0.261034 0.109432 0.959107
vn 0.207089 -0.094747 0.973723
vn -0.241893 0.146841 0.959127
vn 0.183938 -0.122041 0.975332
vn 0.119622 -0.052690 0.991420
vn 0.107128 -0.068342 0.991894
vn -0.206422 0.185082 0.960799
vn 0.149958 -0.148820 0.977428
vn -0.150410 0.220487 0.963723
vn 0.106271 -0.172224 0.979309
vn 0.087673 -0.083112 0.992676
vn 0.061662 -0.095433 0.993524
vn -0.083942 0.245900 0.965654
vn 0.057647 -0.186382 0.980785
vn -0.007093 0.257313 0.966302
vn 0.004382 -0.189495 0.981872
vn 0.033562 -0.103629 0.994050
vn 0.002704 -0.107269 0.994226
vn -0.050555 -0.184195 0.981589
vn -0.030038 -0.104348 0.994087
vn 0.075269 0.247939 0.965847
vn 0.346557 0.519411 0.781096
vn 0.484108 0.432809 0.760471
vn 0.080217 0.080340 0.993535
vn 0.052804 0.089665 0.994571
vn 0.124162 0.178129 0.976142
vn 0.175701 0.150347 0.972895
vn 0.573520 0.343027 0.743913
vn 0.209840 0.120304 0.970306
vn 0.101361 0.066836 0.992602
vn -0.097563 -0.159363 0.982387
vn -0.145835 -0.141377 0.979155
vn -0.183791 -0.118081 0.975847
vn -0.308500 -0.482137 0.819983
vn -0.439675 -0.408002 0.800138
vn -0.529678 -0.326591 0.782802
vn -0.365868 -0.560750 0.742765
vn -0.517329 -0.471815 0.713975
vn -0.620415 -0.377152 0.687635
vn -0.686197 -0.285633 0.668990
vn -0.586482 -0.247023 0.771375
vn -0.622419 -0.165430 0.765002
vn -0.729408 -0.191742 0.656658
vn -0.210892 -0.092368 0.973136
vn -0.228411 -0.063258 0.971507
vn 0.627889 0.257797 0.734367
vn 0.115516 0.051760 0.991956
vn 0.229729 0.090452 0.969042
vn 0.662972 0.172035 0.728610
vn 0.242883 0.060248 0.968183
vn 0.122959 0.034871 0.991799
vn -0.754084 -0.097523 0.649497
vn -0.642864 -0.083936 0.761367
vn -0.649591 -0.009401 0.760226
vn -0.761953 -0.011088 0.647537
vn -0.239322 -0.032444 0.970398
vn -0.243188 -0.003398 0.969973
vn 0.682499 0.087337 0.725650
vn 0.127498 0.017626 0.991682
vn 0.249379 0.030640 0.967921
vn 0.688630 0.010168 0.725042
vn 0.250751 0.003864 0.968044
vn 0.129594 0.001789 0.991565
vn -0.755011 0.081203 0.650664
vn -0.643401 0.070180 0.762305
vn -0.619209 0.165020 0.767691
vn -0.726392 0.191115 0.660174
vn -0.238217 0.027474 0.970823
vn -0.224986 0.062848 0.972333
vn 0.684219 -0.072283 0.725686
vn 0.126976 -0.015093 0.991791
vn 0.250399 -0.024803 0.967825
vn 0.661609 -0.171353 0.730008
vn 0.242750 -0.059688 0.968251
vn 0.121014 -0.034816 0.992040
vn -0.677637 0.295548 0.673394
vn -0.579068 0.255481 0.774215
vn -0.522500 0.333943 0.784523
vn -0.611926 0.386022 0.690314
vn -0.207051 0.094775 0.973729
vn -0.180806 0.119916 0.976181
vn 0.620903 -0.267220 0.736935
vn 0.113822 -0.053272 0.992072
vn 0.226317 -0.093627 0.969543
vn 0.566067 -0.351888 0.745482
vn 0.206374 -0.123510 0.970647
vn 0.099922 -0.067826 0.992681
vn -0.510815 0.478106 0.714480
vn -0.434472 0.413352 0.800234
vn -0.311141 0.485036 0.817271
vn -0.367424 0.562852 0.740404
vn -0.144304 0.143037 0.979141
vn -0.099833 0.161909 0.981743
vn 0.477717 -0.438968 0.760982
vn 0.079833 -0.081508 0.993470
vn 0.172520 -0.152163 0.973182
vn 0.346771 -0.520800 0.780076
vn 0.122769 -0.177249 0.976479
vn 0.055231 -0.092454 0.994184
vn -0.200990 0.619474 0.758851
vn -0.169332 0.531522 0.829946
vn -0.009000 0.547519 0.836745
vn -0.010843 0.641369 0.767156
vn -0.052828 0.172076 0.983666
vn -0.002704 0.173392 0.984849
vn 0.191057 -0.577027 0.794064
vn 0.028963 -0.097643 0.994800
vn 0.066740 -0.194219 0.978685
vn 0.010449 -0.599670 0.800179
vn 0.003684 -0.202149 0.979348
vn 0.001419 -0.096892 0.995294
vn 0.190492 0.620955 0.760347
vn 0.159878 0.531553 0.831799
vn 0.310777 0.484678 0.817622
vn 0.367588 0.562900 0.740285
vn 0.049231 0.170523 0.984123
vn 0.098952 0.160765 0.982020
vn -0.181533 -0.578950 0.794898
vn -0.026705 -0.096075 0.995016
vn -0.063727 -0.195404 0.978650
vn -0.347456 -0.521331 0.779415
vn -0.123227 -0.177725 0.976335
vn -0.054528 -0.091597 0.994302
vn 0.504796 0.483104 0.715396
vn 0.430085 0.417939 0.800221
vn 0.514302 0.342838 0.786101
vn 0.601595 0.396084 0.693687
vn 0.143358 0.144639 0.979044
vn 0.178298 0.123085 0.976248
vn -0.471862 -0.443844 0.761807
vn -0.080080 -0.083009 0.993326
vn -0.169044 -0.153043 0.973654
vn -0.556511 -0.361197 0.748220
vn -0.201021 -0.125738 0.971484
vn -0.099383 -0.070147 0.992574
vn 0.672024 0.301638 0.676312
vn 0.573839 0.260671 0.776376
vn 0.618124 0.164886 0.768593
vn 0.725694 0.190883 0.661008
vn 0.204107 0.096344 0.974196
vn 0.223515 0.062699 0.972682
vn -0.616749 -0.272916 0.738335
vn -0.111668 -0.054030 0.992276
vn -0.224823 -0.095468 0.969712
vn -0.661999 -0.171219 0.729686
vn -0.243567 -0.059627 0.968050
vn -0.119545 -0.034659 0.992224
vn 0.754807 0.084085 0.650536
vn 0.643567 0.072682 0.761931
vn 0.649927 0.001541 0.759995
vn 0.761980 0.001810 0.647598
vn 0.238493 0.028370 0.970730
vn 0.243390 0.000587 0.969928
vn -0.684023 -0.074984 0.725596
vn -0.128012 -0.015637 0.991649
vn -0.249192 -0.025771 0.968111
vn -0.688321 -0.001617 0.725405
vn -0.248566 -0.000571 0.968615
vn -0.131344 -0.000313 0.991337
vn 0.755021 -0.083005 0.650425
vn 0.643179 -0.071690 0.762352
vn 0.619172 -0.165013 0.767722
vn 0.726544 -0.191108 0.660008
vn 0.237940 -0.027931 0.970878
vn 0.224808 -0.062809 0.972377
vn -0.683928 0.074014 0.725786
vn -0.127531 0.015378 0.991715
vn -0.249091 0.025448 0.968146
vn -0.661624 0.171347 0.729996
vn -0.242317 0.059619 0.968364
vn -0.121086 0.034835 0.992031
vn 0.677575 -0.295703 0.673389
vn 0.579001 -0.255603 0.774225
vn 0.522224 -0.334223 0.784588
vn 0.611643 -0.386404 0.690351
vn 0.207008 -0.094793 0.973736
vn 0.180639 -0.119962 0.976206
vn -0.620819 0.267340 0.736962
vn -0.113780 0.053290 0.992076
vn -0.226141 0.093638 0.969584
vn -0.565790 0.352228 0.745531
vn -0.206281 0.123621 0.970652
vn -0.099769 0.067823 0.992696
vn 0.510278 -0.478733 0.714445
vn 0.434028 -0.413866 0.800209
vn 0.311449 -0.485490 0.816884
vn 0.367614 -0.563237 0.740016
vn 0.144125 -0.143131 0.979154
vn 0.099982 -0.162079 0.981700
vn -0.477138 0.439448 0.761069
vn -0.079770 0.081595 0.993468
vn -0.172303 0.152349 0.973191
vn -0.346817 0.521006 0.779917
vn -0.122722 0.177229 0.976488
vn -0.055479 0.092775 0.994140
vn 0.202669 -0.619540 0.758350
vn 0.170893 -0.531987 0.829328
vn 0.013532 -0.548331 0.836152
vn 0.016425 -0.641218 0.767183
vn 0.053391 -0.172597 0.983545
vn 0.004008 -0.174467 0.984655
vn -0.192642 0.576986 0.793711
vn -0.029371 0.098158 0.994737
vn -0.067303 0.194208 0.978649
vn -0.015875 0.599527 0.800197
vn -0.005599 0.202052 0.979359
vn -0.002106 0.097683 0.995215
vn -0.151911 -0.532183 0.832889
vn -0.180662 -0.621536 0.762269
vn -0.046970 -0.170907 0.984167
vn 0.060548 0.196073 0.978718
vn 0.172116 0.579788 0.796380
vn 0.025375 0.095764 0.995081
vn -0.667605 -0.407731 0.622944
vn -0.736467 -0.307494 0.602548
vn -0.251535 -0.109095 0.961680
vn -0.212416 -0.135193 0.967782
vn -0.790630 -0.479305 0.381013
vn -0.859450 -0.356728 0.366185
vn -0.781291 -0.205866 0.589241
vn -0.903813 -0.236857 0.356399
vn -0.279827 -0.076713 0.956981
vn -0.559459 -0.513503 0.650630
vn -0.677354 -0.615865 0.402370
vn -0.162268 -0.155952 0.974345
vn -0.397712 -0.614015 0.681770
vn -0.104621 -0.169618 0.979941
vn -0.495100 -0.756249 0.427742
vn -0.197524 -0.683455 0.702761
vn -0.250687 -0.858921 0.446555
vn -0.049096 -0.177384 0.982916
vn 0.017585 -0.704993 0.708996
vn 0.004146 -0.180020 0.983654
vn 0.022717 -0.891676 0.452103
vn 0.221272 -0.681045 0.698009
vn 0.279463 -0.851700 0.443292
vn 0.055948 -0.179660 0.982136
vn 0.399905 -0.616525 0.678213
vn 0.107385 -0.172755 0.979094
vn 0.495531 -0.756913 0.426064
vn 0.551358 -0.520319 0.652129
vn 0.668103 -0.624996 0.403757
vn 0.160088 -0.157673 0.974429
vn 0.657997 -0.417427 0.626733
vn 0.207306 -0.136502 0.968706
vn 0.781210 -0.492252 0.383926
vn 0.727333 -0.318286 0.608014
vn 0.851696 -0.370635 0.370464
vn 0.244786 -0.111125 0.963188
vn 0.777096 -0.204972 0.595070
vn 0.274271 -0.075787 0.958661
vn 0.902309 -0.236483 0.360435
vn 0.807049 -0.089009 0.583738
vn 0.930190 -0.101861 0.352663
vn 0.295658 -0.034220 0.954681
vn 0.815700 0.001919 0.578473
vn 0.303406 0.000723 0.952861
vn 0.936839 0.002202 0.349754
vn 0.807444 0.090243 0.583002
vn 0.930196 0.103212 0.352254
vn 0.295436 0.034661 0.954734
vn 0.776696 0.205011 0.595579
vn 0.271752 0.075426 0.959407
vn 0.902320 0.236491 0.360404
vn 0.722842 0.325387 0.609609
vn 0.847472 0.379251 0.371429
vn 0.240151 0.112367 0.964210
vn 0.649906 0.429472 0.627038
vn 0.203139 0.139094 0.969220
vn 0.771552 0.506592 0.384802
vn 0.547227 0.526619 0.650550
vn 0.662091 0.631924 0.402873
vn 0.158350 0.158530 0.974574
vn 0.399746 0.616647 0.678196
vn 0.106187 0.171259 0.979487
vn 0.495815 0.757222 0.425184
vn 0.207711 0.682350 0.700895
vn 0.263452 0.856033 0.444748
vn 0.051736 0.178016 0.982667
vn -0.011648 0.704617 0.709492
vn -0.002786 0.179921 0.983677
vn -0.015040 0.891809 0.452161
vn -0.219408 0.681126 0.698518
vn -0.277328 0.852231 0.443612
vn -0.055431 0.179528 0.982190
vn -0.399697 0.616285 0.678554
vn -0.107194 0.172549 0.979151
vn -0.495493 0.756828 0.426261
vn -0.551969 0.519731 0.652081
vn -0.668820 0.624255 0.403715
vn -0.160264 0.157524 0.974424
vn -0.658377 0.417056 0.626581
vn -0.207518 0.136432 0.968671
vn -0.781556 0.491755 0.383858
vn -0.727483 0.318155 0.607903
vn -0.851793 0.370444 0.370433
vn -0.244869 0.111095 0.963170
vn -0.777166 0.204979 0.594977
vn -0.274338 0.075809 0.958640
vn -0.902313 0.236496 0.360417
vn -0.807249 0.087025 0.583760
vn -0.930468 0.099588 0.352577
vn -0.295919 0.033623 0.954621
vn -0.815570 -0.011878 0.578536
vn -0.303771 -0.004306 0.952735
vn -0.936917 -0.013683 0.349283
vn -0.807192 -0.104594 0.580949
vn -0.928824 -0.119783 0.350625
vn -0.297836 -0.039974 0.953780
vn -0.356521 -0.208836 0.910648
vn -0.296151 -0.259375 0.919249
vn -0.208948 -0.307234 0.928412
vn -0.102545 -0.340137 0.934768
vn 0.009619 -0.352154 0.935893
vn 0.114919 -0.338656 0.933866
vn 0.208626 -0.307951 0.928246
vn 0.292827 -0.264487 0.918857
vn 0.352805 -0.215550 0.910531
vn 0.388959 -0.164123 0.906518
vn 0.419532 -0.105705 0.901565
vn 0.436383 -0.045849 0.898592
vn 0.437162 0.001027 0.899382
vn 0.435062 0.046313 0.899209
vn 0.419427 0.105363 0.901654
vn 0.384156 0.166445 0.908141
vn 0.342422 0.218310 0.913832
vn 0.287326 0.265429 0.920322
vn 0.209391 0.308534 0.927880
vn 0.108580 0.340439 0.933976
vn -0.006292 0.353075 0.935574
vn -0.113990 0.338835 0.933915
vn -0.208634 0.307851 0.928278
vn -0.293165 0.264167 0.918842
vn -0.352950 0.215314 0.910531
vn -0.388942 0.164024 0.906543
vn -0.418961 0.105610 0.901841
vn -0.435865 0.044605 0.898906
vn -0.437739 -0.006534 0.899078
vn -0.433398 -0.054239 0.899569
vn -0.418676 -0.106054 0.901922
vn -0.393538 -0.158152 0.905602
vn 0.023756 -0.025337 0.999397
vn 0.035943 -0.023711 0.999073
vn 0.042144 -0.017872 0.998952
vn 0.011995 -0.025409 0.999605
vn 0.724489 -0.672637 0.150585
vn 0.004939 -0.023519 0.999711
vn 0.000804 -0.019346 0.999813
vn -0.000376 -0.014478 0.999895
vn 0.000348 -0.016165 0.999869
vn -0.001440 -0.020138 0.999796
vn -0.011425 -0.025353 0.999613
vn -0.024832 -0.026243 0.999347
vn -0.037836 -0.023841 0.999000
vn -0.045974 -0.017909 0.998782
vn -0.052128 -0.009445 0.998596
vn -0.054951 -0.000589 0.998489
vn -0.050096 0.008740 0.998706
vn -0.042203 0.017881 0.998949
vn -0.036029 0.023738 0.999069
vn -0.023928 0.025406 0.999391
vn -0.011961 0.025389 0.999606
vn -0.004647 0.023219 0.999720
vn -0.000625 0.018847 0.999822
vn 0.000190 0.013461 0.999909
vn -0.000605 0.016360 0.999866
vn 0.003320 0.021645 0.999760
vn 0.013472 0.026165 0.999567
vn 0.025267 0.026759 0.999323
vn 0.033848 0.023819 0.999143
vn 0.039766 0.017751 0.999051
vn 0.051187 0.008918 0.998649
vn 0.056684 0.000147 0.998392
vn 0.050560 -0.008726 0.998683
vn 0.551467 -0.231019 0.801570
vn 0.494994 -0.299807 0.815534
vn 0.600861 -0.150213 0.785113
vn 0.410358 -0.366410 0.835075
vn 0.292583 -0.426233 0.855991
vn 0.161177 -0.468534 0.868618
vn 0.013563 -0.489732 0.871767
vn -0.145300 -0.474659 0.868094
vn -0.296312 -0.429200 0.853221
vn -0.417814 -0.361354 0.833579
vn -0.502894 -0.291781 0.813610
vn -0.559768 -0.223335 0.797986
vn -0.602160 -0.151628 0.783844
vn -0.626750 -0.078087 0.775298
vn -0.633492 -0.009494 0.773691
vn -0.628305 0.063778 0.775349
vn -0.600883 0.150229 0.785093
vn -0.551524 0.230901 0.801565
vn -0.495103 0.299448 0.815600
vn -0.410890 0.365988 0.834998
vn -0.292856 0.426446 0.855792
vn -0.160114 0.469393 0.868351
vn -0.008892 0.491640 0.870753
vn 0.153491 0.474146 0.866964
vn 0.294870 0.428845 0.853899
vn 0.403572 0.368801 0.837327
vn 0.483522 0.305591 0.820256
vn 0.548339 0.235707 0.802351
vn 0.602588 0.150104 0.783809
vn 0.626317 0.066198 0.776753
vn 0.630364 0.001464 0.776298
vn 0.627243 -0.065448 0.776069
vn 0.728582 -0.683039 -0.051247
vn -0.173986 -0.629166 0.757548
vn -0.352657 -0.569252 0.742687
vn -0.207769 -0.336351 0.918531
vn -0.101829 -0.368804 0.923913
vn 0.008949 -0.379110 0.925308
vn 0.015436 -0.648141 0.761364
vn 0.010560 0.005578 0.999929
vn 0.004938 0.006684 0.999965
vn -0.000640 0.007170 0.999974
vn 0.223824 0.343511 0.912087
vn 0.109481 0.377620 0.919466
vn -0.009974 0.388669 0.921323
vn 0.353856 0.553393 0.754017
vn 0.174403 0.611976 0.771407
vn -0.015826 0.630569 0.775972
vn 0.195149 -0.627191 0.754021
vn 0.355053 -0.571376 0.739910
vn 0.494301 -0.486642 0.720310
vn 0.594717 -0.392985 0.701338
vn 0.660145 -0.300871 0.688247
vn 0.708029 -0.194904 0.678754
vn 0.736688 -0.084847 0.670889
vn 0.744332 0.001834 0.667807
vn 0.736769 0.086016 0.670651
vn 0.707285 0.194967 0.679511
vn 0.655016 0.307241 0.690331
vn 0.585806 0.403125 0.703080
vn 0.489798 0.491346 0.720192
vn 0.354822 0.571272 0.740101
vn 0.183114 0.628414 0.756019
vn -0.010289 0.648027 0.761548
vn -0.193588 0.627226 0.754395
vn -0.354918 0.571184 0.740123
vn -0.494870 0.486127 0.720267
vn -0.595079 0.392635 0.701227
vn -0.660288 0.300744 0.688167
vn -0.708015 0.194926 0.678763
vn -0.736814 0.083119 0.670967
vn -0.744266 -0.011019 0.667792
vn -0.736229 -0.099187 0.669424
vn -0.711418 -0.195241 0.675104
vn -0.668600 -0.290831 0.684391
vn -0.603196 -0.384182 0.698970
vn -0.501070 -0.480358 0.719851
vn 0.175233 0.630441 0.756199
vn -0.015588 0.648494 0.761060
vn -0.354564 0.555192 0.752360
vn -0.195268 0.609414 0.768430
vn -0.196567 0.628615 0.752466
vn -0.358816 0.575200 0.735116
vn -0.591256 0.383224 0.709616
vn -0.492939 0.473292 0.730073
vn -0.501798 0.492687 0.710956
vn -0.606295 0.400152 0.687230
vn -0.704016 0.190013 0.684293
vn -0.655524 0.293809 0.695675
vn -0.675456 0.307810 0.670084
vn -0.726832 0.200099 0.657021
vn -0.739088 -0.001777 0.673606
vn -0.732251 0.082538 0.676015
vn -0.758012 0.087203 0.646385
vn -0.766379 -0.001860 0.642386
vn -0.703543 -0.189777 0.684845
vn -0.732068 -0.083567 0.676087
vn -0.757787 -0.088320 0.646497
vn -0.725736 -0.200033 0.658250
vn -0.581381 -0.392730 0.712572
vn -0.650505 -0.299711 0.697866
vn -0.669739 -0.314074 0.672909
vn -0.596530 -0.410050 0.689936
vn -0.354722 -0.555365 0.752158
vn -0.487342 -0.477659 0.730985
vn -0.496666 -0.497085 0.711498
vn -0.358470 -0.575063 0.735392
vn 0.010424 -0.631274 0.775490
vn -0.183853 -0.611646 0.769473
vn -0.184520 -0.630249 0.754147
vn 0.010339 -0.649051 0.760675
vn 0.354432 -0.555031 0.752541
vn 0.193687 -0.609840 0.768493
vn 0.194982 -0.629001 0.752556
vn 0.358635 -0.575051 0.735321
vn 0.591510 -0.382831 0.709617
vn 0.493437 -0.472659 0.730146
vn 0.502312 -0.492124 0.710983
vn 0.606602 -0.399764 0.687185
vn 0.704085 -0.190011 0.684222
vn 0.655624 -0.293675 0.695638
vn 0.675553 -0.307671 0.670050
vn 0.726844 -0.200105 0.657005
vn 0.740330 0.011349 0.672148
vn 0.732866 -0.080643 0.675577
vn 0.758453 -0.085365 0.646113
vn 0.767389 0.011576 0.641078
vn 0.708601 0.191434 0.679145
vn 0.733018 0.097602 0.673171
vn 0.759289 0.102476 0.642634
vn 0.732529 0.201153 0.650337
vn 0.601214 0.374606 0.705841
vn 0.665707 0.284526 0.689840
vn 0.686168 0.298326 0.663456
vn 0.616255 0.391776 0.683185
vn 0.500860 0.466936 0.728773
vn -0.122286 0.375486 0.918726
vn -0.223064 0.343567 0.912252
vn -0.005023 0.005184 0.999974
vn -0.008758 0.003986 0.999954
vn 0.114655 -0.369435 0.922156
vn 0.210167 -0.339249 0.916919
vn -0.312546 0.295163 0.902881
vn -0.376234 0.240310 0.894818
vn -0.011846 0.002923 0.999926
vn -0.011636 0.001457 0.999931
vn 0.295492 -0.292034 0.909616
vn 0.359760 -0.238743 0.901984
vn -0.417173 0.184303 0.889943
vn -0.449446 0.119093 0.885333
vn -0.010136 -0.000013 0.999949
vn -0.011267 -0.000707 0.999936
vn 0.402723 -0.184353 0.896565
vn 0.432893 -0.119824 0.893446
vn -0.466954 0.051559 0.882777
vn -0.469895 -0.001110 0.882722
vn -0.009333 -0.000802 0.999956
vn -0.006627 0.000015 0.999978
vn 0.452863 -0.052527 0.890031
vn 0.459633 0.001134 0.888108
vn -0.466811 -0.052166 0.882817
vn -0.449777 -0.118940 0.885186
vn -0.008919 0.000901 0.999960
vn -0.012256 0.000724 0.999925
vn 0.453455 0.053310 0.889684
vn 0.431958 0.119755 0.893908
vn -0.413963 -0.187858 0.890699
vn -0.368680 -0.245546 0.896539
vn -0.010732 -0.000107 0.999942
vn -0.010129 -0.000902 0.999948
vn 0.398804 0.187858 0.897588
vn 0.354643 0.244985 0.902336
vn -0.308265 -0.297547 0.903570
vn -0.223646 -0.344380 0.911803
vn -0.010414 -0.002292 0.999943
vn -0.009311 -0.004670 0.999946
vn 0.293367 0.295370 0.909226
vn 0.209657 0.338687 0.917243
vn -0.115451 -0.377625 0.918733
vn 0.006550 -0.389464 0.921018
vn -0.005377 -0.006852 0.999962
vn 0.000356 -0.007985 0.999968
vn 0.107090 0.368428 0.923468
vn -0.005962 0.378242 0.925687
vn 0.121281 -0.375883 0.918697
vn 0.222971 -0.343477 0.912309
vn 0.004996 -0.005429 0.999973
vn 0.008742 -0.003924 0.999954
vn -0.113617 0.369028 0.922448
vn -0.209967 0.338952 0.917075
vn 0.312837 -0.294701 0.902931
vn 0.376349 -0.240012 0.894849
vn 0.011725 -0.002734 0.999928
vn 0.011489 -0.001322 0.999933
vn -0.295883 0.291756 0.909577
vn -0.360059 0.238570 0.901910
vn 0.417217 -0.184187 0.889947
vn 0.449568 -0.119087 0.885272
vn 0.010105 0.000046 0.999949
vn 0.011265 0.000721 0.999936
vn -0.402914 0.184319 0.896486
vn -0.433088 0.119885 0.893344
vn 0.467749 -0.050278 0.882430
vn 0.471585 0.007401 0.881789
vn 0.009807 0.000948 0.999951
vn 0.008273 0.000410 0.999966
vn -0.452796 0.051459 0.890128
vn -0.458601 -0.006756 0.888617
vn 0.467606 0.061437 0.881799
vn 0.452574 0.120355 0.883568
vn 0.009522 -0.000166 0.999955
vn 0.010806 -0.000355 0.999942
vn -0.452753 -0.061339 0.889524
vn -0.436184 -0.120383 0.891769
vn 0.425026 0.178851 0.887336
vn 0.383798 0.235130 0.892980
vn 0.011288 0.000032 0.999936
vn 0.012869 0.001196 0.999916
vn -0.408500 -0.178589 0.895117
vn -0.365302 -0.233759 0.901061
vn 0.318598 0.291607 0.901921
vn 0.013016 0.002935 0.999911
vn -0.299599 -0.288323 0.909456
s 1
g lowpoly PROP_____PictureFrame_Var_3 High_Fidelity_Group pCylinder141
usemtl initialShadingGroup
f 1813/1311/1013 1581/1312/1014 1013/1313/1015 1741/1314/1016
f 1582/1315/1017 1813/1311/1013 1741/1314/1016 1014/1316/1018
f 1814/1317/1019 1583/1318/1020 1015/1319/1021 1755/1320/1022
f 1584/2490/1023 1814/1317/1019 1755/1320/1022 1016/2491/1024
f 1815/1323/1025 1585/1324/1026 1017/1325/1027 1753/1326/1028
f 1586/1327/1029 1815/1323/1025 1753/1326/1028 1018/1328/1030
f 1816/1329/1031 1587/1330/1032 1019/1331/1033 1751/1332/1034
f 1588/1333/1035 1816/1329/1031 1751/1332/1034 1020/1334/1036
f 1817/1335/1037 1589/1336/1038 1021/1337/1039 1749/1338/1040
f 1590/1339/1041 1817/1335/1037 1749/1338/1040 1022/1340/1042
f 1818/1341/1043 1591/1342/1044 1023/1343/1045 1747/1344/1046
f 1592/1345/1047 1818/1341/1043 1747/1344/1046 1024/1346/1048
f 1819/1347/1049 1593/1348/1050 1025/1349/1051 1745/1350/1052
f 1594/1351/1053 1819/1347/1049 1745/1350/1052 1026/1352/1054
f 1820/1353/1055 1595/1354/1056 1027/1355/1057 1743/1356/1058
f 1596/1357/1059 1820/1353/1055 1743/1356/1058 1028/1358/1060
f 1126/1359/1061 1597/1360/1062 2101/1361/1063 1406/1362/1064
f 1597/1360/1062 1125/1363/1065 1405/1364/1066 2101/1361/1063
f 1420/1365/1067 1127/1366/1068 1599/1367/1069 2115/1368/1070
f 1599/1367/1069 1128/1369/1071 1419/1370/1072 2115/1368/1070
f 1419/2473/1072 1128/2481/1071 1600/1371/1073 2114/1372/1074
f 1600/1371/1073 1129/1373/1075 1418/1374/1076 2114/1372/1074
f 1418/1374/1076 1129/1373/1075 1601/1375/1077 2113/1376/1078
f 1601/1375/1077 1130/1377/1079 1417/1378/1080 2113/1376/1078
f 1417/1378/1080 1130/1377/1079 1602/1379/1081 2112/1380/1082
f 1602/1379/1081 1131/1381/1083 1416/1382/1084 2112/1380/1082
f 1416/1382/1084 1131/1381/1083 1603/1383/1085 2111/1384/1086
f 1603/1383/1085 1132/1385/1087 1415/1386/1088 2111/1384/1086
f 1415/1386/1088 1132/1385/1087 1604/1387/1089 2110/1388/1090
f 1604/1387/1089 1133/1389/1091 1414/1390/1092 2110/1388/1090
f 1414/1390/1092 1133/1389/1091 1605/1391/1093 2109/1392/1094
f 1605/1391/1093 1134/1393/1095 1413/1394/1096 2109/1392/1094
f 1413/1394/1096 1134/1393/1095 1606/1395/1097 2108/1396/1098
f 1606/1395/1097 1135/1397/1099 1412/1398/1100 2108/1396/1098
f 1412/1398/1100 1135/1397/1099 1607/1399/1101 2107/1400/1102
f 1607/1399/1101 1136/1401/1103 1411/1402/1104 2107/1400/1102
f 1411/1402/1104 1136/1401/1103 1608/1403/1105 2106/1404/1106
f 1608/1403/1105 1137/1405/1107 1410/1406/1108 2106/1404/1106
f 1410/1406/1108 1137/1405/1107 1609/1407/1109 2105/1408/1110
f 1609/1407/1109 1138/1409/1111 1409/1410/1112 2105/1408/1110
f 1409/1410/1112 1138/1409/1111 1610/1411/1113 2104/1412/1114
f 1610/1411/1113 1139/1413/1115 1408/1414/1116 2104/1412/1114
f 1408/1414/1116 1139/1413/1115 1611/1415/1117 2103/1416/1118
f 1611/1415/1117 1140/1417/1119 1407/1418/1120 2103/1416/1118
f 1407/1418/1120 1140/1417/1119 1612/1419/1121 2102/1420/1122
f 1612/1419/1121 1126/1359/1061 1406/1362/1064 2102/1420/1122
f 1829/1421/1123 1613/1422/1124 1469/1423/1125 2149/1424/1126
f 1614/2465/1127 1829/1421/1123 2149/1424/1126 1470/2498/1128
f 1830/1427/1129 1614/1425/1127 1470/1426/1128 2150/1428/1130
f 1615/1429/1131 1830/1427/1129 2150/1428/1130 1471/1430/1132
f 1831/1431/1133 1615/1429/1131 1471/1430/1132 2151/1432/1134
f 1616/1433/1135 1831/1431/1133 2151/1432/1134 1472/1434/1136
f 1832/1435/1137 1616/1433/1135 1472/1434/1136 2152/1436/1138
f 1617/1437/1139 1832/1435/1137 2152/1436/1138 1473/1438/1140
f 1833/1439/1141 1617/1437/1139 1473/1438/1140 2153/1440/1142
f 1618/1441/1143 1833/1439/1141 2153/1440/1142 1474/1442/1144
f 1834/1443/1145 1618/1441/1143 1474/1442/1144 2154/1444/1146
f 1619/1445/1147 1834/1443/1145 2154/1444/1146 1475/1446/1148
f 1835/1447/1149 1619/1445/1147 1475/1446/1148 2155/1448/1150
f 1620/1449/1151 1835/1447/1149 2155/1448/1150 1476/1450/1152
f 1836/1451/1153 1620/1449/1151 1476/1450/1152 2156/1452/1154
f 1621/1453/1155 1836/1451/1153 2156/1452/1154 1477/1454/1156
f 1837/1455/1157 1621/1453/1155 1477/1454/1156 2157/1456/1158
f 1622/1457/1159 1837/1455/1157 2157/1456/1158 1478/1458/1160
f 1838/1459/1161 1622/1457/1159 1478/1458/1160 2158/1460/1162
f 1623/1461/1163 1838/1459/1161 2158/1460/1162 1479/1462/1164
f 1839/1463/1165 1623/1461/1163 1479/1462/1164 2159/1464/1166
f 1624/1465/1167 1839/1463/1165 2159/1464/1166 1480/1466/1168
f 1840/1467/1169 1624/1465/1167 1480/1466/1168 2160/1468/1170
f 1625/1469/1171 1840/1467/1169 2160/1468/1170 1481/1470/1172
f 1841/1471/1173 1625/1469/1171 1481/1470/1172 2161/1472/1174
f 1626/1473/1175 1841/1471/1173 2161/1472/1174 1482/1474/1176
f 1842/1475/1177 1626/1473/1175 1482/1474/1176 2162/1476/1178
f 1627/1477/1179 1842/1475/1177 2162/1476/1178 1483/1478/1180
f 1843/1479/1181 1627/1477/1179 1483/1478/1180 2163/1480/1182
f 1628/1481/1183 1843/1479/1181 2163/1480/1182 1484/1482/1184
f 1844/1483/1185 1628/1481/1183 1484/1482/1184 2164/1484/1186
f 1469/1423/1125 1613/1422/1124 1844/1483/1185 2164/1484/1186
f 1844/1483/1185 1613/1422/1124 1221/1485/1187 1519/1486/1188
f 1470/2498/1128 2149/1424/1126 1756/1487/1189 1016/1322/1024
f 1013/1313/1015 1469/1423/1125 2164/1484/1186 1741/1314/1016
f 1484/1482/1184 2163/1480/1182 1742/1488/1190 1014/1316/1018
f 1471/1430/1132 2150/1428/1130 1755/1320/1022 1015/1319/1021
f 1472/1434/1136 2151/1432/1134 1754/1489/1191 1018/1328/1030
f 1473/1438/1140 2152/1436/1138 1753/1326/1028 1017/1325/1027
f 1474/1442/1144 2153/1440/1142 1752/1490/1192 1020/1334/1036
f 1475/1446/1148 2154/1444/1146 1751/1332/1034 1019/1331/1033
f 1476/1450/1152 2155/1448/1150 1750/1491/1193 1022/1340/1042
f 1477/1454/1156 2156/1452/1154 1749/1338/1040 1021/1337/1039
f 1478/1458/1160 2157/1456/1158 1748/1492/1194 1024/1346/1048
f 1479/1462/1164 2158/1460/1162 1747/1344/1046 1023/1343/1045
f 1480/1466/1168 2159/1464/1166 1746/1493/1195 1026/1352/1054
f 1481/1470/1172 2160/1468/1170 1745/1350/1052 1025/1349/1051
f 1482/1474/1176 2161/1472/1174 1744/1494/1196 1028/1358/1060
f 1483/1478/1180 2162/1476/1178 1743/1356/1058 1027/1355/1057
f 2164/1484/1186 1484/1482/1184 1014/1316/1018 1741/1314/1016
f 1048/1495/1197 1629/1496/1198 1845/1497/1199 1710/2492/1200
f 1629/1496/1198 1045/1499/1201 1709/1500/1202 1845/1497/1199
f 1050/1501/1203 1630/1502/1204 1846/1503/1205 1711/1504/1206
f 1630/1502/1204 1048/2493/1197 1710/1498/1200 1846/1503/1205
f 1052/1505/1207 1631/1506/1208 1847/1507/1209 1712/1508/1210
f 1631/1506/1208 1050/1501/1203 1711/1504/1206 1847/1507/1209
f 1054/1509/1211 1632/1510/1212 1848/1511/1213 1713/1512/1214
f 1632/1510/1212 1052/1505/1207 1712/1508/1210 1848/1511/1213
f 1056/1513/1215 1633/1514/1216 1849/1515/1217 1714/1516/1218
f 1633/1514/1216 1054/1509/1211 1713/1512/1214 1849/1515/1217
f 1058/1517/1219 1634/1518/1220 1850/1519/1221 1715/1520/1222
f 1634/1518/1220 1056/1513/1215 1714/1516/1218 1850/1519/1221
f 1060/1521/1223 1635/1522/1224 1851/1523/1225 1716/1524/1226
f 1635/1522/1224 1058/1517/1219 1715/1520/1222 1851/1523/1225
f 1062/1525/1227 1636/1526/1228 1852/1527/1229 1717/1528/1230
f 1636/1526/1228 1060/1521/1223 1716/1524/1226 1852/1527/1229
f 1064/1529/1231 1637/1530/1232 1853/1531/1233 1718/1532/1234
f 1637/1530/1232 1062/1525/1227 1717/1528/1230 1853/1531/1233
f 1066/1533/1235 1638/1534/1236 1854/1535/1237 1719/1536/1238
f 1638/1534/1236 1064/1529/1231 1718/1532/1234 1854/1535/1237
f 1068/1537/1239 1639/1538/1240 1855/1539/1241 1720/1540/1242
f 1639/1538/1240 1066/1533/1235 1719/1536/1238 1855/1539/1241
f 1070/1541/1243 1640/1542/1244 1856/1543/1245 1721/1544/1246
f 1640/1542/1244 1068/1537/1239 1720/1540/1242 1856/1543/1245
f 1072/1545/1247 1641/1546/1248 1857/1547/1249 1722/1548/1250
f 1641/1546/1248 1070/1541/1243 1721/1544/1246 1857/1547/1249
f 1074/1549/1251 1642/1550/1252 1858/1551/1253 1723/1552/1254
f 1642/1550/1252 1072/1545/1247 1722/1548/1250 1858/1551/1253
f 1076/1553/1255 1643/1554/1256 1859/1555/1257 1724/1556/1258
f 1643/1554/1256 1074/1549/1251 1723/1552/1254 1859/1555/1257
f 1709/1500/1202 1045/1499/1201 1644/1557/1259 1860/1558/1260
f 1644/1557/1259 1076/1553/1255 1724/1556/1258 1860/1558/1260
f 1646/1559/1261 1079/1560/1262 1078/1561/1263 1645/1562/1264
f 1646/1559/1261 1645/1562/1264 1081/2497/1265 1080/2496/1266
f 1645/1562/1264 1078/1561/1263 1077/1565/1267 1647/1566/1268
f 1645/1562/1264 1647/1566/1268 1082/1567/1269 1081/2497/1265
f 1648/1568/1270 1046/1569/1271 1079/1560/1262 1646/1559/1261
f 1047/2489/1272 1648/1568/1270 1646/1559/1261 1080/2496/1266
f 1647/1566/1268 1077/1565/1267 1045/1499/1201 1629/1496/1198
f 1082/1567/1269 1647/1566/1268 1629/1496/1198 1048/1495/1197
f 1649/1571/1273 1047/1570/1272 1080/1564/1266 1680/1572/1274
f 1049/1573/1275 1649/1571/1273 1680/1572/1274 1083/1574/1276
f 1650/1575/1277 1082/2495/1269 1048/2493/1197 1630/1502/1204
f 1085/1576/1278 1650/1575/1277 1630/1502/1204 1050/1501/1203
f 1651/1577/1279 1049/1573/1275 1083/1574/1276 1682/1578/1280
f 1051/1579/1281 1651/1577/1279 1682/1578/1280 1086/1580/1282
f 1652/1581/1283 1085/1576/1278 1050/1501/1203 1631/1506/1208
f 1088/1582/1284 1652/1581/1283 1631/1506/1208 1052/1505/1207
f 1653/1583/1285 1051/1579/1281 1086/1580/1282 1684/1584/1286
f 1053/1585/1287 1653/1583/1285 1684/1584/1286 1089/1586/1288
f 1654/1587/1289 1088/1582/1284 1052/1505/1207 1632/1510/1212
f 1091/1588/1290 1654/1587/1289 1632/1510/1212 1054/1509/1211
f 1655/1589/1291 1053/1585/1287 1089/1586/1288 1686/1590/1292
f 1055/1591/1293 1655/1589/1291 1686/1590/1292 1092/1592/1294
f 1656/1593/1295 1091/1588/1290 1054/1509/1211 1633/1514/1216
f 1094/1594/1296 1656/1593/1295 1633/1514/1216 1056/1513/1215
f 1657/1595/1297 1055/1591/1293 1092/1592/1294 1688/1596/1298
f 1057/1597/1299 1657/1595/1297 1688/1596/1298 1095/1598/1300
f 1658/1599/1301 1094/1594/1296 1056/1513/1215 1634/1518/1220
f 1097/1600/1302 1658/1599/1301 1634/1518/1220 1058/1517/1219
f 1659/1601/1303 1057/1597/1299 1095/1598/1300 1690/1602/1304
f 1059/1603/1305 1659/1601/1303 1690/1602/1304 1098/1604/1306
f 1660/1605/1307 1097/1600/1302 1058/1517/1219 1635/1522/1224
f 1100/1606/1308 1660/1605/1307 1635/1522/1224 1060/1521/1223
f 1661/1607/1309 1059/1603/1305 1098/1604/1306 1692/1608/1310
f 1061/1609/1311 1661/1607/1309 1692/1608/1310 1101/1610/1312
f 1662/1611/1313 1100/1606/1308 1060/1521/1223 1636/1526/1228
f 1103/1612/1314 1662/1611/1313 1636/1526/1228 1062/1525/1227
f 1663/1613/1315 1061/1609/1311 1101/1610/1312 1694/1614/1316
f 1063/1615/1317 1663/1613/1315 1694/1614/1316 1104/1616/1318
f 1664/1617/1319 1103/1612/1314 1062/1525/1227 1637/1530/1232
f 1106/1618/1320 1664/1617/1319 1637/1530/1232 1064/1529/1231
f 1665/1619/1321 1063/1615/1317 1104/1616/1318 1696/1620/1322
f 1065/1621/1323 1665/1619/1321 1696/1620/1322 1107/1622/1324
f 1666/1623/1325 1106/1618/1320 1064/1529/1231 1638/1534/1236
f 1109/1624/1326 1666/1623/1325 1638/1534/1236 1066/1533/1235
f 1667/1625/1327 1065/1621/1323 1107/1622/1324 1698/1626/1328
f 1067/1627/1329 1667/1625/1327 1698/1626/1328 1110/1628/1330
f 1668/1629/1331 1109/1624/1326 1066/1533/1235 1639/1538/1240
f 1112/1630/1332 1668/1629/1331 1639/1538/1240 1068/1537/1239
f 1669/1631/1333 1067/1627/1329 1110/1628/1330 1700/1632/1334
f 1069/1633/1335 1669/1631/1333 1700/1632/1334 1113/1634/1336
f 1670/1635/1337 1112/1630/1332 1068/1537/1239 1640/1542/1244
f 1115/1636/1338 1670/1635/1337 1640/1542/1244 1070/1541/1243
f 1671/1637/1339 1069/1633/1335 1113/1634/1336 1702/1638/1340
f 1071/1639/1341 1671/1637/1339 1702/1638/1340 1116/1640/1342
f 1672/1641/1343 1115/1636/1338 1070/1541/1243 1641/1546/1248
f 1118/1642/1344 1672/1641/1343 1641/1546/1248 1072/1545/1247
f 1673/1643/1345 1071/1639/1341 1116/1640/1342 1704/1644/1346
f 1073/1645/1347 1673/1643/1345 1704/1644/1346 1119/1646/1348
f 1674/1647/1349 1118/1642/1344 1072/1545/1247 1642/1550/1252
f 1121/1648/1350 1674/1647/1349 1642/1550/1252 1074/1549/1251
f 1675/1649/1351 1073/1645/1347 1119/1646/1348 1706/1650/1352
f 1075/1651/1353 1675/1649/1351 1706/1650/1352 1122/1652/1354
f 1676/1653/1355 1121/1648/1350 1074/1549/1251 1643/1554/1256
f 1124/1654/1356 1676/1653/1355 1643/1554/1256 1076/1553/1255
f 1677/1655/1357 1124/1654/1356 1076/1553/1255 1644/1557/1259
f 1045/1499/1201 1077/1565/1267 1677/1655/1357 1644/1557/1259
f 1678/1656/1358 1075/1651/1353 1122/1652/1354 1708/1657/1359
f 1079/1560/1262 1046/1569/1271 1678/1656/1358 1708/1657/1359
f 1680/1572/1274 1080/1564/1266 1081/1563/1265 1679/1658/1360
f 1680/1572/1274 1679/1658/1360 1084/1659/1361 1083/1574/1276
f 1679/1658/1360 1081/1563/1265 1082/2495/1269 1650/1575/1277
f 1679/1658/1360 1650/1575/1277 1085/1576/1278 1084/1659/1361
f 1682/1578/1280 1083/1574/1276 1084/1659/1361 1681/1660/1362
f 1682/1578/1280 1681/1660/1362 1087/1661/1363 1086/1580/1282
f 1681/1660/1362 1084/1659/1361 1085/1576/1278 1652/1581/1283
f 1681/1660/1362 1652/1581/1283 1088/1582/1284 1087/1661/1363
f 1684/1584/1286 1086/1580/1282 1087/1661/1363 1683/1662/1364
f 1684/1584/1286 1683/1662/1364 1090/1663/1365 1089/1586/1288
f 1683/1662/1364 1087/1661/1363 1088/1582/1284 1654/1587/1289
f 1683/1662/1364 1654/1587/1289 1091/1588/1290 1090/1663/1365
f 1686/1590/1292 1089/1586/1288 1090/1663/1365 1685/1664/1366
f 1686/1590/1292 1685/1664/1366 1093/1665/1367 1092/1592/1294
f 1685/1664/1366 1090/1663/1365 1091/1588/1290 1656/1593/1295
f 1685/1664/1366 1656/1593/1295 1094/1594/1296 1093/1665/1367
f 1688/1596/1298 1092/1592/1294 1093/1665/1367 1687/1666/1368
f 1688/1596/1298 1687/1666/1368 1096/1667/1369 1095/1598/1300
f 1687/1666/1368 1093/1665/1367 1094/1594/1296 1658/1599/1301
f 1687/1666/1368 1658/1599/1301 1097/1600/1302 1096/1667/1369
f 1690/1602/1304 1095/1598/1300 1096/1667/1369 1689/1668/1370
f 1690/1602/1304 1689/1668/1370 1099/1669/1371 1098/1604/1306
f 1689/1668/1370 1096/1667/1369 1097/1600/1302 1660/1605/1307
f 1689/1668/1370 1660/1605/1307 1100/1606/1308 1099/1669/1371
f 1692/1608/1310 1098/1604/1306 1099/1669/1371 1691/1670/1372
f 1692/1608/1310 1691/1670/1372 1102/1671/1373 1101/1610/1312
f 1691/1670/1372 1099/1669/1371 1100/1606/1308 1662/1611/1313
f 1691/1670/1372 1662/1611/1313 1103/1612/1314 1102/1671/1373
f 1694/1614/1316 1101/1610/1312 1102/1671/1373 1693/1672/1374
f 1694/1614/1316 1693/1672/1374 1105/1673/1375 1104/1616/1318
f 1693/1672/1374 1102/1671/1373 1103/1612/1314 1664/1617/1319
f 1693/1672/1374 1664/1617/1319 1106/1618/1320 1105/1673/1375
f 1696/1620/1322 1104/1616/1318 1105/1673/1375 1695/1674/1376
f 1696/1620/1322 1695/1674/1376 1108/1675/1377 1107/1622/1324
f 1695/1674/1376 1105/1673/1375 1106/1618/1320 1666/1623/1325
f 1695/1674/1376 1666/1623/1325 1109/1624/1326 1108/1675/1377
f 1698/1626/1328 1107/1622/1324 1108/1675/1377 1697/1676/1378
f 1698/1626/1328 1697/1676/1378 1111/1677/1379 1110/1628/1330
f 1697/1676/1378 1108/1675/1377 1109/1624/1326 1668/1629/1331
f 1697/1676/1378 1668/1629/1331 1112/1630/1332 1111/1677/1379
f 1700/1632/1334 1110/1628/1330 1111/1677/1379 1699/1678/1380
f 1700/1632/1334 1699/1678/1380 1114/1679/1381 1113/1634/1336
f 1699/1678/1380 1111/1677/1379 1112/1630/1332 1670/1635/1337
f 1699/1678/1380 1670/1635/1337 1115/1636/1338 1114/1679/1381
f 1702/1638/1340 1113/1634/1336 1114/1679/1381 1701/1680/1382
f 1702/1638/1340 1701/1680/1382 1117/1681/1383 1116/1640/1342
f 1701/1680/1382 1114/1679/1381 1115/1636/1338 1672/1641/1343
f 1701/1680/1382 1672/1641/1343 1118/1642/1344 1117/1681/1383
f 1704/1644/1346 1116/1640/1342 1117/1681/1383 1703/1682/1384
f 1704/1644/1346 1703/1682/1384 1120/1683/1385 1119/1646/1348
f 1703/1682/1384 1117/1681/1383 1118/1642/1344 1674/1647/1349
f 1703/1682/1384 1674/1647/1349 1121/1648/1350 1120/1683/1385
f 1706/1650/1352 1119/1646/1348 1120/1683/1385 1705/1684/1386
f 1706/1650/1352 1705/1684/1386 1123/1685/1387 1122/1652/1354
f 1705/1684/1386 1120/1683/1385 1121/1648/1350 1676/1653/1355
f 1705/1684/1386 1676/1653/1355 1124/1654/1356 1123/1685/1387
f 1677/1655/1357 1077/1565/1267 1078/1561/1263 1707/1686/1388
f 1677/1655/1357 1707/1686/1388 1123/1685/1387 1124/1654/1356
f 1707/1686/1388 1078/1561/1263 1079/1560/1262 1708/1657/1359
f 1707/1686/1388 1708/1657/1359 1122/1652/1354 1123/1685/1387
f 1725/1687/1389 1861/1688/1390 1468/1689/1391 1029/1690/1392
f 1860/1558/1260 1861/1688/1390 1725/1687/1389 1709/1500/1202
f 1861/1688/1390 1726/1691/1393 1044/1692/1394 1468/1689/1391
f 1726/1691/1393 1861/1688/1390 1860/1558/1260 1724/1556/1258
f 1725/1687/1389 1862/1693/1395 1845/1497/1199 1709/1500/1202
f 1845/1497/1199 1862/1693/1395 1727/2494/1396 1710/2492/1200
f 1862/1693/1395 1725/1687/1389 1029/1690/1392 1453/1695/1397
f 1727/2494/1396 1862/1693/1395 1453/1695/1397 1030/1696/1398
f 1727/1694/1396 1863/1697/1399 1846/1503/1205 1710/1498/1200
f 1846/1503/1205 1863/1697/1399 1728/1698/1400 1711/1504/1206
f 1863/1697/1399 1727/1694/1396 1030/2467/1398 1454/1699/1401
f 1728/1698/1400 1863/1697/1399 1454/1699/1401 1031/1700/1402
f 1728/1698/1400 1864/1701/1403 1847/1507/1209 1711/1504/1206
f 1847/1507/1209 1864/1701/1403 1729/1702/1404 1712/1508/1210
f 1864/1701/1403 1728/1698/1400 1031/1700/1402 1455/1703/1405
f 1729/1702/1404 1864/1701/1403 1455/1703/1405 1032/1704/1406
f 1729/1702/1404 1865/1705/1407 1848/1511/1213 1712/1508/1210
f 1848/1511/1213 1865/1705/1407 1730/1706/1408 1713/1512/1214
f 1865/1705/1407 1729/1702/1404 1032/1704/1406 1456/1707/1409
f 1730/1706/1408 1865/1705/1407 1456/1707/1409 1033/1708/1410
f 1730/1706/1408 1866/1709/1411 1849/1515/1217 1713/1512/1214
f 1849/1515/1217 1866/1709/1411 1731/1710/1412 1714/1516/1218
f 1866/1709/1411 1730/1706/1408 1033/1708/1410 1457/1711/1413
f 1731/1710/1412 1866/1709/1411 1457/1711/1413 1034/1712/1414
f 1731/1710/1412 1867/1713/1415 1850/1519/1221 1714/1516/1218
f 1850/1519/1221 1867/1713/1415 1732/1714/1416 1715/1520/1222
f 1867/1713/1415 1731/1710/1412 1034/1712/1414 1458/1715/1417
f 1732/1714/1416 1867/1713/1415 1458/1715/1417 1035/1716/1418
f 1732/1714/1416 1868/1717/1419 1851/1523/1225 1715/1520/1222
f 1851/1523/1225 1868/1717/1419 1733/1718/1420 1716/1524/1226
f 1868/1717/1419 1732/1714/1416 1035/1716/1418 1459/1719/1421
f 1733/1718/1420 1868/1717/1419 1459/1719/1421 1036/1720/1422
f 1733/1718/1420 1869/1721/1423 1852/1527/1229 1716/1524/1226
f 1852/1527/1229 1869/1721/1423 1734/1722/1424 1717/1528/1230
f 1869/1721/1423 1733/1718/1420 1036/1720/1422 1460/1723/1425
f 1734/1722/1424 1869/1721/1423 1460/1723/1425 1037/1724/1426
f 1734/1722/1424 1870/1725/1427 1853/1531/1233 1717/1528/1230
f 1853/1531/1233 1870/1725/1427 1735/1726/1428 1718/1532/1234
f 1870/1725/1427 1734/1722/1424 1037/1724/1426 1461/1727/1429
f 1735/1726/1428 1870/1725/1427 1461/1727/1429 1038/1728/1430
f 1735/1726/1428 1871/1729/1431 1854/1535/1237 1718/1532/1234
f 1854/1535/1237 1871/1729/1431 1736/1730/1432 1719/1536/1238
f 1871/1729/1431 1735/1726/1428 1038/1728/1430 1462/1731/1433
f 1736/1730/1432 1871/1729/1431 1462/1731/1433 1039/1732/1434
f 1736/1730/1432 1872/1733/1435 1855/1539/1241 1719/1536/1238
f 1855/1539/1241 1872/1733/1435 1737/1734/1436 1720/1540/1242
f 1872/1733/1435 1736/1730/1432 1039/1732/1434 1463/1735/1437
f 1737/1734/1436 1872/1733/1435 1463/1735/1437 1040/1736/1438
f 1737/1734/1436 1873/1737/1439 1856/1543/1245 1720/1540/1242
f 1856/1543/1245 1873/1737/1439 1738/1738/1440 1721/1544/1246
f 1873/1737/1439 1737/1734/1436 1040/1736/1438 1464/1739/1441
f 1738/1738/1440 1873/1737/1439 1464/1739/1441 1041/1740/1442
f 1738/1738/1440 1874/1741/1443 1857/1547/1249 1721/1544/1246
f 1857/1547/1249 1874/1741/1443 1739/1742/1444 1722/1548/1250
f 1874/1741/1443 1738/1738/1440 1041/1740/1442 1465/1743/1445
f 1739/1742/1444 1874/1741/1443 1465/1743/1445 1042/1744/1446
f 1739/1742/1444 1875/1745/1447 1858/1551/1253 1722/1548/1250
f 1858/1551/1253 1875/1745/1447 1740/1746/1448 1723/1552/1254
f 1875/1745/1447 1739/1742/1444 1042/1744/1446 1466/1747/1449
f 1740/1746/1448 1875/1745/1447 1466/1747/1449 1043/1748/1450
f 1740/1746/1448 1876/1749/1451 1859/1555/1257 1723/1552/1254
f 1859/1555/1257 1876/1749/1451 1726/1691/1393 1724/1556/1258
f 1876/1749/1451 1740/1746/1448 1043/1748/1450 1467/1750/1452
f 1726/1691/1393 1876/1749/1451 1467/1750/1452 1044/1692/1394
f 1742/1488/1190 1828/1751/1453 1582/1315/1017 1014/1316/1018
f 1744/1494/1196 1827/1752/1454 1596/1357/1059 1028/1358/1060
f 1746/1493/1195 1826/1753/1455 1594/1351/1053 1026/1352/1054
f 1748/1492/1194 1825/1754/1456 1592/1345/1047 1024/1346/1048
f 1750/1491/1193 1824/1755/1457 1590/1339/1041 1022/1340/1042
f 1752/1490/1192 1823/1756/1458 1588/1333/1035 1020/1334/1036
f 1754/1489/1191 1822/1757/1459 1586/1327/1029 1018/1328/1030
f 1756/1487/1189 1821/1758/1460 1584/1321/1023 1016/1322/1024
f 1742/1488/1190 1027/1355/1057 1595/1354/1056 1828/1751/1453
f 1744/1494/1196 1025/1349/1051 1593/1348/1050 1827/1752/1454
f 1746/1493/1195 1023/1343/1045 1591/1342/1044 1826/1753/1455
f 1748/1492/1194 1021/1337/1039 1589/1336/1038 1825/1754/1456
f 1750/1491/1193 1019/1331/1033 1587/1330/1032 1824/1755/1457
f 1752/1490/1192 1017/1325/1027 1585/1324/1026 1823/1756/1458
f 1754/1489/1191 1015/1319/1021 1583/1318/1020 1822/1757/1459
f 1756/1487/1189 1013/1313/1015 1581/1312/1014 1821/1758/1460
f 1757/1759/1461 1877/1760/1462 1879/1761/1463 1762/1762/1464
f 1877/1760/1462 1757/1759/1461 1759/1763/1465 1878/1764/1466
f 1758/1765/1467 1877/1760/1462 1878/1764/1466 1760/1766/1468
f 1877/1760/1462 1758/1765/1467 1761/1767/1469 1879/1761/1463
f 1878/1764/1466 1759/1763/1465 1438/1768/1470 2133/1769/1471
f 1760/1766/1468 1878/1764/1466 2133/1769/1471 1437/1770/1472
f 1879/1761/1463 1761/1767/1469 1075/1651/1353 1678/1656/1358
f 1762/1762/1464 1879/1761/1463 1678/1656/1358 1046/1569/1271
f 1880/1771/1473 1762/1762/1464 1046/1569/1271 1648/1568/1270
f 1047/2489/1272 1763/2487/1474 1880/1771/1473 1648/1568/1270
f 1881/1773/1475 1763/1772/1474 1047/1570/1272 1649/1571/1273
f 1049/1573/1275 1764/1774/1476 1881/1773/1475 1649/1571/1273
f 1882/1775/1477 1764/1774/1476 1049/1573/1275 1651/1577/1279
f 1051/1579/1281 1765/1776/1478 1882/1775/1477 1651/1577/1279
f 1883/1777/1479 1765/1776/1478 1051/1579/1281 1653/1583/1285
f 1053/1585/1287 1766/1778/1480 1883/1777/1479 1653/1583/1285
f 1884/1779/1481 1766/1778/1480 1053/1585/1287 1655/1589/1291
f 1055/1591/1293 1767/1780/1482 1884/1779/1481 1655/1589/1291
f 1885/1781/1483 1767/1780/1482 1055/1591/1293 1657/1595/1297
f 1057/1597/1299 1768/1782/1484 1885/1781/1483 1657/1595/1297
f 1886/1783/1485 1768/1782/1484 1057/1597/1299 1659/1601/1303
f 1059/1603/1305 1769/1784/1486 1886/1783/1485 1659/1601/1303
f 1887/1785/1487 1769/1784/1486 1059/1603/1305 1661/1607/1309
f 1061/1609/1311 1770/1786/1488 1887/1785/1487 1661/1607/1309
f 1888/1787/1489 1770/1786/1488 1061/1609/1311 1663/1613/1315
f 1063/1615/1317 1771/1788/1490 1888/1787/1489 1663/1613/1315
f 1889/1789/1491 1771/1788/1490 1063/1615/1317 1665/1619/1321
f 1065/1621/1323 1772/1790/1492 1889/1789/1491 1665/1619/1321
f 1890/1791/1493 1772/1790/1492 1065/1621/1323 1667/1625/1327
f 1067/1627/1329 1773/1792/1494 1890/1791/1493 1667/1625/1327
f 1891/1793/1495 1773/1792/1494 1067/1627/1329 1669/1631/1333
f 1069/1633/1335 1774/1794/1496 1891/1793/1495 1669/1631/1333
f 1892/1795/1497 1774/1794/1496 1069/1633/1335 1671/1637/1339
f 1071/1639/1341 1775/1796/1498 1892/1795/1497 1671/1637/1339
f 1893/1797/1499 1775/1796/1498 1071/1639/1341 1673/1643/1345
f 1073/1645/1347 1776/1798/1500 1893/1797/1499 1673/1643/1345
f 1894/1799/1501 1776/1798/1500 1073/1645/1347 1675/1649/1351
f 1075/1651/1353 1761/1767/1469 1894/1799/1501 1675/1649/1351
f 1758/1765/1467 1895/1800/1502 1894/1799/1501 1761/1767/1469
f 1895/1800/1502 1758/1765/1467 1760/1766/1468 1896/1801/1503
f 1777/1802/1504 1895/1800/1502 1896/1801/1503 1778/1803/1505
f 1894/1799/1501 1895/1800/1502 1777/1802/1504 1776/1798/1500
f 1896/1801/1503 1760/1766/1468 1437/1770/1472 2148/1804/1506
f 1778/1803/1505 1896/1801/1503 2148/1804/1506 1452/1805/1507
f 1777/1802/1504 1897/1806/1508 1893/1797/1499 1776/1798/1500
f 1897/1806/1508 1777/1802/1504 1778/1803/1505 1898/1807/1509
f 1779/1808/1510 1897/1806/1508 1898/1807/1509 1780/1809/1511
f 1893/1797/1499 1897/1806/1508 1779/1808/1510 1775/1796/1498
f 1898/1807/1509 1778/1803/1505 1452/1805/1507 2147/1810/1512
f 1780/1809/1511 1898/1807/1509 2147/1810/1512 1451/1811/1513
f 1779/1808/1510 1899/1812/1514 1892/1795/1497 1775/1796/1498
f 1899/1812/1514 1779/1808/1510 1780/1809/1511 1900/1813/1515
f 1781/1814/1516 1899/1812/1514 1900/1813/1515 1782/1815/1517
f 1892/1795/1497 1899/1812/1514 1781/1814/1516 1774/1794/1496
f 1900/1813/1515 1780/1809/1511 1451/1811/1513 2146/1816/1518
f 1782/1815/1517 1900/1813/1515 2146/1816/1518 1450/1817/1519
f 1781/1814/1516 1901/1818/1520 1891/1793/1495 1774/1794/1496
f 1901/1818/1520 1781/1814/1516 1782/1815/1517 1902/1819/1521
f 1783/1820/1522 1901/1818/1520 1902/1819/1521 1784/1821/1523
f 1891/1793/1495 1901/1818/1520 1783/1820/1522 1773/1792/1494
f 1902/1819/1521 1782/1815/1517 1450/1817/1519 2145/1822/1524
f 1784/1821/1523 1902/1819/1521 2145/1822/1524 1449/1823/1525
f 1783/1820/1522 1903/1824/1526 1890/1791/1493 1773/1792/1494
f 1903/1824/1526 1783/1820/1522 1784/1821/1523 1904/1825/1527
f 1785/1826/1528 1903/1824/1526 1904/1825/1527 1786/1827/1529
f 1890/1791/1493 1903/1824/1526 1785/1826/1528 1772/1790/1492
f 1904/1825/1527 1784/1821/1523 1449/1823/1525 2144/1828/1530
f 1786/1827/1529 1904/1825/1527 2144/1828/1530 1448/1829/1531
f 1785/1826/1528 1905/1830/1532 1889/1789/1491 1772/1790/1492
f 1905/1830/1532 1785/1826/1528 1786/1827/1529 1906/1831/1533
f 1787/1832/1534 1905/1830/1532 1906/1831/1533 1788/1833/1535
f 1889/1789/1491 1905/1830/1532 1787/1832/1534 1771/1788/1490
f 1906/1831/1533 1786/1827/1529 1448/1829/1531 2143/1834/1536
f 1788/1833/1535 1906/1831/1533 2143/1834/1536 1447/1835/1537
f 1787/1832/1534 1907/1836/1538 1888/1787/1489 1771/1788/1490
f 1907/1836/1538 1787/1832/1534 1788/1833/1535 1908/1837/1539
f 1789/1838/1540 1907/1836/1538 1908/1837/1539 1790/1839/1541
f 1888/1787/1489 1907/1836/1538 1789/1838/1540 1770/1786/1488
f 1908/1837/1539 1788/1833/1535 1447/1835/1537 2142/1840/1542
f 1790/1839/1541 1908/1837/1539 2142/1840/1542 1446/1841/1543
f 1789/1838/1540 1909/1842/1544 1887/1785/1487 1770/1786/1488
f 1909/1842/1544 1789/1838/1540 1790/1839/1541 1910/1843/1545
f 1791/1844/1546 1909/1842/1544 1910/1843/1545 1792/1845/1547
f 1887/1785/1487 1909/1842/1544 1791/1844/1546 1769/1784/1486
f 1910/1843/1545 1790/1839/1541 1446/1841/1543 2141/1846/1548
f 1792/1845/1547 1910/1843/1545 2141/1846/1548 1445/1847/1549
f 1791/1844/1546 1911/1848/1550 1886/1783/1485 1769/1784/1486
f 1911/1848/1550 1791/1844/1546 1792/1845/1547 1912/1849/1551
f 1793/1850/1552 1911/1848/1550 1912/1849/1551 1794/1851/1553
f 1886/1783/1485 1911/1848/1550 1793/1850/1552 1768/1782/1484
f 1912/1849/1551 1792/1845/1547 1445/1847/1549 2140/1852/1554
f 1794/1851/1553 1912/1849/1551 2140/1852/1554 1444/1853/1555
f 1793/1850/1552 1913/1854/1556 1885/1781/1483 1768/1782/1484
f 1913/1854/1556 1793/1850/1552 1794/1851/1553 1914/1855/1557
f 1795/1856/1558 1913/1854/1556 1914/1855/1557 1796/1857/1559
f 1885/1781/1483 1913/1854/1556 1795/1856/1558 1767/1780/1482
f 1914/1855/1557 1794/1851/1553 1444/1853/1555 2139/1858/1560
f 1796/1857/1559 1914/1855/1557 2139/1858/1560 1443/1859/1561
f 1795/1856/1558 1915/1860/1562 1884/1779/1481 1767/1780/1482
f 1915/1860/1562 1795/1856/1558 1796/1857/1559 1916/1861/1563
f 1797/1862/1564 1915/1860/1562 1916/1861/1563 1798/1863/1565
f 1884/1779/1481 1915/1860/1562 1797/1862/1564 1766/1778/1480
f 1916/1861/1563 1796/1857/1559 1443/1859/1561 2138/1864/1566
f 1798/1863/1565 1916/1861/1563 2138/1864/1566 1442/1865/1567
f 1797/1862/1564 1917/1866/1568 1883/1777/1479 1766/1778/1480
f 1917/1866/1568 1797/1862/1564 1798/1863/1565 1918/1867/1569
f 1799/1868/1570 1917/1866/1568 1918/1867/1569 1800/1869/1571
f 1883/1777/1479 1917/1866/1568 1799/1868/1570 1765/1776/1478
f 1918/1867/1569 1798/1863/1565 1442/1865/1567 2137/1870/1572
f 1800/1869/1571 1918/1867/1569 2137/1870/1572 1441/1871/1573
f 1799/1868/1570 1919/1872/1574 1882/1775/1477 1765/1776/1478
f 1919/1872/1574 1799/1868/1570 1800/1869/1571 1920/1873/1575
f 1801/1874/1576 1919/1872/1574 1920/1873/1575 1802/1875/1577
f 1882/1775/1477 1919/1872/1574 1801/1874/1576 1764/1774/1476
f 1920/1873/1575 1800/1869/1571 1441/1871/1573 2136/1876/1578
f 1802/1875/1577 1920/1873/1575 2136/1876/1578 1440/1877/1579
f 1801/1874/1576 1921/1878/1580 1881/1773/1475 1764/1774/1476
f 1921/1878/1580 1801/1874/1576 1802/1875/1577 1922/1879/1581
f 1803/2488/1582 1921/1878/1580 1922/1879/1581 1804/2472/1583
f 1881/1773/1475 1921/1878/1580 1803/2488/1582 1763/1772/1474
f 1922/1879/1581 1802/1875/1577 1440/1877/1579 2135/1882/1584
f 1804/2472/1583 1922/1879/1581 2135/1882/1584 1439/1883/1585
f 1759/1763/1465 1923/1884/1586 2134/1885/1587 1438/1768/1470
f 1923/1884/1586 1759/1763/1465 1757/1759/1461 1924/1886/1588
f 1803/1880/1582 1804/1881/1583 1923/1884/1586 1924/1886/1588
f 1923/1884/1586 1804/1881/1583 1439/2471/1585 2134/1885/1587
f 1880/1771/1473 1924/1886/1588 1757/1759/1461 1762/1762/1464
f 1803/1880/1582 1924/1886/1588 1880/1771/1473 1763/2487/1474
f 1805/1887/1589 1925/1888/1590 2117/1889/1591 1422/1890/1592
f 1925/1888/1590 1805/1887/1589 1807/1891/1593 1926/1892/1594
f 1806/1893/1595 1925/1888/1590 1926/1892/1594 1808/1894/1596
f 1925/1888/1590 1806/1893/1595 1421/1895/1597 2117/1889/1591
f 1926/1892/1594 1807/1891/1593 1809/1896/1598 1927/1897/1599
f 1808/1894/1596 1926/1892/1594 1927/1897/1599 1810/1898/1600
f 1927/1897/1599 1809/1896/1598 1811/1899/1601 1928/1900/1602
f 1810/1898/1600 1927/1897/1599 1928/1900/1602 1812/1901/1603
f 1928/1900/1602 1811/1899/1601 1238/1902/1604 1929/1903/1605
f 1812/1901/1603 1928/1900/1602 1929/1903/1605 1237/1904/1606
f 1930/1905/1607 1945/1906/1608 1812/1901/1603 1237/1904/1606
f 1253/1907/1609 1945/1906/1608 1930/1905/1607 1239/1908/1610
f 1945/1906/1608 1946/1909/1611 1810/1898/1600 1812/1901/1603
f 1254/1910/1612 1946/1909/1611 1945/1906/1608 1253/1907/1609
f 1421/1895/1597 1806/1893/1595 1947/1911/1613 2132/1912/1614
f 1947/1911/1613 1806/1893/1595 1808/1894/1596 1948/1913/1615
f 1255/1914/1616 1947/1911/1613 1948/1913/1615 1256/1915/1617
f 1947/1911/1613 1255/1914/1616 1436/1916/1618 2132/1912/1614
f 1946/1909/1611 1948/1913/1615 1808/1894/1596 1810/1898/1600
f 1256/1915/1617 1948/1913/1615 1946/1909/1611 1254/1910/1612
f 1931/1917/1619 1949/1918/1620 1253/1907/1609 1239/1908/1610
f 1257/1919/1621 1949/1918/1620 1931/1917/1619 1240/1920/1622
f 1949/1918/1620 1950/1921/1623 1254/1910/1612 1253/1907/1609
f 1258/1922/1624 1950/1921/1623 1949/1918/1620 1257/1919/1621
f 1255/1914/1616 1951/1923/1625 2131/1924/1626 1436/1916/1618
f 1951/1923/1625 1255/1914/1616 1256/1915/1617 1952/1925/1627
f 1259/1926/1628 1951/1923/1625 1952/1925/1627 1260/1927/1629
f 1951/1923/1625 1259/1926/1628 1435/1928/1630 2131/1924/1626
f 1950/1921/1623 1952/1925/1627 1256/1915/1617 1254/1910/1612
f 1260/1927/1629 1952/1925/1627 1950/1921/1623 1258/1922/1624
f 1932/1929/1631 1953/1930/1632 1257/1919/1621 1240/1920/1622
f 1261/1931/1633 1953/1930/1632 1932/1929/1631 1241/1932/1634
f 1953/1930/1632 1954/1933/1635 1258/1922/1624 1257/1919/1621
f 1262/1934/1636 1954/1933/1635 1953/1930/1632 1261/1931/1633
f 1259/1926/1628 1955/1935/1637 2130/1936/1638 1435/1928/1630
f 1955/1935/1637 1259/1926/1628 1260/1927/1629 1956/1937/1639
f 1263/1938/1640 1955/1935/1637 1956/1937/1639 1264/1939/1641
f 1955/1935/1637 1263/1938/1640 1434/1940/1642 2130/1936/1638
f 1954/1933/1635 1956/1937/1639 1260/1927/1629 1258/1922/1624
f 1264/1939/1641 1956/1937/1639 1954/1933/1635 1262/1934/1636
f 1933/1941/1643 1957/1942/1644 1261/1931/1633 1241/1932/1634
f 1265/1943/1645 1957/1942/1644 1933/1941/1643 1242/1944/1646
f 1957/1942/1644 1958/1945/1647 1262/1934/1636 1261/1931/1633
f 1266/1946/1648 1958/1945/1647 1957/1942/1644 1265/1943/1645
f 1263/1938/1640 1959/1947/1649 2129/1948/1650 1434/1940/1642
f 1959/1947/1649 1263/1938/1640 1264/1939/1641 1960/1949/1651
f 1267/1950/1652 1959/1947/1649 1960/1949/1651 1268/1951/1653
f 1959/1947/1649 1267/1950/1652 1433/1952/1654 2129/1948/1650
f 1958/1945/1647 1960/1949/1651 1264/1939/1641 1262/1934/1636
f 1268/1951/1653 1960/1949/1651 1958/1945/1647 1266/1946/1648
f 1934/1953/1655 1961/1954/1656 1265/1943/1645 1242/1944/1646
f 1269/1955/1657 1961/1954/1656 1934/1953/1655 1243/1956/1658
f 1961/1954/1656 1962/1957/1659 1266/1946/1648 1265/1943/1645
f 1270/1958/1660 1962/1957/1659 1961/1954/1656 1269/1955/1657
f 1267/1950/1652 1963/1959/1661 2128/1960/1662 1433/1952/1654
f 1963/1959/1661 1267/1950/1652 1268/1951/1653 1964/1961/1663
f 1271/1962/1664 1963/1959/1661 1964/1961/1663 1272/1963/1665
f 1963/1959/1661 1271/1962/1664 1432/1964/1666 2128/1960/1662
f 1962/1957/1659 1964/1961/1663 1268/1951/1653 1266/1946/1648
f 1272/1963/1665 1964/1961/1663 1962/1957/1659 1270/1958/1660
f 1935/1965/1667 1965/1966/1668 1269/1955/1657 1243/1956/1658
f 1273/1967/1669 1965/1966/1668 1935/1965/1667 1244/1968/1670
f 1965/1966/1668 1966/1969/1671 1270/1958/1660 1269/1955/1657
f 1274/1970/1672 1966/1969/1671 1965/1966/1668 1273/1967/1669
f 1271/1962/1664 1967/1971/1673 2127/1972/1674 1432/1964/1666
f 1967/1971/1673 1271/1962/1664 1272/1963/1665 1968/1973/1675
f 1275/1974/1676 1967/1971/1673 1968/1973/1675 1276/1975/1677
f 1967/1971/1673 1275/1974/1676 1431/1976/1678 2127/1972/1674
f 1966/1969/1671 1968/1973/1675 1272/1963/1665 1270/1958/1660
f 1276/1975/1677 1968/1973/1675 1966/1969/1671 1274/1970/1672
f 1936/1977/1679 1969/1978/1680 1273/1967/1669 1244/1968/1670
f 1277/1979/1681 1969/1978/1680 1936/1977/1679 1245/1980/1682
f 1969/1978/1680 1970/1981/1683 1274/1970/1672 1273/1967/1669
f 1278/1982/1684 1970/1981/1683 1969/1978/1680 1277/1979/1681
f 1275/1974/1676 1971/1983/1685 2126/1984/1686 1431/1976/1678
f 1971/1983/1685 1275/1974/1676 1276/1975/1677 1972/1985/1687
f 1279/1986/1688 1971/1983/1685 1972/1985/1687 1280/1987/1689
f 1971/1983/1685 1279/1986/1688 1430/1988/1690 2126/1984/1686
f 1970/1981/1683 1972/1985/1687 1276/1975/1677 1274/1970/1672
f 1280/1987/1689 1972/1985/1687 1970/1981/1683 1278/1982/1684
f 1937/1989/1691 1973/1990/1692 1277/1979/1681 1245/1980/1682
f 1281/1991/1693 1973/1990/1692 1937/1989/1691 1246/1992/1694
f 1973/1990/1692 1974/1993/1695 1278/1982/1684 1277/1979/1681
f 1282/1994/1696 1974/1993/1695 1973/1990/1692 1281/1991/1693
f 1279/1986/1688 1975/1995/1697 2125/1996/1698 1430/1988/1690
f 1975/1995/1697 1279/1986/1688 1280/1987/1689 1976/1997/1699
f 1283/1998/1700 1975/1995/1697 1976/1997/1699 1284/1999/1701
f 1975/1995/1697 1283/1998/1700 1429/2000/1702 2125/1996/1698
f 1974/1993/1695 1976/1997/1699 1280/1987/1689 1278/1982/1684
f 1284/1999/1701 1976/1997/1699 1974/1993/1695 1282/1994/1696
f 1938/2001/1703 1977/2002/1704 1281/1991/1693 1246/1992/1694
f 1285/2003/1705 1977/2002/1704 1938/2001/1703 1247/2004/1706
f 1977/2002/1704 1978/2005/1707 1282/1994/1696 1281/1991/1693
f 1286/2006/1708 1978/2005/1707 1977/2002/1704 1285/2003/1705
f 1283/1998/1700 1979/2007/1709 2124/2008/1710 1429/2000/1702
f 1979/2007/1709 1283/1998/1700 1284/1999/1701 1980/2009/1711
f 1287/2010/1712 1979/2007/1709 1980/2009/1711 1288/2011/1713
f 1979/2007/1709 1287/2010/1712 1428/2012/1714 2124/2008/1710
f 1978/2005/1707 1980/2009/1711 1284/1999/1701 1282/1994/1696
f 1288/2011/1713 1980/2009/1711 1978/2005/1707 1286/2006/1708
f 1939/2013/1715 1981/2014/1716 1285/2003/1705 1247/2004/1706
f 1289/2015/1717 1981/2014/1716 1939/2013/1715 1248/2016/1718
f 1981/2014/1716 1982/2017/1719 1286/2006/1708 1285/2003/1705
f 1290/2018/1720 1982/2017/1719 1981/2014/1716 1289/2015/1717
f 1287/2010/1712 1983/2019/1721 2123/2020/1722 1428/2012/1714
f 1983/2019/1721 1287/2010/1712 1288/2011/1713 1984/2021/1723
f 1291/2022/1724 1983/2019/1721 1984/2021/1723 1292/2023/1725
f 1983/2019/1721 1291/2022/1724 1427/2024/1726 2123/2020/1722
f 1982/2017/1719 1984/2021/1723 1288/2011/1713 1286/2006/1708
f 1292/2023/1725 1984/2021/1723 1982/2017/1719 1290/2018/1720
f 1940/2025/1727 1985/2026/1728 1289/2015/1717 1248/2016/1718
f 1293/2027/1729 1985/2026/1728 1940/2025/1727 1249/2028/1730
f 1985/2026/1728 1986/2029/1731 1290/2018/1720 1289/2015/1717
f 1294/2030/1732 1986/2029/1731 1985/2026/1728 1293/2027/1729
f 1291/2022/1724 1987/2031/1733 2122/2032/1734 1427/2024/1726
f 1987/2031/1733 1291/2022/1724 1292/2023/1725 1988/2033/1735
f 1295/2034/1736 1987/2031/1733 1988/2033/1735 1296/2035/1737
f 1987/2031/1733 1295/2034/1736 1426/2036/1738 2122/2032/1734
f 1986/2029/1731 1988/2033/1735 1292/2023/1725 1290/2018/1720
f 1296/2035/1737 1988/2033/1735 1986/2029/1731 1294/2030/1732
f 1941/2037/1739 1989/2038/1740 1293/2027/1729 1249/2028/1730
f 1297/2039/1741 1989/2038/1740 1941/2037/1739 1250/2040/1742
f 1989/2038/1740 1990/2041/1743 1294/2030/1732 1293/2027/1729
f 1298/2042/1744 1990/2041/1743 1989/2038/1740 1297/2039/1741
f 1295/2034/1736 1991/2043/1745 2121/2044/1746 1426/2036/1738
f 1991/2043/1745 1295/2034/1736 1296/2035/1737 1992/2045/1747
f 1299/2046/1748 1991/2043/1745 1992/2045/1747 1300/2047/1749
f 1991/2043/1745 1299/2046/1748 1425/2048/1750 2121/2044/1746
f 1990/2041/1743 1992/2045/1747 1296/2035/1737 1294/2030/1732
f 1300/2047/1749 1992/2045/1747 1990/2041/1743 1298/2042/1744
f 1942/2049/1751 1993/2050/1752 1297/2039/1741 1250/2040/1742
f 1301/2051/1753 1993/2050/1752 1942/2049/1751 1251/2052/1754
f 1993/2050/1752 1994/2053/1755 1298/2042/1744 1297/2039/1741
f 1302/2054/1756 1994/2053/1755 1993/2050/1752 1301/2051/1753
f 1299/2046/1748 1995/2055/1757 2120/2056/1758 1425/2048/1750
f 1995/2055/1757 1299/2046/1748 1300/2047/1749 1996/2057/1759
f 1303/2058/1760 1995/2055/1757 1996/2057/1759 1304/2059/1761
f 1995/2055/1757 1303/2058/1760 1424/2060/1762 2120/2056/1758
f 1994/2053/1755 1996/2057/1759 1300/2047/1749 1298/2042/1744
f 1304/2059/1761 1996/2057/1759 1994/2053/1755 1302/2054/1756
f 1943/2061/1763 1997/2062/1764 1301/2051/1753 1251/2052/1754
f 1305/2482/1765 1997/2062/1764 1943/2061/1763 1252/2480/1766
f 1997/2062/1764 1998/2065/1767 1302/2054/1756 1301/2051/1753
f 1306/2485/1768 1998/2065/1767 1997/2062/1764 1305/2482/1765
f 1303/2058/1760 1999/2067/1769 2119/2068/1770 1424/2060/1762
f 1999/2067/1769 1303/2058/1760 1304/2059/1761 2000/2069/1771
f 1307/2484/1772 1999/2067/1769 2000/2069/1771 1308/2486/1773
f 1999/2067/1769 1307/2484/1772 1423/2072/1774 2119/2068/1770
f 1998/2065/1767 2000/2069/1771 1304/2059/1761 1302/2054/1756
f 1308/2486/1773 2000/2069/1771 1998/2065/1767 1306/2485/1768
f 1811/1899/1601 2001/2073/1775 1944/2074/1776 1238/1902/1604
f 2001/2073/1775 1811/1899/1601 1809/1896/1598 2002/2075/1777
f 1306/2066/1768 1305/2063/1765 2001/2073/1775 2002/2075/1777
f 1944/2074/1776 2001/2073/1775 1305/2063/1765 1252/2064/1766
f 2002/2075/1777 1809/1896/1598 1807/1891/1593 2003/2076/1778
f 1308/2071/1773 1306/2066/1768 2002/2075/1777 2003/2076/1778
f 2003/2076/1778 1807/1891/1593 1805/1887/1589 2004/2077/1779
f 1307/2070/1772 1308/2071/1773 2003/2076/1778 2004/2077/1779
f 2004/2077/1779 1805/1887/1589 1422/1890/1592 2118/2078/1780
f 1307/2070/1772 2004/2077/1779 2118/2078/1780 1423/2483/1774
f 1309/2079/1781 2005/2080/1782 2036/2081/1783 1325/2082/1784
f 2005/2080/1782 1309/2079/1781 1389/2083/1785 2100/2084/1786
f 1310/2085/1787 2005/2080/1782 2100/2084/1786 1404/2086/1788
f 2005/2080/1782 1310/2085/1787 1340/2087/1789 2036/2081/1783
f 1309/2079/1781 2006/2088/1790 2085/2089/1791 1389/2083/1785
f 2006/2088/1790 1309/2079/1781 1325/2082/1784 2021/2090/1792
f 1311/2091/1793 2006/2088/1790 2021/2090/1792 1326/2092/1794
f 2006/2088/1790 1311/2091/1793 1390/2093/1795 2085/2089/1791
f 1311/2091/1793 2007/2094/1796 2086/2095/1797 1390/2093/1795
f 2007/2094/1796 1311/2091/1793 1326/2092/1794 2022/2096/1798
f 1312/2477/1799 2007/2094/1796 2022/2096/1798 1327/2478/1800
f 2007/2094/1796 1312/2477/1799 1391/2476/1801 2086/2095/1797
f 1312/2097/1799 2008/2100/1802 2087/2101/1803 1391/2099/1801
f 2008/2100/1802 1312/2097/1799 1327/2098/1800 2023/2102/1804
f 1313/2103/1805 2008/2100/1802 2023/2102/1804 1328/2104/1806
f 2008/2100/1802 1313/2103/1805 1392/2105/1807 2087/2101/1803
f 1313/2103/1805 2009/2106/1808 2088/2107/1809 1392/2105/1807
f 2009/2106/1808 1313/2103/1805 1328/2104/1806 2024/2108/1810
f 1314/2109/1811 2009/2106/1808 2024/2108/1810 1329/2110/1812
f 2009/2106/1808 1314/2109/1811 1393/2111/1813 2088/2107/1809
f 1314/2109/1811 2010/2112/1814 2089/2113/1815 1393/2111/1813
f 2010/2112/1814 1314/2109/1811 1329/2110/1812 2025/2114/1816
f 1315/2115/1817 2010/2112/1814 2025/2114/1816 1330/2116/1818
f 2010/2112/1814 1315/2115/1817 1394/2117/1819 2089/2113/1815
f 1315/2115/1817 2011/2118/1820 2090/2119/1821 1394/2117/1819
f 2011/2118/1820 1315/2115/1817 1330/2116/1818 2026/2120/1822
f 1316/2121/1823 2011/2118/1820 2026/2120/1822 1331/2122/1824
f 2011/2118/1820 1316/2121/1823 1395/2123/1825 2090/2119/1821
f 1316/2121/1823 2012/2124/1826 2091/2125/1827 1395/2123/1825
f 2012/2124/1826 1316/2121/1823 1331/2122/1824 2027/2126/1828
f 1317/2127/1829 2012/2124/1826 2027/2126/1828 1332/2128/1830
f 2012/2124/1826 1317/2127/1829 1396/2129/1831 2091/2125/1827
f 1317/2127/1829 2013/2130/1832 2092/2131/1833 1396/2129/1831
f 2013/2130/1832 1317/2127/1829 1332/2128/1830 2028/2132/1834
f 1318/2133/1835 2013/2130/1832 2028/2132/1834 1333/2134/1836
f 2013/2130/1832 1318/2133/1835 1397/2135/1837 2092/2131/1833
f 1318/2133/1835 2014/2136/1838 2093/2137/1839 1397/2135/1837
f 2014/2136/1838 1318/2133/1835 1333/2134/1836 2029/2138/1840
f 1319/2139/1841 2014/2136/1838 2029/2138/1840 1334/2140/1842
f 2014/2136/1838 1319/2139/1841 1398/2141/1843 2093/2137/1839
f 1319/2139/1841 2015/2142/1844 2094/2143/1845 1398/2141/1843
f 2015/2142/1844 1319/2139/1841 1334/2140/1842 2030/2144/1846
f 1320/2145/1847 2015/2142/1844 2030/2144/1846 1335/2146/1848
f 2015/2142/1844 1320/2145/1847 1399/2147/1849 2094/2143/1845
f 1320/2145/1847 2016/2148/1850 2095/2149/1851 1399/2147/1849
f 2016/2148/1850 1320/2145/1847 1335/2146/1848 2031/2150/1852
f 1321/2151/1853 2016/2148/1850 2031/2150/1852 1336/2152/1854
f 2016/2148/1850 1321/2151/1853 1400/2153/1855 2095/2149/1851
f 1321/2151/1853 2017/2154/1856 2096/2155/1857 1400/2153/1855
f 2017/2154/1856 1321/2151/1853 1336/2152/1854 2032/2156/1858
f 1322/2157/1859 2017/2154/1856 2032/2156/1858 1337/2158/1860
f 2017/2154/1856 1322/2157/1859 1401/2159/1861 2096/2155/1857
f 1322/2157/1859 2018/2160/1862 2097/2161/1863 1401/2159/1861
f 2018/2160/1862 1322/2157/1859 1337/2158/1860 2033/2162/1864
f 1323/2163/1865 2018/2160/1862 2033/2162/1864 1338/2164/1866
f 2018/2160/1862 1323/2163/1865 1402/2165/1867 2097/2161/1863
f 1323/2163/1865 2019/2166/1868 2098/2167/1869 1402/2165/1867
f 2019/2166/1868 1323/2163/1865 1338/2164/1866 2034/2168/1870
f 1324/2169/1871 2019/2166/1868 2034/2168/1870 1339/2170/1872
f 2019/2166/1868 1324/2169/1871 1403/2171/1873 2098/2167/1869
f 1324/2169/1871 2020/2172/1874 2099/2173/1875 1403/2171/1873
f 2020/2172/1874 1324/2169/1871 1339/2170/1872 2035/2174/1876
f 1310/2085/1787 2020/2172/1874 2035/2174/1876 1340/2087/1789
f 2020/2172/1874 1310/2085/1787 1404/2086/1788 2099/2173/1875
f 2021/2090/1792 1325/2082/1784 1373/2175/1877 2069/2176/1878
f 1326/2092/1794 2021/2090/1792 2069/2176/1878 1374/2177/1879
f 2022/2096/1798 1326/2092/1794 1374/2177/1879 2070/2178/1880
f 1327/2478/1800 2022/2096/1798 2070/2178/1880 1375/2479/1881
f 2023/2102/1804 1327/2098/1800 1375/2179/1881 2071/2180/1882
f 1328/2104/1806 2023/2102/1804 2071/2180/1882 1376/2181/1883
f 2024/2108/1810 1328/2104/1806 1376/2181/1883 2072/2182/1884
f 1329/2110/1812 2024/2108/1810 2072/2182/1884 1377/2183/1885
f 2025/2114/1816 1329/2110/1812 1377/2183/1885 2073/2184/1886
f 1330/2116/1818 2025/2114/1816 2073/2184/1886 1378/2185/1887
f 2026/2120/1822 1330/2116/1818 1378/2185/1887 2074/2186/1888
f 1331/2122/1824 2026/2120/1822 2074/2186/1888 1379/2187/1889
f 2027/2126/1828 1331/2122/1824 1379/2187/1889 2075/2188/1890
f 1332/2128/1830 2027/2126/1828 2075/2188/1890 1380/2189/1891
f 2028/2132/1834 1332/2128/1830 1380/2189/1891 2076/2190/1892
f 1333/2134/1836 2028/2132/1834 2076/2190/1892 1381/2191/1893
f 2029/2138/1840 1333/2134/1836 1381/2191/1893 2077/2192/1894
f 1334/2140/1842 2029/2138/1840 2077/2192/1894 1382/2193/1895
f 2030/2144/1846 1334/2140/1842 1382/2193/1895 2078/2194/1896
f 1335/2146/1848 2030/2144/1846 2078/2194/1896 1383/2195/1897
f 2031/2150/1852 1335/2146/1848 1383/2195/1897 2079/2196/1898
f 1336/2152/1854 2031/2150/1852 2079/2196/1898 1384/2197/1899
f 2032/2156/1858 1336/2152/1854 1384/2197/1899 2080/2198/1900
f 1337/2158/1860 2032/2156/1858 2080/2198/1900 1385/2199/1901
f 2033/2162/1864 1337/2158/1860 1385/2199/1901 2081/2200/1902
f 1338/2164/1866 2033/2162/1864 2081/2200/1902 1386/2201/1903
f 2034/2168/1870 1338/2164/1866 1386/2201/1903 2082/2202/1904
f 1339/2170/1872 2034/2168/1870 2082/2202/1904 1387/2203/1905
f 2035/2174/1876 1339/2170/1872 1387/2203/1905 2083/2204/1906
f 1340/2087/1789 2035/2174/1876 2083/2204/1906 1388/2205/1907
f 2036/2081/1783 1340/2087/1789 1388/2205/1907 2084/2206/1908
f 1373/2175/1877 1325/2082/1784 2036/2081/1783 2084/2206/1908
f 1405/1364/1066 1341/2207/1909 2037/2208/1910 2101/1361/1063
f 2037/2208/1910 1342/2209/1911 1406/1362/1064 2101/1361/1063
f 2038/2210/1912 1341/2207/1909 1405/1364/1066 2116/2211/1913
f 1343/2212/1914 2038/2210/1912 2116/2211/1913 1420/1365/1067
f 2039/2213/1915 1343/2212/1914 1420/1365/1067 2115/1368/1070
f 1344/2474/1916 2039/2213/1915 2115/1368/1070 1419/1370/1072
f 2040/2215/1917 1344/2214/1916 1419/2473/1072 2114/1372/1074
f 1345/2216/1918 2040/2215/1917 2114/1372/1074 1418/1374/1076
f 2041/2217/1919 1345/2216/1918 1418/1374/1076 2113/1376/1078
f 1346/2218/1920 2041/2217/1919 2113/1376/1078 1417/1378/1080
f 2042/2219/1921 1346/2218/1920 1417/1378/1080 2112/1380/1082
f 1347/2220/1922 2042/2219/1921 2112/1380/1082 1416/1382/1084
f 2043/2221/1923 1347/2220/1922 1416/1382/1084 2111/1384/1086
f 1348/2222/1924 2043/2221/1923 2111/1384/1086 1415/1386/1088
f 2044/2223/1925 1348/2222/1924 1415/1386/1088 2110/1388/1090
f 1349/2224/1926 2044/2223/1925 2110/1388/1090 1414/1390/1092
f 2045/2225/1927 1349/2224/1926 1414/1390/1092 2109/1392/1094
f 1350/2226/1928 2045/2225/1927 2109/1392/1094 1413/1394/1096
f 2046/2227/1929 1350/2226/1928 1413/1394/1096 2108/1396/1098
f 1351/2228/1930 2046/2227/1929 2108/1396/1098 1412/1398/1100
f 2047/2229/1931 1351/2228/1930 1412/1398/1100 2107/1400/1102
f 1352/2230/1932 2047/2229/1931 2107/1400/1102 1411/1402/1104
f 2048/2231/1933 1352/2230/1932 1411/1402/1104 2106/1404/1106
f 1353/2232/1934 2048/2231/1933 2106/1404/1106 1410/1406/1108
f 2049/2233/1935 1353/2232/1934 1410/1406/1108 2105/1408/1110
f 1354/2234/1936 2049/2233/1935 2105/1408/1110 1409/1410/1112
f 2050/2235/1937 1354/2234/1936 1409/1410/1112 2104/1412/1114
f 1355/2236/1938 2050/2235/1937 2104/1412/1114 1408/1414/1116
f 2051/2237/1939 1355/2236/1938 1408/1414/1116 2103/1416/1118
f 1356/2238/1940 2051/2237/1939 2103/1416/1118 1407/1418/1120
f 2052/2239/1941 1356/2238/1940 1407/1418/1120 2102/1420/1122
f 1342/2209/1911 2052/2239/1941 2102/1420/1122 1406/1362/1064
f 2053/2240/1942 1358/2241/1943 1393/2111/1813 2089/2113/1815
f 1357/2242/1944 2053/2240/1942 2089/2113/1815 1394/2117/1819
f 2053/2240/1942 1357/2242/1944 1342/2209/1911 2037/2208/1910
f 1358/2241/1943 2053/2240/1942 2037/2208/1910 1341/2207/1909
f 2054/2243/1945 1359/2244/1946 1392/2105/1807 2088/2107/1809
f 1393/2111/1813 1358/2241/1943 2054/2243/1945 2088/2107/1809
f 2054/2243/1945 1358/2241/1943 1341/2207/1909 2038/2210/1912
f 1359/2244/1946 2054/2243/1945 2038/2210/1912 1343/2212/1914
f 2055/2245/1947 1360/2475/1948 1391/2099/1801 2087/2101/1803
f 1359/2244/1946 2055/2245/1947 2087/2101/1803 1392/2105/1807
f 2055/2245/1947 1359/2244/1946 1343/2212/1914 2039/2213/1915
f 1360/2475/1948 2055/2245/1947 2039/2213/1915 1344/2474/1916
f 2056/2247/1949 1361/2248/1950 1390/2093/1795 2086/2095/1797
f 1391/2476/1801 1360/2246/1948 2056/2247/1949 2086/2095/1797
f 2056/2247/1949 1360/2246/1948 1344/2214/1916 2040/2215/1917
f 1361/2248/1950 2056/2247/1949 2040/2215/1917 1345/2216/1918
f 2057/2249/1951 1362/2250/1952 1389/2083/1785 2085/2089/1791
f 1361/2248/1950 2057/2249/1951 2085/2089/1791 1390/2093/1795
f 2057/2249/1951 1361/2248/1950 1345/2216/1918 2041/2217/1919
f 1362/2250/1952 2057/2249/1951 2041/2217/1919 1346/2218/1920
f 2058/2251/1953 1363/2252/1954 1404/2086/1788 2100/2084/1786
f 1389/2083/1785 1362/2250/1952 2058/2251/1953 2100/2084/1786
f 2058/2251/1953 1362/2250/1952 1346/2218/1920 2042/2219/1921
f 1363/2252/1954 2058/2251/1953 2042/2219/1921 1347/2220/1922
f 2059/2253/1955 1364/2254/1956 1403/2171/1873 2099/2173/1875
f 1363/2252/1954 2059/2253/1955 2099/2173/1875 1404/2086/1788
f 2059/2253/1955 1363/2252/1954 1347/2220/1922 2043/2221/1923
f 1364/2254/1956 2059/2253/1955 2043/2221/1923 1348/2222/1924
f 2060/2255/1957 1365/2256/1958 1402/2165/1867 2098/2167/1869
f 1403/2171/1873 1364/2254/1956 2060/2255/1957 2098/2167/1869
f 2060/2255/1957 1364/2254/1956 1348/2222/1924 2044/2223/1925
f 1365/2256/1958 2060/2255/1957 2044/2223/1925 1349/2224/1926
f 2061/2257/1959 1366/2258/1960 1401/2159/1861 2097/2161/1863
f 1365/2256/1958 2061/2257/1959 2097/2161/1863 1402/2165/1867
f 2061/2257/1959 1365/2256/1958 1349/2224/1926 2045/2225/1927
f 1366/2258/1960 2061/2257/1959 2045/2225/1927 1350/2226/1928
f 2062/2259/1961 1367/2260/1962 1400/2153/1855 2096/2155/1857
f 1401/2159/1861 1366/2258/1960 2062/2259/1961 2096/2155/1857
f 2062/2259/1961 1366/2258/1960 1350/2226/1928 2046/2227/1929
f 1367/2260/1962 2062/2259/1961 2046/2227/1929 1351/2228/1930
f 2063/2261/1963 1368/2262/1964 1399/2147/1849 2095/2149/1851
f 1367/2260/1962 2063/2261/1963 2095/2149/1851 1400/2153/1855
f 2063/2261/1963 1367/2260/1962 1351/2228/1930 2047/2229/1931
f 1368/2262/1964 2063/2261/1963 2047/2229/1931 1352/2230/1932
f 2064/2263/1965 1369/2264/1966 1398/2141/1843 2094/2143/1845
f 1399/2147/1849 1368/2262/1964 2064/2263/1965 2094/2143/1845
f 2064/2263/1965 1368/2262/1964 1352/2230/1932 2048/2231/1933
f 1369/2264/1966 2064/2263/1965 2048/2231/1933 1353/2232/1934
f 2065/2265/1967 1370/2266/1968 1397/2135/1837 2093/2137/1839
f 1369/2264/1966 2065/2265/1967 2093/2137/1839 1398/2141/1843
f 2065/2265/1967 1369/2264/1966 1353/2232/1934 2049/2233/1935
f 1370/2266/1968 2065/2265/1967 2049/2233/1935 1354/2234/1936
f 2066/2267/1969 1371/2268/1970 1396/2129/1831 2092/2131/1833
f 1397/2135/1837 1370/2266/1968 2066/2267/1969 2092/2131/1833
f 2066/2267/1969 1370/2266/1968 1354/2234/1936 2050/2235/1937
f 1371/2268/1970 2066/2267/1969 2050/2235/1937 1355/2236/1938
f 2067/2269/1971 1372/2270/1972 1395/2123/1825 2091/2125/1827
f 1371/2268/1970 2067/2269/1971 2091/2125/1827 1396/2129/1831
f 2067/2269/1971 1371/2268/1970 1355/2236/1938 2051/2237/1939
f 1372/2270/1972 2067/2269/1971 2051/2237/1939 1356/2238/1940
f 2068/2271/1973 1357/2242/1944 1394/2117/1819 2090/2119/1821
f 1395/2123/1825 1372/2270/1972 2068/2271/1973 2090/2119/1821
f 2068/2271/1973 1372/2270/1972 1356/2238/1940 2052/2239/1941
f 1342/2209/1911 1357/2242/1944 2068/2271/1973 2052/2239/1941
f 1929/1903/1605 2069/2176/1878 1373/2175/1877 1237/1904/1606
f 1238/1902/1604 1374/2177/1879 2069/2176/1878 1929/1903/1605
f 1944/2074/1776 2070/2178/1880 1374/2177/1879 1238/1902/1604
f 1252/2064/1766 1375/2479/1881 2070/2178/1880 1944/2074/1776
f 1943/2061/1763 2071/2180/1882 1375/2179/1881 1252/2480/1766
f 1251/2052/1754 1376/2181/1883 2071/2180/1882 1943/2061/1763
f 1942/2049/1751 2072/2182/1884 1376/2181/1883 1251/2052/1754
f 1250/2040/1742 1377/2183/1885 2072/2182/1884 1942/2049/1751
f 1941/2037/1739 2073/2184/1886 1377/2183/1885 1250/2040/1742
f 1249/2028/1730 1378/2185/1887 2073/2184/1886 1941/2037/1739
f 1940/2025/1727 2074/2186/1888 1378/2185/1887 1249/2028/1730
f 1248/2016/1718 1379/2187/1889 2074/2186/1888 1940/2025/1727
f 1939/2013/1715 2075/2188/1890 1379/2187/1889 1248/2016/1718
f 1247/2004/1706 1380/2189/1891 2075/2188/1890 1939/2013/1715
f 1938/2001/1703 2076/2190/1892 1380/2189/1891 1247/2004/1706
f 1246/1992/1694 1381/2191/1893 2076/2190/1892 1938/2001/1703
f 1937/1989/1691 2077/2192/1894 1381/2191/1893 1246/1992/1694
f 1245/1980/1682 1382/2193/1895 2077/2192/1894 1937/1989/1691
f 1936/1977/1679 2078/2194/1896 1382/2193/1895 1245/1980/1682
f 1244/1968/1670 1383/2195/1897 2078/2194/1896 1936/1977/1679
f 1935/1965/1667 2079/2196/1898 1383/2195/1897 1244/1968/1670
f 1243/1956/1658 1384/2197/1899 2079/2196/1898 1935/1965/1667
f 1934/1953/1655 2080/2198/1900 1384/2197/1899 1243/1956/1658
f 1242/1944/1646 1385/2199/1901 2080/2198/1900 1934/1953/1655
f 1933/1941/1643 2081/2200/1902 1385/2199/1901 1242/1944/1646
f 1241/1932/1634 1386/2201/1903 2081/2200/1902 1933/1941/1643
f 1932/1929/1631 2082/2202/1904 1386/2201/1903 1241/1932/1634
f 1240/1920/1622 1387/2203/1905 2082/2202/1904 1932/1929/1631
f 1931/1917/1619 2083/2204/1906 1387/2203/1905 1240/1920/1622
f 1239/1908/1610 1388/2205/1907 2083/2204/1906 1931/1917/1619
f 1930/1905/1607 2084/2206/1908 1388/2205/1907 1239/1908/1610
f 1237/1904/1606 1373/2175/1877 2084/2206/1908 1930/1905/1607
f 1420/1365/1067 2116/2211/1913 1598/2272/1974 1127/1366/1068
f 1598/2272/1974 2116/2211/1913 1405/1364/1066 1125/1363/1065
f 2117/1889/1591 1421/1895/1597 1437/1770/1472 2133/1769/1471
f 1422/1890/1592 2117/1889/1591 2133/1769/1471 1438/1768/1470
f 2118/2078/1780 1422/1890/1592 1438/1768/1470 2134/1885/1587
f 1439/2471/1585 1423/2483/1774 2118/2078/1780 2134/1885/1587
f 2119/2068/1770 1423/2072/1774 1439/1883/1585 2135/1882/1584
f 1440/1877/1579 1424/2060/1762 2119/2068/1770 2135/1882/1584
f 2120/2056/1758 1424/2060/1762 1440/1877/1579 2136/1876/1578
f 1441/1871/1573 1425/2048/1750 2120/2056/1758 2136/1876/1578
f 2121/2044/1746 1425/2048/1750 1441/1871/1573 2137/1870/1572
f 1442/1865/1567 1426/2036/1738 2121/2044/1746 2137/1870/1572
f 2122/2032/1734 1426/2036/1738 1442/1865/1567 2138/1864/1566
f 1443/1859/1561 1427/2024/1726 2122/2032/1734 2138/1864/1566
f 2123/2020/1722 1427/2024/1726 1443/1859/1561 2139/1858/1560
f 1444/1853/1555 1428/2012/1714 2123/2020/1722 2139/1858/1560
f 2124/2008/1710 1428/2012/1714 1444/1853/1555 2140/1852/1554
f 1445/1847/1549 1429/2000/1702 2124/2008/1710 2140/1852/1554
f 2125/1996/1698 1429/2000/1702 1445/1847/1549 2141/1846/1548
f 1446/1841/1543 1430/1988/1690 2125/1996/1698 2141/1846/1548
f 2126/1984/1686 1430/1988/1690 1446/1841/1543 2142/1840/1542
f 1447/1835/1537 1431/1976/1678 2126/1984/1686 2142/1840/1542
f 2127/1972/1674 1431/1976/1678 1447/1835/1537 2143/1834/1536
f 1448/1829/1531 1432/1964/1666 2127/1972/1674 2143/1834/1536
f 2128/1960/1662 1432/1964/1666 1448/1829/1531 2144/1828/1530
f 1449/1823/1525 1433/1952/1654 2128/1960/1662 2144/1828/1530
f 2129/1948/1650 1433/1952/1654 1449/1823/1525 2145/1822/1524
f 1450/1817/1519 1434/1940/1642 2129/1948/1650 2145/1822/1524
f 2130/1936/1638 1434/1940/1642 1450/1817/1519 2146/1816/1518
f 1451/1811/1513 1435/1928/1630 2130/1936/1638 2146/1816/1518
f 2131/1924/1626 1435/1928/1630 1451/1811/1513 2147/1810/1512
f 1452/1805/1507 1436/1916/1618 2131/1924/1626 2147/1810/1512
f 2132/1912/1614 1436/1916/1618 1452/1805/1507 2148/1804/1506
f 1437/1770/1472 1421/1895/1597 2132/1912/1614 2148/1804/1506
f 2149/1424/1126 1469/1423/1125 1013/1313/1015 1756/1487/1189
f 2150/1428/1130 1470/1426/1128 1016/2491/1024 1755/1320/1022
f 2151/1432/1134 1471/1430/1132 1015/1319/1021 1754/1489/1191
f 2152/1436/1138 1472/1434/1136 1018/1328/1030 1753/1326/1028
f 2153/1440/1142 1473/1438/1140 1017/1325/1027 1752/1490/1192
f 2154/1444/1146 1474/1442/1144 1020/1334/1036 1751/1332/1034
f 2155/1448/1150 1475/1446/1148 1019/1331/1033 1750/1491/1193
f 2156/1452/1154 1476/1450/1152 1022/1340/1042 1749/1338/1040
f 2157/1456/1158 1477/1454/1156 1021/1337/1039 1748/1492/1194
f 2158/1460/1162 1478/1458/1160 1024/1346/1048 1747/1344/1046
f 2159/1464/1166 1479/1462/1164 1023/1343/1045 1746/1493/1195
f 2160/1468/1170 1480/1466/1168 1026/1352/1054 1745/1350/1052
f 2161/1472/1174 1481/1470/1172 1025/1349/1051 1744/1494/1196
f 2162/1476/1178 1482/1474/1176 1028/1358/1060 1743/1356/1058
f 2163/1480/1182 1483/1478/1180 1027/1355/1057 1742/1488/1190
f 1486/2273/1975 1145/2274/1976 1144/2275/1977 1485/2276/1978
f 1486/2273/1975 1485/2276/1978 1147/2470/1979 1146/2466/1980
f 1485/2276/1978 1144/2275/1977 1143/2279/1981 1487/2280/1982
f 1485/2276/1978 1487/2280/1982 1148/2469/1983 1147/2470/1979
f 1487/2280/1982 1143/2279/1981 1142/2282/1984 1488/2283/1985
f 1487/2280/1982 1488/2283/1985 1149/2468/1986 1148/2469/1983
f 1488/2283/1985 1142/2282/1984 1141/2285/1987 1489/2286/1988
f 1488/2283/1985 1489/2286/1988 1150/2287/1989 1149/2468/1986
f 1030/1696/1398 1453/1695/1397 1486/2273/1975 1146/2466/1980
f 1453/1695/1397 1029/1690/1392 1145/2274/1976 1486/2273/1975
f 1031/1700/1402 1454/1699/1401 1524/2288/1990 1151/2289/1991
f 1454/1699/1401 1030/2467/1398 1146/2278/1980 1524/2288/1990
f 1032/1704/1406 1455/1703/1405 1528/2290/1992 1156/2291/1993
f 1455/1703/1405 1031/1700/1402 1151/2289/1991 1528/2290/1992
f 1033/1708/1410 1456/1707/1409 1532/2292/1994 1161/2293/1995
f 1456/1707/1409 1032/1704/1406 1156/2291/1993 1532/2292/1994
f 1034/1712/1414 1457/1711/1413 1536/2294/1996 1166/2295/1997
f 1457/1711/1413 1033/1708/1410 1161/2293/1995 1536/2294/1996
f 1035/1716/1418 1458/1715/1417 1540/2296/1998 1171/2297/1999
f 1458/1715/1417 1034/1712/1414 1166/2295/1997 1540/2296/1998
f 1036/1720/1422 1459/1719/1421 1544/2298/2000 1176/2299/2001
f 1459/1719/1421 1035/1716/1418 1171/2297/1999 1544/2298/2000
f 1037/1724/1426 1460/1723/1425 1548/2300/2002 1181/2301/2003
f 1460/1723/1425 1036/1720/1422 1176/2299/2001 1548/2300/2002
f 1038/1728/1430 1461/1727/1429 1552/2302/2004 1186/2303/2005
f 1461/1727/1429 1037/1724/1426 1181/2301/2003 1552/2302/2004
f 1039/1732/1434 1462/1731/1433 1556/2304/2006 1191/2305/2007
f 1462/1731/1433 1038/1728/1430 1186/2303/2005 1556/2304/2006
f 1040/1736/1438 1463/1735/1437 1560/2306/2008 1196/2307/2009
f 1463/1735/1437 1039/1732/1434 1191/2305/2007 1560/2306/2008
f 1041/1740/1442 1464/1739/1441 1564/2308/2010 1201/2309/2011
f 1464/1739/1441 1040/1736/1438 1196/2307/2009 1564/2308/2010
f 1042/1744/1446 1465/1743/1445 1568/2310/2012 1206/2311/2013
f 1465/1743/1445 1041/1740/1442 1201/2309/2011 1568/2310/2012
f 1043/1748/1450 1466/1747/1449 1572/2312/2014 1211/2313/2015
f 1466/1747/1449 1042/1744/1446 1206/2311/2013 1572/2312/2014
f 1044/1692/1394 1467/1750/1452 1576/2314/2016 1216/2315/2017
f 1467/1750/1452 1043/1748/1450 1211/2313/2015 1576/2314/2016
f 1044/1692/1394 1216/2315/2017 1580/2316/2018 1468/1689/1391
f 1468/1689/1391 1580/2316/2018 1145/2274/1976 1029/1690/1392
f 1150/2287/1989 1489/2286/1988 1490/2317/2019 1222/2463/2020
f 1489/2286/1988 1141/2285/1987 1221/1485/1187 1490/2317/2019
f 1155/2319/2021 1491/2320/2022 1492/2321/2023 1223/2322/2024
f 1491/2320/2022 1150/2464/1989 1222/2318/2020 1492/2321/2023
f 1160/2323/2025 1493/2324/2026 1494/2325/2027 1224/2326/2028
f 1493/2324/2026 1155/2319/2021 1223/2322/2024 1494/2325/2027
f 1165/2327/2029 1495/2328/2030 1496/2329/2031 1225/2330/2032
f 1495/2328/2030 1160/2323/2025 1224/2326/2028 1496/2329/2031
f 1170/2331/2033 1497/2332/2034 1498/2333/2035 1226/2334/2036
f 1497/2332/2034 1165/2327/2029 1225/2330/2032 1498/2333/2035
f 1175/2335/2037 1499/2336/2038 1500/2337/2039 1227/2338/2040
f 1499/2336/2038 1170/2331/2033 1226/2334/2036 1500/2337/2039
f 1180/2339/2041 1501/2340/2042 1502/2341/2043 1228/2342/2044
f 1501/2340/2042 1175/2335/2037 1227/2338/2040 1502/2341/2043
f 1185/2343/2045 1503/2344/2046 1504/2345/2047 1229/2346/2048
f 1503/2344/2046 1180/2339/2041 1228/2342/2044 1504/2345/2047
f 1190/2347/2049 1505/2348/2050 1506/2349/2051 1230/2350/2052
f 1505/2348/2050 1185/2343/2045 1229/2346/2048 1506/2349/2051
f 1195/2351/2053 1507/2352/2054 1508/2353/2055 1231/2354/2056
f 1507/2352/2054 1190/2347/2049 1230/2350/2052 1508/2353/2055
f 1200/2355/2057 1509/2356/2058 1510/2357/2059 1232/2358/2060
f 1509/2356/2058 1195/2351/2053 1231/2354/2056 1510/2357/2059
f 1205/2359/2061 1511/2360/2062 1512/2361/2063 1233/2362/2064
f 1511/2360/2062 1200/2355/2057 1232/2358/2060 1512/2361/2063
f 1210/2363/2065 1513/2364/2066 1514/2365/2067 1234/2366/2068
f 1513/2364/2066 1205/2359/2061 1233/2362/2064 1514/2365/2067
f 1215/2367/2069 1515/2368/2070 1516/2369/2071 1235/2370/2072
f 1515/2368/2070 1210/2363/2065 1234/2366/2068 1516/2369/2071
f 1220/2371/2073 1517/2372/2074 1518/2373/2075 1236/2374/2076
f 1517/2372/2074 1215/2367/2069 1235/2370/2072 1518/2373/2075
f 1220/2371/2073 1236/2374/2076 1519/1486/1188 1520/2375/2077
f 1519/1486/1188 1221/1485/1187 1141/2285/1987 1520/2375/2077
f 1521/2376/2078 1149/2284/1986 1150/2464/1989 1491/2320/2022
f 1521/2376/2078 1491/2320/2022 1155/2319/2021 1154/2377/2079
f 1522/2378/2080 1148/2281/1983 1149/2284/1986 1521/2376/2078
f 1522/2378/2080 1521/2376/2078 1154/2377/2079 1153/2379/2081
f 1524/2288/1990 1146/2278/1980 1147/2277/1979 1523/2380/2082
f 1524/2288/1990 1523/2380/2082 1152/2381/2083 1151/2289/1991
f 1523/2380/2082 1147/2277/1979 1148/2281/1983 1522/2378/2080
f 1523/2380/2082 1522/2378/2080 1153/2379/2081 1152/2381/2083
f 1525/2382/2084 1154/2377/2079 1155/2319/2021 1493/2324/2026
f 1525/2382/2084 1493/2324/2026 1160/2323/2025 1159/2383/2085
f 1526/2384/2086 1153/2379/2081 1154/2377/2079 1525/2382/2084
f 1526/2384/2086 1525/2382/2084 1159/2383/2085 1158/2385/2087
f 1528/2290/1992 1151/2289/1991 1152/2381/2083 1527/2386/2088
f 1528/2290/1992 1527/2386/2088 1157/2387/2089 1156/2291/1993
f 1527/2386/2088 1152/2381/2083 1153/2379/2081 1526/2384/2086
f 1527/2386/2088 1526/2384/2086 1158/2385/2087 1157/2387/2089
f 1529/2388/2090 1159/2383/2085 1160/2323/2025 1495/2328/2030
f 1529/2388/2090 1495/2328/2030 1165/2327/2029 1164/2389/2091
f 1530/2390/2092 1158/2385/2087 1159/2383/2085 1529/2388/2090
f 1530/2390/2092 1529/2388/2090 1164/2389/2091 1163/2391/2093
f 1532/2292/1994 1156/2291/1993 1157/2387/2089 1531/2392/2094
f 1532/2292/1994 1531/2392/2094 1162/2393/2095 1161/2293/1995
f 1531/2392/2094 1157/2387/2089 1158/2385/2087 1530/2390/2092
f 1531/2392/2094 1530/2390/2092 1163/2391/2093 1162/2393/2095
f 1533/2394/2096 1164/2389/2091 1165/2327/2029 1497/2332/2034
f 1533/2394/2096 1497/2332/2034 1170/2331/2033 1169/2395/2097
f 1534/2396/2098 1163/2391/2093 1164/2389/2091 1533/2394/2096
f 1534/2396/2098 1533/2394/2096 1169/2395/2097 1168/2397/2099
f 1536/2294/1996 1161/2293/1995 1162/2393/2095 1535/2398/2100
f 1536/2294/1996 1535/2398/2100 1167/2399/2101 1166/2295/1997
f 1535/2398/2100 1162/2393/2095 1163/2391/2093 1534/2396/2098
f 1535/2398/2100 1534/2396/2098 1168/2397/2099 1167/2399/2101
f 1537/2400/2102 1169/2395/2097 1170/2331/2033 1499/2336/2038
f 1537/2400/2102 1499/2336/2038 1175/2335/2037 1174/2401/2103
f 1538/2402/2104 1168/2397/2099 1169/2395/2097 1537/2400/2102
f 1538/2402/2104 1537/2400/2102 1174/2401/2103 1173/2403/2105
f 1540/2296/1998 1166/2295/1997 1167/2399/2101 1539/2404/2106
f 1540/2296/1998 1539/2404/2106 1172/2405/2107 1171/2297/1999
f 1539/2404/2106 1167/2399/2101 1168/2397/2099 1538/2402/2104
f 1539/2404/2106 1538/2402/2104 1173/2403/2105 1172/2405/2107
f 1541/2406/2108 1174/2401/2103 1175/2335/2037 1501/2340/2042
f 1541/2406/2108 1501/2340/2042 1180/2339/2041 1179/2407/2109
f 1542/2408/2110 1173/2403/2105 1174/2401/2103 1541/2406/2108
f 1542/2408/2110 1541/2406/2108 1179/2407/2109 1178/2409/2111
f 1544/2298/2000 1171/2297/1999 1172/2405/2107 1543/2410/2112
f 1544/2298/2000 1543/2410/2112 1177/2411/2113 1176/2299/2001
f 1543/2410/2112 1172/2405/2107 1173/2403/2105 1542/2408/2110
f 1543/2410/2112 1542/2408/2110 1178/2409/2111 1177/2411/2113
f 1545/2412/2114 1179/2407/2109 1180/2339/2041 1503/2344/2046
f 1545/2412/2114 1503/2344/2046 1185/2343/2045 1184/2413/2115
f 1546/2414/2116 1178/2409/2111 1179/2407/2109 1545/2412/2114
f 1546/2414/2116 1545/2412/2114 1184/2413/2115 1183/2415/2117
f 1548/2300/2002 1176/2299/2001 1177/2411/2113 1547/2416/2118
f 1548/2300/2002 1547/2416/2118 1182/2417/2119 1181/2301/2003
f 1547/2416/2118 1177/2411/2113 1178/2409/2111 1546/2414/2116
f 1547/2416/2118 1546/2414/2116 1183/2415/2117 1182/2417/2119
f 1549/2418/2120 1184/2413/2115 1185/2343/2045 1505/2348/2050
f 1549/2418/2120 1505/2348/2050 1190/2347/2049 1189/2419/2121
f 1550/2420/2122 1183/2415/2117 1184/2413/2115 1549/2418/2120
f 1550/2420/2122 1549/2418/2120 1189/2419/2121 1188/2421/2123
f 1552/2302/2004 1181/2301/2003 1182/2417/2119 1551/2422/2124
f 1552/2302/2004 1551/2422/2124 1187/2423/2125 1186/2303/2005
f 1551/2422/2124 1182/2417/2119 1183/2415/2117 1550/2420/2122
f 1551/2422/2124 1550/2420/2122 1188/2421/2123 1187/2423/2125
f 1553/2424/2126 1189/2419/2121 1190/2347/2049 1507/2352/2054
f 1553/2424/2126 1507/2352/2054 1195/2351/2053 1194/2425/2127
f 1554/2426/2128 1188/2421/2123 1189/2419/2121 1553/2424/2126
f 1554/2426/2128 1553/2424/2126 1194/2425/2127 1193/2427/2129
f 1556/2304/2006 1186/2303/2005 1187/2423/2125 1555/2428/2130
f 1556/2304/2006 1555/2428/2130 1192/2429/2131 1191/2305/2007
f 1555/2428/2130 1187/2423/2125 1188/2421/2123 1554/2426/2128
f 1555/2428/2130 1554/2426/2128 1193/2427/2129 1192/2429/2131
f 1557/2430/2132 1194/2425/2127 1195/2351/2053 1509/2356/2058
f 1557/2430/2132 1509/2356/2058 1200/2355/2057 1199/2431/2133
f 1558/2432/2134 1193/2427/2129 1194/2425/2127 1557/2430/2132
f 1558/2432/2134 1557/2430/2132 1199/2431/2133 1198/2433/2135
f 1560/2306/2008 1191/2305/2007 1192/2429/2131 1559/2434/2136
f 1560/2306/2008 1559/2434/2136 1197/2435/2137 1196/2307/2009
f 1559/2434/2136 1192/2429/2131 1193/2427/2129 1558/2432/2134
f 1559/2434/2136 1558/2432/2134 1198/2433/2135 1197/2435/2137
f 1561/2436/2138 1199/2431/2133 1200/2355/2057 1511/2360/2062
f 1561/2436/2138 1511/2360/2062 1205/2359/2061 1204/2437/2139
f 1562/2438/2140 1198/2433/2135 1199/2431/2133 1561/2436/2138
f 1562/2438/2140 1561/2436/2138 1204/2437/2139 1203/2439/2141
f 1564/2308/2010 1196/2307/2009 1197/2435/2137 1563/2440/2142
f 1564/2308/2010 1563/2440/2142 1202/2441/2143 1201/2309/2011
f 1563/2440/2142 1197/2435/2137 1198/2433/2135 1562/2438/2140
f 1563/2440/2142 1562/2438/2140 1203/2439/2141 1202/2441/2143
f 1565/2442/2144 1204/2437/2139 1205/2359/2061 1513/2364/2066
f 1565/2442/2144 1513/2364/2066 1210/2363/2065 1209/2443/2145
f 1566/2444/2146 1203/2439/2141 1204/2437/2139 1565/2442/2144
f 1566/2444/2146 1565/2442/2144 1209/2443/2145 1208/2445/2147
f 1568/2310/2012 1201/2309/2011 1202/2441/2143 1567/2446/2148
f 1568/2310/2012 1567/2446/2148 1207/2447/2149 1206/2311/2013
f 1567/2446/2148 1202/2441/2143 1203/2439/2141 1566/2444/2146
f 1567/2446/2148 1566/2444/2146 1208/2445/2147 1207/2447/2149
f 1569/2448/2150 1209/2443/2145 1210/2363/2065 1515/2368/2070
f 1569/2448/2150 1515/2368/2070 1215/2367/2069 1214/2449/2151
f 1570/2450/2152 1208/2445/2147 1209/2443/2145 1569/2448/2150
f 1570/2450/2152 1569/2448/2150 1214/2449/2151 1213/2451/2153
f 1572/2312/2014 1206/2311/2013 1207/2447/2149 1571/2452/2154
f 1572/2312/2014 1571/2452/2154 1212/2453/2155 1211/2313/2015
f 1571/2452/2154 1207/2447/2149 1208/2445/2147 1570/2450/2152
f 1571/2452/2154 1570/2450/2152 1213/2451/2153 1212/2453/2155
f 1573/2454/2156 1214/2449/2151 1215/2367/2069 1517/2372/2074
f 1573/2454/2156 1517/2372/2074 1220/2371/2073 1219/2455/2157
f 1574/2456/2158 1213/2451/2153 1214/2449/2151 1573/2454/2156
f 1574/2456/2158 1573/2454/2156 1219/2455/2157 1218/2457/2159
f 1576/2314/2016 1211/2313/2015 1212/2453/2155 1575/2458/2160
f 1576/2314/2016 1575/2458/2160 1217/2459/2161 1216/2315/2017
f 1575/2458/2160 1212/2453/2155 1213/2451/2153 1574/2456/2158
f 1575/2458/2160 1574/2456/2158 1218/2457/2159 1217/2459/2161
f 1520/2375/2077 1141/2285/1987 1142/2282/1984 1577/2460/2162
f 1520/2375/2077 1577/2460/2162 1219/2455/2157 1220/2371/2073
f 1577/2460/2162 1142/2282/1984 1143/2279/1981 1578/2461/2163
f 1577/2460/2162 1578/2461/2163 1218/2457/2159 1219/2455/2157
f 1578/2461/2163 1143/2279/1981 1144/2275/1977 1579/2462/2164
f 1578/2461/2163 1579/2462/2164 1217/2459/2161 1218/2457/2159
f 1579/2462/2164 1144/2275/1977 1145/2274/1976 1580/2316/2018
f 1579/2462/2164 1580/2316/2018 1216/2315/2017 1217/2459/2161
f 1222/2463/2020 1490/2317/2019 1829/1421/1123 1614/2465/1127
f 1490/2317/2019 1221/1485/1187 1613/1422/1124 1829/1421/1123
f 1223/2322/2024 1492/2321/2023 1830/1427/1129 1615/1429/1131
f 1492/2321/2023 1222/2318/2020 1614/1425/1127 1830/1427/1129
f 1224/2326/2028 1494/2325/2027 1831/1431/1133 1616/1433/1135
f 1494/2325/2027 1223/2322/2024 1615/1429/1131 1831/1431/1133
f 1225/2330/2032 1496/2329/2031 1832/1435/1137 1617/1437/1139
f 1496/2329/2031 1224/2326/2028 1616/1433/1135 1832/1435/1137
f 1226/2334/2036 1498/2333/2035 1833/1439/1141 1618/1441/1143
f 1498/2333/2035 1225/2330/2032 1617/1437/1139 1833/1439/1141
f 1227/2338/2040 1500/2337/2039 1834/1443/1145 1619/1445/1147
f 1500/2337/2039 1226/2334/2036 1618/1441/1143 1834/1443/1145
f 1228/2342/2044 1502/2341/2043 1835/1447/1149 1620/1449/1151
f 1502/2341/2043 1227/2338/2040 1619/1445/1147 1835/1447/1149
f 1229/2346/2048 1504/2345/2047 1836/1451/1153 1621/1453/1155
f 1504/2345/2047 1228/2342/2044 1620/1449/1151 1836/1451/1153
f 1230/2350/2052 1506/2349/2051 1837/1455/1157 1622/1457/1159
f 1506/2349/2051 1229/2346/2048 1621/1453/1155 1837/1455/1157
f 1231/2354/2056 1508/2353/2055 1838/1459/1161 1623/1461/1163
f 1508/2353/2055 1230/2350/2052 1622/1457/1159 1838/1459/1161
f 1232/2358/2060 1510/2357/2059 1839/1463/1165 1624/1465/1167
f 1510/2357/2059 1231/2354/2056 1623/1461/1163 1839/1463/1165
f 1233/2362/2064 1512/2361/2063 1840/1467/1169 1625/1469/1171
f 1512/2361/2063 1232/2358/2060 1624/1465/1167 1840/1467/1169
f 1234/2366/2068 1514/2365/2067 1841/1471/1173 1626/1473/1175
f 1514/2365/2067 1233/2362/2064 1625/1469/1171 1841/1471/1173
f 1235/2370/2072 1516/2369/2071 1842/1475/1177 1627/1477/1179
f 1516/2369/2071 1234/2366/2068 1626/1473/1175 1842/1475/1177
f 1236/2374/2076 1518/2373/2075 1843/1479/1181 1628/1481/1183
f 1518/2373/2075 1235/2370/2072 1627/1477/1179 1843/1479/1181
f 1844/1483/1185 1519/1486/1188 1236/2374/2076 1628/1481/1183
g default
v -24.659498 38.638438 -1.984673
v -32.556880 20.472278 -1.984673
v -13.764349 50.295509 -1.984673
v 0.016622 54.821754 -1.984673
v 13.661610 50.835584 -1.984673
v 24.650471 38.738201 -1.984673
v 32.200505 20.530762 -1.984673
v 34.846463 -0.003117 -1.984673
v 32.655125 -20.495782 -1.984673
v 24.758513 -38.671592 -1.984673
v 13.855267 -50.363647 -1.984673
v 0.138897 -54.830928 -1.984673
v -13.224283 -50.715138 -1.984673
v -24.557147 -38.831194 -1.984673
v -32.482692 -21.101881 -1.984673
v -34.809684 -0.113880 -1.984673
v -29.158673 30.124978 -1.984673
v -19.576834 45.345523 -1.984673
v -7.075858 53.537636 -1.984673
v 7.041156 53.897688 -1.984673
v 19.542068 45.705579 -1.984673
v 28.954814 30.163965 -1.984673
v 34.132894 10.386450 -1.984673
v 34.435904 -10.372076 -1.984673
v 29.257888 -30.149589 -1.984673
v 19.671179 -45.399883 -1.984673
v 7.170230 -53.592010 -1.984673
v -6.715820 -53.826346 -1.984673
v -19.216796 -45.634224 -1.984673
v -29.109231 -30.553653 -1.984673
v -34.287279 -10.776139 -1.984673
v -34.336720 10.347461 -1.984673
v 0.035421 -0.032793 -1.984664
vt 0.845779 0.605231
vt 0.769638 0.645675
vt 0.499068 0.384859
vt 0.683277 0.676284
vt 0.949942 0.507460
vt 0.905733 0.559596
vt 0.990207 0.383987
vt 0.978844 0.447514
vt 0.954259 0.261892
vt 0.981800 0.321110
vt 0.845736 0.163733
vt 0.908216 0.209339
vt 0.682573 0.096479
vt 0.768886 0.125357
vt 0.498674 0.073178
vt 0.591710 0.079370
vt 0.315235 0.093187
vt 0.405843 0.077051
vt 0.152647 0.164234
vt 0.228864 0.123787
vt 0.048169 0.262077
vt 0.092502 0.209910
vt 0.008432 0.384971
vt 0.019391 0.321993
vt 0.045536 0.504540
vt 0.017556 0.446326
vt 0.152153 0.605783
vt 0.091141 0.558098
vt 0.311043 0.676409
vt 0.226353 0.646384
vt 0.499002 0.696845
vt 0.403528 0.692370
vt 0.592659 0.692412
vn -0.000000 -0.000000 1.000000
vn -0.000000 -0.000000 1.000000
vn -0.000000 0.000000 1.000000
vn -0.000000 -0.000000 1.000000
vn -0.000000 -0.000000 1.000000
vn -0.000000 -0.000000 1.000000
vn -0.000000 -0.000000 1.000000
vn -0.000000 -0.000000 1.000000
vn 0.000000 -0.000000 1.000000
vn 0.000000 -0.000000 1.000000
vn 0.000000 0.000001 1.000000
vn 0.000000 0.000000 1.000000
vn 0.000000 -0.000000 1.000000
vn 0.000000 -0.000000 1.000000
vn 0.000000 -0.000000 1.000000
vn 0.000000 -0.000000 1.000000
vn 0.000000 -0.000000 1.000000
vn 0.000000 -0.000000 1.000000
vn 0.000000 -0.000001 1.000000
vn 0.000000 -0.000000 1.000000
vn 0.000000 0.000000 1.000000
vn 0.000000 -0.000000 1.000000
vn 0.000000 0.000000 1.000000
vn 0.000000 0.000000 1.000000
vn -0.000000 -0.000000 1.000000
vn -0.000000 -0.000000 1.000000
vn -0.000000 -0.000000 1.000000
vn -0.000000 -0.000000 1.000000
vn -0.000000 -0.000000 1.000000
vn -0.000000 -0.000000 1.000000
vn -0.000000 -0.000000 1.000000
vn -0.000000 -0.000000 1.000000
vn -0.000000 -0.000000 1.000000
s 1
g lowpoly PROP_____PictureFrame_Var_3 High_Fidelity_Group pCylinder162
usemtl initialShadingGroup
f 2165/2499/2165 2181/2500/2166 2197/2501/2167
f 2181/2500/2166 2166/2502/2168 2197/2501/2167
f 2167/2503/2169 2182/2504/2170 2197/2501/2167
f 2182/2504/2170 2165/2499/2165 2197/2501/2167
f 2168/2505/2171 2183/2506/2172 2197/2501/2167
f 2183/2506/2172 2167/2503/2169 2197/2501/2167
f 2169/2507/2173 2184/2508/2174 2197/2501/2167
f 2184/2508/2174 2168/2505/2171 2197/2501/2167
f 2170/2509/2175 2185/2510/2176 2197/2501/2167
f 2185/2510/2176 2169/2507/2173 2197/2501/2167
f 2171/2511/2177 2186/2512/2178 2197/2501/2167
f 2186/2512/2178 2170/2509/2175 2197/2501/2167
f 2172/2513/2179 2187/2514/2180 2197/2501/2167
f 2187/2514/2180 2171/2511/2177 2197/2501/2167
f 2173/2515/2181 2188/2516/2182 2197/2501/2167
f 2188/2516/2182 2172/2513/2179 2197/2501/2167
f 2174/2517/2183 2189/2518/2184 2197/2501/2167
f 2189/2518/2184 2173/2515/2181 2197/2501/2167
f 2175/2519/2185 2190/2520/2186 2197/2501/2167
f 2190/2520/2186 2174/2517/2183 2197/2501/2167
f 2176/2521/2187 2191/2522/2188 2197/2501/2167
f 2191/2522/2188 2175/2519/2185 2197/2501/2167
f 2177/2523/2189 2192/2524/2190 2197/2501/2167
f 2192/2524/2190 2176/2521/2187 2197/2501/2167
f 2178/2525/2191 2193/2526/2192 2197/2501/2167
f 2193/2526/2192 2177/2523/2189 2197/2501/2167
f 2179/2527/2193 2194/2528/2194 2197/2501/2167
f 2194/2528/2194 2178/2525/2191 2197/2501/2167
f 2180/2529/2195 2195/2530/2196 2197/2501/2167
f 2195/2530/2196 2179/2527/2193 2197/2501/2167
f 2166/2502/2168 2196/2531/2197 2197/2501/2167
f 2196/2531/2197 2180/2529/2195 2197/2501/2167
g default
v -5.134064 -64.323237 1.867373
v -5.199286 -64.596690 2.313773
v -5.412902 -65.419228 2.313773
v -5.487632 -65.693981 1.867347
v -5.487632 -65.693972 1.057416
v -5.412919 -65.419215 1.057416
v -5.199303 -64.596672 1.057416
v -5.134077 -64.323228 1.057416
v -4.499900 -64.476397 1.867373
v -4.525650 -64.736133 2.313773
v -4.615600 -65.513612 2.313773
v -4.648392 -65.772301 1.867338
v -4.648405 -65.772301 1.057416
v -4.615609 -65.513603 1.057416
v -4.525663 -64.736124 1.057416
v -4.499900 -64.476388 1.057416
v -3.316253 -64.405270 1.867338
v -3.273002 -64.652407 2.313747
v -3.143279 -65.393810 2.313720
v -3.100020 -65.640938 1.867285
v -3.100020 -65.640938 1.057416
v -3.143293 -65.393801 1.057416
v -3.273010 -64.652398 1.057416
v -3.316275 -64.405261 1.057416
v -2.633988 -64.091280 1.867338
v -2.504858 -64.298517 2.313720
v -2.117429 -64.920219 2.313702
v -1.988282 -65.127452 1.867250
v -1.988295 -65.127452 1.057416
v -2.117438 -64.920206 1.057416
v -2.504898 -64.298504 1.057416
v -2.634001 -64.091271 1.057416
v -2.106267 -63.496945 1.867329
v -1.915749 -63.634500 2.313720
v -1.344167 -64.047167 2.313694
v -1.153617 -64.184718 1.867267
v -1.153631 -64.184718 1.057416
v -1.344176 -64.047153 1.057416
v -1.915762 -63.634487 1.057416
v -2.106276 -63.496941 1.057416
v -1.884942 -62.801998 1.867338
v -1.657639 -62.812492 2.313729
v -0.975746 -62.844002 2.313702
v -0.748435 -62.854497 1.867267
v -0.748449 -62.854492 1.057416
v -0.975760 -62.843993 1.057416
v -1.657644 -62.812488 1.057416
v -1.884955 -62.801989 1.057416
v -2.067017 -62.067561 1.867338
v -1.871260 -61.939307 2.313747
v -1.284003 -61.554517 2.313729
v -1.088263 -61.426254 1.867294
v -1.088272 -61.426249 1.057416
v -1.284025 -61.554513 1.057416
v -1.871269 -61.939303 1.057416
v -2.067017 -62.067561 1.057416
v -2.567100 -61.528042 1.867347
v -2.462615 -61.304436 2.313773
v -2.149169 -60.633607 2.313773
v -2.044693 -60.409996 1.867338
v -2.044706 -60.409996 1.057416
v -2.149209 -60.633607 1.057416
v -2.462615 -61.304431 1.057416
v -2.567100 -61.528042 1.057416
v -3.217324 -61.419800 1.867373
v -3.251433 -61.170921 2.313773
v -3.353690 -60.424270 2.313808
v -3.387795 -60.175396 1.867373
v -3.387795 -60.175396 1.057416
v -3.353690 -60.424270 1.057416
v -3.251442 -61.170921 1.057416
v -3.217315 -61.419800 1.057416
v -3.510727 -61.520262 1.867373
v -3.626242 -61.305466 2.313808
v -3.971596 -60.661709 2.313817
v -4.086602 -60.447209 1.867391
v -4.086602 -60.447209 1.057416
v -3.971609 -60.661709 1.057416
v -3.626273 -61.305466 1.057416
v -3.510741 -61.520262 1.057416
v -3.751632 -61.716700 1.867373
v -3.935842 -61.577261 2.313817
v -4.486855 -61.165032 2.313826
v -4.670614 -61.028547 1.867400
v -4.670623 -61.028551 1.057416
v -4.486886 -61.165032 1.057416
v -3.935842 -61.577270 1.057416
v -3.751649 -61.716700 1.057416
v -3.922744 -61.989149 1.867382
v -4.139229 -61.950885 2.313817
v -4.788719 -61.843102 2.313826
v -5.005708 -61.808604 1.867409
v -5.005712 -61.808608 1.057416
v -4.788741 -61.843111 1.057416
v -4.139242 -61.950893 1.057416
v -3.922761 -61.989154 1.057416
v -4.005811 -62.303148 1.867382
v -4.206961 -62.386308 2.313826
v -4.816007 -62.641044 2.313844
v -5.020132 -62.727900 1.867444
v -5.020132 -62.727909 1.057416
v -4.816007 -62.641071 1.057416
v -4.206970 -62.386317 1.057416
v -4.005820 -62.303157 1.057416
v -3.963369 -62.572764 1.867382
v -4.090903 -62.763866 2.313826
v -4.487160 -63.314171 2.313844
v -4.620962 -63.490389 1.867418
v -4.620962 -63.490398 1.057416
v -4.487191 -63.314198 1.057416
v -4.090903 -62.763883 1.057416
v -3.963365 -62.572773 1.057416
v -3.802261 -62.739738 1.866569
v -3.823533 -62.984590 2.305807
v -3.923310 -63.652903 2.299778
v -3.955160 -63.856953 1.864898
v -3.955160 -63.857011 1.057257
v -3.923429 -63.653023 1.066646
v -3.823440 -62.984767 1.062809
v -3.802230 -62.739756 1.057486
v -3.646484 -62.767628 1.867391
v -3.550071 -62.995633 2.313826
v -3.260849 -63.679657 2.313870
v -3.164458 -63.907671 1.867435
v -3.164458 -63.907684 1.057416
v -3.260840 -63.679683 1.057416
v -3.550071 -62.995655 1.057416
v -3.646462 -62.767641 1.057416
v -2.635747 -61.875788 2.240383
v -2.722205 -61.786346 1.832442
v -2.376356 -62.144144 2.240453
v -2.289903 -62.233599 1.832513
v -2.289907 -62.233603 1.057416
v -2.376356 -62.144157 1.057416
v -2.635734 -61.875801 1.057416
v -2.722192 -61.786350 1.057416
v -2.917661 -62.021875 2.392256
v -3.233817 -62.266187 2.425428
v -3.413231 -62.631266 2.370383
v -3.612242 -62.340480 1.877249
v -3.477454 -61.973810 1.890652
v -3.131516 -61.786770 1.855208
v -3.612472 -62.340276 1.056514
v -3.475120 -61.975649 1.067840
v -3.130928 -61.787265 1.059821
v -3.413978 -62.630718 1.019558
v -3.230361 -62.269441 0.976439
v -2.916419 -62.022861 0.935858
v -2.800710 -63.464043 1.015747
v -2.527726 -63.002931 0.950491
v -2.424284 -62.532329 0.913702
v -2.564651 -63.758617 1.058318
v -2.236228 -63.276203 1.046117
v -2.182991 -62.770024 1.054852
v -2.564505 -63.758763 1.879318
v -2.238615 -63.274311 1.866984
v -2.183663 -62.769458 1.847472
v -2.800582 -63.464158 2.377438
v -2.532288 -62.998882 2.425994
v -2.425575 -62.531321 2.408294
v -6.167686 -64.157951 2.313773
v -6.040254 -63.846233 1.867373
v -6.573248 -65.098307 2.313773
v -6.712594 -65.413322 1.867347
v -6.712594 -65.413322 1.057416
v -6.573270 -65.098289 1.057416
v -6.167726 -64.157938 1.057416
v -6.040258 -63.846229 1.057416
v -6.903802 -63.224685 2.313773
v -6.672667 -62.974547 1.867373
v -7.720687 -63.971561 2.313773
v -7.957838 -64.228088 1.867347
v -7.957833 -64.228084 1.057416
v -7.720687 -63.971535 1.057416
v -6.903806 -63.224668 1.057416
v -6.672667 -62.974542 1.057416
v -7.283508 -62.119274 2.269125
v -6.859136 -62.020739 1.867356
v -8.270935 -62.508241 2.251257
v -8.650526 -62.662387 1.867347
v -8.650526 -62.662374 1.057416
v -8.270935 -62.508210 1.057416
v -7.283508 -62.119243 1.057416
v -6.859136 -62.020721 1.057416
v -6.423713 -60.103702 2.313773
v -6.286980 -60.168071 1.867373
v -6.535390 -60.053772 2.313773
v -6.672110 -59.989386 1.867347
v -6.672101 -59.989382 1.057416
v -6.535377 -60.053763 1.057416
v -6.423700 -60.103689 1.057416
v -6.286971 -60.168071 1.057416
v -7.156270 -61.237198 2.434464
v -7.995780 -61.328395 2.498032
v -8.491354 -61.278389 1.867356
v -8.491332 -61.278376 1.057416
v -7.995766 -61.328364 1.057416
v -7.156266 -61.237176 1.057416
v -6.778222 -61.214008 1.057416
v -6.778226 -61.214017 1.867391
v -6.729224 -60.434150 2.494230
v -7.225904 -60.378314 2.611809
v -7.738356 -60.220698 1.867356
v -7.738347 -60.220689 1.057416
v -7.225881 -60.378292 1.057416
v -6.729215 -60.434133 1.057416
v -6.488121 -60.459034 1.057416
v -6.488121 -60.459043 1.867400
v -10.248462 -63.728902 1.846119
v -10.125252 -63.477481 2.276932
v -9.768802 -62.709130 2.267295
v -9.652832 -62.450314 1.835819
v -9.652850 -62.450314 1.057416
v -9.768652 -62.709028 1.057416
v -10.125269 -63.477481 1.057416
v -10.248489 -63.728902 1.057416
v -9.665316 -64.077492 1.824609
v -9.518986 -63.864035 2.239958
v -9.091188 -63.215937 2.218669
v -8.951356 -62.998440 1.801807
v -8.951356 -62.998440 1.057416
v -9.091192 -63.215937 1.057416
v -9.518782 -63.863894 1.057416
v -9.665334 -64.077487 1.057416
v -8.795203 -64.988827 1.783347
v -8.600211 -64.832519 2.167929
v -8.013595 -64.362496 2.119108
v -7.817763 -64.205600 1.731034
v -7.817772 -64.205600 1.057416
v -8.013268 -64.362244 1.057416
v -8.599937 -64.832316 1.057416
v -8.795212 -64.988827 1.057416
v -7.334632 -66.079912 1.709992
v -7.171446 -65.882806 2.052623
v -6.682158 -65.291606 2.001653
v -6.519286 -65.094691 1.655371
v -6.519295 -65.094700 1.057416
v -6.681800 -65.291363 1.057416
v -7.171468 -65.882806 1.057416
v -7.334252 -66.079668 1.057416
v -11.129185 -63.086635 2.310608
v -11.227958 -63.411283 1.865729
v -10.847461 -62.091888 2.309963
v -10.755795 -61.756167 1.864880
v -10.755795 -61.756171 1.057416
v -10.847496 -62.091888 1.057416
v -11.129211 -63.086635 1.057416
v -11.227967 -63.411283 1.057416
v -12.244826 -63.217741 2.313773
v -12.229345 -63.575061 1.867373
v -12.384004 -62.055392 2.313773
v -12.399980 -61.688828 1.867347
v -12.399997 -61.688832 1.057416
v -12.384021 -62.055400 1.057416
v -12.244843 -63.217754 1.057416
v -12.229354 -63.575066 1.057416
v -13.202961 -63.741748 2.269125
v -12.952597 -64.133510 1.867356
v -13.687210 -62.713224 2.251257
v -13.870532 -62.314438 1.867347
v -13.870532 -62.314447 1.057416
v -13.687228 -62.713250 1.057416
v -13.202970 -63.741779 1.057416
v -12.952615 -64.133523 1.057416
v -13.812640 -65.866039 2.313773
v -13.672852 -65.921823 1.867373
v -13.925170 -65.818513 2.313773
v -14.064967 -65.762735 1.867347
v -14.064967 -65.762735 1.057416
v -13.925170 -65.818522 1.057416
v -13.812640 -65.866044 1.057416
v -13.672852 -65.921831 1.057416
v -13.652235 -64.483872 2.434464
v -14.211253 -63.784898 2.498032
v -14.605092 -63.448389 1.867356
v -14.605136 -63.448407 1.057416
v -14.211271 -63.784924 1.057416
v -13.652235 -64.483903 1.057416
v -13.389484 -64.785555 1.057416
v -13.389484 -64.785546 1.867391
v -13.833258 -65.393823 2.494230
v -14.231517 -65.060745 2.611809
v -14.703919 -64.790369 1.867356
v -14.703919 -64.790378 1.057416
v -14.231517 -65.060776 1.057416
v -13.833258 -65.393854 1.057416
v -13.641280 -65.557168 1.057416
v -13.641280 -65.557155 1.867400
v -5.390547 -66.006495 1.904117
v -5.392828 -66.176692 1.604552
v -5.383726 -65.495952 1.898105
v -5.381467 -65.325790 1.598098
v -5.380980 -65.325463 1.057416
v -5.383734 -65.495965 1.057416
v -5.390043 -66.006172 1.057416
v -5.392828 -66.176692 1.057416
v -3.906507 -65.830988 1.815440
v -3.977082 -65.335922 1.814326
v -4.001709 -65.171680 1.546112
v -4.000882 -65.171105 1.057416
v -3.977090 -65.335931 1.057416
v -3.905654 -65.830414 1.057416
v -3.882994 -65.996027 1.057416
v -3.883003 -65.996027 1.546368
v -2.731864 -65.246507 1.787732
v -2.803323 -64.752025 1.787732
v -2.827123 -64.587199 1.528173
v -2.827119 -64.587208 1.057416
v -2.803323 -64.752029 1.057416
v -2.731873 -65.246516 1.057416
v -2.708081 -65.411342 1.057416
v -2.708081 -65.411333 1.528191
v -8.390671 -63.182243 1.446569
v -8.223237 -63.103446 1.646114
v -7.707787 -62.847985 1.635699
v -7.548805 -62.764392 1.443695
v -7.549035 -62.764140 1.057416
v -7.707832 -62.849417 1.057416
v -8.223060 -63.103875 1.057416
v -8.390936 -63.182509 1.057416
v -9.184440 -61.552669 1.855853
v -9.312239 -61.718247 1.589982
v -8.784081 -61.044567 1.877700
v -8.695426 -60.855622 1.640403
v -8.695793 -60.855211 1.057416
v -8.782821 -61.046742 1.057416
v -9.183450 -61.553907 1.057416
v -9.312606 -61.718432 1.057416
v -10.220957 -60.509804 2.170077
v -10.293605 -60.762096 1.761960
v -9.999079 -59.763189 2.220578
v -10.021580 -59.423029 1.827977
v -10.021987 -59.422649 1.057416
v -9.997116 -59.762517 1.057416
v -10.219375 -60.510229 1.057416
v -10.293994 -60.762140 1.057416
v -11.302967 -59.896487 2.397110
v -11.302525 -60.201579 1.851362
v -11.305716 -59.039119 2.459016
v -11.457387 -58.601680 1.864058
v -11.457687 -58.601446 1.057416
v -11.304302 -59.035251 1.057416
v -11.301667 -59.895404 1.057416
v -11.302799 -60.201557 1.057416
v -14.113364 -60.521386 2.313773
v -13.959854 -60.691928 1.867373
v -14.236008 -60.382615 2.313773
v -14.389553 -60.212082 1.867347
v -14.389553 -60.212091 1.057416
v -14.236026 -60.382624 1.057416
v -14.113364 -60.521395 1.057416
v -13.959854 -60.691928 1.057416
v -12.484218 -59.692738 2.505618
v -12.709597 -58.907010 2.617883
v -12.990924 -58.464673 1.871962
v -12.991056 -58.464615 1.057416
v -12.707838 -58.901634 1.057416
v -12.482600 -59.690877 1.057416
v -12.402278 -60.001335 1.057416
v -12.402190 -60.001344 1.868664
v -13.457738 -59.930230 2.494230
v -13.770008 -59.408707 2.611809
v -14.084373 -59.064431 1.867356
v -14.084391 -59.064431 1.057416
v -13.770017 -59.408720 1.057416
v -13.457755 -59.930239 1.057416
v -13.308163 -60.182964 1.057416
v -13.308163 -60.182964 1.867400
v -10.590527 -62.172130 1.610263
v -10.422359 -62.026202 1.905505
v -9.936024 -61.578914 1.881802
v -9.778147 -61.427155 1.585190
v -9.778156 -61.427155 1.057416
v -9.934901 -61.581085 1.057416
v -10.422386 -62.026202 1.057416
v -10.590191 -62.172891 1.057416
v -8.030671 -65.158776 1.341872
v -7.906449 -64.997036 1.492614
v -7.532675 -64.510546 1.473464
v -7.407899 -64.348138 1.321404
v -7.407904 -64.348147 1.057416
v -7.532454 -64.510281 1.057416
v -7.906272 -64.996806 1.057416
v -8.030685 -65.158776 1.057416
v -11.512202 -61.572761 2.117508
v -11.574090 -61.788463 1.737355
v -11.333053 -60.908585 2.140875
v -11.289723 -60.694160 1.768865
v -11.289882 -60.694182 1.057416
v -11.332417 -60.909394 1.057416
v -11.511981 -61.573194 1.057416
v -11.574028 -61.788866 1.057416
v -12.724751 -61.533099 2.244184
v -12.643766 -61.782756 1.827075
v -12.942951 -60.796285 2.249648
v -13.051662 -60.570203 1.852962
v -13.051883 -60.570181 1.057416
v -12.941112 -60.795113 1.057416
v -12.723796 -61.532754 1.057416
v -12.643854 -61.782898 1.057416
v -13.694805 -61.821056 2.372611
v -13.505038 -62.055118 1.860831
v -14.219741 -61.176203 2.406499
v -14.566474 -60.956283 1.868072
v -14.566633 -60.956288 1.057416
v -14.220174 -61.172534 1.057416
v -13.693912 -61.819253 1.057416
v -13.505117 -62.055162 1.057416
v -15.083603 -64.055053 2.313773
v -14.866225 -64.065167 1.867373
v -15.258808 -64.045120 2.313773
v -15.476151 -64.035014 1.867347
v -15.476151 -64.035014 1.057416
v -15.258808 -64.045129 1.057416
v -15.083585 -64.055057 1.057416
v -14.866225 -64.065172 1.057416
v -14.438772 -62.358883 2.510542
v -15.116855 -61.952578 2.615805
v -15.638042 -61.840511 1.869725
v -15.638095 -61.840525 1.057416
v -15.119693 -61.945208 1.057416
v -14.437923 -62.354528 1.057416
v -14.181538 -62.529614 1.057416
v -14.181476 -62.529588 1.867886
v -14.964123 -63.128661 2.494230
v -15.513266 -62.979719 2.611809
v -15.955334 -62.962598 1.867356
v -15.955334 -62.962602 1.057416
v -15.513266 -62.979732 1.057416
v -14.964123 -63.128679 1.057416
v -14.699268 -63.202127 1.057416
v -14.699277 -63.202123 1.867400
v -9.074593 -63.347427 1.641340
v -8.649673 -62.903623 1.622040
v -8.509965 -62.753159 1.418348
v -8.509934 -62.753155 1.057416
v -8.649072 -62.905055 1.057416
v -9.074319 -63.347162 1.057416
v -9.218961 -63.493241 1.057416
v -9.219106 -63.492648 1.438311
v 5.281175 -64.323237 1.867373
v 5.346396 -64.596690 2.313773
v 5.560012 -65.419228 2.313773
v 5.634742 -65.693981 1.867347
v 5.634742 -65.693972 1.057416
v 5.560030 -65.419215 1.057416
v 5.346414 -64.596672 1.057416
v 5.281188 -64.323228 1.057416
v 4.647010 -64.476397 1.867373
v 4.672760 -64.736133 2.313773
v 4.762710 -65.513612 2.313773
v 4.795502 -65.772301 1.867338
v 4.795516 -65.772301 1.057416
v 4.762719 -65.513603 1.057416
v 4.672774 -64.736124 1.057416
v 4.647010 -64.476388 1.057416
v 3.463363 -64.405270 1.867338
v 3.420112 -64.652407 2.313747
v 3.290390 -65.393810 2.313720
v 3.247130 -65.640938 1.867285
v 3.247130 -65.640938 1.057416
v 3.290403 -65.393801 1.057416
v 3.420121 -64.652398 1.057416
v 3.463385 -64.405261 1.057416
v 2.781098 -64.091280 1.867338
v 2.651969 -64.298517 2.313720
v 2.264540 -64.920219 2.313702
v 2.135392 -65.127452 1.867250
v 2.135405 -65.127452 1.057416
v 2.264548 -64.920206 1.057416
v 2.652008 -64.298504 1.057416
v 2.781112 -64.091271 1.057416
v 2.253378 -63.496945 1.867329
v 2.062859 -63.634500 2.313720
v 1.491277 -64.047167 2.313694
v 1.300728 -64.184718 1.867267
v 1.300741 -64.184718 1.057416
v 1.491286 -64.047153 1.057416
v 2.062872 -63.634487 1.057416
v 2.253386 -63.496941 1.057416
v 2.032052 -62.801998 1.867338
v 1.804750 -62.812492 2.313729
v 1.122857 -62.844002 2.313702
v 0.895546 -62.854497 1.867267
v 0.895559 -62.854492 1.057416
v 1.122870 -62.843993 1.057416
v 1.804754 -62.812488 1.057416
v 2.032065 -62.801989 1.057416
v 2.214127 -62.067561 1.867338
v 2.018370 -61.939307 2.313747
v 1.431113 -61.554517 2.313729
v 1.235374 -61.426254 1.867294
v 1.235383 -61.426249 1.057416
v 1.431135 -61.554513 1.057416
v 2.018379 -61.939303 1.057416
v 2.214127 -62.067561 1.057416
v 2.714210 -61.528042 1.867347
v 2.609725 -61.304436 2.313773
v 2.296279 -60.633607 2.313773
v 2.191803 -60.409996 1.867338
v 2.191816 -60.409996 1.057416
v 2.296319 -60.633607 1.057416
v 2.609725 -61.304431 1.057416
v 2.714210 -61.528042 1.057416
v 3.364435 -61.419800 1.867373
v 3.398544 -61.170921 2.313773
v 3.500801 -60.424270 2.313808
v 3.534906 -60.175396 1.867373
v 3.534906 -60.175396 1.057416
v 3.500801 -60.424270 1.057416
v 3.398553 -61.170921 1.057416
v 3.364426 -61.419800 1.057416
v 3.657838 -61.520262 1.867373
v 3.773352 -61.305466 2.313808
v 4.118706 -60.661709 2.313817
v 4.233712 -60.447209 1.867391
v 4.233712 -60.447209 1.057416
v 4.118719 -60.661709 1.057416
v 3.773383 -61.305466 1.057416
v 3.657851 -61.520262 1.057416
v 3.898742 -61.716700 1.867373
v 4.082952 -61.577261 2.313817
v 4.633965 -61.165032 2.313826
v 4.817725 -61.028547 1.867400
v 4.817733 -61.028551 1.057416
v 4.633996 -61.165032 1.057416
v 4.082952 -61.577270 1.057416
v 3.898760 -61.716700 1.057416
v 4.069854 -61.989149 1.867382
v 4.286339 -61.950885 2.313817
v 4.935829 -61.843102 2.313826
v 5.152818 -61.808604 1.867409
v 5.152823 -61.808608 1.057416
v 4.935852 -61.843111 1.057416
v 4.286352 -61.950893 1.057416
v 4.069872 -61.989154 1.057416
v 4.152921 -62.303148 1.867382
v 4.354071 -62.386308 2.313826
v 4.963118 -62.641044 2.313844
v 5.167243 -62.727900 1.867444
v 5.167243 -62.727909 1.057416
v 4.963118 -62.641071 1.057416
v 4.354080 -62.386317 1.057416
v 4.152930 -62.303157 1.057416
v 4.110479 -62.572764 1.867382
v 4.238013 -62.763866 2.313826
v 4.634270 -63.314171 2.313844
v 4.768073 -63.490389 1.867418
v 4.768073 -63.490398 1.057416
v 4.634301 -63.314198 1.057416
v 4.238013 -62.763883 1.057416
v 4.110475 -62.572773 1.057416
v 3.949371 -62.739738 1.866569
v 3.970643 -62.984590 2.305807
v 4.070420 -63.652903 2.299778
v 4.102270 -63.856953 1.864898
v 4.102270 -63.857011 1.057257
v 4.070539 -63.653023 1.066646
v 3.970550 -62.984767 1.062809
v 3.949340 -62.739756 1.057486
v 3.793594 -62.767628 1.867391
v 3.697181 -62.995633 2.313826
v 3.407960 -63.679657 2.313870
v 3.311569 -63.907671 1.867435
v 3.311569 -63.907684 1.057416
v 3.407951 -63.679683 1.057416
v 3.697181 -62.995655 1.057416
v 3.793572 -62.767641 1.057416
v 2.782858 -61.875788 2.240383
v 2.869316 -61.786346 1.832442
v 2.523467 -62.144144 2.240453
v 2.437013 -62.233599 1.832513
v 2.437018 -62.233603 1.057416
v 2.523467 -62.144157 1.057416
v 2.782844 -61.875801 1.057416
v 2.869302 -61.786350 1.057416
v 3.064772 -62.021875 2.392256
v 3.380928 -62.266187 2.425428
v 3.560342 -62.631266 2.370383
v 3.759352 -62.340480 1.877249
v 3.624564 -61.973810 1.890652
v 3.278627 -61.786770 1.855208
v 3.759582 -62.340276 1.056514
v 3.622230 -61.975649 1.067840
v 3.278039 -61.787265 1.059821
v 3.561089 -62.630718 1.019558
v 3.377471 -62.269441 0.976439
v 3.063530 -62.022861 0.935858
v 2.947821 -63.464043 1.015747
v 2.674836 -63.002931 0.950491
v 2.571395 -62.532329 0.913702
v 2.711761 -63.758617 1.058318
v 2.383338 -63.276203 1.046117
v 2.330101 -62.770024 1.054852
v 2.711616 -63.758763 1.879318
v 2.385725 -63.274311 1.866984
v 2.330773 -62.769458 1.847472
v 2.947693 -63.464158 2.377438
v 2.679398 -62.998882 2.425994
v 2.572685 -62.531321 2.408294
v 6.314796 -64.157951 2.313773
v 6.187364 -63.846233 1.867373
v 6.720359 -65.098307 2.313773
v 6.859704 -65.413322 1.867347
v 6.859704 -65.413322 1.057416
v 6.720381 -65.098289 1.057416
v 6.314836 -64.157938 1.057416
v 6.187368 -63.846229 1.057416
v 7.050912 -63.224685 2.313773
v 6.819778 -62.974547 1.867373
v 7.867797 -63.971561 2.313773
v 8.104948 -64.228088 1.867347
v 8.104944 -64.228084 1.057416
v 7.867797 -63.971535 1.057416
v 7.050917 -63.224668 1.057416
v 6.819778 -62.974542 1.057416
v 7.430619 -62.119274 2.269125
v 7.006247 -62.020739 1.867356
v 8.418045 -62.508241 2.251257
v 8.797636 -62.662387 1.867347
v 8.797636 -62.662374 1.057416
v 8.418045 -62.508210 1.057416
v 7.430619 -62.119243 1.057416
v 7.006247 -62.020721 1.057416
v 6.570823 -60.103702 2.313773
v 6.434090 -60.168071 1.867373
v 6.682501 -60.053772 2.313773
v 6.819221 -59.989386 1.867347
v 6.819212 -59.989382 1.057416
v 6.682487 -60.053763 1.057416
v 6.570810 -60.103689 1.057416
v 6.434081 -60.168071 1.057416
v 7.303381 -61.237198 2.434464
v 8.142890 -61.328395 2.498032
v 8.638464 -61.278389 1.867356
v 8.638442 -61.278376 1.057416
v 8.142877 -61.328364 1.057416
v 7.303376 -61.237176 1.057416
v 6.925332 -61.214008 1.057416
v 6.925337 -61.214017 1.867391
v 6.876334 -60.434150 2.494230
v 7.373014 -60.378314 2.611809
v 7.885466 -60.220698 1.867356
v 7.885457 -60.220689 1.057416
v 7.372992 -60.378292 1.057416
v 6.876326 -60.434133 1.057416
v 6.635231 -60.459034 1.057416
v 6.635231 -60.459043 1.867400
v 10.395573 -63.728902 1.846119
v 10.272362 -63.477481 2.276932
v 9.915912 -62.709130 2.267295
v 9.799943 -62.450314 1.835819
v 9.799960 -62.450314 1.057416
v 9.915762 -62.709028 1.057416
v 10.272380 -63.477481 1.057416
v 10.395599 -63.728902 1.057416
v 9.812426 -64.077492 1.824609
v 9.666096 -63.864035 2.239958
v 9.238298 -63.215937 2.218669
v 9.098466 -62.998440 1.801807
v 9.098466 -62.998440 1.057416
v 9.238303 -63.215937 1.057416
v 9.665893 -63.863894 1.057416
v 9.812444 -64.077487 1.057416
v 8.942313 -64.988827 1.783347
v 8.747321 -64.832519 2.167929
v 8.160705 -64.362496 2.119108
v 7.964873 -64.205600 1.731034
v 7.964882 -64.205600 1.057416
v 8.160378 -64.362244 1.057416
v 8.747047 -64.832316 1.057416
v 8.942322 -64.988827 1.057416
v 7.481743 -66.079912 1.709992
v 7.318557 -65.882806 2.052623
v 6.829269 -65.291606 2.001653
v 6.666396 -65.094691 1.655371
v 6.666405 -65.094700 1.057416
v 6.828910 -65.291363 1.057416
v 7.318579 -65.882806 1.057416
v 7.481363 -66.079668 1.057416
v 11.276295 -63.086635 2.310608
v 11.375069 -63.411283 1.865729
v 10.994571 -62.091888 2.309963
v 10.902906 -61.756167 1.864880
v 10.902906 -61.756171 1.057416
v 10.994606 -62.091888 1.057416
v 11.276321 -63.086635 1.057416
v 11.375077 -63.411283 1.057416
v 12.391936 -63.217741 2.313773
v 12.376455 -63.575061 1.867373
v 12.531114 -62.055392 2.313773
v 12.547090 -61.688828 1.867347
v 12.547108 -61.688832 1.057416
v 12.531132 -62.055400 1.057416
v 12.391954 -63.217754 1.057416
v 12.376464 -63.575066 1.057416
v 13.350072 -63.741748 2.269125
v 13.099707 -64.133510 1.867356
v 13.834321 -62.713224 2.251257
v 14.017642 -62.314438 1.867347
v 14.017642 -62.314447 1.057416
v 13.834338 -62.713250 1.057416
v 13.350081 -63.741779 1.057416
v 13.099725 -64.133523 1.057416
v 13.959750 -65.866039 2.313773
v 13.819963 -65.921823 1.867373
v 14.072281 -65.818513 2.313773
v 14.212077 -65.762735 1.867347
v 14.212077 -65.762735 1.057416
v 14.072281 -65.818522 1.057416
v 13.959750 -65.866044 1.057416
v 13.819963 -65.921831 1.057416
v 13.799345 -64.483872 2.434464
v 14.358363 -63.784898 2.498032
v 14.752202 -63.448389 1.867356
v 14.752247 -63.448407 1.057416
v 14.358381 -63.784924 1.057416
v 13.799345 -64.483903 1.057416
v 13.536594 -64.785555 1.057416
v 13.536594 -64.785546 1.867391
v 13.980368 -65.393823 2.494230
v 14.378627 -65.060745 2.611809
v 14.851029 -64.790369 1.867356
v 14.851029 -64.790378 1.057416
v 14.378627 -65.060776 1.057416
v 13.980368 -65.393854 1.057416
v 13.788391 -65.557168 1.057416
v 13.788391 -65.557155 1.867400
v 5.537657 -66.006495 1.904117
v 5.539938 -66.176692 1.604552
v 5.530836 -65.495952 1.898105
v 5.528577 -65.325790 1.598098
v 5.528091 -65.325463 1.057416
v 5.530845 -65.495965 1.057416
v 5.537153 -66.006172 1.057416
v 5.539938 -66.176692 1.057416
v 4.053617 -65.830988 1.815440
v 4.124192 -65.335922 1.814326
v 4.148819 -65.171680 1.546112
v 4.147992 -65.171105 1.057416
v 4.124201 -65.335931 1.057416
v 4.052764 -65.830414 1.057416
v 4.030104 -65.996027 1.057416
v 4.030113 -65.996027 1.546368
v 2.878975 -65.246507 1.787732
v 2.950433 -64.752025 1.787732
v 2.974234 -64.587199 1.528173
v 2.974229 -64.587208 1.057416
v 2.950433 -64.752029 1.057416
v 2.878983 -65.246516 1.057416
v 2.855192 -65.411342 1.057416
v 2.855192 -65.411333 1.528191
v 8.537781 -63.182243 1.446569
v 8.370347 -63.103446 1.646114
v 7.854898 -62.847985 1.635699
v 7.695916 -62.764392 1.443695
v 7.696146 -62.764140 1.057416
v 7.854942 -62.849417 1.057416
v 8.370170 -63.103875 1.057416
v 8.538046 -63.182509 1.057416
v 9.331551 -61.552669 1.855853
v 9.459350 -61.718247 1.589982
v 8.931191 -61.044567 1.877700
v 8.842536 -60.855622 1.640403
v 8.842903 -60.855211 1.057416
v 8.929931 -61.046742 1.057416
v 9.330560 -61.553907 1.057416
v 9.459717 -61.718432 1.057416
v 10.368068 -60.509804 2.170077
v 10.440716 -60.762096 1.761960
v 10.146190 -59.763189 2.220578
v 10.168690 -59.423029 1.827977
v 10.169097 -59.422649 1.057416
v 10.144227 -59.762517 1.057416
v 10.366485 -60.510229 1.057416
v 10.441105 -60.762140 1.057416
v 11.450077 -59.896487 2.397110
v 11.449635 -60.201579 1.851362
v 11.452827 -59.039119 2.459016
v 11.604497 -58.601680 1.864058
v 11.604798 -58.601446 1.057416
v 11.451412 -59.035251 1.057416
v 11.448777 -59.895404 1.057416
v 11.449909 -60.201557 1.057416
v 14.260474 -60.521386 2.313773
v 14.106965 -60.691928 1.867373
v 14.383119 -60.382615 2.313773
v 14.536663 -60.212082 1.867347
v 14.536663 -60.212091 1.057416
v 14.383136 -60.382624 1.057416
v 14.260474 -60.521395 1.057416
v 14.106965 -60.691928 1.057416
v 12.631329 -59.692738 2.505618
v 12.856708 -58.907010 2.617883
v 13.138034 -58.464673 1.871962
v 13.138167 -58.464615 1.057416
v 12.854948 -58.901634 1.057416
v 12.629711 -59.690877 1.057416
v 12.549389 -60.001335 1.057416
v 12.549300 -60.001344 1.868664
v 13.604848 -59.930230 2.494230
v 13.917118 -59.408707 2.611809
v 14.231484 -59.064431 1.867356
v 14.231501 -59.064431 1.057416
v 13.917127 -59.408720 1.057416
v 13.604866 -59.930239 1.057416
v 13.455273 -60.182964 1.057416
v 13.455273 -60.182964 1.867400
v 10.737638 -62.172130 1.610263
v 10.569470 -62.026202 1.905505
v 10.083134 -61.578914 1.881802
v 9.925257 -61.427155 1.585190
v 9.925266 -61.427155 1.057416
v 10.082011 -61.581085 1.057416
v 10.569496 -62.026202 1.057416
v 10.737302 -62.172891 1.057416
v 8.177782 -65.158776 1.341872
v 8.053559 -64.997036 1.492614
v 7.679785 -64.510546 1.473464
v 7.555010 -64.348138 1.321404
v 7.555014 -64.348147 1.057416
v 7.679564 -64.510281 1.057416
v 8.053382 -64.996806 1.057416
v 8.177795 -65.158776 1.057416
v 11.659312 -61.572761 2.117508
v 11.721200 -61.788463 1.737355
v 11.480164 -60.908585 2.140875
v 11.436833 -60.694160 1.768865
v 11.436992 -60.694182 1.057416
v 11.479527 -60.909394 1.057416
v 11.659091 -61.573194 1.057416
v 11.721139 -61.788866 1.057416
v 12.871862 -61.533099 2.244184
v 12.790876 -61.782756 1.827075
v 13.090062 -60.796285 2.249648
v 13.198773 -60.570203 1.852962
v 13.198994 -60.570181 1.057416
v 13.088223 -60.795113 1.057416
v 12.870907 -61.532754 1.057416
v 12.790965 -61.782898 1.057416
v 13.841915 -61.821056 2.372611
v 13.652148 -62.055118 1.860831
v 14.366851 -61.176203 2.406499
v 14.713584 -60.956283 1.868072
v 14.713743 -60.956288 1.057416
v 14.367284 -61.172534 1.057416
v 13.841022 -61.819253 1.057416
v 13.652228 -62.055162 1.057416
v 15.230713 -64.055053 2.313773
v 15.013335 -64.065167 1.867373
v 15.405919 -64.045120 2.313773
v 15.623261 -64.035014 1.867347
v 15.623261 -64.035014 1.057416
v 15.405919 -64.045129 1.057416
v 15.230696 -64.055057 1.057416
v 15.013335 -64.065172 1.057416
v 14.585882 -62.358883 2.510542
v 15.263965 -61.952578 2.615805
v 15.785152 -61.840511 1.869725
v 15.785205 -61.840525 1.057416
v 15.266803 -61.945208 1.057416
v 14.585034 -62.354528 1.057416
v 14.328648 -62.529614 1.057416
v 14.328586 -62.529588 1.867886
v 15.111234 -63.128661 2.494230
v 15.660377 -62.979719 2.611809
v 16.102444 -62.962598 1.867356
v 16.102444 -62.962602 1.057416
v 15.660377 -62.979732 1.057416
v 15.111234 -63.128679 1.057416
v 14.846379 -63.202127 1.057416
v 14.846387 -63.202123 1.867400
v 9.221703 -63.347427 1.641340
v 8.796783 -62.903623 1.622040
v 8.657075 -62.753159 1.418348
v 8.657044 -62.753155 1.057416
v 8.796182 -62.905055 1.057416
v 9.221429 -63.347162 1.057416
v 9.366071 -63.493241 1.057416
v 9.366217 -63.492648 1.438311
vt 0.873362 0.630477
vt 0.878168 0.627223
vt 0.869474 0.624555
vt 0.874739 0.621781
vt 0.867104 0.620959
vt 0.872599 0.618139
vt 0.863626 0.615345
vt 0.869641 0.612421
vt 0.720546 0.741215
vt 0.730566 0.740031
vt 0.731928 0.748083
vt 0.722940 0.750441
vt 0.733871 0.739573
vt 0.883567 0.636387
vt 0.887585 0.622434
vt 0.884757 0.617134
vt 0.883026 0.613422
vt 0.880622 0.607465
vt 0.738256 0.761577
vt 0.730614 0.766209
vt 0.891798 0.632068
vt 0.894467 0.620070
vt 0.892543 0.614591
vt 0.891360 0.610726
vt 0.889727 0.604534
vt 0.745482 0.768547
vt 0.740276 0.775514
vt 0.897236 0.630136
vt 0.902047 0.618708
vt 0.900798 0.613271
vt 0.900140 0.609291
vt 0.899389 0.602911
vt 0.755367 0.772200
vt 0.753267 0.780302
vt 0.903226 0.628965
vt 0.909583 0.618355
vt 0.909711 0.613159
vt 0.909843 0.609150
vt 0.910073 0.602713
vt 0.765572 0.771511
vt 0.768164 0.779189
vt 0.908716 0.628777
vt 0.917359 0.619839
vt 0.918870 0.614523
vt 0.919812 0.610568
vt 0.921126 0.604255
vt 0.774309 0.765383
vt 0.781098 0.770219
vt 0.914350 0.629759
vt 0.924603 0.622424
vt 0.927071 0.617077
vt 0.928755 0.613337
vt 0.931245 0.607415
vt 0.778782 0.756104
vt 0.787553 0.756678
vt 0.919541 0.631802
vt 0.930512 0.626292
vt 0.934186 0.621190
vt 0.936576 0.617845
vt 0.940270 0.612562
vt 0.776857 0.746803
vt 0.784674 0.742453
vt 0.923681 0.634682
vt 0.933263 0.628598
vt 0.937372 0.624127
vt 0.940183 0.621109
vt 0.944649 0.616448
vt 0.773752 0.743238
vt 0.779384 0.736642
vt 0.925436 0.636288
vt 0.935838 0.631283
vt 0.940338 0.627842
vt 0.943613 0.625281
vt 0.948748 0.621255
vt 0.769411 0.740986
vt 0.771594 0.733113
vt 0.927010 0.638090
vt 0.938042 0.634431
vt 0.943106 0.631929
vt 0.946752 0.629875
vt 0.952392 0.626577
vt 0.764401 0.740347
vt 0.762793 0.732698
vt 0.928392 0.640158
vt 0.940157 0.637810
vt 0.945771 0.636467
vt 0.949769 0.635114
vt 0.955839 0.632771
vt 0.759293 0.741475
vt 0.753849 0.735838
vt 0.929477 0.642436
vt 0.941737 0.641024
vt 0.947750 0.640834
vt 0.951863 0.640357
vt 0.958404 0.639293
vt 0.755618 0.744386
vt 0.747820 0.742381
vt 0.930112 0.644492
vt 0.942557 0.643983
vt 0.948809 0.644799
vt 0.952942 0.645252
vt 0.959069 0.645764
vt 0.754327 0.748297
vt 0.746503 0.750087
vt 0.930440 0.646355
vt 0.942567 0.646217
vt 0.948951 0.648809
vt 0.952818 0.650566
vt 0.958615 0.652873
vt 0.755385 0.751366
vt 0.749066 0.757552
vt 0.930580 0.647666
vt 0.940841 0.648283
vt 0.940015 0.650884
vt 0.940105 0.653706
vt 0.948099 0.651447
vt 0.951533 0.654439
vt 0.751184 0.765644
vt 0.760029 0.751299
vt 0.753450 0.761743
vt 0.762423 0.747796
vt 0.940078 0.655975
vt 0.933035 0.659123
vt 0.772594 0.755419
vt 0.768881 0.754341
vt 0.937183 0.662870
vt 0.765354 0.761776
vt 0.940509 0.664126
vt 0.947272 0.664465
vt 0.941748 0.664371
vt 0.946231 0.658939
vt 0.942480 0.659354
vt 0.943942 0.655293
vt 0.942114 0.656868
vt 0.767128 0.747747
vt 0.764837 0.751809
vt 0.759761 0.762750
vt 0.952096 0.662603
vt 0.949193 0.657366
vt 0.946029 0.653637
vt 0.866340 0.636028
vt 0.861905 0.629051
vt 0.859172 0.625511
vt 0.854895 0.620705
vt 0.719093 0.726996
vt 0.731242 0.727427
vt 0.735240 0.727493
vt 0.860027 0.643663
vt 0.853717 0.637267
vt 0.850307 0.634236
vt 0.844946 0.630588
vt 0.726608 0.709446
vt 0.738391 0.715261
vt 0.742154 0.716739
vt 0.854919 0.651515
vt 0.847550 0.646647
vt 0.843534 0.644647
vt 0.837326 0.642866
vt 0.740420 0.697050
vt 0.748981 0.706295
vt 0.751900 0.710564
vt 0.852285 0.657593
vt 0.846834 0.654611
vt 0.840751 0.654247
vt 0.753073 0.689309
vt 0.754657 0.695006
vt 0.759286 0.703898
vt 0.761172 0.707980
vt 0.847063 0.672748
vt 0.774982 0.707113
vt 0.848638 0.672919
vt 0.850589 0.662984
vt 0.847983 0.661570
vt 0.842187 0.663173
vt 0.768019 0.693077
vt 0.768486 0.699425
vt 0.770010 0.705159
vt 0.770774 0.707933
vt 0.850238 0.665602
vt 0.849559 0.665496
vt 0.848083 0.667829
vt 0.851511 0.672713
vt 0.853196 0.666097
vt 0.850972 0.667439
vt 0.856593 0.660878
vt 0.859132 0.654602
vt 0.863113 0.647309
vt 0.868938 0.639926
vt 0.875658 0.634089
vt 0.880333 0.630838
vt 0.889390 0.626119
vt 0.895705 0.623950
vt 0.902732 0.622648
vt 0.909361 0.622425
vt 0.916221 0.623702
vt 0.922713 0.626187
vt 0.927974 0.629714
vt 0.930250 0.631736
vt 0.932304 0.633965
vt 0.934129 0.636510
vt 0.935710 0.639249
vt 0.936739 0.641682
vt 0.937240 0.643823
vt 0.937294 0.645295
vt 0.936300 0.649103
vt 0.936282 0.652252
vt 0.936813 0.655124
vt 0.938559 0.657558
vt 0.804580 0.718432
vt 0.803435 0.712162
vt 0.798075 0.719826
vt 0.796214 0.713373
vt 0.794064 0.721031
vt 0.791827 0.714370
vt 0.788160 0.723148
vt 0.785503 0.716184
vt 0.899156 0.724451
vt 0.906147 0.731979
vt 0.899631 0.738790
vt 0.893225 0.732856
vt 0.814552 0.710825
vt 0.897416 0.741023
vt 0.807919 0.729265
vt 0.802191 0.732249
vt 0.798637 0.733980
vt 0.793259 0.735809
vt 0.916532 0.748015
vt 0.908502 0.752355
vt 0.905829 0.753801
vt 0.810963 0.743377
vt 0.805296 0.746099
vt 0.801908 0.747419
vt 0.796957 0.748433
vt 0.930418 0.762008
vt 0.923283 0.768009
vt 0.920910 0.770007
vt 0.802423 0.702663
vt 0.793471 0.704144
vt 0.788757 0.704749
vt 0.782124 0.705614
vt 0.882082 0.726005
vt 0.887610 0.714734
vt 0.814321 0.701913
vt 0.803197 0.692735
vt 0.792975 0.692610
vt 0.788025 0.692379
vt 0.781268 0.691456
vt 0.868470 0.725146
vt 0.869334 0.710958
vt 0.815464 0.692938
vt 0.804956 0.683538
vt 0.795023 0.682009
vt 0.790258 0.680699
vt 0.784180 0.677706
vt 0.855886 0.729323
vt 0.852336 0.715984
vt 0.817920 0.684556
vt 0.807392 0.677090
vt 0.800527 0.675861
vt 0.795053 0.672023
vt 0.839773 0.722771
vt 0.848906 0.737212
vt 0.843747 0.727647
vt 0.851389 0.741387
vt 0.813105 0.660495
vt 0.842745 0.752562
vt 0.815509 0.662359
vt 0.806772 0.671194
vt 0.810062 0.671606
vt 0.802685 0.665899
vt 0.835677 0.738587
vt 0.844766 0.747689
vt 0.840732 0.742844
vt 0.846704 0.750057
vt 0.811057 0.668952
vt 0.811716 0.669266
vt 0.811105 0.666084
vt 0.845534 0.754344
vt 0.810004 0.757823
vt 0.805666 0.757606
vt 0.802738 0.757674
vt 0.798176 0.757888
vt 0.945479 0.767273
vt 0.944295 0.773354
vt 0.943891 0.775385
vt 0.808750 0.770095
vt 0.804576 0.769957
vt 0.801895 0.769809
vt 0.962704 0.766398
vt 0.962630 0.768419
vt 0.962409 0.774481
vt 0.962320 0.776509
vt 0.806151 0.780620
vt 0.802045 0.780919
vt 0.799497 0.780830
vt 0.795606 0.780095
vt 0.977921 0.763995
vt 0.977700 0.770057
vt 0.977626 0.772078
vt 0.811389 0.770461
vt 0.808738 0.780918
vt 0.812932 0.758192
vt 0.814403 0.742624
vt 0.811596 0.728093
vt 0.808770 0.717621
vt 0.807832 0.711501
vt 0.807360 0.701938
vt 0.808442 0.692311
vt 0.810744 0.683978
vt 0.813260 0.677290
vt 0.814427 0.670704
vt 0.813452 0.667982
vt 0.708043 0.756106
vt 0.713518 0.769576
vt 0.707411 0.772848
vt 0.699824 0.757322
vt 0.705202 0.756437
vt 0.711481 0.770469
vt 0.697219 0.757922
vt 0.705583 0.774043
vt 0.653116 0.794122
vt 0.663466 0.771154
vt 0.647071 0.790801
vt 0.655722 0.770697
vt 0.645143 0.789689
vt 0.653215 0.770557
vt 0.705152 0.744548
vt 0.694530 0.744046
vt 0.701090 0.744369
vt 0.690065 0.744094
vt 0.667757 0.750378
vt 0.658871 0.753330
vt 0.655880 0.754328
vt 0.704051 0.734371
vt 0.691548 0.733098
vt 0.698772 0.734140
vt 0.685100 0.732004
vt 0.665929 0.732517
vt 0.657483 0.738455
vt 0.654462 0.740548
vt 0.703768 0.724449
vt 0.691216 0.723269
vt 0.697833 0.724697
vt 0.684484 0.720034
vt 0.657597 0.717788
vt 0.651379 0.725429
vt 0.710549 0.722834
vt 0.697879 0.711701
vt 0.698975 0.712043
vt 0.701008 0.710529
vt 0.693201 0.716105
vt 0.697804 0.717445
vt 0.688481 0.711539
vt 0.645306 0.710821
vt 0.642321 0.717478
vt 0.708820 0.713282
vt 0.703273 0.716654
vt 0.696561 0.708869
vt 0.699280 0.703551
vt 0.631998 0.715090
vt 0.703376 0.705740
vt 0.702865 0.775736
vt 0.665949 0.770694
vt 0.670930 0.747798
vt 0.669143 0.728026
vt 0.678069 0.717713
vt 0.685305 0.706930
vt 0.633143 0.710247
vt 0.859688 0.692551
vt 0.876515 0.692559
vt 0.859917 0.687217
vt 0.875564 0.686891
vt 0.859804 0.684718
vt 0.875038 0.683757
vt 0.950504 0.700959
vt 0.874696 0.679258
vt 0.942627 0.679992
vt 0.948119 0.701713
vt 0.940966 0.703783
vt 0.934801 0.681717
vt 0.875421 0.700455
vt 0.938559 0.704442
vt 0.887145 0.694156
vt 0.888128 0.688466
vt 0.888587 0.684765
vt 0.889149 0.678715
vt 0.926090 0.670345
vt 0.932004 0.664453
vt 0.883923 0.703300
vt 0.897442 0.697421
vt 0.900727 0.691276
vt 0.902535 0.687442
vt 0.904530 0.680874
vt 0.913592 0.662571
vt 0.915780 0.653496
vt 0.892345 0.707376
vt 0.905494 0.701052
vt 0.910345 0.695202
vt 0.914729 0.690853
vt 0.918431 0.685122
vt 0.901653 0.659700
vt 0.900041 0.649708
vt 0.899319 0.711833
vt 0.911964 0.704854
vt 0.917043 0.700496
vt 0.923976 0.697120
vt 0.881079 0.648133
vt 0.890583 0.660817
vt 0.885895 0.652378
vt 0.892217 0.664213
vt 0.930540 0.717260
vt 0.871697 0.673617
vt 0.926861 0.719911
vt 0.921438 0.706179
vt 0.917627 0.708978
vt 0.928127 0.705162
vt 0.870938 0.658009
vt 0.880354 0.665767
vt 0.875483 0.660870
vt 0.882694 0.668145
vt 0.922593 0.712766
vt 0.921687 0.713417
vt 0.925673 0.713430
vt 0.875704 0.676209
vt 0.842198 0.693978
vt 0.843291 0.688875
vt 0.843492 0.686700
vt 0.843109 0.684465
vt 0.950127 0.725365
vt 0.943245 0.728214
vt 0.940954 0.729163
vt 0.859469 0.695023
vt 0.841750 0.696092
vt 0.876443 0.695782
vt 0.886003 0.697817
vt 0.895223 0.701287
vt 0.902443 0.705502
vt 0.908640 0.709927
vt 0.914902 0.713966
vt 0.921780 0.715987
vt 0.855105 0.671405
vt 0.774859 0.708903
vt 0.837824 0.667149
vt 0.775175 0.703873
vt 0.860603 0.665454
vt 0.834491 0.655182
vt 0.849862 0.672890
vt 0.864122 0.658817
vt 0.775053 0.705663
vt 0.737078 0.693516
vt 0.868091 0.651614
vt 0.722747 0.707929
vt 0.873392 0.644750
vt 0.715007 0.726814
vt 0.879442 0.639350
vt 0.717185 0.741573
vt 0.769534 0.762305
vt 0.763932 0.765843
vt 0.936127 0.662108
vt 0.770768 0.750784
vt 0.757497 0.749305
vt 0.930653 0.651461
vt 0.746962 0.759609
vt 0.956456 0.658560
vt 0.757964 0.767266
vt 0.931203 0.655368
vt 0.772012 0.756818
vt 0.770198 0.760942
vt 0.757131 0.747471
vt 0.744107 0.750619
vt 0.758282 0.744973
vt 0.745294 0.741662
vt 0.761080 0.743341
vt 0.752008 0.733955
vt 0.764912 0.742906
vt 0.762239 0.730150
vt 0.768663 0.743624
vt 0.772312 0.730492
vt 0.771875 0.745442
vt 0.781260 0.734445
vt 0.774251 0.748254
vt 0.787280 0.741002
vt 0.775858 0.755913
vt 0.790477 0.756870
vt 0.772047 0.763770
vt 0.783360 0.771831
vt 0.764708 0.768951
vt 0.769028 0.781748
vt 0.756067 0.769500
vt 0.752568 0.783003
vt 0.747218 0.766226
vt 0.738541 0.777836
vt 0.740803 0.760033
vt 0.728067 0.767753
vt 0.734912 0.747248
vt 0.719938 0.751193
vt 0.815403 0.771332
vt 0.812578 0.781945
vt 0.797766 0.769351
vt 0.977995 0.761975
vt 0.817521 0.758839
vt 0.945883 0.765243
vt 0.819809 0.742626
vt 0.932786 0.760012
vt 0.819102 0.667281
vt 0.816697 0.663658
vt 0.801330 0.659735
vt 0.841196 0.751592
vt 0.820006 0.676460
vt 0.790657 0.667032
vt 0.843986 0.753374
vt 0.814496 0.661540
vt 0.858025 0.734547
vt 0.851014 0.710822
vt 0.867879 0.729448
vt 0.869940 0.706545
vt 0.880197 0.729668
vt 0.889435 0.710923
vt 0.891207 0.735591
vt 0.901101 0.721612
vt 0.817670 0.727059
vt 0.919208 0.746569
vt 0.815286 0.716505
vt 0.908290 0.729685
vt 0.859268 0.698301
vt 0.841770 0.698533
vt 0.859324 0.681656
vt 0.952420 0.724415
vt 0.914251 0.720710
vt 0.924389 0.720879
vt 0.933953 0.705359
vt 0.869473 0.672193
vt 0.905984 0.716616
vt 0.929929 0.693392
vt 0.873480 0.674784
vt 0.928502 0.718867
vt 0.902207 0.663326
vt 0.897709 0.645333
vt 0.912916 0.665686
vt 0.915979 0.650459
vt 0.924130 0.672237
vt 0.933756 0.662448
vt 0.932147 0.682241
vt 0.945209 0.679324
vt 0.631375 0.717773
vt 0.701116 0.704269
vt 0.632520 0.712929
vt 0.696740 0.702863
vt 0.640862 0.720687
vt 0.646534 0.705361
vt 0.648876 0.728353
vt 0.659950 0.711997
vt 0.710639 0.733518
vt 0.678620 0.732708
vt 0.710971 0.743746
vt 0.684232 0.746526
vt 0.712385 0.755075
vt 0.693039 0.760369
vt 0.716596 0.768637
vt 0.655046 0.795098
vt 0.875658 0.634089
vt 0.873362 0.630477
vt 0.878168 0.627223
vt 0.880333 0.630838
vt 0.869474 0.624555
vt 0.874739 0.621781
vt 0.867104 0.620959
vt 0.872599 0.618139
vt 0.863626 0.615345
vt 0.869641 0.612421
vt 0.719938 0.751193
vt 0.717185 0.741573
vt 0.720546 0.741215
vt 0.722940 0.750441
vt 0.730566 0.740031
vt 0.731928 0.748083
vt 0.733871 0.739573
vt 0.734912 0.747248
vt 0.883567 0.636387
vt 0.879442 0.639350
vt 0.887585 0.622434
vt 0.889390 0.626119
vt 0.884757 0.617134
vt 0.883026 0.613422
vt 0.880622 0.607465
vt 0.728067 0.767753
vt 0.730614 0.766209
vt 0.738256 0.761577
vt 0.740803 0.760033
vt 0.891798 0.632068
vt 0.894467 0.620070
vt 0.895705 0.623950
vt 0.892543 0.614591
vt 0.891360 0.610726
vt 0.889727 0.604534
vt 0.738541 0.777836
vt 0.740276 0.775514
vt 0.745482 0.768547
vt 0.747218 0.766226
vt 0.897236 0.630136
vt 0.902047 0.618708
vt 0.902732 0.622648
vt 0.900798 0.613271
vt 0.900140 0.609291
vt 0.899389 0.602911
vt 0.752568 0.783003
vt 0.753267 0.780302
vt 0.755367 0.772200
vt 0.756067 0.769500
vt 0.903226 0.628965
vt 0.909583 0.618355
vt 0.909361 0.622425
vt 0.909711 0.613159
vt 0.909843 0.609150
vt 0.910073 0.602713
vt 0.769028 0.781748
vt 0.768164 0.779189
vt 0.765572 0.771511
vt 0.764708 0.768951
vt 0.908716 0.628777
vt 0.917359 0.619839
vt 0.916221 0.623702
vt 0.918870 0.614523
vt 0.919812 0.610568
vt 0.921126 0.604255
vt 0.783360 0.771831
vt 0.781098 0.770219
vt 0.774309 0.765383
vt 0.772047 0.763770
vt 0.914350 0.629759
vt 0.924603 0.622424
vt 0.922713 0.626187
vt 0.927071 0.617077
vt 0.928755 0.613337
vt 0.931245 0.607415
vt 0.790477 0.756870
vt 0.787553 0.756678
vt 0.778782 0.756104
vt 0.775858 0.755913
vt 0.919541 0.631802
vt 0.930512 0.626292
vt 0.927974 0.629714
vt 0.934186 0.621190
vt 0.936576 0.617845
vt 0.940270 0.612562
vt 0.787280 0.741002
vt 0.784674 0.742453
vt 0.776857 0.746803
vt 0.774251 0.748254
vt 0.923681 0.634682
vt 0.933263 0.628598
vt 0.930250 0.631736
vt 0.937372 0.624127
vt 0.940183 0.621109
vt 0.944649 0.616448
vt 0.781260 0.734445
vt 0.779384 0.736642
vt 0.773752 0.743238
vt 0.771875 0.745442
vt 0.925436 0.636288
vt 0.935838 0.631283
vt 0.932304 0.633965
vt 0.940338 0.627842
vt 0.943613 0.625281
vt 0.948748 0.621255
vt 0.772312 0.730492
vt 0.771594 0.733113
vt 0.769411 0.740986
vt 0.768663 0.743624
vt 0.927010 0.638090
vt 0.938042 0.634431
vt 0.934129 0.636510
vt 0.943106 0.631929
vt 0.946752 0.629875
vt 0.952392 0.626577
vt 0.762239 0.730150
vt 0.762793 0.732698
vt 0.764401 0.740347
vt 0.764912 0.742906
vt 0.928392 0.640158
vt 0.940157 0.637810
vt 0.935710 0.639249
vt 0.945771 0.636467
vt 0.949769 0.635114
vt 0.955839 0.632771
vt 0.752008 0.733955
vt 0.753849 0.735838
vt 0.759293 0.741475
vt 0.761080 0.743341
vt 0.929477 0.642436
vt 0.941737 0.641024
vt 0.936739 0.641682
vt 0.947750 0.640834
vt 0.951863 0.640357
vt 0.958404 0.639293
vt 0.745294 0.741662
vt 0.747820 0.742381
vt 0.755618 0.744386
vt 0.758282 0.744973
vt 0.930112 0.644492
vt 0.942557 0.643983
vt 0.937240 0.643823
vt 0.948809 0.644799
vt 0.952942 0.645252
vt 0.959069 0.645764
vt 0.744107 0.750619
vt 0.746503 0.750087
vt 0.754327 0.748297
vt 0.757131 0.747471
vt 0.930440 0.646355
vt 0.942567 0.646217
vt 0.937294 0.645295
vt 0.948951 0.648809
vt 0.952818 0.650566
vt 0.958615 0.652873
vt 0.746962 0.759609
vt 0.749066 0.757552
vt 0.755385 0.751366
vt 0.757497 0.749305
vt 0.930580 0.647666
vt 0.940841 0.648283
vt 0.940015 0.650884
vt 0.936282 0.652252
vt 0.936300 0.649103
vt 0.940105 0.653706
vt 0.936813 0.655124
vt 0.948099 0.651447
vt 0.951533 0.654439
vt 0.956456 0.658560
vt 0.751184 0.765644
vt 0.753450 0.761743
vt 0.760029 0.751299
vt 0.762423 0.747796
vt 0.930653 0.651461
vt 0.940078 0.655975
vt 0.938559 0.657558
vt 0.936127 0.662108
vt 0.933035 0.659123
vt 0.772012 0.756818
vt 0.768881 0.754341
vt 0.770768 0.750784
vt 0.772594 0.755419
vt 0.765354 0.761776
vt 0.770198 0.760942
vt 0.769534 0.762305
vt 0.763932 0.765843
vt 0.947272 0.664465
vt 0.941748 0.664371
vt 0.942480 0.659354
vt 0.946231 0.658939
vt 0.942114 0.656868
vt 0.943942 0.655293
vt 0.931203 0.655368
vt 0.764837 0.751809
vt 0.767128 0.747747
vt 0.759761 0.762750
vt 0.757964 0.767266
vt 0.952096 0.662603
vt 0.949193 0.657366
vt 0.946029 0.653637
vt 0.937183 0.662870
vt 0.940509 0.664126
vt 0.866340 0.636028
vt 0.868938 0.639926
vt 0.861905 0.629051
vt 0.859172 0.625511
vt 0.854895 0.620705
vt 0.715007 0.726814
vt 0.719093 0.726996
vt 0.731242 0.727427
vt 0.735240 0.727493
vt 0.873392 0.644750
vt 0.860027 0.643663
vt 0.863113 0.647309
vt 0.853717 0.637267
vt 0.850307 0.634236
vt 0.844946 0.630588
vt 0.722747 0.707929
vt 0.726608 0.709446
vt 0.738391 0.715261
vt 0.742154 0.716739
vt 0.868091 0.651614
vt 0.854919 0.651515
vt 0.859132 0.654602
vt 0.847550 0.646647
vt 0.843534 0.644647
vt 0.837326 0.642866
vt 0.737078 0.693516
vt 0.740420 0.697050
vt 0.748981 0.706295
vt 0.751900 0.710564
vt 0.864122 0.658817
vt 0.852285 0.657593
vt 0.856593 0.660878
vt 0.846834 0.654611
vt 0.840751 0.654247
vt 0.834491 0.655182
vt 0.753073 0.689309
vt 0.754657 0.695006
vt 0.759286 0.703898
vt 0.761172 0.707980
vt 0.860603 0.665454
vt 0.849559 0.665496
vt 0.848638 0.672919
vt 0.847063 0.672748
vt 0.848083 0.667829
vt 0.849862 0.672890
vt 0.850238 0.665602
vt 0.850972 0.667439
vt 0.851511 0.672713
vt 0.850589 0.662984
vt 0.847983 0.661570
vt 0.842187 0.663173
vt 0.837824 0.667149
vt 0.768019 0.693077
vt 0.768486 0.699425
vt 0.770010 0.705159
vt 0.770774 0.707933
vt 0.855105 0.671405
vt 0.853196 0.666097
vt 0.775175 0.703873
vt 0.775053 0.705663
vt 0.774982 0.707113
vt 0.774859 0.708903
vt 0.804580 0.718432
vt 0.803435 0.712162
vt 0.807832 0.711501
vt 0.808770 0.717621
vt 0.798075 0.719826
vt 0.796214 0.713373
vt 0.794064 0.721031
vt 0.791827 0.714370
vt 0.788160 0.723148
vt 0.785503 0.716184
vt 0.901101 0.721612
vt 0.908290 0.729685
vt 0.906147 0.731979
vt 0.899156 0.724451
vt 0.899631 0.738790
vt 0.893225 0.732856
vt 0.897416 0.741023
vt 0.891207 0.735591
vt 0.814552 0.710825
vt 0.815286 0.716505
vt 0.807919 0.729265
vt 0.811596 0.728093
vt 0.802191 0.732249
vt 0.798637 0.733980
vt 0.793259 0.735809
vt 0.919208 0.746569
vt 0.916532 0.748015
vt 0.908502 0.752355
vt 0.905829 0.753801
vt 0.817670 0.727059
vt 0.810963 0.743377
vt 0.814403 0.742624
vt 0.805296 0.746099
vt 0.801908 0.747419
vt 0.796957 0.748433
vt 0.932786 0.760012
vt 0.930418 0.762008
vt 0.923283 0.768009
vt 0.920910 0.770007
vt 0.819809 0.742626
vt 0.802423 0.702663
vt 0.807360 0.701938
vt 0.793471 0.704144
vt 0.788757 0.704749
vt 0.782124 0.705614
vt 0.889435 0.710923
vt 0.887610 0.714734
vt 0.882082 0.726005
vt 0.880197 0.729668
vt 0.814321 0.701913
vt 0.803197 0.692735
vt 0.808442 0.692311
vt 0.792975 0.692610
vt 0.788025 0.692379
vt 0.781268 0.691456
vt 0.869940 0.706545
vt 0.869334 0.710958
vt 0.868470 0.725146
vt 0.867879 0.729448
vt 0.815464 0.692938
vt 0.804956 0.683538
vt 0.810744 0.683978
vt 0.795023 0.682009
vt 0.790258 0.680699
vt 0.784180 0.677706
vt 0.851014 0.710822
vt 0.852336 0.715984
vt 0.855886 0.729323
vt 0.858025 0.734547
vt 0.817920 0.684556
vt 0.807392 0.677090
vt 0.813260 0.677290
vt 0.800527 0.675861
vt 0.795053 0.672023
vt 0.790657 0.667032
vt 0.839773 0.722771
vt 0.843747 0.727647
vt 0.848906 0.737212
vt 0.851389 0.741387
vt 0.820006 0.676460
vt 0.811105 0.666084
vt 0.813105 0.660495
vt 0.814496 0.661540
vt 0.811057 0.668952
vt 0.815509 0.662359
vt 0.811716 0.669266
vt 0.816697 0.663658
vt 0.813452 0.667982
vt 0.806772 0.671194
vt 0.810062 0.671606
vt 0.802685 0.665899
vt 0.801330 0.659735
vt 0.835677 0.738587
vt 0.840732 0.742844
vt 0.844766 0.747689
vt 0.846704 0.750057
vt 0.819102 0.667281
vt 0.814427 0.670704
vt 0.841196 0.751592
vt 0.842745 0.752562
vt 0.843986 0.753374
vt 0.845534 0.754344
vt 0.810004 0.757823
vt 0.812932 0.758192
vt 0.805666 0.757606
vt 0.802738 0.757674
vt 0.798176 0.757888
vt 0.945883 0.765243
vt 0.945479 0.767273
vt 0.944295 0.773354
vt 0.943891 0.775385
vt 0.817521 0.758839
vt 0.808750 0.770095
vt 0.811389 0.770461
vt 0.804576 0.769957
vt 0.801895 0.769809
vt 0.797766 0.769351
vt 0.962704 0.766398
vt 0.962630 0.768419
vt 0.962409 0.774481
vt 0.962320 0.776509
vt 0.815403 0.771332
vt 0.806151 0.780620
vt 0.802045 0.780919
vt 0.799497 0.780830
vt 0.795606 0.780095
vt 0.977995 0.761975
vt 0.977921 0.763995
vt 0.977700 0.770057
vt 0.977626 0.772078
vt 0.812578 0.781945
vt 0.808738 0.780918
vt 0.708043 0.756106
vt 0.713518 0.769576
vt 0.711481 0.770469
vt 0.705202 0.756437
vt 0.707411 0.772848
vt 0.699824 0.757322
vt 0.705583 0.774043
vt 0.697219 0.757922
vt 0.702865 0.775736
vt 0.693039 0.760369
vt 0.655046 0.795098
vt 0.653116 0.794122
vt 0.663466 0.771154
vt 0.665949 0.770694
vt 0.647071 0.790801
vt 0.655722 0.770697
vt 0.645143 0.789689
vt 0.653215 0.770557
vt 0.716596 0.768637
vt 0.712385 0.755075
vt 0.705152 0.744548
vt 0.701090 0.744369
vt 0.694530 0.744046
vt 0.690065 0.744094
vt 0.684232 0.746526
vt 0.667757 0.750378
vt 0.670930 0.747798
vt 0.658871 0.753330
vt 0.655880 0.754328
vt 0.710971 0.743746
vt 0.704051 0.734371
vt 0.698772 0.734140
vt 0.691548 0.733098
vt 0.685100 0.732004
vt 0.678620 0.732708
vt 0.665929 0.732517
vt 0.669143 0.728026
vt 0.657483 0.738455
vt 0.654462 0.740548
vt 0.710639 0.733518
vt 0.703768 0.724449
vt 0.697833 0.724697
vt 0.691216 0.723269
vt 0.684484 0.720034
vt 0.678069 0.717713
vt 0.657597 0.717788
vt 0.659950 0.711997
vt 0.651379 0.725429
vt 0.648876 0.728353
vt 0.710549 0.722834
vt 0.699280 0.703551
vt 0.697879 0.711701
vt 0.696561 0.708869
vt 0.696740 0.702863
vt 0.698975 0.712043
vt 0.701116 0.704269
vt 0.703376 0.705740
vt 0.701008 0.710529
vt 0.693201 0.716105
vt 0.697804 0.717445
vt 0.688481 0.711539
vt 0.685305 0.706930
vt 0.645306 0.710821
vt 0.646534 0.705361
vt 0.642321 0.717478
vt 0.640862 0.720687
vt 0.703273 0.716654
vt 0.708820 0.713282
vt 0.632520 0.712929
vt 0.633143 0.710247
vt 0.631998 0.715090
vt 0.631375 0.717773
vt 0.859688 0.692551
vt 0.876515 0.692559
vt 0.876443 0.695782
vt 0.859469 0.695023
vt 0.859917 0.687217
vt 0.875564 0.686891
vt 0.859804 0.684718
vt 0.875038 0.683757
vt 0.859324 0.681656
vt 0.874696 0.679258
vt 0.945209 0.679324
vt 0.950504 0.700959
vt 0.948119 0.701713
vt 0.942627 0.679992
vt 0.940966 0.703783
vt 0.934801 0.681717
vt 0.938559 0.704442
vt 0.932147 0.682241
vt 0.875421 0.700455
vt 0.859268 0.698301
vt 0.887145 0.694156
vt 0.886003 0.697817
vt 0.888128 0.688466
vt 0.888587 0.684765
vt 0.889149 0.678715
vt 0.933756 0.662448
vt 0.932004 0.664453
vt 0.926090 0.670345
vt 0.924130 0.672237
vt 0.883923 0.703300
vt 0.897442 0.697421
vt 0.895223 0.701287
vt 0.900727 0.691276
vt 0.902535 0.687442
vt 0.904530 0.680874
vt 0.915979 0.650459
vt 0.915780 0.653496
vt 0.913592 0.662571
vt 0.912916 0.665686
vt 0.892345 0.707376
vt 0.905494 0.701052
vt 0.902443 0.705502
vt 0.910345 0.695202
vt 0.914729 0.690853
vt 0.918431 0.685122
vt 0.897709 0.645333
vt 0.900041 0.649708
vt 0.901653 0.659700
vt 0.902207 0.663326
vt 0.899319 0.711833
vt 0.911964 0.704854
vt 0.908640 0.709927
vt 0.917043 0.700496
vt 0.923976 0.697120
vt 0.929929 0.693392
vt 0.881079 0.648133
vt 0.885895 0.652378
vt 0.890583 0.660817
vt 0.892217 0.664213
vt 0.905984 0.716616
vt 0.925673 0.713430
vt 0.930540 0.717260
vt 0.928502 0.718867
vt 0.922593 0.712766
vt 0.926861 0.719911
vt 0.921687 0.713417
vt 0.924389 0.720879
vt 0.921780 0.715987
vt 0.921438 0.706179
vt 0.917627 0.708978
vt 0.928127 0.705162
vt 0.933953 0.705359
vt 0.870938 0.658009
vt 0.875483 0.660870
vt 0.880354 0.665767
vt 0.882694 0.668145
vt 0.914251 0.720710
vt 0.914902 0.713966
vt 0.869473 0.672193
vt 0.871697 0.673617
vt 0.873480 0.674784
vt 0.875704 0.676209
vt 0.842198 0.693978
vt 0.843291 0.688875
vt 0.843492 0.686700
vt 0.843109 0.684465
vt 0.952420 0.724415
vt 0.950127 0.725365
vt 0.943245 0.728214
vt 0.940954 0.729163
vt 0.841770 0.698533
vt 0.841750 0.696092
vn 0.360759 0.901779 0.238009
vn 0.107196 0.285051 0.952499
vn 0.012665 0.331872 0.943240
vn 0.040865 0.976049 0.213679
vn -0.072728 -0.381135 0.921654
vn 0.008901 -0.451189 0.892384
vn -0.173779 -0.958800 0.224729
vn 0.018832 -0.980677 0.194727
vn -0.161769 -0.930200 -0.329483
vn 0.021333 -0.960459 -0.277601
vn 0.000000 0.000000 -1.000000
vn 0.000000 0.000002 -1.000000
vn -0.000000 -0.000001 -1.000000
vn 0.000000 0.000003 -1.000000
vn 0.350608 0.857013 -0.377627
vn 0.042352 0.938504 -0.342662
vn -0.066529 0.321361 0.944617
vn -0.200850 0.957066 0.209009
vn 0.113942 -0.465822 0.877512
vn 0.229192 -0.955331 0.186583
vn 0.227423 -0.938172 -0.260982
vn -0.000000 -0.000003 -1.000000
vn -0.000000 -0.000000 -1.000000
vn -0.190124 0.921183 -0.339520
vn -0.189960 0.256086 0.947806
vn -0.589036 0.781830 0.204398
vn 0.309751 -0.409754 0.857995
vn 0.588065 -0.788958 0.178115
vn 0.581021 -0.776599 -0.243534
vn -0.000000 -0.000001 -1.000000
vn 0.000000 0.000002 -1.000000
vn -0.564752 0.752329 -0.339200
vn -0.278878 0.163112 0.946373
vn -0.849711 0.488997 0.197163
vn 0.473624 -0.255193 0.842945
vn 0.863641 -0.474577 0.170002
vn 0.854169 -0.465929 -0.230881
vn 0.000000 0.000001 -1.000000
vn 0.000000 0.000003 -1.000000
vn -0.816431 0.474336 -0.329311
vn -0.303894 0.008493 0.952668
vn -0.979834 0.026269 0.198076
vn 0.565748 -0.012935 0.824477
vn 0.986047 -0.023831 0.164754
vn 0.975719 -0.023114 -0.217802
vn -0.000000 -0.000002 -1.000000
vn -0.000000 -0.000003 -1.000000
vn -0.939548 0.025799 -0.341444
vn -0.266795 -0.145013 0.952781
vn -0.865000 -0.460305 0.199735
vn 0.494531 0.258505 0.829828
vn 0.869874 0.463938 0.167572
vn 0.861395 0.456786 -0.222136
vn 0.000000 0.000002 -1.000000
vn 0.000000 0.000002 -1.000000
vn -0.828761 -0.443768 -0.340920
vn -0.129858 -0.235601 0.963135
vn -0.479933 -0.850273 0.216100
vn 0.267512 0.484878 0.832665
vn 0.468961 0.865737 0.174857
vn 0.465617 0.855996 -0.224659
vn 0.000000 0.000007 -1.000000
vn 0.000000 0.000010 -1.000000
vn -0.454668 -0.807406 -0.375995
vn 0.000126 -0.269099 0.963112
vn -0.007401 -0.976342 0.216105
vn -0.007735 0.547221 0.836952
vn -0.018502 0.984086 0.176730
vn -0.017729 0.972641 -0.231635
vn 0.000000 0.000005 -1.000000
vn 0.000000 0.000006 -1.000000
vn -0.007658 -0.928945 -0.370139
vn 0.137353 -0.239253 0.961193
vn 0.480448 -0.851007 0.212030
vn -0.303878 0.456101 0.836439
vn -0.542839 0.821647 0.173846
vn -0.538150 0.809174 -0.235865
vn -0.000000 -0.000003 -1.000000
vn -0.000000 -0.000004 -1.000000
vn 0.453699 -0.816502 -0.357045
vn 0.222608 -0.184258 0.957337
vn 0.742195 -0.639370 0.200882
vn -0.469753 0.319648 0.822896
vn -0.816023 0.553925 0.165144
vn -0.807422 0.545103 -0.225683
vn -0.000000 -0.000001 -1.000000
vn 0.000000 0.000002 -1.000000
vn 0.706589 -0.620888 -0.339456
vn 0.283779 -0.104465 0.953182
vn 0.907235 -0.376608 0.187329
vn -0.576415 0.125348 0.807486
vn -0.966901 0.200414 0.157914
vn -0.956520 0.196727 -0.215332
vn -0.000000 -0.000000 -1.000000
vn 0.000000 0.000002 -1.000000
vn 0.869812 -0.376982 -0.318294
vn 0.284193 0.007404 0.958738
vn 0.982001 -0.047955 0.182686
vn -0.600349 -0.122875 0.790242
vn -0.962856 -0.220938 0.155224
vn -0.954097 -0.218274 -0.205072
vn -0.000000 -0.000002 -1.000000
vn -0.000000 -0.000002 -1.000000
vn 0.943518 -0.065658 -0.324749
vn 0.221457 0.126839 0.966886
vn 0.882243 0.428206 0.195671
vn -0.455497 -0.412089 0.789116
vn -0.719278 -0.677248 0.154837
vn -0.713111 -0.672252 -0.198872
vn 0.006929 0.000226 -0.999976
vn 0.004217 -0.003656 -0.999985
vn 0.846162 0.392743 -0.360227
vn 0.089729 0.186377 0.978372
vn 0.491215 0.842238 0.222133
vn -0.177682 -0.588912 0.788424
vn -0.270949 -0.950015 0.155106
vn -0.269522 -0.940112 -0.208680
vn 0.000660 0.003614 -0.999993
vn -0.000798 -0.007404 -0.999972
vn 0.477987 0.774681 -0.414002
vn -0.221892 0.063285 0.973015
vn -0.852157 0.464355 0.241252
vn 0.009029 -0.579980 0.814581
vn 0.084677 -0.979851 0.180893
vn 0.066163 -0.966041 -0.249773
vn -0.038027 -0.030519 -0.998811
vn -0.058181 -0.028860 -0.997889
vn -0.807550 0.349842 -0.474842
vn -0.428260 0.040309 0.902756
vn -0.328578 0.241799 0.913000
vn -0.731227 0.636184 0.246124
vn -0.952145 0.236136 0.194060
vn -0.075745 0.499890 0.862770
vn -0.287182 0.938025 0.193997
vn 0.245212 -0.413462 0.876881
vn 0.566213 -0.789670 0.236272
vn 0.536700 -0.792382 -0.289972
vn -0.034484 -0.085382 -0.995751
vn -0.116916 -0.049081 -0.991928
vn -0.936181 0.199498 -0.289424
vn 0.493471 0.793431 0.356305
vn 0.194863 0.975156 0.105356
vn 0.201190 0.956192 -0.212649
vn -0.258789 0.924768 -0.278984
vn 0.654987 0.670402 -0.348644
vn -0.023389 0.118422 -0.992688
vn 0.099339 0.019620 -0.994860
vn 0.675586 0.638347 -0.368914
vn 0.933381 0.307010 -0.185863
vn 0.967957 0.028640 -0.249478
vn 0.949668 0.300084 0.089895
vn 0.985156 0.008014 0.171474
vn 0.787448 0.504495 0.354133
vn 0.559873 0.058318 0.826523
vn -0.728305 0.616537 -0.299089
vn -0.136323 -0.003247 -0.990659
vn 0.012321 -0.082515 -0.996514
vn 0.873615 -0.359357 -0.328114
vn 0.899867 -0.363627 0.240862
vn 0.403323 -0.175728 0.898026
vn 0.146870 0.184990 0.971704
vn 0.637236 0.724291 0.263311
vn -0.215192 -0.345420 0.913442
vn -0.496701 -0.834820 0.237409
vn -0.484236 -0.815996 -0.315698
vn -0.000000 -0.000000 -1.000000
vn -0.000000 -0.000001 -1.000000
vn 0.596701 0.680719 -0.424934
vn 0.182691 0.122324 0.975531
vn 0.867907 0.401321 0.292710
vn -0.320323 -0.196111 0.926787
vn -0.789854 -0.557319 0.255982
vn -0.767039 -0.540352 -0.345934
vn 0.000000 0.000001 -1.000000
vn 0.000000 0.000002 -1.000000
vn 0.807596 0.362273 -0.465347
vn 0.253767 -0.049284 0.966009
vn 0.949194 0.046656 0.311214
vn -0.412481 -0.067402 0.908469
vn -0.946891 -0.170792 0.272446
vn -0.915400 -0.165565 -0.366921
vn -0.000000 -0.000001 -1.000000
vn 0.000000 0.000000 -1.000000
vn 0.876095 0.052527 -0.479268
vn 0.409844 -0.248668 0.877606
vn 0.929624 -0.269939 0.250864
vn -0.447395 0.133219 0.884359
vn -0.896868 0.335832 0.287827
vn -0.854772 0.319333 -0.409135
vn 0.000000 0.000002 -1.000000
vn -0.000000 -0.000002 -1.000000
vn 0.881936 -0.209523 -0.422243
vn -0.044480 0.911801 0.408215
vn 0.305521 0.665593 -0.680913
vn -0.114545 0.952604 -0.281825
vn -0.133323 0.983705 0.120618
vn 0.358929 0.782004 -0.509548
vn 0.851416 0.135131 0.506785
vn 0.990544 -0.046981 0.128900
vn 0.976768 -0.070005 -0.202542
vn 0.582050 -0.276521 0.764692
vn -0.330755 0.479831 0.812627
vn -0.605176 0.757423 0.245096
vn -0.532278 0.751242 -0.390277
vn 0.000000 0.000004 -1.000000
vn 0.000000 0.000003 -1.000000
vn 0.863733 -0.405664 -0.299001
vn 0.878848 -0.441145 0.181707
vn -0.139562 -0.245461 0.959308
vn -0.085632 -0.284158 0.954946
vn -0.379031 -0.892763 0.243535
vn -0.629836 -0.742051 0.229491
vn 0.342332 0.289256 0.893946
vn 0.242548 0.300742 0.922348
vn 0.679011 0.702448 0.213331
vn 0.551785 0.801494 0.230522
vn 0.657096 0.690444 -0.302511
vn 0.531971 0.774348 -0.342625
vn 0.000000 0.000001 -1.000000
vn -0.000000 -0.000001 -1.000000
vn -0.000000 -0.000002 -1.000000
vn -0.000000 -0.000001 -1.000000
vn -0.609001 -0.706102 -0.361299
vn -0.361504 -0.851264 -0.380347
vn -0.180071 -0.294646 0.938487
vn -0.631953 -0.743099 0.220089
vn 0.289930 0.240477 0.926343
vn 0.647725 0.724714 0.235038
vn 0.611447 0.700993 -0.367072
vn 0.000000 0.000002 -1.000000
vn 0.000000 0.000001 -1.000000
vn -0.621421 -0.718651 -0.312052
vn -0.076988 -0.417546 0.905388
vn -0.347355 -0.914295 0.208349
vn 0.203174 0.257054 0.944798
vn 0.419324 0.874527 0.243660
vn 0.393729 0.832641 -0.389469
vn 0.000000 0.000002 -1.000000
vn 0.000000 0.000000 -1.000000
vn -0.335726 -0.900161 -0.277487
vn -0.011403 -0.226606 0.973920
vn -0.070476 -0.958276 0.277020
vn 0.111835 0.375346 0.920113
vn 0.253940 0.935132 0.247066
vn 0.249825 0.910400 -0.329786
vn 0.000000 0.000001 -1.000000
vn -0.000000 -0.000001 -1.000000
vn -0.068022 -0.894446 -0.441972
vn 0.042951 -0.197564 0.979349
vn 0.354470 -0.880784 0.313961
vn -0.086743 0.351074 0.932321
vn -0.171153 0.947643 0.269591
vn -0.164735 0.918173 -0.360308
vn 0.000000 0.000000 -1.000000
vn 0.000000 0.000002 -1.000000
vn 0.335375 -0.800564 -0.496610
vn 0.221483 -0.117643 0.968042
vn 0.692453 -0.643539 0.326140
vn -0.261667 0.307956 0.914710
vn -0.596833 0.750189 0.284617
vn -0.577191 0.723343 -0.378980
vn -0.000000 -0.000000 -1.000000
vn 0.000000 0.000002 -1.000000
vn 0.625143 -0.599135 -0.500234
vn 0.483784 -0.072581 0.872173
vn 0.892376 -0.374999 0.251080
vn -0.428283 0.172861 0.886957
vn -0.906209 0.309756 0.287813
vn -0.865386 0.291279 -0.407754
vn 0.000000 0.000000 -1.000000
vn 0.000000 0.000003 -1.000000
vn 0.814991 -0.394240 -0.424693
vn -0.790342 -0.601971 0.113978
vn -0.757764 -0.593478 -0.271251
vn -0.279065 -0.679723 -0.678306
vn -0.682745 -0.613958 0.396125
vn -0.328496 -0.800111 -0.501909
vn 0.561790 -0.648503 0.513649
vn 0.798426 -0.570929 -0.191197
vn 0.787405 -0.602210 0.131663
vn -0.574962 -0.150117 0.804291
vn 0.642457 -0.164778 0.748396
vn -0.956963 -0.168607 0.236204
vn -0.898039 -0.209598 -0.386775
vn 0.000000 0.000007 -1.000000
vn 0.000000 0.000004 -1.000000
vn 0.930808 -0.232127 -0.282335
vn 0.960879 -0.213257 0.176730
vn 0.067024 -0.438668 0.896146
vn 0.026861 -0.980833 0.192989
vn 0.076816 0.329382 0.941067
vn 0.049439 0.973658 0.222590
vn 0.035696 0.932493 -0.359420
vn -0.000000 -0.000001 -1.000000
vn 0.000000 0.000000 -1.000000
vn 0.017464 -0.958854 -0.283362
vn 0.153664 -0.406892 0.900459
vn 0.265601 -0.943333 0.198945
vn -0.052860 0.338341 0.939538
vn -0.259965 0.941212 0.215725
vn -0.255122 0.902685 -0.346515
vn -0.000000 -0.000006 -1.000000
vn -0.000000 -0.000001 -1.000000
vn 0.256737 -0.923539 -0.284889
vn 0.160530 -0.279996 0.946484
vn -0.191890 0.424437 0.884891
vn -0.434280 0.880159 0.191627
vn -0.430838 0.865930 -0.254057
vn -0.000000 -0.000016 -1.000000
vn 0.000000 0.000001 -1.000000
vn 0.414166 -0.832251 -0.368544
vn 0.438136 -0.871844 0.218918
vn -0.729041 -0.634484 0.256767
vn -0.802727 -0.534895 0.263661
vn -0.153138 -0.222512 0.962828
vn -0.110375 -0.278325 0.954124
vn 0.332594 0.077187 0.939906
vn 0.386938 0.120556 0.914191
vn 0.847784 0.482896 0.219255
vn 0.785429 0.584036 0.204945
vn 0.810856 0.487106 -0.324408
vn 0.760420 0.583346 -0.285428
vn -0.000000 -0.000004 -1.000000
vn -0.000000 -0.000003 -1.000000
vn 0.000000 0.000004 -1.000000
vn 0.000000 0.000002 -1.000000
vn -0.769728 -0.484586 -0.415566
vn -0.712248 -0.580440 -0.394705
vn -0.551097 -0.800626 0.235139
vn -0.044916 -0.362939 0.930730
vn 0.400317 0.275055 0.874123
vn 0.605600 0.768147 0.207844
vn 0.595542 0.747575 -0.294042
vn 0.000000 0.000001 -1.000000
vn 0.000000 0.000001 -1.000000
vn -0.553430 -0.745819 -0.370769
vn -0.305213 -0.925114 0.225851
vn -0.000782 -0.414831 0.909898
vn 0.246285 0.457828 0.854247
vn 0.278932 0.929338 0.241926
vn 0.282922 0.885977 -0.367423
vn 0.000000 0.000002 -1.000000
vn -0.000000 -0.000001 -1.000000
vn -0.308642 -0.870932 -0.382383
vn 0.001026 -0.975225 0.221212
vn 0.068545 -0.462329 0.884055
vn -0.042752 0.536392 0.842885
vn -0.177695 0.945066 0.274363
vn -0.158774 0.899315 -0.407460
vn 0.000000 0.000000 -1.000000
vn 0.000000 0.000000 -1.000000
vn -0.007606 -0.914094 -0.405432
vn -0.413055 -0.368500 -0.832823
vn -0.766154 -0.082855 0.637294
vn -0.975562 0.099144 0.196086
vn -0.916257 0.073375 -0.393814
vn 0.051472 -0.754734 0.654009
vn -0.472169 -0.421201 -0.774368
vn 0.309807 -0.900924 -0.303901
vn 0.314739 -0.931892 0.180327
vn -0.458014 0.380092 0.803588
vn 0.169228 -0.519057 0.837820
vn -0.730238 0.633240 0.256437
vn -0.725593 0.581449 -0.368011
vn -0.000000 -0.000000 -1.000000
vn 0.000000 0.000000 -1.000000
vn 0.372547 -0.840490 -0.393428
vn 0.387282 -0.897033 0.212942
vn -0.089155 -0.214714 0.972599
vn -0.026760 -0.294682 0.955220
vn -0.504851 -0.819935 0.269874
vn -0.689993 -0.647265 0.323971
vn 0.290692 0.113525 0.950058
vn 0.318561 0.235570 0.918164
vn 0.744132 0.588609 0.315922
vn 0.579512 0.778802 0.240070
vn 0.680877 0.568377 -0.461902
vn 0.537719 0.773133 -0.336338
vn 0.000000 0.000001 -1.000000
vn -0.000000 -0.000004 -1.000000
vn -0.000000 -0.000000 -1.000000
vn 0.000000 0.000004 -1.000000
vn -0.656863 -0.580987 -0.480609
vn -0.513783 -0.750587 -0.415507
vn 0.057621 -0.322665 0.944758
vn -0.139911 -0.963386 0.228717
vn 0.199727 0.405077 0.892200
vn 0.244810 0.950057 0.193546
vn 0.227106 0.939191 -0.257571
vn 0.000000 0.000002 -1.000000
vn 0.000000 0.000005 -1.000000
vn -0.159428 -0.914724 -0.371298
vn 0.137923 -0.296752 0.944942
vn 0.155135 -0.961143 0.228336
vn 0.028620 0.499966 0.865572
vn -0.086366 0.977837 0.190725
vn -0.081928 0.961768 -0.261325
vn 0.000000 0.000006 -1.000000
vn 0.000000 0.000004 -1.000000
vn 0.133110 -0.920909 -0.366345
vn 0.276433 -0.261599 0.924743
vn 0.445560 -0.865561 0.228650
vn -0.163213 0.520173 0.838320
vn -0.446919 0.864994 0.228143
vn -0.416456 0.845346 -0.334595
vn 0.000000 0.000005 -1.000000
vn 0.000000 0.000001 -1.000000
vn 0.404696 -0.829139 -0.385681
vn 0.395443 -0.263821 0.879786
vn 0.688435 -0.693159 0.213511
vn -0.407237 0.357021 0.840651
vn -0.798710 0.538517 0.268444
vn -0.754408 0.522268 -0.397624
vn -0.000000 -0.000000 -1.000000
vn -0.000000 -0.000002 -1.000000
vn 0.638979 -0.664855 -0.386877
vn -0.814705 -0.544820 0.198560
vn -0.756235 -0.527071 -0.387691
vn -0.027450 -0.532510 -0.845978
vn -0.534128 -0.545904 0.645520
vn -0.031293 -0.607048 -0.794048
vn 0.573097 -0.504695 0.645633
vn 0.846163 -0.442139 -0.297525
vn 0.871070 -0.460531 0.170732
vn -0.606276 -0.029852 0.794694
vn 0.497693 -0.278392 0.821462
vn -0.967271 -0.036365 0.251128
vn -0.927649 -0.068199 -0.367173
vn -0.000000 -0.000003 -1.000000
vn -0.000000 -0.000006 -1.000000
vn 0.847187 -0.377802 -0.373551
vn 0.890831 -0.407641 0.200622
vn -0.163280 -0.199183 0.966264
vn 0.214940 0.063311 0.974573
vn 0.770148 0.502668 0.392678
vn 0.654468 0.452215 -0.605948
vn 0.000000 0.000003 -1.000000
vn -0.000000 -0.000003 -1.000000
vn -0.733401 -0.523203 -0.434029
vn -0.760383 -0.565469 0.319471
vn -0.360758 0.901778 0.238012
vn -0.040865 0.976049 0.213679
vn -0.012665 0.331872 0.943239
vn -0.107196 0.285050 0.952500
vn -0.008901 -0.451190 0.892383
vn 0.072727 -0.381136 0.921654
vn -0.018832 -0.980677 0.194726
vn 0.173779 -0.958800 0.224728
vn -0.021333 -0.960459 -0.277602
vn 0.161770 -0.930200 -0.329482
vn -0.000000 -0.000000 -1.000000
vn 0.000000 0.000002 -1.000000
vn -0.000000 -0.000000 -1.000000
vn 0.000000 0.000002 -1.000000
vn -0.042352 0.938503 -0.342663
vn -0.350607 0.857014 -0.377627
vn 0.200849 0.957066 0.209009
vn 0.066529 0.321363 0.944616
vn -0.113941 -0.465824 0.877511
vn -0.229190 -0.955332 0.186582
vn -0.227422 -0.938172 -0.260984
vn -0.000000 -0.000003 -1.000000
vn -0.000000 -0.000004 -1.000000
vn 0.190125 0.921182 -0.339524
vn 0.589037 0.781829 0.204401
vn 0.189959 0.256083 0.947806
vn -0.309750 -0.409756 0.857995
vn -0.588063 -0.788960 0.178113
vn -0.581020 -0.776599 -0.243535
vn -0.000000 -0.000001 -1.000000
vn 0.000000 0.000002 -1.000000
vn 0.564752 0.752328 -0.339201
vn 0.849712 0.488996 0.197164
vn 0.278879 0.163109 0.946373
vn -0.473623 -0.255196 0.842945
vn -0.863640 -0.474578 0.170002
vn -0.854169 -0.465929 -0.230879
vn 0.000000 0.000001 -1.000000
vn 0.000000 0.000001 -1.000000
vn 0.816433 0.474337 -0.329305
vn 0.979835 0.026271 0.198074
vn 0.303895 0.008497 0.952668
vn -0.565744 -0.012932 0.824480
vn -0.986046 -0.023831 0.164760
vn -0.975720 -0.023114 -0.217797
vn -0.000000 -0.000003 -1.000000
vn -0.000000 -0.000006 -1.000000
vn 0.939549 0.025800 -0.341442
vn 0.865001 -0.460304 0.199734
vn 0.266796 -0.145010 0.952781
vn -0.494529 0.258507 0.829828
vn -0.869873 0.463938 0.167577
vn -0.861397 0.456786 -0.222132
vn 0.000000 0.000000 -1.000000
vn -0.000000 -0.000000 -1.000000
vn 0.828759 -0.443767 -0.340923
vn 0.479933 -0.850273 0.216099
vn 0.129858 -0.235603 0.963134
vn -0.267512 0.484881 0.832663
vn -0.468960 0.865738 0.174855
vn -0.465617 0.855997 -0.224658
vn 0.000000 0.000003 -1.000000
vn 0.000000 0.000005 -1.000000
vn 0.454667 -0.807407 -0.375995
vn 0.007402 -0.976342 0.216106
vn -0.000126 -0.269101 0.963112
vn 0.007735 0.547221 0.836952
vn 0.018502 0.984085 0.176730
vn 0.017730 0.972641 -0.231635
vn 0.000000 0.000004 -1.000000
vn 0.000000 0.000002 -1.000000
vn 0.007658 -0.928944 -0.370141
vn -0.480447 -0.851007 0.212033
vn -0.137353 -0.239250 0.961194
vn 0.303876 0.456101 0.836439
vn 0.542839 0.821647 0.173848
vn 0.538148 0.809175 -0.235865
vn 0.000000 0.000009 -1.000000
vn -0.000000 -0.000003 -1.000000
vn -0.453696 -0.816502 -0.357050
vn -0.742195 -0.639369 0.200885
vn -0.222610 -0.184259 0.957337
vn 0.469753 0.319649 0.822895
vn 0.816023 0.553925 0.165148
vn 0.807420 0.545106 -0.225680
vn 0.000000 0.000007 -1.000000
vn 0.000000 0.000002 -1.000000
vn -0.706588 -0.620887 -0.339459
vn -0.907234 -0.376607 0.187331
vn -0.283779 -0.104466 0.953182
vn 0.576414 0.125348 0.807487
vn 0.966901 0.200413 0.157916
vn 0.956520 0.196727 -0.215331
vn 0.000000 0.000002 -1.000000
vn 0.000000 0.000004 -1.000000
vn -0.869813 -0.376980 -0.318295
vn -0.982001 -0.047953 0.182689
vn -0.284191 0.007407 0.958739
vn 0.600347 -0.122873 0.790244
vn 0.962856 -0.220938 0.155224
vn 0.954097 -0.218273 -0.205076
vn 0.000000 0.000000 -1.000000
vn -0.000000 -0.000000 -1.000000
vn -0.943519 -0.065658 -0.324746
vn -0.882243 0.428207 0.195671
vn -0.221457 0.126839 0.966886
vn 0.455496 -0.412087 0.789119
vn 0.719278 -0.677247 0.154839
vn 0.713113 -0.672250 -0.198871
vn -0.006929 0.000229 -0.999976
vn -0.004217 -0.003659 -0.999984
vn -0.846165 0.392743 -0.360219
vn -0.491216 0.842237 0.222133
vn -0.089728 0.186378 0.978372
vn 0.177683 -0.588907 0.788427
vn 0.270950 -0.950015 0.155107
vn 0.269522 -0.940112 -0.208680
vn -0.000660 0.003613 -0.999993
vn 0.000798 -0.007414 -0.999972
vn -0.477993 0.774679 -0.413998
vn 0.852159 0.464354 0.241249
vn 0.221894 0.063294 0.973014
vn -0.009028 -0.579977 0.814583
vn -0.084677 -0.979851 0.180893
vn -0.066163 -0.966042 -0.249772
vn 0.038027 -0.030522 -0.998810
vn 0.058181 -0.028865 -0.997889
vn 0.807549 0.349842 -0.474842
vn 0.428261 0.040311 0.902756
vn 0.952145 0.236135 0.194063
vn 0.731226 0.636183 0.246129
vn 0.328577 0.241796 0.913001
vn 0.287183 0.938025 0.193998
vn 0.075746 0.499888 0.862771
vn -0.245214 -0.413461 0.876881
vn -0.566214 -0.789670 0.236268
vn -0.536700 -0.792381 -0.289976
vn 0.034484 -0.085383 -0.995751
vn 0.116917 -0.049080 -0.991928
vn 0.936179 0.199498 -0.289430
vn -0.194860 0.975156 0.105355
vn -0.493471 0.793432 0.356304
vn -0.201188 0.956193 -0.212644
vn 0.258788 0.924770 -0.278979
vn -0.654987 0.670404 -0.348641
vn 0.023389 0.118424 -0.992688
vn -0.099338 0.019620 -0.994860
vn -0.675585 0.638348 -0.368913
vn -0.933381 0.307012 -0.185859
vn -0.967958 0.028640 -0.249472
vn -0.985155 0.008015 0.171477
vn -0.949667 0.300085 0.089898
vn -0.559873 0.058315 0.826524
vn -0.787449 0.504496 0.354129
vn 0.728304 0.616539 -0.299086
vn 0.136323 -0.003244 -0.990659
vn -0.012322 -0.082516 -0.996514
vn -0.873614 -0.359357 -0.328118
vn -0.899868 -0.363627 0.240861
vn -0.403322 -0.175729 0.898026
vn -0.146869 0.184993 0.971703
vn -0.637235 0.724292 0.263311
vn 0.215193 -0.345422 0.913442
vn 0.496700 -0.834821 0.237409
vn 0.484235 -0.815998 -0.315696
vn -0.000000 -0.000000 -1.000000
vn 0.000000 0.000000 -1.000000
vn -0.596700 0.680720 -0.424934
vn -0.182691 0.122325 0.975531
vn -0.867907 0.401320 0.292712
vn 0.320322 -0.196111 0.926787
vn 0.789852 -0.557319 0.255985
vn 0.767040 -0.540354 -0.345929
vn -0.000000 -0.000001 -1.000000
vn 0.000000 0.000001 -1.000000
vn -0.807595 0.362274 -0.465348
vn -0.253767 -0.049284 0.966009
vn -0.949194 0.046655 0.311213
vn 0.412481 -0.067402 0.908469
vn 0.946891 -0.170792 0.272449
vn 0.915402 -0.165564 -0.366915
vn 0.000000 0.000001 -1.000000
vn 0.000000 0.000001 -1.000000
vn -0.876097 0.052527 -0.479265
vn -0.409845 -0.248665 0.877607
vn -0.929624 -0.269939 0.250861
vn 0.447394 0.133222 0.884359
vn 0.896868 0.335833 0.287825
vn 0.854772 0.319335 -0.409133
vn 0.000000 0.000006 -1.000000
vn -0.000000 -0.000001 -1.000000
vn -0.881937 -0.209528 -0.422238
vn 0.044479 0.911801 0.408216
vn 0.133323 0.983706 0.120617
vn 0.114547 0.952602 -0.281832
vn -0.305520 0.665591 -0.680915
vn -0.358933 0.782006 -0.509543
vn -0.851416 0.135123 0.506787
vn -0.990544 -0.046984 0.128898
vn -0.976769 -0.070015 -0.202533
vn 0.330753 0.479832 0.812627
vn -0.582049 -0.276525 0.764691
vn 0.605175 0.757424 0.245095
vn 0.532277 0.751241 -0.390279
vn 0.000000 0.000001 -1.000000
vn 0.000000 0.000000 -1.000000
vn -0.863732 -0.405671 -0.298994
vn -0.878848 -0.441145 0.181707
vn 0.139563 -0.245464 0.959307
vn 0.629836 -0.742052 0.229490
vn 0.379030 -0.892764 0.243533
vn 0.085631 -0.284163 0.954944
vn -0.242549 0.300740 0.922348
vn -0.342333 0.289256 0.893946
vn -0.679011 0.702448 0.213330
vn -0.551785 0.801494 0.230522
vn -0.657095 0.690445 -0.302509
vn -0.531971 0.774348 -0.342625
vn 0.000000 0.000000 -1.000000
vn 0.000000 0.000003 -1.000000
vn -0.000000 -0.000000 -1.000000
vn -0.000000 -0.000002 -1.000000
vn 0.361504 -0.851266 -0.380344
vn 0.609000 -0.706102 -0.361302
vn 0.180071 -0.294645 0.938487
vn 0.631953 -0.743098 0.220090
vn -0.289931 0.240477 0.926343
vn -0.647725 0.724713 0.235038
vn -0.611448 0.700994 -0.367068
vn 0.000000 0.000003 -1.000000
vn 0.000000 -0.000000 -1.000000
vn 0.621420 -0.718653 -0.312051
vn 0.076988 -0.417544 0.905389
vn 0.347355 -0.914295 0.208350
vn -0.203174 0.257053 0.944798
vn -0.419325 0.874526 0.243662
vn -0.393731 0.832643 -0.389464
vn 0.000000 0.000001 -1.000000
vn -0.000000 -0.000003 -1.000000
vn 0.335726 -0.900162 -0.277484
vn 0.070475 -0.958277 0.277018
vn 0.011402 -0.226607 0.973920
vn -0.111835 0.375345 0.920114
vn -0.253941 0.935132 0.247067
vn -0.249826 0.910400 -0.329787
vn 0.000000 0.000001 -1.000000
vn 0.000000 0.000002 -1.000000
vn 0.068022 -0.894447 -0.441970
vn -0.354469 -0.880784 0.313962
vn -0.042950 -0.197564 0.979349
vn 0.086743 0.351072 0.932322
vn 0.171153 0.947643 0.269592
vn 0.164735 0.918173 -0.360307
vn 0.000000 0.000001 -1.000000
vn 0.000000 0.000002 -1.000000
vn -0.335374 -0.800565 -0.496608
vn -0.692451 -0.643539 0.326143
vn -0.221482 -0.117644 0.968042
vn 0.261667 0.307953 0.914710
vn 0.596833 0.750187 0.284621
vn 0.577190 0.723344 -0.378979
vn 0.000000 0.000001 -1.000000
vn -0.000000 -0.000001 -1.000000
vn -0.625143 -0.599137 -0.500231
vn -0.892374 -0.374998 0.251088
vn -0.483784 -0.072580 0.872173
vn 0.428281 0.172862 0.886958
vn 0.906208 0.309755 0.287816
vn 0.865383 0.291279 -0.407760
vn -0.000000 -0.000001 -1.000000
vn 0.000000 0.000001 -1.000000
vn -0.814990 -0.394241 -0.424696
vn 0.790341 -0.601972 0.113978
vn 0.682744 -0.613960 0.396125
vn 0.279060 -0.679718 -0.678313
vn 0.757763 -0.593479 -0.271253
vn -0.561791 -0.648503 0.513648
vn 0.328491 -0.800103 -0.501926
vn -0.787406 -0.602210 0.131661
vn -0.798423 -0.570928 -0.191212
vn -0.642454 -0.164776 0.748399
vn 0.574960 -0.150117 0.804293
vn 0.956963 -0.168608 0.236204
vn 0.898037 -0.209598 -0.386779
vn 0.000000 0.000004 -1.000000
vn 0.000000 0.000002 -1.000000
vn -0.930805 -0.232127 -0.282346
vn -0.960878 -0.213256 0.176735
vn -0.067024 -0.438671 0.896145
vn -0.026862 -0.980833 0.192989
vn -0.076816 0.329377 0.941069
vn -0.049439 0.973658 0.222590
vn -0.035696 0.932493 -0.359419
vn 0.000000 0.000001 -1.000000
vn 0.000000 0.000000 -1.000000
vn -0.017464 -0.958854 -0.283362
vn -0.153662 -0.406895 0.900458
vn -0.265601 -0.943333 0.198945
vn 0.052859 0.338338 0.939539
vn 0.259963 0.941214 0.215722
vn 0.255119 0.902685 -0.346517
vn -0.000000 -0.000002 -1.000000
vn 0.000000 0.000003 -1.000000
vn -0.256738 -0.923539 -0.284889
vn 0.191886 0.424440 0.884890
vn -0.160529 -0.279989 0.946486
vn 0.434277 0.880162 0.191623
vn 0.430834 0.865929 -0.254064
vn -0.000000 -0.000016 -1.000000
vn 0.000000 0.000001 -1.000000
vn -0.414167 -0.832250 -0.368545
vn -0.438136 -0.871844 0.218917
vn 0.729042 -0.634483 0.256768
vn 0.110375 -0.278328 0.954123
vn 0.153139 -0.222515 0.962827
vn 0.802727 -0.534894 0.263661
vn -0.332594 0.077185 0.939906
vn -0.386938 0.120554 0.914191
vn -0.785428 0.584036 0.204949
vn -0.847784 0.482896 0.219256
vn -0.760419 0.583347 -0.285427
vn -0.810851 0.487109 -0.324416
vn 0.000000 0.000001 -1.000000
vn -0.000000 -0.000000 -1.000000
vn 0.000000 0.000003 -1.000000
vn 0.000000 0.000003 -1.000000
vn 0.712250 -0.580440 -0.394701
vn 0.769730 -0.484587 -0.415561
vn 0.551098 -0.800626 0.235138
vn 0.044916 -0.362940 0.930729
vn -0.400316 0.275056 0.874123
vn -0.605599 0.768147 0.207847
vn -0.595544 0.747575 -0.294039
vn 0.000000 0.000001 -1.000000
vn 0.000000 0.000002 -1.000000
vn 0.553431 -0.745819 -0.370767
vn 0.305213 -0.925115 0.225849
vn 0.000783 -0.414830 0.909899
vn -0.246284 0.457828 0.854247
vn -0.278932 0.929338 0.241925
vn -0.282921 0.885976 -0.367425
vn 0.000000 -0.000000 -1.000000
vn 0.000000 0.000002 -1.000000
vn 0.308642 -0.870932 -0.382383
vn -0.001026 -0.975225 0.221212
vn -0.068544 -0.462329 0.884055
vn 0.042752 0.536391 0.842886
vn 0.177695 0.945066 0.274363
vn 0.158773 0.899315 -0.407461
vn 0.000000 -0.000000 -1.000000
vn 0.000000 0.000001 -1.000000
vn 0.007606 -0.914093 -0.405434
vn 0.413053 -0.368496 -0.832825
vn 0.916259 0.073374 -0.393810
vn 0.975561 0.099143 0.196091
vn 0.766154 -0.082855 0.637293
vn -0.051473 -0.754737 0.654005
vn 0.472169 -0.421196 -0.774371
vn -0.309806 -0.900925 -0.303898
vn -0.314738 -0.931892 0.180324
vn -0.169228 -0.519058 0.837819
vn 0.458012 0.380090 0.803590
vn 0.730237 0.633239 0.256440
vn 0.725593 0.581449 -0.368010
vn 0.000000 -0.000000 -1.000000
vn 0.000000 -0.000000 -1.000000
vn -0.372547 -0.840492 -0.393424
vn -0.387283 -0.897033 0.212941
vn 0.089154 -0.214716 0.972599
vn 0.689991 -0.647268 0.323969
vn 0.504850 -0.819937 0.269870
vn 0.026759 -0.294686 0.955219
vn -0.318561 0.235567 0.918165
vn -0.290693 0.113526 0.950058
vn -0.744129 0.588611 0.315927
vn -0.579510 0.778803 0.240070
vn -0.680878 0.568381 -0.461896
vn -0.537718 0.773134 -0.336338
vn -0.000000 -0.000003 -1.000000
vn 0.000000 0.000002 -1.000000
vn 0.000000 0.000001 -1.000000
vn -0.000000 -0.000003 -1.000000
vn 0.513780 -0.750591 -0.415504
vn 0.656857 -0.580993 -0.480609
vn 0.139911 -0.963387 0.228717
vn -0.057621 -0.322665 0.944758
vn -0.199727 0.405076 0.892201
vn -0.244811 0.950057 0.193545
vn -0.227106 0.939190 -0.257576
vn 0.000000 0.000001 -1.000000
vn 0.000000 0.000005 -1.000000
vn 0.159427 -0.914725 -0.371297
vn -0.155135 -0.961143 0.228337
vn -0.137923 -0.296749 0.944943
vn -0.028620 0.499971 0.865569
vn 0.086365 0.977837 0.190723
vn 0.081928 0.961767 -0.261327
vn 0.000000 0.000005 -1.000000
vn 0.000000 0.000003 -1.000000
vn -0.133110 -0.920909 -0.366344
vn -0.445560 -0.865561 0.228650
vn -0.276433 -0.261598 0.924744
vn 0.163213 0.520176 0.838319
vn 0.446919 0.864994 0.228143
vn 0.416456 0.845347 -0.334594
vn 0.000000 0.000004 -1.000000
vn -0.000000 -0.000005 -1.000000
vn -0.404696 -0.829139 -0.385680
vn -0.688436 -0.693159 0.213509
vn -0.395442 -0.263823 0.879786
vn 0.407240 0.357020 0.840650
vn 0.798710 0.538516 0.268445
vn 0.754409 0.522268 -0.397621
vn 0.000000 0.000001 -1.000000
vn -0.000000 -0.000001 -1.000000
vn -0.638976 -0.664854 -0.386883
vn 0.814707 -0.544818 0.198559
vn 0.534127 -0.545898 0.645526
vn 0.027450 -0.532504 -0.845982
vn 0.756234 -0.527072 -0.387694
vn -0.573098 -0.504695 0.645633
vn 0.031292 -0.607047 -0.794050
vn -0.871070 -0.460530 0.170728
vn -0.846166 -0.442141 -0.297514
vn -0.497692 -0.278393 0.821462
vn 0.606277 -0.029850 0.794693
vn 0.967271 -0.036363 0.251126
vn 0.927649 -0.068200 -0.367173
vn -0.000000 -0.000001 -1.000000
vn -0.000000 -0.000000 -1.000000
vn -0.847186 -0.377803 -0.373551
vn -0.890831 -0.407641 0.200620
vn -0.214942 0.063313 0.974572
vn 0.163278 -0.199182 0.966264
vn -0.770147 0.502669 0.392681
vn -0.654468 0.452215 -0.605949
vn 0.000000 0.000002 -1.000000
vn -0.000000 -0.000008 -1.000000
vn 0.733394 -0.523210 -0.434033
vn 0.760380 -0.565472 0.319473
s 1
g lowpoly PROP_____PictureFrame_Var_3 High_Fidelity_Group sweep11 group11
usemtl initialShadingGroup
f 2198/2720/2198 2199/2532/2199 2207/2533/2200 2206/2721/2201
f 2199/2532/2199 2200/2534/2202 2208/2535/2203 2207/2533/2200
f 2200/2534/2202 2201/2536/2204 2209/2537/2205 2208/2535/2203
f 2201/2536/2204 2202/2538/2206 2210/2539/2207 2209/2537/2205
f 2210/3027/2207 2202/2987/2206 2203/2540/2208 2211/2543/2209
f 2203/2540/2208 2204/2541/2210 2212/2542/2211 2211/2543/2209
f 2212/2542/2211 2204/2541/2210 2205/2544/2212 2213/3026/2213
f 2213/2545/2213 2205/2986/2212 2198/2720/2198 2206/2721/2201
f 2207/2533/2200 2215/2546/2214 2214/2722/2215 2206/2721/2201
f 2207/2533/2200 2208/2535/2203 2216/2547/2216 2215/2546/2214
f 2209/2537/2205 2217/2548/2217 2216/2547/2216 2208/2535/2203
f 2210/2539/2207 2218/2549/2218 2217/2548/2217 2209/2537/2205
f 2218/3025/2218 2210/3027/2207 2211/2543/2209 2219/2551/2219
f 2211/2543/2209 2212/2542/2211 2220/2550/2220 2219/2551/2219
f 2220/2550/2220 2212/2542/2211 2213/3026/2213 2221/3024/2221
f 2221/2552/2221 2213/2545/2213 2206/2721/2201 2214/2722/2215
f 2215/2546/2214 2223/2553/2222 2222/2723/2223 2214/2722/2215
f 2215/2546/2214 2216/2547/2216 2224/2554/2224 2223/2553/2222
f 2217/2548/2217 2225/2555/2225 2224/2554/2224 2216/2547/2216
f 2218/2549/2218 2226/2556/2226 2225/2555/2225 2217/2548/2217
f 2226/3023/2226 2218/3025/2218 2219/2551/2219 2227/2558/2227
f 2219/2551/2219 2220/2550/2220 2228/2557/2228 2227/2558/2227
f 2228/2557/2228 2220/2550/2220 2221/3024/2221 2229/3022/2229
f 2229/2559/2229 2221/2552/2221 2214/2722/2215 2222/2723/2223
f 2223/2553/2222 2231/2560/2230 2230/2724/2231 2222/2723/2223
f 2223/2553/2222 2224/2554/2224 2232/2561/2232 2231/2560/2230
f 2225/2555/2225 2233/2562/2233 2232/2561/2232 2224/2554/2224
f 2226/2556/2226 2234/2563/2234 2233/2562/2233 2225/2555/2225
f 2234/3021/2234 2226/3023/2226 2227/2558/2227 2235/2565/2235
f 2227/2558/2227 2228/2557/2228 2236/2564/2236 2235/2565/2235
f 2236/2564/2236 2228/2557/2228 2229/3022/2229 2237/3020/2237
f 2237/2566/2237 2229/2559/2229 2222/2723/2223 2230/2724/2231
f 2231/2560/2230 2239/2567/2238 2238/2725/2239 2230/2724/2231
f 2231/2560/2230 2232/2561/2232 2240/2568/2240 2239/2567/2238
f 2233/2562/2233 2241/2569/2241 2240/2568/2240 2232/2561/2232
f 2234/2563/2234 2242/2570/2242 2241/2569/2241 2233/2562/2233
f 2242/3019/2242 2234/3021/2234 2235/2565/2235 2243/2572/2243
f 2235/2565/2235 2236/2564/2236 2244/2571/2244 2243/2572/2243
f 2244/2571/2244 2236/2564/2236 2237/3020/2237 2245/3018/2245
f 2245/2573/2245 2237/2566/2237 2230/2724/2231 2238/2725/2239
f 2239/2567/2238 2247/2574/2246 2246/2726/2247 2238/2725/2239
f 2239/2567/2238 2240/2568/2240 2248/2575/2248 2247/2574/2246
f 2241/2569/2241 2249/2576/2249 2248/2575/2248 2240/2568/2240
f 2242/2570/2242 2250/2577/2250 2249/2576/2249 2241/2569/2241
f 2250/3017/2250 2242/3019/2242 2243/2572/2243 2251/2579/2251
f 2243/2572/2243 2244/2571/2244 2252/2578/2252 2251/2579/2251
f 2252/2578/2252 2244/2571/2244 2245/3018/2245 2253/3016/2253
f 2253/2580/2253 2245/2573/2245 2238/2725/2239 2246/2726/2247
f 2247/2574/2246 2255/2581/2254 2254/2727/2255 2246/2726/2247
f 2247/2574/2246 2248/2575/2248 2256/2582/2256 2255/2581/2254
f 2249/2576/2249 2257/2583/2257 2256/2582/2256 2248/2575/2248
f 2250/2577/2250 2258/2584/2258 2257/2583/2257 2249/2576/2249
f 2258/3015/2258 2250/3017/2250 2251/2579/2251 2259/2586/2259
f 2251/2579/2251 2252/2578/2252 2260/2585/2260 2259/2586/2259
f 2260/2585/2260 2252/2578/2252 2253/3016/2253 2261/3014/2261
f 2261/2587/2261 2253/2580/2253 2246/2726/2247 2254/2727/2255
f 2255/2581/2254 2263/2588/2262 2262/2728/2263 2254/2727/2255
f 2255/2581/2254 2256/2582/2256 2264/2589/2264 2263/2588/2262
f 2257/2583/2257 2265/2590/2265 2264/2589/2264 2256/2582/2256
f 2258/2584/2258 2266/2591/2266 2265/2590/2265 2257/2583/2257
f 2266/3013/2266 2258/3015/2258 2259/2586/2259 2267/2593/2267
f 2259/2586/2259 2260/2585/2260 2268/2592/2268 2267/2593/2267
f 2268/2592/2268 2260/2585/2260 2261/3014/2261 2269/3012/2269
f 2269/2594/2269 2261/2587/2261 2254/2727/2255 2262/2728/2263
f 2263/2588/2262 2271/2595/2270 2270/2729/2271 2262/2728/2263
f 2263/2588/2262 2264/2589/2264 2272/2596/2272 2271/2595/2270
f 2265/2590/2265 2273/2597/2273 2272/2596/2272 2264/2589/2264
f 2266/2591/2266 2274/2598/2274 2273/2597/2273 2265/2590/2265
f 2274/3011/2274 2266/3013/2266 2267/2593/2267 2275/2600/2275
f 2267/2593/2267 2268/2592/2268 2276/2599/2276 2275/2600/2275
f 2276/2599/2276 2268/2592/2268 2269/3012/2269 2277/3010/2277
f 2277/2601/2277 2269/2594/2269 2262/2728/2263 2270/2729/2271
f 2271/2595/2270 2279/2602/2278 2278/2730/2279 2270/2729/2271
f 2271/2595/2270 2272/2596/2272 2280/2603/2280 2279/2602/2278
f 2273/2597/2273 2281/2604/2281 2280/2603/2280 2272/2596/2272
f 2274/2598/2274 2282/2605/2282 2281/2604/2281 2273/2597/2273
f 2282/3009/2282 2274/3011/2274 2275/2600/2275 2283/2607/2283
f 2275/2600/2275 2276/2599/2276 2284/2606/2284 2283/2607/2283
f 2284/2606/2284 2276/2599/2276 2277/3010/2277 2285/3008/2285
f 2285/2608/2285 2277/2601/2277 2270/2729/2271 2278/2730/2279
f 2279/2602/2278 2287/2609/2286 2286/2731/2287 2278/2730/2279
f 2279/2602/2278 2280/2603/2280 2288/2610/2288 2287/2609/2286
f 2281/2604/2281 2289/2611/2289 2288/2610/2288 2280/2603/2280
f 2282/2605/2282 2290/2612/2290 2289/2611/2289 2281/2604/2281
f 2290/3007/2290 2282/3009/2282 2283/2607/2283 2291/2614/2291
f 2283/2607/2283 2284/2606/2284 2292/2613/2292 2291/2614/2291
f 2292/2613/2292 2284/2606/2284 2285/3008/2285 2293/3006/2293
f 2293/2615/2293 2285/2608/2285 2278/2730/2279 2286/2731/2287
f 2287/2609/2286 2295/2616/2294 2294/2732/2295 2286/2731/2287
f 2287/2609/2286 2288/2610/2288 2296/2617/2296 2295/2616/2294
f 2289/2611/2289 2297/2618/2297 2296/2617/2296 2288/2610/2288
f 2290/2612/2290 2298/2619/2298 2297/2618/2297 2289/2611/2289
f 2298/3005/2298 2290/3007/2290 2291/2614/2291 2299/2621/2299
f 2291/2614/2291 2292/2613/2292 2300/2620/2300 2299/2621/2299
f 2300/2620/2300 2292/2613/2292 2293/3006/2293 2301/3004/2301
f 2301/2622/2301 2293/2615/2293 2286/2731/2287 2294/2732/2295
f 2295/2616/2294 2303/2623/2302 2302/2733/2303 2294/2732/2295
f 2295/2616/2294 2296/2617/2296 2304/2624/2304 2303/2623/2302
f 2297/2618/2297 2305/2625/2305 2304/2624/2304 2296/2617/2296
f 2298/2619/2298 2306/2626/2306 2305/2625/2305 2297/2618/2297
f 2306/3003/2306 2298/3005/2298 2299/2621/2299 2307/2628/2307
f 2299/2621/2299 2300/2620/2300 2308/2627/2308 2307/2628/2307
f 2308/2627/2308 2300/2620/2300 2301/3004/2301 2309/3002/2309
f 2309/2629/2309 2301/2622/2301 2294/2732/2295 2302/2733/2303
f 2303/2623/2302 2311/2630/2310 2310/2734/2311 2302/2733/2303
f 2303/2623/2302 2304/2624/2304 2312/2631/2312 2311/2630/2310
f 2305/2625/2305 2313/2632/2313 2312/2631/2312 2304/2624/2304
f 2306/2626/2306 2314/2633/2314 2313/2632/2313 2305/2625/2305
f 2314/3001/2314 2306/3003/2306 2307/2628/2307 2315/2635/2315
f 2307/2628/2307 2308/2627/2308 2316/2634/2316 2315/2635/2315
f 2316/2634/2316 2308/2627/2308 2309/3002/2309 2317/3000/2317
f 2317/2636/2317 2309/2629/2309 2302/2733/2303 2310/2734/2311
f 2311/2630/2310 2319/2637/2318 2318/2735/2319 2310/2734/2311
f 2311/2630/2310 2312/2631/2312 2320/2638/2320 2319/2637/2318
f 2313/2632/2313 2321/2639/2321 2320/2638/2320 2312/2631/2312
f 2314/2633/2314 2322/2640/2322 2321/2639/2321 2313/2632/2313
f 2322/2994/2322 2314/3001/2314 2315/2635/2315 2323/2642/2323
f 2315/2635/2315 2316/2634/2316 2324/2641/2324 2323/2642/2323
f 2324/2641/2324 2316/2634/2316 2317/3000/2317 2325/2992/2325
f 2325/2643/2325 2317/2636/2317 2310/2734/2311 2318/2735/2319
f 2336/2644/2326 2335/2645/2327 2338/2737/2328 2337/2736/2329
f 2335/2645/2327 2334/2646/2330 2339/2738/2331 2338/2737/2328
f 2319/2637/2318 2336/2644/2326 2337/2736/2329 2318/2735/2319
f 2319/2637/2318 2320/2638/2320 2355/2647/2332 2336/2644/2326
f 2321/2639/2321 2352/2648/2333 2355/2647/2332 2320/2638/2320
f 2322/2640/2322 2349/2995/2334 2352/2648/2333 2321/2639/2321
f 2349/2649/2334 2322/2994/2322 2323/2642/2323 2346/2651/2335
f 2323/2642/2323 2324/2641/2324 2343/2650/2336 2346/2651/2335
f 2343/2650/2336 2324/2641/2324 2325/2992/2325 2340/2652/2337
f 2340/2993/2337 2325/2643/2325 2318/2735/2319 2337/2736/2329
f 2334/2646/2330 2326/2653/2338 2327/2739/2339 2339/2738/2331
f 2333/2990/2340 2342/2654/2341 2339/2738/2331 2327/2739/2339
f 2332/2998/2342 2345/2656/2343 2342/2991/2341 2333/2655/2340
f 2348/2658/2344 2345/2656/2343 2332/2998/2342 2331/2999/2345
f 2330/2988/2346 2351/2989/2347 2348/2658/2344 2331/2999/2345
f 2351/2660/2347 2330/2661/2346 2329/2663/2348 2354/2662/2349
f 2354/2662/2349 2329/2663/2348 2328/2665/2350 2357/2664/2351
f 2334/2646/2330 2357/2664/2351 2328/2665/2350 2326/2653/2338
f 2341/2997/2352 2340/2993/2337 2337/2736/2329 2338/2737/2328
f 2342/2654/2341 2341/2997/2352 2338/2737/2328 2339/2738/2331
f 2344/2667/2353 2343/2650/2336 2340/2652/2337 2341/2666/2352
f 2345/2656/2343 2344/2667/2353 2341/2666/2352 2342/2991/2341
f 2343/2650/2336 2344/2667/2353 2347/2668/2354 2346/2651/2335
f 2344/2667/2353 2345/2656/2343 2348/2658/2344 2347/2668/2354
f 2350/2996/2355 2349/2649/2334 2346/2651/2335 2347/2668/2354
f 2351/2989/2347 2350/2996/2355 2347/2668/2354 2348/2658/2344
f 2349/2995/2334 2350/2669/2355 2353/2670/2356 2352/2648/2333
f 2350/2669/2355 2351/2660/2347 2354/2662/2349 2353/2670/2356
f 2352/2648/2333 2353/2670/2356 2356/2671/2357 2355/2647/2332
f 2353/2670/2356 2354/2662/2349 2357/2664/2351 2356/2671/2357
f 2334/2646/2330 2335/2645/2327 2356/2671/2357 2357/2664/2351
f 2335/2645/2327 2336/2644/2326 2355/2647/2332 2356/2671/2357
f 2332/2657/2342 2333/2990/2340 2327/2739/2339 2326/2653/2338
f 2331/2659/2345 2332/2657/2342 2326/2653/2338 2328/2665/2350
f 2330/2661/2346 2331/2659/2345 2328/2665/2350 2329/2663/2348
f 2358/2672/2358 2199/2532/2199 2198/2720/2198 2359/2719/2359
f 2200/2534/2202 2199/2532/2199 2358/2672/2358 2360/2673/2360
f 2361/2674/2361 2201/2536/2204 2200/2534/2202 2360/2673/2360
f 2362/2675/2362 2202/2538/2206 2201/2536/2204 2361/2674/2361
f 2202/2987/2206 2362/2985/2362 2363/2676/2363 2203/2540/2208
f 2204/2541/2210 2203/2540/2208 2363/2676/2363 2364/2677/2364
f 2204/2541/2210 2364/2677/2364 2365/2678/2365 2205/2544/2212
f 2205/2986/2212 2365/2984/2365 2359/2719/2359 2198/2720/2198
f 2366/2679/2366 2358/2672/2358 2359/2719/2359 2367/2718/2367
f 2360/2673/2360 2358/2672/2358 2366/2679/2366 2368/2680/2368
f 2369/2681/2369 2361/2674/2361 2360/2673/2360 2368/2680/2368
f 2370/2682/2370 2362/2675/2362 2361/2674/2361 2369/2681/2369
f 2362/2985/2362 2370/2983/2370 2371/2683/2371 2363/2676/2363
f 2364/2677/2364 2363/2676/2363 2371/2683/2371 2372/2684/2372
f 2364/2677/2364 2372/2684/2372 2373/2685/2373 2365/2678/2365
f 2365/2984/2365 2373/2982/2373 2367/2718/2367 2359/2719/2359
f 2374/2686/2374 2366/2679/2366 2367/2718/2367 2375/2717/2375
f 2368/2680/2368 2366/2679/2366 2374/2686/2374 2376/2687/2376
f 2377/2688/2377 2369/2681/2369 2368/2680/2368 2376/2687/2376
f 2378/2689/2378 2370/2682/2370 2369/2681/2369 2377/2688/2377
f 2370/2983/2370 2378/2981/2378 2379/2690/2379 2371/2683/2371
f 2372/2684/2372 2371/2683/2371 2379/2690/2379 2380/2691/2380
f 2372/2684/2372 2380/2691/2380 2381/2692/2381 2373/2685/2373
f 2373/2982/2373 2381/2979/2381 2375/2717/2375 2367/2718/2367
f 2390/2693/2382 2374/2686/2374 2375/2717/2375 2397/2716/2383
f 2376/2687/2376 2374/2686/2374 2390/2693/2382 2391/2694/2384
f 2392/2695/2385 2377/2688/2377 2376/2687/2376 2391/2694/2384
f 2393/2977/2386 2378/2689/2378 2377/2688/2377 2392/2695/2385
f 2378/2981/2378 2393/2696/2386 2394/2697/2387 2379/2690/2379
f 2380/2691/2380 2379/2690/2379 2394/2697/2387 2395/2698/2388
f 2380/2691/2380 2395/2698/2388 2396/2699/2389 2381/2692/2381
f 2381/2979/2381 2396/2976/2389 2397/2716/2383 2375/2717/2375
f 2384/2711/2390 2387/2702/2391 2386/2700/2392 2385/2712/2393
f 2388/2978/2394 2387/2702/2391 2384/2711/2390 2382/2710/2395
f 2383/2715/2396 2389/2713/2397 2388/2978/2394 2382/2710/2395
f 2391/2694/2384 2390/2693/2382 2398/2703/2398 2399/2704/2399
f 2400/2705/2400 2392/2695/2385 2391/2694/2384 2399/2704/2399
f 2401/2974/2401 2393/2977/2386 2392/2695/2385 2400/2705/2400
f 2393/2696/2386 2401/2706/2401 2402/2707/2402 2394/2697/2387
f 2395/2698/2388 2394/2697/2387 2402/2707/2402 2403/2708/2403
f 2395/2698/2388 2403/2708/2403 2404/2709/2404 2396/2699/2389
f 2396/2976/2389 2404/2972/2404 2405/2714/2405 2397/2716/2383
f 2398/2703/2398 2390/2693/2382 2397/2716/2383 2405/2714/2405
f 2399/2704/2399 2398/2703/2398 2382/2710/2395 2384/2711/2390
f 2385/2712/2393 2400/2705/2400 2399/2704/2399 2384/2711/2390
f 2386/2700/2392 2401/2974/2401 2400/2705/2400 2385/2712/2393
f 2401/2706/2401 2386/2975/2392 2387/2980/2391 2402/2707/2402
f 2403/2708/2403 2402/2707/2402 2387/2980/2391 2388/2701/2394
f 2403/2708/2403 2388/2701/2394 2389/2973/2397 2404/2709/2404
f 2404/2972/2404 2389/2713/2397 2383/2715/2396 2405/2714/2405
f 2382/2710/2395 2398/2703/2398 2405/2714/2405 2383/2715/2396
s 4
f 2415/2740/2406 2407/2741/2407 2406/2837/2408 2414/2836/2409
f 2407/2741/2407 2415/2740/2406 2416/2742/2410 2408/2743/2411
f 2417/2744/2412 2409/2745/2413 2408/2743/2411 2416/2742/2410
f 2418/2746/2414 2410/2747/2415 2409/2745/2413 2417/2744/2412
f 2410/3051/2415 2418/3055/2414 2419/2749/2416 2411/2748/2417
f 2411/2748/2417 2419/2749/2416 2420/2750/2418 2412/2751/2419
f 2412/2751/2419 2420/2750/2418 2421/2753/2420 2413/3050/2421
f 2413/2752/2421 2421/3054/2420 2414/2836/2409 2406/2837/2408
f 2423/2754/2422 2415/2740/2406 2414/2836/2409 2422/2835/2423
f 2415/2740/2406 2423/2754/2422 2424/2755/2424 2416/2742/2410
f 2425/2756/2425 2417/2744/2412 2416/2742/2410 2424/2755/2424
f 2426/2757/2426 2418/2746/2414 2417/2744/2412 2425/2756/2425
f 2418/3055/2414 2426/3053/2426 2427/2758/2427 2419/2749/2416
f 2419/2749/2416 2427/2758/2427 2428/2759/2428 2420/2750/2418
f 2420/2750/2418 2428/2759/2428 2429/2760/2429 2421/2753/2420
f 2421/3054/2420 2429/3052/2429 2422/2835/2423 2414/2836/2409
f 2431/2761/2430 2423/2754/2422 2422/2835/2423 2430/2834/2431
f 2423/2754/2422 2431/2761/2430 2432/2762/2432 2424/2755/2424
f 2433/2763/2433 2425/2756/2425 2424/2755/2424 2432/2762/2432
f 2434/2764/2434 2426/2757/2426 2425/2756/2425 2433/2763/2433
f 2426/3053/2426 2434/3035/2434 2435/2765/2435 2427/2758/2427
f 2427/2758/2427 2435/2765/2435 2436/2766/2436 2428/2759/2428
f 2428/2759/2428 2436/2766/2436 2437/2767/2437 2429/2760/2429
f 2429/3052/2429 2437/3034/2437 2430/2834/2431 2422/2835/2423
f 2407/2741/2407 2438/2768/2438 2439/2838/2439 2406/2837/2408
f 2408/2743/2411 2440/2769/2440 2438/2768/2438 2407/2741/2407
f 2409/2745/2413 2441/2770/2441 2440/2769/2440 2408/2743/2411
f 2410/2747/2415 2442/2771/2442 2441/2770/2441 2409/2745/2413
f 2442/3049/2442 2410/3051/2415 2411/2748/2417 2443/2773/2443
f 2412/2751/2419 2444/2772/2444 2443/2773/2443 2411/2748/2417
f 2444/2772/2444 2412/2751/2419 2413/3050/2421 2445/3048/2445
f 2445/2774/2445 2413/2752/2421 2406/2837/2408 2439/2838/2439
f 2438/2768/2438 2446/2775/2446 2447/2839/2447 2439/2838/2439
f 2440/2769/2440 2448/2776/2448 2446/2775/2446 2438/2768/2438
f 2441/2770/2441 2449/2777/2449 2448/2776/2448 2440/2769/2440
f 2442/2771/2442 2450/2778/2450 2449/2777/2449 2441/2770/2441
f 2450/3047/2450 2442/3049/2442 2443/2773/2443 2451/2780/2451
f 2444/2772/2444 2452/2779/2452 2451/2780/2451 2443/2773/2443
f 2452/2779/2452 2444/2772/2444 2445/3048/2445 2453/3046/2453
f 2453/2781/2453 2445/2774/2445 2439/2838/2439 2447/2839/2447
f 2446/2775/2446 2454/2782/2454 2455/2840/2455 2447/2839/2447
f 2448/2776/2448 2456/2783/2456 2454/2782/2454 2446/2775/2446
f 2449/2777/2449 2457/2784/2457 2456/2783/2456 2448/2776/2448
f 2450/2778/2450 2458/2785/2458 2457/2784/2457 2449/2777/2449
f 2458/3045/2458 2450/3047/2450 2451/2780/2451 2459/2787/2459
f 2452/2779/2452 2460/2786/2460 2459/2787/2459 2451/2780/2451
f 2460/2786/2460 2452/2779/2452 2453/3046/2453 2461/3044/2461
f 2461/2788/2461 2453/2781/2453 2447/2839/2447 2455/2840/2455
f 2454/2782/2454 2470/2789/2462 2477/2841/2463 2455/2840/2455
f 2456/2783/2456 2471/2790/2464 2470/2789/2462 2454/2782/2454
f 2457/2784/2457 2472/2791/2465 2471/2790/2464 2456/2783/2456
f 2458/2785/2458 2473/3041/2466 2472/2791/2465 2457/2784/2457
f 2473/2792/2466 2458/3045/2458 2459/2787/2459 2474/2794/2467
f 2460/2786/2460 2475/2793/2468 2474/2794/2467 2459/2787/2459
f 2475/2793/2468 2460/2786/2460 2461/3044/2461 2476/2795/2469
f 2476/3040/2469 2461/2788/2461 2455/2840/2455 2477/2841/2463
f 2465/2808/2470 2466/2796/2471 2467/3043/2472 2464/2806/2473
f 2467/3043/2472 2468/2798/2474 2462/2807/2475 2464/2806/2473
f 2462/2807/2475 2468/2798/2474 2469/3037/2476 2463/2843/2477
f 2471/2790/2464 2479/2799/2478 2478/2800/2479 2470/2789/2462
f 2472/2791/2465 2480/2801/2480 2479/2799/2478 2471/2790/2464
f 2473/3041/2466 2481/3038/2481 2480/2801/2480 2472/2791/2465
f 2481/2802/2481 2473/2792/2466 2474/2794/2467 2482/2804/2482
f 2475/2793/2468 2483/2803/2483 2482/2804/2482 2474/2794/2467
f 2483/2803/2483 2475/2793/2468 2476/2795/2469 2484/2805/2484
f 2484/3036/2484 2476/3040/2469 2477/2841/2463 2485/2842/2485
f 2470/2789/2462 2478/2800/2479 2485/2842/2485 2477/2841/2463
f 2479/2799/2478 2464/2806/2473 2462/2807/2475 2478/2800/2479
f 2480/2801/2480 2465/2808/2470 2464/2806/2473 2479/2799/2478
f 2481/3038/2481 2466/2796/2471 2465/2808/2470 2480/2801/2480
f 2466/3039/2471 2481/2802/2481 2482/2804/2482 2467/2797/2472
f 2483/2803/2483 2468/3042/2474 2467/2797/2472 2482/2804/2482
f 2468/3042/2474 2483/2803/2483 2484/2805/2484 2469/2809/2476
f 2469/3037/2476 2484/3036/2484 2485/2842/2485 2463/2843/2477
f 2478/2800/2479 2462/2807/2475 2463/2843/2477 2485/2842/2485
f 2486/2810/2486 2431/2761/2430 2430/2834/2431 2487/2833/2487
f 2432/2762/2432 2431/2761/2430 2486/2810/2486 2488/2811/2488
f 2489/2812/2489 2433/2763/2433 2432/2762/2432 2488/2811/2488
f 2490/2813/2490 2434/2764/2434 2433/2763/2433 2489/2812/2489
f 2434/3035/2434 2490/3033/2490 2491/2814/2491 2435/2765/2435
f 2436/2766/2436 2435/2765/2435 2491/2814/2491 2492/2815/2492
f 2436/2766/2436 2492/2815/2492 2493/2816/2493 2437/2767/2437
f 2437/3034/2437 2493/3032/2493 2487/2833/2487 2430/2834/2431
f 2494/2817/2494 2486/2810/2486 2487/2833/2487 2501/2831/2495
f 2488/2811/2488 2486/2810/2486 2494/2817/2494 2495/2818/2496
f 2496/2819/2497 2489/2812/2489 2488/2811/2488 2495/2818/2496
f 2497/3030/2498 2490/2813/2490 2489/2812/2489 2496/2819/2497
f 2490/3033/2490 2497/2820/2498 2498/2821/2499 2491/2814/2491
f 2492/2815/2492 2491/2814/2491 2498/2821/2499 2499/2822/2500
f 2492/2815/2492 2499/2822/2500 2500/2823/2501 2493/2816/2493
f 2493/3032/2493 2500/3028/2501 2501/2831/2495 2487/2833/2487
f 2495/2818/2496 2494/2817/2494 2502/2824/2502 2503/2825/2503
f 2503/2825/2503 2504/2826/2504 2496/2819/2497 2495/2818/2496
f 2504/2826/2504 2505/2827/2505 2497/3030/2498 2496/2819/2497
f 2497/2820/2498 2505/3031/2505 2506/2828/2506 2498/2821/2499
f 2499/2822/2500 2498/2821/2499 2506/2828/2506 2507/2829/2507
f 2499/2822/2500 2507/2829/2507 2508/2830/2508 2500/2823/2501
f 2500/3028/2501 2508/3029/2508 2509/2832/2509 2501/2831/2495
f 2509/2832/2509 2502/2824/2502 2494/2817/2494 2501/2831/2495
s 6
f 2519/2844/2510 2510/2845/2511 2511/2849/2512 2518/2848/2513
f 2512/2846/2514 2520/2847/2515 2518/2848/2513 2511/2849/2512
f 2520/2847/2515 2512/2846/2514 2513/2851/2516 2521/2850/2517
f 2521/2850/2517 2513/2851/2516 2514/2893/2518 2522/3089/2519
f 2514/3091/2518 2515/2852/2520 2523/2853/2521 2522/2894/2519
f 2516/2854/2522 2524/2855/2523 2523/2853/2521 2515/2852/2520
f 2516/2854/2522 2517/2856/2524 2525/2857/2525 2524/2855/2523
f 2517/3090/2524 2510/2845/2511 2519/2844/2510 2525/3088/2525
f 2527/2858/2526 2519/2844/2510 2518/2848/2513 2526/2860/2527
f 2520/2847/2515 2528/2859/2528 2526/2860/2527 2518/2848/2513
f 2528/2859/2528 2520/2847/2515 2521/2850/2517 2529/2861/2529
f 2529/2861/2529 2521/2850/2517 2522/3089/2519 2530/3087/2530
f 2523/2853/2521 2531/2862/2531 2530/2895/2530 2522/2894/2519
f 2524/2855/2523 2532/2863/2532 2531/2862/2531 2523/2853/2521
f 2525/2857/2525 2533/2864/2533 2532/2863/2532 2524/2855/2523
f 2519/2844/2510 2527/2858/2526 2533/3086/2533 2525/3088/2525
f 2535/2865/2534 2527/2858/2526 2526/2860/2527 2534/2867/2535
f 2528/2859/2528 2536/2866/2536 2534/2867/2535 2526/2860/2527
f 2536/2866/2536 2528/2859/2528 2529/2861/2529 2537/2868/2537
f 2537/2868/2537 2529/2861/2529 2530/3087/2530 2538/3085/2538
f 2531/2862/2531 2539/2869/2539 2538/2896/2538 2530/2895/2530
f 2532/2863/2532 2540/2870/2540 2539/2869/2539 2531/2862/2531
f 2533/2864/2533 2541/2871/2541 2540/2870/2540 2532/2863/2532
f 2527/2858/2526 2535/2865/2534 2541/3084/2541 2533/3086/2533
f 2557/2872/2542 2535/2865/2534 2534/2867/2535 2550/2874/2543
f 2536/2866/2536 2551/2873/2544 2550/2874/2543 2534/2867/2535
f 2551/2873/2544 2536/2866/2536 2537/2868/2537 2552/2875/2545
f 2552/2875/2545 2537/2868/2537 2538/3085/2538 2553/2897/2546
f 2539/2869/2539 2554/2876/2547 2553/3083/2546 2538/2896/2538
f 2540/2870/2540 2555/2877/2548 2554/2876/2547 2539/2869/2539
f 2541/2871/2541 2556/3082/2549 2555/2877/2548 2540/2870/2540
f 2535/2865/2534 2557/2872/2542 2556/2878/2549 2541/3084/2541
f 2547/2890/2550 2544/2879/2551 2545/2889/2552 2546/3079/2553
f 2542/2880/2554 2544/2879/2551 2547/2890/2550 2548/3077/2555
f 2549/2892/2556 2543/2881/2557 2542/2880/2554 2548/3077/2555
f 2551/2873/2544 2559/2882/2558 2558/2883/2559 2550/2874/2543
f 2559/2882/2558 2551/2873/2544 2552/2875/2545 2560/2884/2560
f 2560/2884/2560 2552/2875/2545 2553/2897/2546 2561/2898/2561
f 2554/2876/2547 2562/2885/2562 2561/3081/2561 2553/3083/2546
f 2555/2877/2548 2563/2886/2563 2562/2885/2562 2554/2876/2547
f 2556/3082/2549 2564/3080/2564 2563/2886/2563 2555/2877/2548
f 2557/2872/2542 2565/2888/2565 2564/2887/2564 2556/2878/2549
f 2565/2888/2565 2557/2872/2542 2550/2874/2543 2558/2883/2559
f 2559/2882/2558 2544/2879/2551 2542/2880/2554 2558/2883/2559
f 2544/2879/2551 2559/2882/2558 2560/2884/2560 2545/2889/2552
f 2545/2889/2552 2560/2884/2560 2561/2898/2561 2546/3079/2553
f 2562/2885/2562 2547/3078/2550 2546/2899/2553 2561/3081/2561
f 2563/2886/2563 2548/2891/2555 2547/3078/2550 2562/2885/2562
f 2564/3080/2564 2549/3076/2556 2548/2891/2555 2563/2886/2563
f 2565/2888/2565 2543/2881/2557 2549/2892/2556 2564/2887/2564
f 2543/2881/2557 2565/2888/2565 2558/2883/2559 2542/2880/2554
s 8
f 2630/2900/2566 2567/2901/2567 2566/2965/2568 2637/2963/2569
f 2567/2901/2567 2630/2900/2566 2631/2902/2570 2568/2903/2571
f 2632/2904/2572 2569/2905/2573 2568/2903/2571 2631/2902/2570
f 2633/3058/2574 2570/2907/2575 2569/2905/2573 2632/2904/2572
f 2570/3075/2575 2633/2906/2574 2634/2909/2576 2571/2908/2577
f 2571/2908/2577 2634/2909/2576 2635/2910/2578 2572/2911/2579
f 2572/2911/2579 2635/2910/2578 2636/2913/2580 2573/3074/2581
f 2573/2912/2581 2636/3056/2580 2637/2963/2569 2566/2965/2568
f 2567/2901/2567 2582/2914/2582 2583/2966/2583 2566/2965/2568
f 2568/2903/2571 2584/2915/2584 2582/2914/2582 2567/2901/2567
f 2569/2905/2573 2585/2916/2585 2584/2915/2584 2568/2903/2571
f 2570/2907/2575 2586/2917/2586 2585/2916/2585 2569/2905/2573
f 2586/3073/2586 2570/3075/2575 2571/2908/2577 2587/2919/2587
f 2572/2911/2579 2588/2918/2588 2587/2919/2587 2571/2908/2577
f 2588/2918/2588 2572/2911/2579 2573/3074/2581 2589/3072/2589
f 2589/2920/2589 2573/2912/2581 2566/2965/2568 2583/2966/2583
f 2582/2914/2582 2590/2921/2590 2591/2967/2591 2583/2966/2583
f 2584/2915/2584 2592/2922/2592 2590/2921/2590 2582/2914/2582
f 2585/2916/2585 2593/2923/2593 2592/2922/2592 2584/2915/2584
f 2586/2917/2586 2594/2924/2594 2593/2923/2593 2585/2916/2585
f 2594/3071/2594 2586/3073/2586 2587/2919/2587 2595/2926/2595
f 2588/2918/2588 2596/2925/2596 2595/2926/2595 2587/2919/2587
f 2596/2925/2596 2588/2918/2588 2589/3072/2589 2597/3070/2597
f 2597/2927/2597 2589/2920/2589 2583/2966/2583 2591/2967/2591
f 2590/2921/2590 2598/2928/2598 2599/2968/2599 2591/2967/2591
f 2592/2922/2592 2600/2929/2600 2598/2928/2598 2590/2921/2590
f 2593/2923/2593 2601/2930/2601 2600/2929/2600 2592/2922/2592
f 2594/2924/2594 2602/2931/2602 2601/2930/2601 2593/2923/2593
f 2602/3069/2602 2594/3071/2594 2595/2926/2595 2603/2933/2603
f 2596/2925/2596 2604/2932/2604 2603/2933/2603 2595/2926/2595
f 2604/2932/2604 2596/2925/2596 2597/3070/2597 2605/3068/2605
f 2605/2934/2605 2597/2927/2597 2591/2967/2591 2599/2968/2599
f 2598/2928/2598 2614/2935/2606 2621/2969/2607 2599/2968/2599
f 2600/2929/2600 2615/2936/2608 2614/2935/2606 2598/2928/2598
f 2601/2930/2601 2616/2937/2609 2615/2936/2608 2600/2929/2600
f 2602/2931/2602 2617/3065/2610 2616/2937/2609 2601/2930/2601
f 2617/2938/2610 2602/3069/2602 2603/2933/2603 2618/2940/2611
f 2604/2932/2604 2619/2939/2612 2618/2940/2611 2603/2933/2603
f 2619/2939/2612 2604/2932/2604 2605/3068/2605 2620/2941/2613
f 2620/3064/2613 2605/2934/2605 2599/2968/2599 2621/2969/2607
f 2609/2954/2614 2610/2942/2615 2611/3067/2616 2608/2952/2617
f 2611/3067/2616 2612/2944/2618 2606/2953/2619 2608/2952/2617
f 2606/2953/2619 2612/2944/2618 2613/3061/2620 2607/2971/2621
f 2615/2936/2608 2623/2945/2622 2622/2946/2623 2614/2935/2606
f 2616/2937/2609 2624/2947/2624 2623/2945/2622 2615/2936/2608
f 2617/3065/2610 2625/3062/2625 2624/2947/2624 2616/2937/2609
f 2625/2948/2625 2617/2938/2610 2618/2940/2611 2626/2950/2626
f 2619/2939/2612 2627/2949/2627 2626/2950/2626 2618/2940/2611
f 2627/2949/2627 2619/2939/2612 2620/2941/2613 2628/2951/2628
f 2628/3060/2628 2620/3064/2613 2621/2969/2607 2629/2970/2629
f 2614/2935/2606 2622/2946/2623 2629/2970/2629 2621/2969/2607
f 2623/2945/2622 2608/2952/2617 2606/2953/2619 2622/2946/2623
f 2624/2947/2624 2609/2954/2614 2608/2952/2617 2623/2945/2622
f 2625/3062/2625 2610/2942/2615 2609/2954/2614 2624/2947/2624
f 2610/3063/2615 2625/2948/2625 2626/2950/2626 2611/2943/2616
f 2627/2949/2627 2612/3066/2618 2611/2943/2616 2626/2950/2626
f 2612/3066/2618 2627/2949/2627 2628/2951/2628 2613/2955/2620
f 2613/3061/2620 2628/3060/2628 2629/2970/2629 2607/2971/2621
f 2622/2946/2623 2606/2953/2619 2607/2971/2621 2629/2970/2629
f 2631/2902/2570 2630/2900/2566 2575/2956/2630 2576/2957/2631
f 2576/2957/2631 2577/2958/2632 2632/2904/2572 2631/2902/2570
f 2577/2958/2632 2578/2959/2633 2633/3058/2574 2632/2904/2572
f 2633/2906/2574 2578/3059/2633 2579/2960/2634 2634/2909/2576
f 2635/2910/2578 2634/2909/2576 2579/2960/2634 2580/2961/2635
f 2635/2910/2578 2580/2961/2635 2581/2962/2636 2636/2913/2580
f 2636/3056/2580 2581/3057/2636 2574/2964/2637 2637/2963/2569
f 2574/2964/2637 2575/2956/2630 2630/2900/2566 2637/2963/2569
s 10
f 2638/3092/2638 2646/3095/2639 2647/3094/2640 2639/3093/2641
f 2639/3093/2641 2647/3094/2640 2648/3097/2642 2640/3096/2643
f 2640/3096/2643 2648/3097/2642 2649/3099/2644 2641/3098/2645
f 2641/3098/2645 2649/3099/2644 2650/3101/2646 2642/3100/2647
f 2650/3102/2646 2651/3105/2648 2643/3104/2649 2642/3103/2647
f 2643/3104/2649 2651/3105/2648 2652/3107/2650 2644/3106/2651
f 2652/3107/2650 2653/3109/2652 2645/3108/2653 2644/3106/2651
f 2653/3110/2652 2646/3095/2639 2638/3092/2638 2645/3111/2653
f 2647/3094/2640 2646/3095/2639 2654/3113/2654 2655/3112/2655
f 2647/3094/2640 2655/3112/2655 2656/3114/2656 2648/3097/2642
f 2649/3099/2644 2648/3097/2642 2656/3114/2656 2657/3115/2657
f 2650/3101/2646 2649/3099/2644 2657/3115/2657 2658/3116/2658
f 2658/3117/2658 2659/3118/2659 2651/3105/2648 2650/3102/2646
f 2651/3105/2648 2659/3118/2659 2660/3119/2660 2652/3107/2650
f 2660/3119/2660 2661/3120/2661 2653/3109/2652 2652/3107/2650
f 2661/3121/2661 2654/3113/2654 2646/3095/2639 2653/3110/2652
f 2655/3112/2655 2654/3113/2654 2662/3123/2662 2663/3122/2663
f 2655/3112/2655 2663/3122/2663 2664/3124/2664 2656/3114/2656
f 2657/3115/2657 2656/3114/2656 2664/3124/2664 2665/3125/2665
f 2658/3116/2658 2657/3115/2657 2665/3125/2665 2666/3126/2666
f 2666/3127/2666 2667/3128/2667 2659/3118/2659 2658/3117/2658
f 2659/3118/2659 2667/3128/2667 2668/3129/2668 2660/3119/2660
f 2668/3129/2668 2669/3130/2669 2661/3120/2661 2660/3119/2660
f 2669/3131/2669 2662/3123/2662 2654/3113/2654 2661/3121/2661
f 2663/3122/2663 2662/3123/2662 2670/3133/2670 2671/3132/2671
f 2663/3122/2663 2671/3132/2671 2672/3134/2672 2664/3124/2664
f 2665/3125/2665 2664/3124/2664 2672/3134/2672 2673/3135/2673
f 2666/3126/2666 2665/3125/2665 2673/3135/2673 2674/3136/2674
f 2674/3137/2674 2675/3138/2675 2667/3128/2667 2666/3127/2666
f 2667/3128/2667 2675/3138/2675 2676/3139/2676 2668/3129/2668
f 2676/3139/2676 2677/3140/2677 2669/3130/2669 2668/3129/2668
f 2677/3141/2677 2670/3133/2670 2662/3123/2662 2669/3131/2669
f 2671/3132/2671 2670/3133/2670 2678/3143/2678 2679/3142/2679
f 2671/3132/2671 2679/3142/2679 2680/3144/2680 2672/3134/2672
f 2673/3135/2673 2672/3134/2672 2680/3144/2680 2681/3145/2681
f 2674/3136/2674 2673/3135/2673 2681/3145/2681 2682/3146/2682
f 2682/3147/2682 2683/3148/2683 2675/3138/2675 2674/3137/2674
f 2675/3138/2675 2683/3148/2683 2684/3149/2684 2676/3139/2676
f 2684/3149/2684 2685/3150/2685 2677/3140/2677 2676/3139/2676
f 2685/3151/2685 2678/3143/2678 2670/3133/2670 2677/3141/2677
f 2679/3142/2679 2678/3143/2678 2686/3153/2686 2687/3152/2687
f 2679/3142/2679 2687/3152/2687 2688/3154/2688 2680/3144/2680
f 2681/3145/2681 2680/3144/2680 2688/3154/2688 2689/3155/2689
f 2682/3146/2682 2681/3145/2681 2689/3155/2689 2690/3156/2690
f 2690/3157/2690 2691/3158/2691 2683/3148/2683 2682/3147/2682
f 2683/3148/2683 2691/3158/2691 2692/3159/2692 2684/3149/2684
f 2692/3159/2692 2693/3160/2693 2685/3150/2685 2684/3149/2684
f 2693/3161/2693 2686/3153/2686 2678/3143/2678 2685/3151/2685
f 2687/3152/2687 2686/3153/2686 2694/3163/2694 2695/3162/2695
f 2687/3152/2687 2695/3162/2695 2696/3164/2696 2688/3154/2688
f 2689/3155/2689 2688/3154/2688 2696/3164/2696 2697/3165/2697
f 2690/3156/2690 2689/3155/2689 2697/3165/2697 2698/3166/2698
f 2698/3167/2698 2699/3168/2699 2691/3158/2691 2690/3157/2690
f 2691/3158/2691 2699/3168/2699 2700/3169/2700 2692/3159/2692
f 2700/3169/2700 2701/3170/2701 2693/3160/2693 2692/3159/2692
f 2701/3171/2701 2694/3163/2694 2686/3153/2686 2693/3161/2693
f 2695/3162/2695 2694/3163/2694 2702/3173/2702 2703/3172/2703
f 2695/3162/2695 2703/3172/2703 2704/3174/2704 2696/3164/2696
f 2697/3165/2697 2696/3164/2696 2704/3174/2704 2705/3175/2705
f 2698/3166/2698 2697/3165/2697 2705/3175/2705 2706/3176/2706
f 2706/3177/2706 2707/3178/2707 2699/3168/2699 2698/3167/2698
f 2699/3168/2699 2707/3178/2707 2708/3179/2708 2700/3169/2700
f 2708/3179/2708 2709/3180/2709 2701/3170/2701 2700/3169/2700
f 2709/3181/2709 2702/3173/2702 2694/3163/2694 2701/3171/2701
f 2703/3172/2703 2702/3173/2702 2710/3183/2710 2711/3182/2711
f 2703/3172/2703 2711/3182/2711 2712/3184/2712 2704/3174/2704
f 2705/3175/2705 2704/3174/2704 2712/3184/2712 2713/3185/2713
f 2706/3176/2706 2705/3175/2705 2713/3185/2713 2714/3186/2714
f 2714/3187/2714 2715/3188/2715 2707/3178/2707 2706/3177/2706
f 2707/3178/2707 2715/3188/2715 2716/3189/2716 2708/3179/2708
f 2716/3189/2716 2717/3190/2717 2709/3180/2709 2708/3179/2708
f 2717/3191/2717 2710/3183/2710 2702/3173/2702 2709/3181/2709
f 2711/3182/2711 2710/3183/2710 2718/3193/2718 2719/3192/2719
f 2711/3182/2711 2719/3192/2719 2720/3194/2720 2712/3184/2712
f 2713/3185/2713 2712/3184/2712 2720/3194/2720 2721/3195/2721
f 2714/3186/2714 2713/3185/2713 2721/3195/2721 2722/3196/2722
f 2722/3197/2722 2723/3198/2723 2715/3188/2715 2714/3187/2714
f 2715/3188/2715 2723/3198/2723 2724/3199/2724 2716/3189/2716
f 2724/3199/2724 2725/3200/2725 2717/3190/2717 2716/3189/2716
f 2725/3201/2725 2718/3193/2718 2710/3183/2710 2717/3191/2717
f 2719/3192/2719 2718/3193/2718 2726/3203/2726 2727/3202/2727
f 2719/3192/2719 2727/3202/2727 2728/3204/2728 2720/3194/2720
f 2721/3195/2721 2720/3194/2720 2728/3204/2728 2729/3205/2729
f 2722/3196/2722 2721/3195/2721 2729/3205/2729 2730/3206/2730
f 2730/3207/2730 2731/3208/2731 2723/3198/2723 2722/3197/2722
f 2723/3198/2723 2731/3208/2731 2732/3209/2732 2724/3199/2724
f 2732/3209/2732 2733/3210/2733 2725/3200/2725 2724/3199/2724
f 2733/3211/2733 2726/3203/2726 2718/3193/2718 2725/3201/2725
f 2727/3202/2727 2726/3203/2726 2734/3213/2734 2735/3212/2735
f 2727/3202/2727 2735/3212/2735 2736/3214/2736 2728/3204/2728
f 2729/3205/2729 2728/3204/2728 2736/3214/2736 2737/3215/2737
f 2730/3206/2730 2729/3205/2729 2737/3215/2737 2738/3216/2738
f 2738/3217/2738 2739/3218/2739 2731/3208/2731 2730/3207/2730
f 2731/3208/2731 2739/3218/2739 2740/3219/2740 2732/3209/2732
f 2740/3219/2740 2741/3220/2741 2733/3210/2733 2732/3209/2732
f 2741/3221/2741 2734/3213/2734 2726/3203/2726 2733/3211/2733
f 2735/3212/2735 2734/3213/2734 2742/3223/2742 2743/3222/2743
f 2735/3212/2735 2743/3222/2743 2744/3224/2744 2736/3214/2736
f 2737/3215/2737 2736/3214/2736 2744/3224/2744 2745/3225/2745
f 2738/3216/2738 2737/3215/2737 2745/3225/2745 2746/3226/2746
f 2746/3227/2746 2747/3228/2747 2739/3218/2739 2738/3217/2738
f 2739/3218/2739 2747/3228/2747 2748/3229/2748 2740/3219/2740
f 2748/3229/2748 2749/3230/2749 2741/3220/2741 2740/3219/2740
f 2749/3231/2749 2742/3223/2742 2734/3213/2734 2741/3221/2741
f 2743/3222/2743 2742/3223/2742 2750/3233/2750 2751/3232/2751
f 2743/3222/2743 2751/3232/2751 2752/3234/2752 2744/3224/2744
f 2745/3225/2745 2744/3224/2744 2752/3234/2752 2753/3235/2753
f 2746/3226/2746 2745/3225/2745 2753/3235/2753 2754/3236/2754
f 2754/3237/2754 2755/3238/2755 2747/3228/2747 2746/3227/2746
f 2747/3228/2747 2755/3238/2755 2756/3239/2756 2748/3229/2748
f 2756/3239/2756 2757/3240/2757 2749/3230/2749 2748/3229/2748
f 2757/3241/2757 2750/3233/2750 2742/3223/2742 2749/3231/2749
f 2751/3232/2751 2750/3233/2750 2758/3243/2758 2759/3242/2759
f 2751/3232/2751 2759/3242/2759 2760/3244/2760 2752/3234/2752
f 2753/3235/2753 2752/3234/2752 2760/3244/2760 2761/3245/2761
f 2754/3236/2754 2753/3235/2753 2761/3245/2761 2762/3246/2762
f 2762/3247/2762 2763/3248/2763 2755/3238/2755 2754/3237/2754
f 2755/3238/2755 2763/3248/2763 2764/3249/2764 2756/3239/2756
f 2764/3249/2764 2765/3250/2765 2757/3240/2757 2756/3239/2756
f 2765/3251/2765 2758/3243/2758 2750/3233/2750 2757/3241/2757
f 2776/3252/2766 2777/3255/2767 2778/3254/2768 2775/3253/2769
f 2775/3253/2769 2778/3254/2768 2779/3257/2770 2774/3256/2771
f 2759/3242/2759 2758/3243/2758 2777/3255/2767 2776/3252/2766
f 2759/3242/2759 2776/3252/2766 2795/3258/2772 2760/3244/2760
f 2761/3245/2761 2760/3244/2760 2795/3258/2772 2792/3259/2773
f 2762/3246/2762 2761/3245/2761 2792/3259/2773 2789/3260/2774
f 2789/3261/2774 2786/3262/2775 2763/3248/2763 2762/3247/2762
f 2763/3248/2763 2786/3262/2775 2783/3263/2776 2764/3249/2764
f 2783/3263/2776 2780/3264/2777 2765/3250/2765 2764/3249/2764
f 2780/3265/2777 2777/3255/2767 2758/3243/2758 2765/3251/2765
f 2774/3256/2771 2779/3257/2770 2767/3267/2778 2766/3266/2779
f 2773/3268/2780 2767/3267/2778 2779/3257/2770 2782/3269/2781
f 2772/3270/2782 2773/3273/2780 2782/3272/2781 2785/3271/2783
f 2788/3274/2784 2771/3275/2785 2772/3270/2782 2785/3271/2783
f 2770/3276/2786 2771/3275/2785 2788/3274/2784 2791/3277/2787
f 2791/3278/2787 2794/3281/2788 2769/3280/2789 2770/3279/2786
f 2794/3281/2788 2797/3283/2790 2768/3282/2791 2769/3280/2789
f 2774/3256/2771 2766/3266/2779 2768/3282/2791 2797/3283/2790
f 2781/3284/2792 2778/3254/2768 2777/3255/2767 2780/3265/2777
f 2782/3269/2781 2779/3257/2770 2778/3254/2768 2781/3284/2792
f 2784/3285/2793 2781/3286/2792 2780/3264/2777 2783/3263/2776
f 2785/3271/2783 2782/3272/2781 2781/3286/2792 2784/3285/2793
f 2783/3263/2776 2786/3262/2775 2787/3287/2794 2784/3285/2793
f 2784/3285/2793 2787/3287/2794 2788/3274/2784 2785/3271/2783
f 2790/3288/2795 2787/3287/2794 2786/3262/2775 2789/3261/2774
f 2791/3277/2787 2788/3274/2784 2787/3287/2794 2790/3288/2795
f 2789/3260/2774 2792/3259/2773 2793/3290/2796 2790/3289/2795
f 2790/3289/2795 2793/3290/2796 2794/3281/2788 2791/3278/2787
f 2792/3259/2773 2795/3258/2772 2796/3291/2797 2793/3290/2796
f 2793/3290/2796 2796/3291/2797 2797/3283/2790 2794/3281/2788
f 2774/3256/2771 2797/3283/2790 2796/3291/2797 2775/3253/2769
f 2775/3253/2769 2796/3291/2797 2795/3258/2772 2776/3252/2766
f 2772/3292/2782 2766/3266/2779 2767/3267/2778 2773/3268/2780
f 2771/3293/2785 2768/3282/2791 2766/3266/2779 2772/3292/2782
f 2770/3279/2786 2769/3280/2789 2768/3282/2791 2771/3293/2785
f 2798/3294/2798 2799/3295/2799 2638/3092/2638 2639/3093/2641
f 2640/3096/2643 2800/3296/2800 2798/3294/2798 2639/3093/2641
f 2801/3297/2801 2800/3296/2800 2640/3096/2643 2641/3098/2645
f 2802/3298/2802 2801/3297/2801 2641/3098/2645 2642/3100/2647
f 2642/3103/2647 2643/3104/2649 2803/3300/2803 2802/3299/2802
f 2644/3106/2651 2804/3301/2804 2803/3300/2803 2643/3104/2649
f 2644/3106/2651 2645/3108/2653 2805/3302/2805 2804/3301/2804
f 2645/3111/2653 2638/3092/2638 2799/3295/2799 2805/3303/2805
f 2806/3304/2806 2807/3305/2807 2799/3295/2799 2798/3294/2798
f 2800/3296/2800 2808/3306/2808 2806/3304/2806 2798/3294/2798
f 2809/3307/2809 2808/3306/2808 2800/3296/2800 2801/3297/2801
f 2810/3308/2810 2809/3307/2809 2801/3297/2801 2802/3298/2802
f 2802/3299/2802 2803/3300/2803 2811/3310/2811 2810/3309/2810
f 2804/3301/2804 2812/3311/2812 2811/3310/2811 2803/3300/2803
f 2804/3301/2804 2805/3302/2805 2813/3312/2813 2812/3311/2812
f 2805/3303/2805 2799/3295/2799 2807/3305/2807 2813/3313/2813
f 2814/3314/2814 2815/3315/2815 2807/3305/2807 2806/3304/2806
f 2808/3306/2808 2816/3316/2816 2814/3314/2814 2806/3304/2806
f 2817/3317/2817 2816/3316/2816 2808/3306/2808 2809/3307/2809
f 2818/3318/2818 2817/3317/2817 2809/3307/2809 2810/3308/2810
f 2810/3309/2810 2811/3310/2811 2819/3320/2819 2818/3319/2818
f 2812/3311/2812 2820/3321/2820 2819/3320/2819 2811/3310/2811
f 2812/3311/2812 2813/3312/2813 2821/3322/2821 2820/3321/2820
f 2813/3313/2813 2807/3305/2807 2815/3315/2815 2821/3323/2821
f 2830/3324/2822 2837/3325/2823 2815/3315/2815 2814/3314/2814
f 2816/3316/2816 2831/3326/2824 2830/3324/2822 2814/3314/2814
f 2832/3327/2825 2831/3326/2824 2816/3316/2816 2817/3317/2817
f 2833/3328/2826 2832/3327/2825 2817/3317/2817 2818/3318/2818
f 2818/3319/2818 2819/3320/2819 2834/3330/2827 2833/3329/2826
f 2820/3321/2820 2835/3331/2828 2834/3330/2827 2819/3320/2819
f 2820/3321/2820 2821/3322/2821 2836/3332/2829 2835/3331/2828
f 2821/3323/2821 2815/3315/2815 2837/3325/2823 2836/3333/2829
f 2824/3334/2830 2825/3337/2831 2826/3336/2832 2827/3335/2833
f 2828/3338/2834 2822/3339/2835 2824/3334/2830 2827/3335/2833
f 2823/3340/2836 2822/3339/2835 2828/3338/2834 2829/3341/2837
f 2831/3326/2824 2839/3343/2838 2838/3342/2839 2830/3324/2822
f 2840/3344/2840 2839/3343/2838 2831/3326/2824 2832/3327/2825
f 2841/3345/2841 2840/3344/2840 2832/3327/2825 2833/3328/2826
f 2833/3329/2826 2834/3330/2827 2842/3347/2842 2841/3346/2841
f 2835/3331/2828 2843/3348/2843 2842/3347/2842 2834/3330/2827
f 2835/3331/2828 2836/3332/2829 2844/3349/2844 2843/3348/2843
f 2836/3333/2829 2837/3325/2823 2845/3351/2845 2844/3350/2844
f 2838/3342/2839 2845/3351/2845 2837/3325/2823 2830/3324/2822
f 2839/3343/2838 2824/3334/2830 2822/3339/2835 2838/3342/2839
f 2825/3337/2831 2824/3334/2830 2839/3343/2838 2840/3344/2840
f 2826/3336/2832 2825/3337/2831 2840/3344/2840 2841/3345/2841
f 2841/3346/2841 2842/3347/2842 2827/3353/2833 2826/3352/2832
f 2843/3348/2843 2828/3354/2834 2827/3353/2833 2842/3347/2842
f 2843/3348/2843 2844/3349/2844 2829/3355/2837 2828/3354/2834
f 2844/3350/2844 2845/3351/2845 2823/3340/2836 2829/3341/2837
f 2822/3339/2835 2823/3340/2836 2845/3351/2845 2838/3342/2839
s 12
f 2855/3356/2846 2854/3359/2847 2846/3358/2848 2847/3357/2849
f 2847/3357/2849 2848/3361/2850 2856/3360/2851 2855/3356/2846
f 2857/3362/2852 2856/3360/2851 2848/3361/2850 2849/3363/2853
f 2858/3364/2854 2857/3362/2852 2849/3363/2853 2850/3365/2855
f 2850/3366/2855 2851/3369/2856 2859/3368/2857 2858/3367/2854
f 2851/3369/2856 2852/3371/2858 2860/3370/2859 2859/3368/2857
f 2852/3371/2858 2853/3373/2860 2861/3372/2861 2860/3370/2859
f 2853/3374/2860 2846/3358/2848 2854/3359/2847 2861/3375/2861
f 2863/3376/2862 2862/3377/2863 2854/3359/2847 2855/3356/2846
f 2855/3356/2846 2856/3360/2851 2864/3378/2864 2863/3376/2862
f 2865/3379/2865 2864/3378/2864 2856/3360/2851 2857/3362/2852
f 2866/3380/2866 2865/3379/2865 2857/3362/2852 2858/3364/2854
f 2858/3367/2854 2859/3368/2857 2867/3382/2867 2866/3381/2866
f 2859/3368/2857 2860/3370/2859 2868/3383/2868 2867/3382/2867
f 2860/3370/2859 2861/3372/2861 2869/3384/2869 2868/3383/2868
f 2861/3375/2861 2854/3359/2847 2862/3377/2863 2869/3385/2869
f 2871/3386/2870 2870/3387/2871 2862/3377/2863 2863/3376/2862
f 2863/3376/2862 2864/3378/2864 2872/3388/2872 2871/3386/2870
f 2873/3389/2873 2872/3388/2872 2864/3378/2864 2865/3379/2865
f 2874/3390/2874 2873/3389/2873 2865/3379/2865 2866/3380/2866
f 2866/3381/2866 2867/3382/2867 2875/3392/2875 2874/3391/2874
f 2867/3382/2867 2868/3383/2868 2876/3393/2876 2875/3392/2875
f 2868/3383/2868 2869/3384/2869 2877/3394/2877 2876/3393/2876
f 2869/3385/2869 2862/3377/2863 2870/3387/2871 2877/3395/2877
f 2847/3357/2849 2846/3358/2848 2879/3397/2878 2878/3396/2879
f 2848/3361/2850 2847/3357/2849 2878/3396/2879 2880/3398/2880
f 2849/3363/2853 2848/3361/2850 2880/3398/2880 2881/3399/2881
f 2850/3365/2855 2849/3363/2853 2881/3399/2881 2882/3400/2882
f 2882/3401/2882 2883/3402/2883 2851/3369/2856 2850/3366/2855
f 2852/3371/2858 2851/3369/2856 2883/3402/2883 2884/3403/2884
f 2884/3403/2884 2885/3404/2885 2853/3373/2860 2852/3371/2858
f 2885/3405/2885 2879/3397/2878 2846/3358/2848 2853/3374/2860
f 2878/3396/2879 2879/3397/2878 2887/3407/2886 2886/3406/2887
f 2880/3398/2880 2878/3396/2879 2886/3406/2887 2888/3408/2888
f 2881/3399/2881 2880/3398/2880 2888/3408/2888 2889/3409/2889
f 2882/3400/2882 2881/3399/2881 2889/3409/2889 2890/3410/2890
f 2890/3411/2890 2891/3412/2891 2883/3402/2883 2882/3401/2882
f 2884/3403/2884 2883/3402/2883 2891/3412/2891 2892/3413/2892
f 2892/3413/2892 2893/3414/2893 2885/3404/2885 2884/3403/2884
f 2893/3415/2893 2887/3407/2886 2879/3397/2878 2885/3405/2885
f 2886/3406/2887 2887/3407/2886 2895/3417/2894 2894/3416/2895
f 2888/3408/2888 2886/3406/2887 2894/3416/2895 2896/3418/2896
f 2889/3409/2889 2888/3408/2888 2896/3418/2896 2897/3419/2897
f 2890/3410/2890 2889/3409/2889 2897/3419/2897 2898/3420/2898
f 2898/3421/2898 2899/3422/2899 2891/3412/2891 2890/3411/2890
f 2892/3413/2892 2891/3412/2891 2899/3422/2899 2900/3423/2900
f 2900/3423/2900 2901/3424/2901 2893/3414/2893 2892/3413/2892
f 2901/3425/2901 2895/3417/2894 2887/3407/2886 2893/3415/2893
f 2894/3416/2895 2895/3417/2894 2917/3427/2902 2910/3426/2903
f 2896/3418/2896 2894/3416/2895 2910/3426/2903 2911/3428/2904
f 2897/3419/2897 2896/3418/2896 2911/3428/2904 2912/3429/2905
f 2898/3420/2898 2897/3419/2897 2912/3429/2905 2913/3430/2906
f 2913/3431/2906 2914/3432/2907 2899/3422/2899 2898/3421/2898
f 2900/3423/2900 2899/3422/2899 2914/3432/2907 2915/3433/2908
f 2915/3433/2908 2916/3434/2909 2901/3424/2901 2900/3423/2900
f 2916/3435/2909 2917/3427/2902 2895/3417/2894 2901/3425/2901
f 2905/3436/2910 2904/3439/2911 2907/3438/2912 2906/3437/2913
f 2907/3438/2912 2904/3439/2911 2902/3441/2914 2908/3440/2915
f 2902/3441/2914 2903/3443/2916 2909/3442/2917 2908/3440/2915
f 2911/3428/2904 2910/3426/2903 2918/3445/2918 2919/3444/2919
f 2912/3429/2905 2911/3428/2904 2919/3444/2919 2920/3446/2920
f 2913/3430/2906 2912/3429/2905 2920/3446/2920 2921/3447/2921
f 2921/3448/2921 2922/3449/2922 2914/3432/2907 2913/3431/2906
f 2915/3433/2908 2914/3432/2907 2922/3449/2922 2923/3450/2923
f 2923/3450/2923 2924/3451/2924 2916/3434/2909 2915/3433/2908
f 2924/3452/2924 2925/3453/2925 2917/3427/2902 2916/3435/2909
f 2910/3426/2903 2917/3427/2902 2925/3453/2925 2918/3445/2918
f 2919/3444/2919 2918/3445/2918 2902/3441/2914 2904/3439/2911
f 2920/3446/2920 2919/3444/2919 2904/3439/2911 2905/3436/2910
f 2921/3447/2921 2920/3446/2920 2905/3436/2910 2906/3437/2913
f 2906/3454/2913 2907/3455/2912 2922/3449/2922 2921/3448/2921
f 2923/3450/2923 2922/3449/2922 2907/3455/2912 2908/3456/2915
f 2908/3456/2915 2909/3457/2917 2924/3451/2924 2923/3450/2923
f 2909/3442/2917 2903/3443/2916 2925/3453/2925 2924/3452/2924
f 2918/3445/2918 2925/3453/2925 2903/3443/2916 2902/3441/2914
f 2926/3458/2926 2927/3459/2927 2870/3387/2871 2871/3386/2870
f 2872/3388/2872 2928/3460/2928 2926/3458/2926 2871/3386/2870
f 2929/3461/2929 2928/3460/2928 2872/3388/2872 2873/3389/2873
f 2930/3462/2930 2929/3461/2929 2873/3389/2873 2874/3390/2874
f 2874/3391/2874 2875/3392/2875 2931/3464/2931 2930/3463/2930
f 2876/3393/2876 2932/3465/2932 2931/3464/2931 2875/3392/2875
f 2876/3393/2876 2877/3394/2877 2933/3466/2933 2932/3465/2932
f 2877/3395/2877 2870/3387/2871 2927/3459/2927 2933/3467/2933
f 2934/3468/2934 2941/3469/2935 2927/3459/2927 2926/3458/2926
f 2928/3460/2928 2935/3470/2936 2934/3468/2934 2926/3458/2926
f 2936/3471/2937 2935/3470/2936 2928/3460/2928 2929/3461/2929
f 2937/3472/2938 2936/3471/2937 2929/3461/2929 2930/3462/2930
f 2930/3463/2930 2931/3464/2931 2938/3474/2939 2937/3473/2938
f 2932/3465/2932 2939/3475/2940 2938/3474/2939 2931/3464/2931
f 2932/3465/2932 2933/3466/2933 2940/3476/2941 2939/3475/2940
f 2933/3467/2933 2927/3459/2927 2941/3469/2935 2940/3477/2941
f 2935/3470/2936 2943/3479/2942 2942/3478/2943 2934/3468/2934
f 2943/3479/2942 2935/3470/2936 2936/3471/2937 2944/3480/2944
f 2944/3480/2944 2936/3471/2937 2937/3472/2938 2945/3481/2945
f 2937/3473/2938 2938/3474/2939 2946/3483/2946 2945/3482/2945
f 2939/3475/2940 2947/3484/2947 2946/3483/2946 2938/3474/2939
f 2939/3475/2940 2940/3476/2941 2948/3485/2948 2947/3484/2947
f 2940/3477/2941 2941/3469/2935 2949/3487/2949 2948/3486/2948
f 2949/3487/2949 2941/3469/2935 2934/3468/2934 2942/3478/2943
s 14
f 2959/3488/2950 2958/3491/2951 2951/3490/2952 2950/3489/2953
f 2952/3492/2954 2951/3490/2952 2958/3491/2951 2960/3493/2955
f 2960/3493/2955 2961/3495/2956 2953/3494/2957 2952/3492/2954
f 2961/3495/2956 2962/3497/2958 2954/3496/2959 2953/3494/2957
f 2954/3498/2959 2962/3501/2958 2963/3500/2960 2955/3499/2961
f 2956/3502/2962 2955/3499/2961 2963/3500/2960 2964/3503/2963
f 2956/3502/2962 2964/3503/2963 2965/3505/2964 2957/3504/2965
f 2957/3506/2965 2965/3507/2964 2959/3488/2950 2950/3489/2953
f 2967/3508/2966 2966/3509/2967 2958/3491/2951 2959/3488/2950
f 2960/3493/2955 2958/3491/2951 2966/3509/2967 2968/3510/2968
f 2968/3510/2968 2969/3511/2969 2961/3495/2956 2960/3493/2955
f 2969/3511/2969 2970/3512/2970 2962/3497/2958 2961/3495/2956
f 2963/3500/2960 2962/3501/2958 2970/3514/2970 2971/3513/2971
f 2964/3503/2963 2963/3500/2960 2971/3513/2971 2972/3515/2972
f 2965/3505/2964 2964/3503/2963 2972/3515/2972 2973/3516/2973
f 2959/3488/2950 2965/3507/2964 2973/3517/2973 2967/3508/2966
f 2975/3518/2974 2974/3519/2975 2966/3509/2967 2967/3508/2966
f 2968/3510/2968 2966/3509/2967 2974/3519/2975 2976/3520/2976
f 2976/3520/2976 2977/3521/2977 2969/3511/2969 2968/3510/2968
f 2977/3521/2977 2978/3522/2978 2970/3512/2970 2969/3511/2969
f 2971/3513/2971 2970/3514/2970 2978/3524/2978 2979/3523/2979
f 2972/3515/2972 2971/3513/2971 2979/3523/2979 2980/3525/2980
f 2973/3516/2973 2972/3515/2972 2980/3525/2980 2981/3526/2981
f 2967/3508/2966 2973/3517/2973 2981/3527/2981 2975/3518/2974
f 2997/3528/2982 2990/3529/2983 2974/3519/2975 2975/3518/2974
f 2976/3520/2976 2974/3519/2975 2990/3529/2983 2991/3530/2984
f 2991/3530/2984 2992/3531/2985 2977/3521/2977 2976/3520/2976
f 2992/3531/2985 2993/3532/2986 2978/3522/2978 2977/3521/2977
f 2979/3523/2979 2978/3524/2978 2993/3534/2986 2994/3533/2987
f 2980/3525/2980 2979/3523/2979 2994/3533/2987 2995/3535/2988
f 2981/3526/2981 2980/3525/2980 2995/3535/2988 2996/3536/2989
f 2975/3518/2974 2981/3527/2981 2996/3537/2989 2997/3528/2982
f 2987/3538/2990 2986/3541/2991 2985/3540/2992 2984/3539/2993
f 2982/3542/2994 2988/3543/2995 2987/3538/2990 2984/3539/2993
f 2989/3544/2996 2988/3543/2995 2982/3542/2994 2983/3545/2997
f 2991/3530/2984 2990/3529/2983 2998/3547/2998 2999/3546/2999
f 2999/3546/2999 3000/3548/3000 2992/3531/2985 2991/3530/2984
f 3000/3548/3000 3001/3549/3001 2993/3532/2986 2992/3531/2985
f 2994/3533/2987 2993/3534/2986 3001/3551/3001 3002/3550/3002
f 2995/3535/2988 2994/3533/2987 3002/3550/3002 3003/3552/3003
f 2996/3536/2989 2995/3535/2988 3003/3552/3003 3004/3553/3004
f 2997/3528/2982 2996/3537/2989 3004/3555/3004 3005/3554/3005
f 3005/3554/3005 2998/3547/2998 2990/3529/2983 2997/3528/2982
f 2999/3546/2999 2998/3547/2998 2982/3542/2994 2984/3539/2993
f 2984/3539/2993 2985/3540/2992 3000/3548/3000 2999/3546/2999
f 2985/3540/2992 2986/3541/2991 3001/3549/3001 3000/3548/3000
f 3002/3550/3002 3001/3551/3001 2986/3557/2991 2987/3556/2990
f 3003/3552/3003 3002/3550/3002 2987/3556/2990 2988/3558/2995
f 3004/3553/3004 3003/3552/3003 2988/3558/2995 2989/3559/2996
f 3005/3554/3005 3004/3555/3004 2989/3544/2996 2983/3545/2997
f 2983/3545/2997 2982/3542/2994 2998/3547/2998 3005/3554/3005
s 16
f 3070/3560/3006 3077/3563/3007 3006/3562/3008 3007/3561/3009
f 3007/3561/3009 3008/3565/3010 3071/3564/3011 3070/3560/3006
f 3072/3566/3012 3071/3564/3011 3008/3565/3010 3009/3567/3013
f 3073/3568/3014 3072/3566/3012 3009/3567/3013 3010/3569/3015
f 3010/3570/3015 3011/3573/3016 3074/3572/3017 3073/3571/3014
f 3011/3573/3016 3012/3575/3018 3075/3574/3019 3074/3572/3017
f 3012/3575/3018 3013/3577/3020 3076/3576/3021 3075/3574/3019
f 3013/3578/3020 3006/3562/3008 3077/3563/3007 3076/3579/3021
f 3007/3561/3009 3006/3562/3008 3023/3581/3022 3022/3580/3023
f 3008/3565/3010 3007/3561/3009 3022/3580/3023 3024/3582/3024
f 3009/3567/3013 3008/3565/3010 3024/3582/3024 3025/3583/3025
f 3010/3569/3015 3009/3567/3013 3025/3583/3025 3026/3584/3026
f 3026/3585/3026 3027/3586/3027 3011/3573/3016 3010/3570/3015
f 3012/3575/3018 3011/3573/3016 3027/3586/3027 3028/3587/3028
f 3028/3587/3028 3029/3588/3029 3013/3577/3020 3012/3575/3018
f 3029/3589/3029 3023/3581/3022 3006/3562/3008 3013/3578/3020
f 3022/3580/3023 3023/3581/3022 3031/3591/3030 3030/3590/3031
f 3024/3582/3024 3022/3580/3023 3030/3590/3031 3032/3592/3032
f 3025/3583/3025 3024/3582/3024 3032/3592/3032 3033/3593/3033
f 3026/3584/3026 3025/3583/3025 3033/3593/3033 3034/3594/3034
f 3034/3595/3034 3035/3596/3035 3027/3586/3027 3026/3585/3026
f 3028/3587/3028 3027/3586/3027 3035/3596/3035 3036/3597/3036
f 3036/3597/3036 3037/3598/3037 3029/3588/3029 3028/3587/3028
f 3037/3599/3037 3031/3591/3030 3023/3581/3022 3029/3589/3029
f 3030/3590/3031 3031/3591/3030 3039/3601/3038 3038/3600/3039
f 3032/3592/3032 3030/3590/3031 3038/3600/3039 3040/3602/3040
f 3033/3593/3033 3032/3592/3032 3040/3602/3040 3041/3603/3041
f 3034/3594/3034 3033/3593/3033 3041/3603/3041 3042/3604/3042
f 3042/3605/3042 3043/3606/3043 3035/3596/3035 3034/3595/3034
f 3036/3597/3036 3035/3596/3035 3043/3606/3043 3044/3607/3044
f 3044/3607/3044 3045/3608/3045 3037/3598/3037 3036/3597/3036
f 3045/3609/3045 3039/3601/3038 3031/3591/3030 3037/3599/3037
f 3038/3600/3039 3039/3601/3038 3061/3611/3046 3054/3610/3047
f 3040/3602/3040 3038/3600/3039 3054/3610/3047 3055/3612/3048
f 3041/3603/3041 3040/3602/3040 3055/3612/3048 3056/3613/3049
f 3042/3604/3042 3041/3603/3041 3056/3613/3049 3057/3614/3050
f 3057/3615/3050 3058/3616/3051 3043/3606/3043 3042/3605/3042
f 3044/3607/3044 3043/3606/3043 3058/3616/3051 3059/3617/3052
f 3059/3617/3052 3060/3618/3053 3045/3608/3045 3044/3607/3044
f 3060/3619/3053 3061/3611/3046 3039/3601/3038 3045/3609/3045
f 3049/3620/3054 3048/3623/3055 3051/3622/3056 3050/3621/3057
f 3051/3622/3056 3048/3623/3055 3046/3625/3058 3052/3624/3059
f 3046/3625/3058 3047/3627/3060 3053/3626/3061 3052/3624/3059
f 3055/3612/3048 3054/3610/3047 3062/3629/3062 3063/3628/3063
f 3056/3613/3049 3055/3612/3048 3063/3628/3063 3064/3630/3064
f 3057/3614/3050 3056/3613/3049 3064/3630/3064 3065/3631/3065
f 3065/3632/3065 3066/3633/3066 3058/3616/3051 3057/3615/3050
f 3059/3617/3052 3058/3616/3051 3066/3633/3066 3067/3634/3067
f 3067/3634/3067 3068/3635/3068 3060/3618/3053 3059/3617/3052
f 3068/3636/3068 3069/3637/3069 3061/3611/3046 3060/3619/3053
f 3054/3610/3047 3061/3611/3046 3069/3637/3069 3062/3629/3062
f 3063/3628/3063 3062/3629/3062 3046/3625/3058 3048/3623/3055
f 3064/3630/3064 3063/3628/3063 3048/3623/3055 3049/3620/3054
f 3065/3631/3065 3064/3630/3064 3049/3620/3054 3050/3621/3057
f 3050/3638/3057 3051/3639/3056 3066/3633/3066 3065/3632/3065
f 3067/3634/3067 3066/3633/3066 3051/3639/3056 3052/3640/3059
f 3052/3640/3059 3053/3641/3061 3068/3635/3068 3067/3634/3067
f 3053/3626/3061 3047/3627/3060 3069/3637/3069 3068/3636/3068
f 3062/3629/3062 3069/3637/3069 3047/3627/3060 3046/3625/3058
f 3071/3564/3011 3016/3643/3070 3015/3642/3071 3070/3560/3006
f 3016/3643/3070 3071/3564/3011 3072/3566/3012 3017/3644/3072
f 3017/3644/3072 3072/3566/3012 3073/3568/3014 3018/3645/3073
f 3073/3571/3014 3074/3572/3017 3019/3647/3074 3018/3646/3073
f 3075/3574/3019 3020/3648/3075 3019/3647/3074 3074/3572/3017
f 3075/3574/3019 3076/3576/3021 3021/3649/3076 3020/3648/3075
f 3076/3579/3021 3077/3563/3007 3014/3651/3077 3021/3650/3076
f 3014/3651/3077 3077/3563/3007 3070/3560/3006 3015/3642/3071
g default
v -0.668091 -63.585060 1.922622
v -0.666150 -63.585175 1.057416
v -1.781593 -66.983563 1.866790
v -1.781341 -66.983771 1.057416
v -1.353322 -67.651783 1.867082
v -1.353211 -67.651889 1.057416
v -0.775962 -68.211589 1.867285
v -0.775962 -68.211597 1.057416
v -0.930037 -64.386013 1.057416
v -0.931120 -64.385761 1.889662
v -1.837995 -66.306453 1.866542
v -1.658378 -65.648037 1.867418
v -1.299011 -65.040587 1.872943
v -1.837571 -66.306934 1.057416
v -1.657874 -65.648638 1.057416
v -1.298356 -65.041042 1.057416
v -0.606344 -62.346411 1.867338
v -0.606344 -62.346411 1.057416
v 0.073051 -68.211589 2.313729
v 0.073051 -67.561179 2.313101
v 0.073051 -66.910765 2.312544
v 0.073051 -66.276919 2.312005
v 0.073051 -65.632543 2.313923
v 0.073051 -64.967183 2.324710
v 0.073051 -64.260075 2.356918
v 0.073051 -63.483948 2.422369
v 0.073051 -62.346416 2.313773
v -1.397797 -60.776652 1.544715
v -0.195380 -59.960360 1.544582
v -0.196936 -59.954029 1.057407
v -1.398611 -60.775286 1.057407
v -1.070418 -61.300828 1.605498
v -0.029754 -60.780454 1.673274
v -0.028428 -60.768624 1.064666
v -1.072150 -61.298679 1.057407
v -1.851982 -60.280596 1.545387
v -0.565414 -59.078665 1.545387
v -0.565900 -59.078842 1.057407
v -1.851540 -60.280543 1.057407
v -2.474966 -60.017147 1.545387
v -1.289648 -58.234576 1.545387
v -1.289754 -58.234691 1.057407
v -2.474312 -60.016956 1.057407
v -3.205269 -59.975779 1.545387
v -2.445976 -57.886225 1.545387
v -2.445852 -57.886242 1.057407
v -3.203841 -59.975637 1.057407
v -5.057867 -60.607419 1.545387
v -5.203317 -60.222695 1.545387
v -5.203317 -60.222695 1.057407
v -5.057867 -60.607419 1.057407
v -3.701790 -58.202474 1.545387
v -3.701737 -58.202451 1.057407
v -3.905623 -60.129969 1.057407
v -3.907754 -60.130101 1.545413
v -4.696280 -59.036121 1.545387
v -4.696280 -59.036126 1.057407
v -4.583639 -60.399532 1.057407
v -4.586349 -60.400022 1.545413
v -0.809599 -61.859152 1.724138
v 0.035494 -61.609309 1.943920
v 0.039110 -61.603067 1.067778
v -0.810783 -61.858308 1.057416
v 0.073051 -68.211589 1.057416
v 0.073051 -67.561285 1.057513
v 0.073051 -66.910986 1.057601
v 0.073051 -66.277356 1.057690
v 0.073051 -65.633219 1.057372
v 0.073051 -64.968089 1.055577
v 0.073051 -64.261091 1.050131
v 0.073051 -63.485159 1.039123
v 0.073051 -62.346416 1.057416
v 0.814189 -63.585060 1.922622
v 0.812271 -63.585175 1.057416
v 1.927686 -66.983563 1.866790
v 1.927417 -66.983771 1.057416
v 1.499367 -67.651783 1.867082
v 1.499305 -67.651889 1.057416
v 0.922043 -68.211589 1.867285
v 0.922043 -68.211597 1.057416
v 1.076144 -64.386013 1.057416
v 1.077223 -64.385761 1.889662
v 1.984075 -66.306453 1.866542
v 1.804458 -65.648037 1.867418
v 1.445117 -65.040587 1.872943
v 1.983678 -66.306934 1.057416
v 1.803976 -65.648638 1.057416
v 1.444468 -65.041042 1.057416
v 0.752420 -62.346411 1.867338
v 0.752420 -62.346411 1.057416
v 1.543860 -60.776652 1.544715
v 0.341478 -59.960360 1.544582
v 0.343025 -59.954029 1.057407
v 1.544678 -60.775286 1.057407
v 1.216529 -61.300828 1.605498
v 0.175830 -60.780454 1.673274
v 0.174517 -60.768624 1.064666
v 1.218235 -61.298679 1.057407
v 1.998075 -60.280596 1.545387
v 0.711495 -59.078665 1.545387
v 0.712007 -59.078842 1.057407
v 1.997611 -60.280543 1.057407
v 2.621078 -60.017147 1.545387
v 1.435728 -58.234576 1.545387
v 1.435852 -58.234691 1.057407
v 2.620437 -60.016956 1.057407
v 3.351358 -59.975779 1.545387
v 2.592043 -57.886225 1.545387
v 2.591977 -57.886242 1.057407
v 3.349966 -59.975637 1.057407
v 5.203960 -60.607419 1.545387
v 5.349415 -60.222695 1.545387
v 5.349415 -60.222695 1.057407
v 5.203960 -60.607419 1.057407
v 3.847874 -58.202474 1.545387
v 3.847835 -58.202451 1.057407
v 4.051730 -60.129969 1.057407
v 4.053847 -60.130101 1.545413
v 4.842387 -59.036121 1.545387
v 4.842387 -59.036126 1.057407
v 4.729764 -60.399532 1.057407
v 4.732456 -60.400022 1.545413
v 0.955714 -61.859152 1.724138
v 0.110591 -61.609309 1.943920
v 0.107001 -61.603067 1.067778
v 0.956864 -61.858308 1.057416
v -0.561391 -62.962301 1.057416
v -0.563009 -62.961200 1.927803
v 0.073051 -62.925000 2.437275
v 0.709129 -62.961200 1.927803
v 0.707476 -62.962301 1.057416
v 0.073051 -62.930539 1.034888
vt 0.089672 0.699574
vt 0.091932 0.707089
vt 0.097259 0.699583
vt 0.099337 0.706090
vt 0.097164 0.730230
vt 0.093977 0.735647
vt 0.103189 0.732832
vt 0.099003 0.740208
vt 0.089262 0.740030
vt 0.092281 0.745968
vt 0.097988 0.724773
vt 0.104337 0.725809
vt 0.135654 0.715230
vt 0.094707 0.713373
vt 0.097020 0.719069
vt 0.103875 0.718865
vt 0.089072 0.693718
vt 0.096485 0.695035
vt 0.104671 0.679511
vt 0.099267 0.682149
vt 0.093421 0.674118
vt 0.098081 0.668533
vt 0.095561 0.664986
vt 0.090779 0.669442
vt 0.102555 0.685601
vt 0.106764 0.683219
vt 0.110898 0.677288
vt 0.103641 0.663162
vt 0.101480 0.659583
vt 0.112154 0.681508
vt 0.117559 0.676340
vt 0.110973 0.658744
vt 0.109775 0.654719
vt 0.117999 0.680615
vt 0.124685 0.676457
vt 0.120118 0.657574
vt 0.120472 0.653338
vt 0.124614 0.680746
vt 0.131403 0.677296
vt 0.129668 0.660461
vt 0.131596 0.656642
vt 0.131378 0.681541
vt 0.142369 0.675111
vt 0.141663 0.677469
vt 0.137719 0.666639
vt 0.140963 0.663930
vt 0.138859 0.681911
vt 0.137837 0.678018
vt 0.146343 0.675008
vt 0.144626 0.679903
vt 0.094334 0.685335
vt 0.088003 0.680352
vt 0.085908 0.672954
vt 0.099262 0.688494
vt 0.090345 0.688542
vt 0.097346 0.691277
vt 0.123809 0.733491
vt 0.123806 0.728697
vt 0.123798 0.721986
vt 0.123792 0.715871
vt 0.123788 0.710119
vt 0.123784 0.704548
vt 0.123778 0.699070
vt 0.123774 0.693445
vt 0.082944 0.748956
vt 0.082585 0.738802
vt 0.082406 0.733584
vt 0.082234 0.728078
vt 0.082076 0.722515
vt 0.081949 0.716982
vt 0.081840 0.711230
vt 0.081745 0.705000
vt 0.081657 0.697887
vt 0.081601 0.692631
vt 0.081534 0.686295
vt 0.081417 0.674567
vt 0.073687 0.699840
vt 0.074157 0.693933
vt 0.066776 0.695428
vt 0.066106 0.700045
vt 0.071622 0.707491
vt 0.064191 0.706706
vt 0.071010 0.736253
vt 0.067461 0.730972
vt 0.061593 0.734200
vt 0.066398 0.741186
vt 0.075963 0.740488
vt 0.073557 0.746251
vt 0.066374 0.725557
vt 0.059758 0.727102
vt 0.061854 0.713139
vt 0.069046 0.713944
vt 0.066972 0.719793
vt 0.060033 0.719924
vt 0.058336 0.680069
vt 0.063758 0.682562
vt 0.064558 0.668811
vt 0.069390 0.674334
vt 0.066969 0.665172
vt 0.071924 0.669588
vt 0.056317 0.683829
vt 0.060542 0.686086
vt 0.052121 0.678050
vt 0.058727 0.663579
vt 0.060792 0.659794
vt 0.050942 0.682307
vt 0.045498 0.677384
vt 0.051133 0.659422
vt 0.051978 0.655257
vt 0.045161 0.681674
vt 0.038464 0.677852
vt 0.041822 0.658771
vt 0.041032 0.654597
vt 0.038679 0.682143
vt 0.031890 0.679085
vt 0.032363 0.662301
vt 0.030030 0.658706
vt 0.032153 0.683331
vt 0.020777 0.677995
vt 0.021418 0.680356
vt 0.024733 0.669134
vt 0.021063 0.666795
vt 0.025037 0.684303
vt 0.025572 0.680349
vt 0.016942 0.678570
vt 0.019504 0.682994
vt 0.068736 0.685636
vt 0.074946 0.680485
vt 0.076894 0.673033
vt 0.063874 0.688903
vt 0.072780 0.688764
vt 0.065839 0.691656
vt 0.123769 0.687822
vt 0.116428 0.687828
vt 0.079454 0.753628
vt 0.078199 0.756957
vt 0.130197 0.727825
vt 0.129298 0.733215
vt 0.118319 0.733225
vt 0.117939 0.738552
vt 0.129687 0.738542
vt 0.123526 0.744973
vt 0.123814 0.738546
vt 0.116173 0.742773
vt 0.113917 0.747615
vt 0.122948 0.752191
vt 0.083557 0.755422
vt 0.082595 0.767214
vt 0.089423 0.757747
vt 0.091204 0.774415
vt 0.095493 0.759076
vt 0.102066 0.777139
vt 0.101803 0.758712
vt 0.112062 0.774116
vt 0.107186 0.756428
vt 0.118314 0.766810
vt 0.111100 0.752146
vt 0.121498 0.759237
vt 0.111932 0.715250
vt 0.108820 0.709998
vt 0.107261 0.704307
vt 0.115122 0.720912
vt 0.107740 0.698454
vt 0.111439 0.692672
vt 0.117409 0.727836
vt 0.124109 0.744973
vt 0.131110 0.687815
vt 0.131458 0.742761
vt 0.133723 0.747600
vt 0.124699 0.752190
vt 0.164096 0.755353
vt 0.168196 0.753552
vt 0.165079 0.767143
vt 0.169456 0.756878
vt 0.158234 0.757689
vt 0.156484 0.774360
vt 0.152166 0.759028
vt 0.145625 0.777102
vt 0.145858 0.758674
vt 0.135623 0.774097
vt 0.140468 0.756400
vt 0.129359 0.766800
vt 0.136550 0.752123
vt 0.126162 0.759233
vt 0.101850 0.712317
vt 0.132473 0.720898
vt 0.140308 0.704279
vt 0.139815 0.698426
vt 0.138758 0.709973
vt 0.136108 0.692651
vn -0.842880 0.153987 0.515598
vn -0.751690 0.241244 0.613810
vn 0.000000 0.050172 0.998741
vn 0.000000 0.038135 0.999273
vn -0.591146 0.250537 -0.766667
vn -0.710066 0.177373 -0.681429
vn 0.000000 -0.003106 -0.999995
vn 0.000000 -0.003824 -0.999993
vn -0.609819 -0.179923 0.771848
vn -0.590934 -0.390222 0.706062
vn 0.000000 -0.121274 0.992619
vn -0.000000 -0.044694 0.999001
vn -0.445340 -0.364674 -0.817731
vn -0.471634 -0.169889 -0.865274
vn -0.000000 0.000084 -1.000000
vn -0.000000 0.000089 -1.000000
vn -0.377728 -0.807600 0.452883
vn 0.000000 -0.723545 0.690277
vn -0.256004 -0.759417 -0.598120
vn 0.000001 -0.780985 -0.624549
vn -0.594766 0.044463 0.802668
vn -0.000000 0.010816 0.999941
vn -0.448095 0.041327 -0.893030
vn -0.000000 -0.000084 -1.000000
vn -0.470131 0.268757 -0.840682
vn -0.000000 -0.002077 -0.999998
vn -0.634882 0.283303 0.718793
vn 0.000000 0.069603 0.997575
vn -0.595337 0.201738 0.777738
vn 0.000000 0.048846 0.998806
vn -0.442928 0.188199 -0.876582
vn 0.000000 -0.000713 -1.000000
vn -0.885422 0.069536 0.459557
vn -0.000000 0.086890 0.996218
vn -0.781743 0.044102 -0.622040
vn -0.000000 0.008798 -0.999961
vn -0.253912 -0.124132 0.959229
vn -0.468470 -0.036613 0.882721
vn 0.477584 0.199643 0.855603
vn 0.369131 0.152011 0.916861
vn -0.325063 -0.179907 -0.928422
vn -0.210456 -0.163251 -0.963876
vn 0.380244 0.116930 -0.917465
vn 0.552037 0.071151 -0.830779
vn -0.106053 -0.151078 0.982816
vn 0.290095 0.183829 0.939176
vn -0.106527 -0.151095 -0.982763
vn 0.290331 0.184345 -0.939002
vn -0.035078 -0.155751 0.987173
vn 0.180682 0.284881 0.941380
vn -0.035125 -0.155767 -0.987169
vn 0.180756 0.285009 -0.941327
vn 0.013118 -0.165621 0.986102
vn 0.004545 0.341596 0.939836
vn 0.013030 -0.165680 -0.986094
vn 0.004572 0.341747 -0.939781
vn 0.062450 -0.203118 0.977161
vn -0.176573 0.345560 0.921635
vn 0.062379 -0.203213 -0.977145
vn -0.176590 0.345606 -0.921614
vn 0.127498 -0.307502 -0.942967
vn -0.413909 0.307640 -0.856760
vn 0.127544 -0.307545 0.942947
vn -0.413989 0.307704 0.856698
vn -0.146040 -0.509953 -0.847714
vn -0.689940 0.158767 -0.706240
vn -0.146497 -0.511454 0.846731
vn -0.691313 0.159082 0.704826
vn -0.673837 0.001987 0.738878
vn 0.650220 0.239517 0.721003
vn -0.474022 -0.209430 -0.855244
vn 0.756125 0.049127 -0.652581
vn -0.819476 0.048502 0.571058
vn 0.000002 0.246817 0.969062
vn -0.660588 -0.131309 -0.739176
vn 0.000000 0.057357 -0.998354
vn 0.842879 0.153988 0.515600
vn 0.885425 0.069552 0.459548
vn 0.781737 0.044126 -0.622045
vn 0.710071 0.177374 -0.681423
vn 0.751690 0.241242 0.613811
vn 0.591142 0.250539 -0.766669
vn 0.590932 -0.390221 0.706064
vn 0.609825 -0.179932 0.771841
vn 0.471630 -0.169898 -0.865274
vn 0.445349 -0.364678 -0.817725
vn 0.377735 -0.807601 0.452877
vn 0.256007 -0.759418 -0.598118
vn 0.594766 0.044457 0.802669
vn 0.448105 0.041321 -0.893026
vn 0.470132 0.268754 -0.840683
vn 0.634886 0.283304 0.718790
vn 0.595335 0.201729 0.777741
vn 0.442930 0.188193 -0.876582
vn 0.468478 -0.036602 0.882717
vn 0.253909 -0.124120 0.959231
vn -0.369127 0.152016 0.916862
vn -0.477593 0.199644 0.855597
vn 0.210456 -0.163243 -0.963878
vn 0.325067 -0.179902 -0.928421
vn -0.552042 0.071147 -0.830775
vn -0.380248 0.116938 -0.917462
vn 0.106052 -0.151090 0.982815
vn -0.290094 0.183822 0.939178
vn 0.106525 -0.151091 -0.982763
vn -0.290326 0.184349 -0.939003
vn 0.035079 -0.155758 0.987172
vn -0.180685 0.284875 0.941382
vn 0.035125 -0.155770 -0.987169
vn -0.180752 0.285006 -0.941329
vn -0.013117 -0.165619 0.986103
vn -0.004553 0.341597 0.939835
vn -0.013031 -0.165683 -0.986093
vn -0.004566 0.341745 -0.939782
vn -0.062450 -0.203117 0.977161
vn 0.176569 0.345559 0.921636
vn -0.062380 -0.203219 -0.977144
vn 0.176594 0.345610 -0.921612
vn -0.127498 -0.307504 -0.942966
vn 0.413905 0.307638 -0.856762
vn -0.127543 -0.307546 0.942946
vn 0.413982 0.307701 0.856702
vn 0.146046 -0.509965 -0.847707
vn 0.689958 0.158767 -0.706223
vn 0.146500 -0.511458 0.846728
vn 0.691321 0.159078 0.704819
vn 0.673840 0.001978 0.738875
vn -0.650220 0.239510 0.721006
vn 0.474018 -0.209445 -0.855243
vn -0.756122 0.049113 -0.652585
vn 0.819474 0.048512 0.571059
vn 0.660588 -0.131309 -0.739176
s 1
g lowpoly PROP_____PictureFrame_Var_3 High_Fidelity_Group group11 sweep10
usemtl initialShadingGroup
f 3078/3652/3078 3087/3653/3079 3102/3723/3080 3103/3724/3081
f 3086/3837/3082 3079/3788/3083 3148/3709/3084 3147/3710/3085
f 3080/3656/3086 3082/3657/3087 3097/3718/3088 3098/3719/3089
f 3083/3841/3090 3081/3839/3091 3143/3714/3092 3142/3715/3093
f 3082/3657/3087 3084/3660/3094 3096/3717/3095 3097/3718/3088
f 3085/3818/3096 3083/3841/3090 3142/3715/3093 3141/3784/3097
f 3088/3662/3098 3080/3656/3086 3098/3719/3089 3099/3720/3099
f 3081/3839/3091 3091/3838/3100 3144/3713/3101 3143/3714/3092
f 3093/3664/3102 3086/3837/3082 3147/3710/3085 3146/3711/3103
f 3087/3653/3079 3090/3665/3104 3101/3722/3105 3102/3723/3080
f 3089/3666/3106 3088/3662/3098 3099/3720/3099 3100/3721/3107
f 3090/3665/3104 3089/3666/3106 3100/3721/3107 3101/3722/3105
f 3091/3838/3100 3092/3840/3108 3145/3712/3109 3144/3713/3101
f 3092/3840/3108 3093/3664/3102 3146/3711/3103 3145/3712/3109
f 3205/3668/3110 3078/3652/3078 3103/3724/3081 3206/3725/3111
f 3079/3788/3083 3204/3789/3112 3209/3708/3113 3148/3709/3084
f 3105/3670/3114 3109/3671/3115 3110/3672/3116 3106/3673/3117
f 3112/3820/3118 3108/3834/3119 3107/3835/3120 3111/3821/3121
f 3113/3678/3122 3105/3670/3114 3106/3673/3117 3114/3679/3123
f 3108/3834/3119 3116/3832/3124 3115/3833/3125 3107/3835/3120
f 3117/3682/3126 3113/3678/3122 3114/3679/3123 3118/3683/3127
f 3116/3832/3124 3120/3830/3128 3119/3831/3129 3115/3833/3125
f 3121/3686/3130 3117/3682/3126 3118/3683/3127 3122/3687/3131
f 3120/3830/3128 3124/3828/3132 3123/3829/3133 3119/3831/3129
f 3132/3690/3134 3121/3686/3130 3122/3687/3131 3129/3691/3135
f 3124/3828/3132 3131/3826/3136 3130/3827/3137 3123/3829/3133
f 3131/3826/3136 3135/3822/3138 3134/3824/3139 3130/3827/3137
f 3136/3699/3140 3132/3690/3134 3129/3691/3135 3133/3696/3141
f 3135/3822/3138 3128/3823/3142 3127/3825/3143 3134/3824/3139
f 3125/3695/3144 3136/3699/3140 3133/3696/3141 3126/3694/3145
f 3109/3671/3115 3137/3702/3146 3138/3703/3147 3110/3672/3116
f 3140/3819/3148 3112/3820/3118 3111/3821/3121 3139/3817/3149
f 3137/3702/3146 3094/3706/3150 3104/3726/3151 3138/3703/3147
f 3095/3792/3152 3140/3819/3148 3139/3817/3149 3149/3794/3153
f 3150/3728/3154 3207/3729/3155 3206/3725/3111 3103/3724/3081
f 3208/3790/3156 3151/3816/3157 3148/3709/3084 3209/3708/3113
f 3159/3732/3158 3150/3728/3154 3103/3724/3081 3102/3723/3080
f 3151/3816/3157 3158/3813/3159 3147/3710/3085 3148/3709/3084
f 3154/3734/3160 3152/3735/3161 3098/3719/3089 3097/3718/3088
f 3153/3814/3162 3155/3815/3163 3142/3715/3093 3143/3714/3092
f 3156/3738/3164 3154/3734/3160 3097/3718/3088 3096/3717/3095
f 3155/3815/3163 3157/3785/3165 3141/3784/3097 3142/3715/3093
f 3152/3735/3161 3160/3740/3166 3099/3720/3099 3098/3719/3089
f 3163/3812/3167 3153/3814/3162 3143/3714/3092 3144/3713/3101
f 3158/3813/3159 3165/3810/3168 3146/3711/3103 3147/3710/3085
f 3162/3743/3169 3159/3732/3158 3102/3723/3080 3101/3722/3105
f 3160/3740/3166 3161/3744/3170 3100/3721/3107 3099/3720/3099
f 3161/3744/3170 3162/3743/3169 3101/3722/3105 3100/3721/3107
f 3164/3811/3171 3163/3812/3167 3144/3713/3101 3145/3712/3109
f 3165/3810/3168 3164/3811/3171 3145/3712/3109 3146/3711/3103
f 3172/3747/3172 3168/3746/3173 3169/3748/3174 3173/3749/3175
f 3171/3808/3176 3175/3796/3177 3174/3797/3178 3170/3809/3179
f 3168/3746/3173 3176/3754/3180 3177/3755/3181 3169/3748/3174
f 3179/3806/3182 3171/3808/3176 3170/3809/3179 3178/3807/3183
f 3176/3754/3180 3180/3758/3184 3181/3759/3185 3177/3755/3181
f 3183/3804/3186 3179/3806/3182 3178/3807/3183 3182/3805/3187
f 3180/3758/3184 3184/3762/3188 3185/3763/3189 3181/3759/3185
f 3187/3802/3190 3183/3804/3186 3182/3805/3187 3186/3803/3191
f 3184/3762/3188 3195/3766/3192 3192/3767/3193 3185/3763/3189
f 3194/3800/3194 3187/3802/3190 3186/3803/3191 3193/3801/3195
f 3198/3798/3196 3194/3800/3194 3193/3801/3195 3197/3799/3197
f 3195/3766/3192 3199/3775/3198 3196/3772/3199 3192/3767/3193
f 3191/3786/3200 3198/3798/3196 3197/3799/3197 3190/3787/3201
f 3199/3775/3198 3188/3771/3202 3189/3770/3203 3196/3772/3199
f 3200/3778/3204 3172/3747/3172 3173/3749/3175 3201/3779/3205
f 3175/3796/3177 3203/3795/3206 3202/3793/3207 3174/3797/3178
f 3166/3782/3208 3200/3778/3204 3201/3779/3205 3104/3726/3151
f 3203/3795/3206 3167/3791/3209 3149/3794/3153 3202/3793/3207
f 3094/3706/3150 3205/3668/3110 3206/3725/3111 3104/3726/3151
f 3204/3789/3112 3095/3792/3152 3149/3794/3153 3209/3708/3113
f 3167/3791/3209 3208/3790/3156 3209/3708/3113 3149/3794/3153
f 3207/3729/3155 3166/3782/3208 3104/3726/3151 3206/3725/3111
f 3093/3836/3102 3092/3667/3108 3089/3666/3106 3090/3665/3104
f 3092/3667/3108 3091/3663/3100 3088/3662/3098 3089/3666/3106
f 3091/3663/3100 3081/3658/3091 3080/3656/3086 3088/3662/3098
f 3081/3658/3091 3083/3659/3090 3082/3657/3087 3080/3656/3086
f 3083/3659/3090 3085/3661/3096 3084/3660/3094 3082/3657/3087
f 3085/3661/3096 3141/3716/3097 3096/3717/3095 3084/3660/3094
f 3141/3716/3097 3157/3739/3165 3156/3738/3164 3096/3717/3095
f 3157/3739/3165 3155/3737/3163 3154/3734/3160 3156/3738/3164
f 3155/3737/3163 3153/3736/3162 3152/3735/3161 3154/3734/3160
f 3153/3736/3162 3163/3741/3167 3160/3740/3166 3152/3735/3161
f 3163/3741/3167 3164/3745/3171 3161/3744/3170 3160/3740/3166
f 3164/3745/3171 3165/3742/3168 3162/3743/3169 3161/3744/3170
f 3165/3742/3168 3158/3733/3159 3159/3732/3158 3162/3743/3169
f 3158/3733/3159 3151/3731/3157 3150/3728/3154 3159/3732/3158
f 3151/3731/3157 3208/3730/3156 3207/3729/3155 3150/3728/3154
f 3208/3730/3156 3167/3783/3209 3166/3782/3208 3207/3729/3155
f 3167/3783/3209 3203/3781/3206 3200/3778/3204 3166/3782/3208
f 3203/3781/3206 3175/3753/3177 3172/3747/3172 3200/3778/3204
f 3175/3753/3177 3171/3752/3176 3168/3746/3173 3172/3747/3172
f 3171/3752/3176 3179/3757/3182 3176/3754/3180 3168/3746/3173
f 3179/3757/3182 3183/3761/3186 3180/3758/3184 3176/3754/3180
f 3183/3761/3186 3187/3765/3190 3184/3762/3188 3180/3758/3184
f 3187/3765/3190 3194/3769/3194 3195/3766/3192 3184/3762/3188
f 3194/3769/3194 3198/3774/3196 3199/3775/3198 3195/3766/3192
f 3198/3774/3196 3191/3777/3200 3188/3771/3202 3199/3775/3198
f 3189/3770/3203 3188/3771/3202 3191/3777/3200 3190/3776/3201
f 3190/3776/3201 3197/3773/3197 3196/3772/3199 3189/3770/3203
f 3197/3773/3197 3193/3768/3195 3192/3767/3193 3196/3772/3199
f 3193/3768/3195 3186/3764/3191 3185/3763/3189 3192/3767/3193
f 3186/3764/3191 3182/3760/3187 3181/3759/3185 3185/3763/3189
f 3182/3760/3187 3178/3756/3183 3177/3755/3181 3181/3759/3185
f 3178/3756/3183 3170/3750/3179 3169/3748/3174 3177/3755/3181
f 3170/3750/3179 3174/3751/3178 3173/3749/3175 3169/3748/3174
f 3174/3751/3178 3202/3780/3207 3201/3779/3205 3173/3749/3175
f 3202/3780/3207 3149/3727/3153 3104/3726/3151 3201/3779/3205
f 3149/3727/3153 3139/3704/3149 3138/3703/3147 3104/3726/3151
f 3139/3704/3149 3111/3675/3121 3110/3672/3116 3138/3703/3147
f 3111/3675/3121 3107/3674/3120 3106/3673/3117 3110/3672/3116
f 3107/3674/3120 3115/3680/3125 3114/3679/3123 3106/3673/3117
f 3115/3680/3125 3119/3684/3129 3118/3683/3127 3114/3679/3123
f 3119/3684/3129 3123/3688/3133 3122/3687/3131 3118/3683/3127
f 3123/3688/3133 3130/3692/3137 3129/3691/3135 3122/3687/3131
f 3130/3692/3137 3134/3697/3139 3133/3696/3141 3129/3691/3135
f 3134/3697/3139 3127/3700/3143 3126/3694/3145 3133/3696/3141
f 3125/3695/3144 3126/3694/3145 3127/3700/3143 3128/3701/3142
f 3128/3701/3142 3135/3698/3138 3136/3699/3140 3125/3695/3144
f 3135/3698/3138 3131/3693/3136 3132/3690/3134 3136/3699/3140
f 3131/3693/3136 3124/3689/3132 3121/3686/3130 3132/3690/3134
f 3124/3689/3132 3120/3685/3128 3117/3682/3126 3121/3686/3130
f 3120/3685/3128 3116/3681/3124 3113/3678/3122 3117/3682/3126
f 3116/3681/3124 3108/3677/3119 3105/3670/3114 3113/3678/3122
f 3108/3677/3119 3112/3676/3118 3109/3671/3115 3105/3670/3114
f 3112/3676/3118 3140/3705/3148 3137/3702/3146 3109/3671/3115
f 3140/3705/3148 3095/3707/3152 3094/3706/3150 3137/3702/3146
f 3095/3707/3152 3204/3669/3112 3205/3668/3110 3094/3706/3150
f 3204/3669/3112 3079/3654/3083 3078/3652/3078 3205/3668/3110
f 3079/3654/3083 3086/3655/3082 3087/3653/3079 3078/3652/3078
f 3086/3655/3082 3093/3836/3102 3090/3665/3104 3087/3653/3079
g default
v 42.158186 -5.202273 1.867373
v 42.431639 -5.267495 2.313773
v 43.254178 -5.481111 2.313773
v 43.528931 -5.555841 1.867347
v 43.528922 -5.555841 1.057416
v 43.254165 -5.481128 1.057416
v 42.431622 -5.267512 1.057416
v 42.158177 -5.202286 1.057416
v 42.311346 -4.568109 1.867373
v 42.571082 -4.593859 2.313773
v 43.348562 -4.683809 2.313773
v 43.607250 -4.716601 1.867338
v 43.607250 -4.716614 1.057416
v 43.348553 -4.683818 1.057416
v 42.571074 -4.593872 1.057416
v 42.311338 -4.568109 1.057416
v 42.240219 -3.384462 1.867338
v 42.487356 -3.341211 2.313747
v 43.228760 -3.211488 2.313720
v 43.475888 -3.168229 1.867285
v 43.475888 -3.168229 1.057416
v 43.228751 -3.211502 1.057416
v 42.487348 -3.341219 1.057416
v 42.240210 -3.384484 1.057416
v 41.926229 -2.702197 1.867338
v 42.133466 -2.573067 2.313720
v 42.755169 -2.185638 2.313702
v 42.962402 -2.056491 1.867250
v 42.962402 -2.056504 1.057416
v 42.755156 -2.185647 1.057416
v 42.133453 -2.573107 1.057416
v 41.926220 -2.702210 1.057416
v 41.331895 -2.174476 1.867329
v 41.469450 -1.983958 2.313720
v 41.882116 -1.412376 2.313694
v 42.019667 -1.221826 1.867267
v 42.019667 -1.221840 1.057416
v 41.882103 -1.412385 1.057416
v 41.469437 -1.983971 1.057416
v 41.331890 -2.174485 1.057416
v 40.636947 -1.953151 1.867338
v 40.647442 -1.725849 2.313729
v 40.678952 -1.043955 2.313702
v 40.689446 -0.816644 1.867267
v 40.689442 -0.816658 1.057416
v 40.678943 -1.043969 1.057416
v 40.647437 -1.725853 1.057416
v 40.636939 -1.953164 1.057416
v 39.902511 -2.135226 1.867338
v 39.774257 -1.939469 2.313747
v 39.389467 -1.352212 2.313729
v 39.261203 -1.156473 1.867294
v 39.261199 -1.156481 1.057416
v 39.389462 -1.352234 1.057416
v 39.774252 -1.939478 1.057416
v 39.902511 -2.135226 1.057416
v 39.362992 -2.635309 1.867347
v 39.139385 -2.530824 2.313773
v 38.468557 -2.217378 2.313773
v 38.244946 -2.112902 1.867338
v 38.244946 -2.112915 1.057416
v 38.468557 -2.217418 1.057416
v 39.139381 -2.530824 1.057416
v 39.362992 -2.635309 1.057416
v 39.254749 -3.285533 1.867373
v 39.005870 -3.319643 2.313773
v 38.259220 -3.421900 2.313808
v 38.010345 -3.456004 1.867373
v 38.010345 -3.456004 1.057416
v 38.259220 -3.421900 1.057416
v 39.005870 -3.319651 1.057416
v 39.254749 -3.285524 1.057416
v 39.355211 -3.578936 1.867373
v 39.140415 -3.694451 2.313808
v 38.496658 -4.039805 2.313817
v 38.282158 -4.154811 1.867391
v 38.282158 -4.154811 1.057416
v 38.496658 -4.039818 1.057416
v 39.140415 -3.694482 1.057416
v 39.355211 -3.578950 1.057416
v 39.551649 -3.819841 1.867373
v 39.412211 -4.004051 2.313817
v 38.999982 -4.555064 2.313826
v 38.863496 -4.738823 1.867400
v 38.863501 -4.738832 1.057416
v 38.999982 -4.555095 1.057416
v 39.412219 -4.004051 1.057416
v 39.551649 -3.819858 1.057416
v 39.824099 -3.990953 1.867382
v 39.785834 -4.207438 2.313817
v 39.678051 -4.856928 2.313826
v 39.643553 -5.073917 1.867409
v 39.643558 -5.073921 1.057416
v 39.678060 -4.856950 1.057416
v 39.785843 -4.207451 1.057416
v 39.824103 -3.990971 1.057416
v 40.138097 -4.074020 1.867382
v 40.221258 -4.275170 2.313826
v 40.475994 -4.884216 2.313844
v 40.562850 -5.088341 1.867444
v 40.562858 -5.088341 1.057416
v 40.476020 -4.884216 1.057416
v 40.221266 -4.275179 1.057416
v 40.138106 -4.074029 1.057416
v 40.407713 -4.031578 1.867382
v 40.598815 -4.159112 2.313826
v 41.149121 -4.555369 2.313844
v 41.325339 -4.689171 1.867418
v 41.325348 -4.689171 1.057416
v 41.149148 -4.555400 1.057416
v 40.598833 -4.159112 1.057416
v 40.407722 -4.031574 1.057416
v 40.574688 -3.870470 1.866569
v 40.819540 -3.891742 2.305807
v 41.487853 -3.991519 2.299778
v 41.691903 -4.023369 1.864898
v 41.691960 -4.023369 1.057257
v 41.487972 -3.991638 1.066646
v 40.819717 -3.891649 1.062809
v 40.574706 -3.870439 1.057486
v 40.602577 -3.714693 1.867391
v 40.830582 -3.618280 2.313826
v 41.514606 -3.329058 2.313870
v 41.742620 -3.232667 1.867435
v 41.742633 -3.232667 1.057416
v 41.514633 -3.329050 1.057416
v 40.830604 -3.618280 1.057416
v 40.602591 -3.714671 1.057416
v 39.710737 -2.703956 2.240383
v 39.621295 -2.790414 1.832442
v 39.979093 -2.444565 2.240453
v 40.068548 -2.358112 1.832513
v 40.068553 -2.358116 1.057416
v 39.979107 -2.444565 1.057416
v 39.710750 -2.703943 1.057416
v 39.621300 -2.790401 1.057416
v 39.856824 -2.985871 2.392256
v 40.101137 -3.302026 2.425428
v 40.466215 -3.481440 2.370383
v 40.175429 -3.680451 1.877249
v 39.808759 -3.545663 1.890652
v 39.621720 -3.199725 1.855208
v 40.175226 -3.680681 1.056514
v 39.810598 -3.543329 1.067840
v 39.622215 -3.199137 1.059821
v 40.465667 -3.482187 1.019558
v 40.104390 -3.298570 0.976439
v 39.857810 -2.984628 0.935858
v 41.298992 -2.868919 1.015747
v 40.837881 -2.595935 0.950491
v 40.367278 -2.492493 0.913702
v 41.593567 -2.632860 1.058318
v 41.111153 -2.304437 1.046117
v 40.604973 -2.251200 1.054852
v 41.593713 -2.632714 1.879318
v 41.109261 -2.306824 1.866984
v 40.604407 -2.251872 1.847472
v 41.299107 -2.868791 2.377438
v 40.833831 -2.600497 2.425994
v 40.366270 -2.493784 2.408294
v 41.992901 -6.235895 2.313773
v 41.681183 -6.108463 1.867373
v 42.933257 -6.641457 2.313773
v 43.248272 -6.780803 1.867347
v 43.248272 -6.780803 1.057416
v 42.933239 -6.641479 1.057416
v 41.992887 -6.235935 1.057416
v 41.681178 -6.108467 1.057416
v 41.059635 -6.972011 2.313773
v 40.809496 -6.740876 1.867373
v 41.806511 -7.788896 2.313773
v 42.063038 -8.026047 1.867347
v 42.063033 -8.026042 1.057416
v 41.806484 -7.788896 1.057416
v 41.059617 -6.972015 1.057416
v 40.809492 -6.740876 1.057416
v 39.954223 -7.351717 2.269125
v 39.855688 -6.927345 1.867356
v 40.343191 -8.339144 2.251257
v 40.497336 -8.718735 1.867347
v 40.497323 -8.718735 1.057416
v 40.343160 -8.339144 1.057416
v 39.954192 -7.351717 1.057416
v 39.855671 -6.927345 1.057416
v 37.938652 -6.491922 2.313773
v 38.003020 -6.355189 1.867373
v 37.888722 -6.603599 2.313773
v 37.824336 -6.740319 1.867347
v 37.824331 -6.740310 1.057416
v 37.888713 -6.603586 1.057416
v 37.938639 -6.491909 1.057416
v 38.003020 -6.355180 1.057416
v 39.072148 -7.224480 2.434464
v 39.163345 -8.063989 2.498032
v 39.113339 -8.559563 1.867356
v 39.113326 -8.559541 1.057416
v 39.163314 -8.063976 1.057416
v 39.072126 -7.224475 1.057416
v 39.048958 -6.846431 1.057416
v 39.048966 -6.846435 1.867391
v 38.269100 -6.797433 2.494230
v 38.213263 -7.294113 2.611809
v 38.055647 -7.806565 1.867356
v 38.055639 -7.806556 1.057416
v 38.213241 -7.294091 1.057416
v 38.269082 -6.797424 1.057416
v 38.293983 -6.556330 1.057416
v 38.293992 -6.556330 1.867400
v 41.563852 -10.316671 1.846119
v 41.312431 -10.193461 2.276932
v 40.544080 -9.837011 2.267295
v 40.285263 -9.721041 1.835819
v 40.285263 -9.721059 1.057416
v 40.543978 -9.836861 1.057416
v 41.312431 -10.193478 1.057416
v 41.563852 -10.316698 1.057416
v 41.912441 -9.733525 1.824609
v 41.698985 -9.587195 2.239958
v 41.050887 -9.159397 2.218669
v 40.833389 -9.019565 1.801807
v 40.833389 -9.019565 1.057416
v 41.050887 -9.159401 1.057416
v 41.698843 -9.586991 1.057416
v 41.912437 -9.733543 1.057416
v 42.823776 -8.863412 1.783347
v 42.667469 -8.668420 2.167929
v 42.197446 -8.081804 2.119108
v 42.040550 -7.885972 1.731034
v 42.040550 -7.885981 1.057416
v 42.197194 -8.081477 1.057416
v 42.667265 -8.668146 1.057416
v 42.823776 -8.863421 1.057416
v 43.914861 -7.402841 1.709992
v 43.717756 -7.239655 2.052623
v 43.126556 -6.750367 2.001653
v 42.929641 -6.587495 1.655371
v 42.929649 -6.587504 1.057416
v 43.126312 -6.750009 1.057416
v 43.717756 -7.239678 1.057416
v 43.914618 -7.402461 1.057416
v 40.921585 -11.197394 2.310608
v 41.246232 -11.296167 1.865729
v 39.926838 -10.915670 2.309963
v 39.591116 -10.824004 1.864880
v 39.591121 -10.824004 1.057416
v 39.926838 -10.915705 1.057416
v 40.921585 -11.197420 1.057416
v 41.246232 -11.296176 1.057416
v 41.052690 -12.313035 2.313773
v 41.410011 -12.297554 1.867373
v 39.890341 -12.452213 2.313773
v 39.523777 -12.468189 1.867347
v 39.523782 -12.468206 1.057416
v 39.890350 -12.452230 1.057416
v 41.052704 -12.313052 1.057416
v 41.410015 -12.297563 1.057416
v 41.576698 -13.271170 2.269125
v 41.968459 -13.020806 1.867356
v 40.548173 -13.755419 2.251257
v 40.149388 -13.938741 1.867347
v 40.149396 -13.938741 1.057416
v 40.548200 -13.755437 1.057416
v 41.576729 -13.271179 1.057416
v 41.968472 -13.020824 1.057416
v 43.700989 -13.880849 2.313773
v 43.756772 -13.741061 1.867373
v 43.653463 -13.993379 2.313773
v 43.597684 -14.133176 1.867347
v 43.597684 -14.133176 1.057416
v 43.653472 -13.993379 1.057416
v 43.700993 -13.880849 1.057416
v 43.756781 -13.741061 1.057416
v 42.318822 -13.720444 2.434464
v 41.619847 -14.279462 2.498032
v 41.283339 -14.673301 1.867356
v 41.283357 -14.673345 1.057416
v 41.619874 -14.279480 1.057416
v 42.318853 -13.720444 1.057416
v 42.620505 -13.457693 1.057416
v 42.620496 -13.457693 1.867391
v 43.228773 -13.901467 2.494230
v 42.895695 -14.299726 2.611809
v 42.625319 -14.772128 1.867356
v 42.625327 -14.772128 1.057416
v 42.895726 -14.299726 1.057416
v 43.228804 -13.901467 1.057416
v 43.392118 -13.709489 1.057416
v 43.392105 -13.709489 1.867400
v 43.841444 -5.458756 1.904117
v 44.011641 -5.461037 1.604552
v 43.330902 -5.451935 1.898105
v 43.160740 -5.449676 1.598098
v 43.160413 -5.449190 1.057416
v 43.330915 -5.451944 1.057416
v 43.841121 -5.458252 1.057416
v 44.011641 -5.461037 1.057416
v 43.665938 -3.974716 1.815440
v 43.170872 -4.045291 1.814326
v 43.006630 -4.069918 1.546112
v 43.006055 -4.069091 1.057416
v 43.170881 -4.045300 1.057416
v 43.665363 -3.973863 1.057416
v 43.830976 -3.951203 1.057416
v 43.830976 -3.951212 1.546368
v 43.081457 -2.800073 1.787732
v 42.586974 -2.871532 1.787732
v 42.422148 -2.895332 1.528173
v 42.422157 -2.895328 1.057416
v 42.586979 -2.871532 1.057416
v 43.081466 -2.800082 1.057416
v 43.246292 -2.776290 1.057416
v 43.246283 -2.776290 1.528191
v 41.017193 -8.458880 1.446569
v 40.938396 -8.291446 1.646114
v 40.682935 -7.775996 1.635699
v 40.599341 -7.617014 1.443695
v 40.599089 -7.617244 1.057416
v 40.684367 -7.776041 1.057416
v 40.938825 -8.291269 1.057416
v 41.017458 -8.459145 1.057416
v 39.387619 -9.252649 1.855853
v 39.553196 -9.380448 1.589982
v 38.879517 -8.852290 1.877700
v 38.690572 -8.763635 1.640403
v 38.690161 -8.764002 1.057416
v 38.881691 -8.851030 1.057416
v 39.388857 -9.251659 1.057416
v 39.553382 -9.380815 1.057416
v 38.344754 -10.289166 2.170077
v 38.597045 -10.361814 1.761960
v 37.598139 -10.067288 2.220578
v 37.257979 -10.089789 1.827977
v 37.257599 -10.090196 1.057416
v 37.597467 -10.065326 1.057416
v 38.345178 -10.287584 1.057416
v 38.597090 -10.362203 1.057416
v 37.731437 -11.371176 2.397110
v 38.036528 -11.370734 1.851362
v 36.874069 -11.373925 2.459016
v 36.436629 -11.525596 1.864058
v 36.436395 -11.525896 1.057416
v 36.870201 -11.372511 1.057416
v 37.730354 -11.369876 1.057416
v 38.036506 -11.371008 1.057416
v 38.356336 -14.181573 2.313773
v 38.526877 -14.028063 1.867373
v 38.217565 -14.304217 2.313773
v 38.047032 -14.457762 1.867347
v 38.047040 -14.457762 1.057416
v 38.217573 -14.304235 1.057416
v 38.356345 -14.181573 1.057416
v 38.526877 -14.028063 1.057416
v 37.527688 -12.552427 2.505618
v 36.741959 -12.777806 2.617883
v 36.299622 -13.059133 1.871962
v 36.299565 -13.059265 1.057416
v 36.736584 -12.776047 1.057416
v 37.525827 -12.550809 1.057416
v 37.836285 -12.470487 1.057416
v 37.836293 -12.470399 1.868664
v 37.765179 -13.525947 2.494230
v 37.243656 -13.838217 2.611809
v 36.899381 -14.152582 1.867356
v 36.899381 -14.152600 1.057416
v 37.243670 -13.838226 1.057416
v 37.765188 -13.525964 1.057416
v 38.017913 -13.376372 1.057416
v 38.017913 -13.376372 1.867400
v 40.007080 -10.658736 1.610263
v 39.861152 -10.490568 1.905505
v 39.413864 -10.004233 1.881802
v 39.262105 -9.846356 1.585190
v 39.262105 -9.846365 1.057416
v 39.416034 -10.003110 1.057416
v 39.861152 -10.490595 1.057416
v 40.007840 -10.658400 1.057416
v 42.993726 -8.098880 1.341872
v 42.831985 -7.974658 1.492614
v 42.345495 -7.600884 1.473464
v 42.183087 -7.476108 1.321404
v 42.183096 -7.476113 1.057416
v 42.345230 -7.600663 1.057416
v 42.831756 -7.974481 1.057416
v 42.993726 -8.098894 1.057416
v 39.407710 -11.580411 2.117508
v 39.623413 -11.642299 1.737355
v 38.743535 -11.401262 2.140875
v 38.529110 -11.357932 1.768865
v 38.529132 -11.358091 1.057416
v 38.744344 -11.400626 1.057416
v 39.408144 -11.580190 1.057416
v 39.623815 -11.642237 1.057416
v 39.368049 -12.792960 2.244184
v 39.617706 -12.711975 1.827075
v 38.631234 -13.011160 2.249648
v 38.405152 -13.119871 1.852962
v 38.405130 -13.120093 1.057416
v 38.630063 -13.009321 1.057416
v 39.367704 -12.792005 1.057416
v 39.617847 -12.712064 1.057416
v 39.656006 -13.763014 2.372611
v 39.890067 -13.573247 1.860831
v 39.011153 -14.287950 2.406499
v 38.791233 -14.634683 1.868072
v 38.791237 -14.634842 1.057416
v 39.007484 -14.288383 1.057416
v 39.654202 -13.762121 1.057416
v 39.890111 -13.573326 1.057416
v 41.890003 -15.151812 2.313773
v 41.900117 -14.934434 1.867373
v 41.880069 -15.327017 2.313773
v 41.869964 -15.544360 1.867347
v 41.869964 -15.544360 1.057416
v 41.880078 -15.327017 1.057416
v 41.890007 -15.151794 1.057416
v 41.900121 -14.934434 1.057416
v 40.193832 -14.506981 2.510542
v 39.787527 -15.185064 2.615805
v 39.675461 -15.706251 1.869725
v 39.675474 -15.706304 1.057416
v 39.780158 -15.187902 1.057416
v 40.189478 -14.506132 1.057416
v 40.364564 -14.249747 1.057416
v 40.364538 -14.249685 1.867886
v 40.963611 -15.032332 2.494230
v 40.814668 -15.581475 2.611809
v 40.797547 -16.023543 1.867356
v 40.797552 -16.023543 1.057416
v 40.814682 -15.581475 1.057416
v 40.963629 -15.032332 1.057416
v 41.037077 -14.767477 1.057416
v 41.037072 -14.767486 1.867400
v 41.182377 -9.142802 1.641340
v 40.738572 -8.717882 1.622040
v 40.588109 -8.578174 1.418348
v 40.588104 -8.578143 1.057416
v 40.740005 -8.717281 1.057416
v 41.182112 -9.142528 1.057416
v 41.328190 -9.287170 1.057416
v 41.327598 -9.287315 1.438311
v 42.158186 5.212966 1.867373
v 42.431639 5.278187 2.313773
v 43.254178 5.491803 2.313773
v 43.528931 5.566533 1.867347
v 43.528922 5.566533 1.057416
v 43.254165 5.491821 1.057416
v 42.431622 5.278205 1.057416
v 42.158177 5.212979 1.057416
v 42.311346 4.578801 1.867373
v 42.571082 4.604551 2.313773
v 43.348562 4.694501 2.313773
v 43.607250 4.727293 1.867338
v 43.607250 4.727307 1.057416
v 43.348553 4.694510 1.057416
v 42.571074 4.604565 1.057416
v 42.311338 4.578801 1.057416
v 42.240219 3.395154 1.867338
v 42.487356 3.351903 2.313747
v 43.228760 3.222181 2.313720
v 43.475888 3.178921 1.867285
v 43.475888 3.178921 1.057416
v 43.228751 3.222194 1.057416
v 42.487348 3.351912 1.057416
v 42.240210 3.395176 1.057416
v 41.926229 2.712889 1.867338
v 42.133466 2.583760 2.313720
v 42.755169 2.196330 2.313702
v 42.962402 2.067183 1.867250
v 42.962402 2.067196 1.057416
v 42.755156 2.196339 1.057416
v 42.133453 2.583799 1.057416
v 41.926220 2.712903 1.057416
v 41.331895 2.185168 1.867329
v 41.469450 1.994650 2.313720
v 41.882116 1.423068 2.313694
v 42.019667 1.232519 1.867267
v 42.019667 1.232532 1.057416
v 41.882103 1.423077 1.057416
v 41.469437 1.994663 1.057416
v 41.331890 2.185177 1.057416
v 40.636947 1.963843 1.867338
v 40.647442 1.736541 2.313729
v 40.678952 1.054648 2.313702
v 40.689446 0.827337 1.867267
v 40.689442 0.827350 1.057416
v 40.678943 1.054661 1.057416
v 40.647437 1.736545 1.057416
v 40.636939 1.963856 1.057416
v 39.902511 2.145918 1.867338
v 39.774257 1.950161 2.313747
v 39.389467 1.362904 2.313729
v 39.261203 1.167165 1.867294
v 39.261199 1.167174 1.057416
v 39.389462 1.362926 1.057416
v 39.774252 1.950170 1.057416
v 39.902511 2.145918 1.057416
v 39.362992 2.646001 1.867347
v 39.139385 2.541516 2.313773
v 38.468557 2.228070 2.313773
v 38.244946 2.123594 1.867338
v 38.244946 2.123607 1.057416
v 38.468557 2.228110 1.057416
v 39.139381 2.541516 1.057416
v 39.362992 2.646001 1.057416
v 39.254749 3.296226 1.867373
v 39.005870 3.330335 2.313773
v 38.259220 3.432592 2.313808
v 38.010345 3.466697 1.867373
v 38.010345 3.466697 1.057416
v 38.259220 3.432592 1.057416
v 39.005870 3.330344 1.057416
v 39.254749 3.296217 1.057416
v 39.355211 3.589629 1.867373
v 39.140415 3.705143 2.313808
v 38.496658 4.050497 2.313817
v 38.282158 4.165503 1.867391
v 38.282158 4.165503 1.057416
v 38.496658 4.050510 1.057416
v 39.140415 3.705174 1.057416
v 39.355211 3.589642 1.057416
v 39.551649 3.830533 1.867373
v 39.412211 4.014743 2.313817
v 38.999982 4.565756 2.313826
v 38.863496 4.749516 1.867400
v 38.863501 4.749524 1.057416
v 38.999982 4.565787 1.057416
v 39.412219 4.014743 1.057416
v 39.551649 3.830551 1.057416
v 39.824099 4.001645 1.867382
v 39.785834 4.218130 2.313817
v 39.678051 4.867620 2.313826
v 39.643553 5.084609 1.867409
v 39.643558 5.084614 1.057416
v 39.678060 4.867643 1.057416
v 39.785843 4.218143 1.057416
v 39.824103 4.001663 1.057416
v 40.138097 4.084712 1.867382
v 40.221258 4.285862 2.313826
v 40.475994 4.894909 2.313844
v 40.562850 5.099034 1.867444
v 40.562858 5.099034 1.057416
v 40.476020 4.894909 1.057416
v 40.221266 4.285871 1.057416
v 40.138106 4.084721 1.057416
v 40.407713 4.042270 1.867382
v 40.598815 4.169804 2.313826
v 41.149121 4.566061 2.313844
v 41.325339 4.699864 1.867418
v 41.325348 4.699864 1.057416
v 41.149148 4.566092 1.057416
v 40.598833 4.169804 1.057416
v 40.407722 4.042266 1.057416
v 40.574688 3.881162 1.866569
v 40.819540 3.902434 2.305807
v 41.487853 4.002211 2.299778
v 41.691903 4.034061 1.864898
v 41.691960 4.034061 1.057257
v 41.487972 4.002330 1.066646
v 40.819717 3.902341 1.062809
v 40.574706 3.881131 1.057486
v 40.602577 3.725385 1.867391
v 40.830582 3.628972 2.313826
v 41.514606 3.339751 2.313870
v 41.742620 3.243360 1.867435
v 41.742633 3.243360 1.057416
v 41.514633 3.339742 1.057416
v 40.830604 3.628972 1.057416
v 40.602591 3.725363 1.057416
v 39.710737 2.714649 2.240383
v 39.621295 2.801107 1.832442
v 39.979093 2.455258 2.240453
v 40.068548 2.368804 1.832513
v 40.068553 2.368809 1.057416
v 39.979107 2.455258 1.057416
v 39.710750 2.714635 1.057416
v 39.621300 2.801093 1.057416
v 39.856824 2.996563 2.392256
v 40.101137 3.312719 2.425428
v 40.466215 3.492133 2.370383
v 40.175429 3.691143 1.877249
v 39.808759 3.556355 1.890652
v 39.621720 3.210418 1.855208
v 40.175226 3.691373 1.056514
v 39.810598 3.554021 1.067840
v 39.622215 3.209830 1.059821
v 40.465667 3.492880 1.019558
v 40.104390 3.309262 0.976439
v 39.857810 2.995321 0.935858
v 41.298992 2.879612 1.015747
v 40.837881 2.606627 0.950491
v 40.367278 2.503186 0.913702
v 41.593567 2.643552 1.058318
v 41.111153 2.315129 1.046117
v 40.604973 2.261892 1.054852
v 41.593713 2.643407 1.879318
v 41.109261 2.317516 1.866984
v 40.604407 2.262564 1.847472
v 41.299107 2.879484 2.377438
v 40.833831 2.611189 2.425994
v 40.366270 2.504476 2.408294
v 41.992901 6.246587 2.313773
v 41.681183 6.119155 1.867373
v 42.933257 6.652149 2.313773
v 43.248272 6.791495 1.867347
v 43.248272 6.791495 1.057416
v 42.933239 6.652172 1.057416
v 41.992887 6.246627 1.057416
v 41.681178 6.119159 1.057416
v 41.059635 6.982703 2.313773
v 40.809496 6.751568 1.867373
v 41.806511 7.799588 2.313773
v 42.063038 8.036739 1.867347
v 42.063033 8.036735 1.057416
v 41.806484 7.799588 1.057416
v 41.059617 6.982708 1.057416
v 40.809492 6.751568 1.057416
v 39.954223 7.362410 2.269125
v 39.855688 6.938038 1.867356
v 40.343191 8.349836 2.251257
v 40.497336 8.729427 1.867347
v 40.497323 8.729427 1.057416
v 40.343160 8.349836 1.057416
v 39.954192 7.362410 1.057416
v 39.855671 6.938038 1.057416
v 37.938652 6.502614 2.313773
v 38.003020 6.365881 1.867373
v 37.888722 6.614292 2.313773
v 37.824336 6.751011 1.867347
v 37.824331 6.751003 1.057416
v 37.888713 6.614278 1.057416
v 37.938639 6.502601 1.057416
v 38.003020 6.365872 1.057416
v 39.072148 7.235172 2.434464
v 39.163345 8.074681 2.498032
v 39.113339 8.570255 1.867356
v 39.113326 8.570233 1.057416
v 39.163314 8.074668 1.057416
v 39.072126 7.235167 1.057416
v 39.048958 6.857123 1.057416
v 39.048966 6.857128 1.867391
v 38.269100 6.808125 2.494230
v 38.213263 7.304805 2.611809
v 38.055647 7.817257 1.867356
v 38.055639 7.817248 1.057416
v 38.213241 7.304783 1.057416
v 38.269082 6.808117 1.057416
v 38.293983 6.567022 1.057416
v 38.293992 6.567022 1.867400
v 41.563852 10.327364 1.846119
v 41.312431 10.204153 2.276932
v 40.544080 9.847703 2.267295
v 40.285263 9.731734 1.835819
v 40.285263 9.731751 1.057416
v 40.543978 9.847553 1.057416
v 41.312431 10.204171 1.057416
v 41.563852 10.327390 1.057416
v 41.912441 9.744217 1.824609
v 41.698985 9.597887 2.239958
v 41.050887 9.170089 2.218669
v 40.833389 9.030257 1.801807
v 40.833389 9.030257 1.057416
v 41.050887 9.170094 1.057416
v 41.698843 9.597684 1.057416
v 41.912437 9.744235 1.057416
v 42.823776 8.874104 1.783347
v 42.667469 8.679112 2.167929
v 42.197446 8.092496 2.119108
v 42.040550 7.896664 1.731034
v 42.040550 7.896673 1.057416
v 42.197194 8.092169 1.057416
v 42.667265 8.678838 1.057416
v 42.823776 8.874113 1.057416
v 43.914861 7.413534 1.709992
v 43.717756 7.250348 2.052623
v 43.126556 6.761059 2.001653
v 42.929641 6.598187 1.655371
v 42.929649 6.598196 1.057416
v 43.126312 6.760701 1.057416
v 43.717756 7.250370 1.057416
v 43.914618 7.413153 1.057416
v 40.921585 11.208086 2.310608
v 41.246232 11.306859 1.865729
v 39.926838 10.926362 2.309963
v 39.591116 10.834697 1.864880
v 39.591121 10.834697 1.057416
v 39.926838 10.926397 1.057416
v 40.921585 11.208112 1.057416
v 41.246232 11.306868 1.057416
v 41.052690 12.323727 2.313773
v 41.410011 12.308246 1.867373
v 39.890341 12.462905 2.313773
v 39.523777 12.478881 1.867347
v 39.523782 12.478899 1.057416
v 39.890350 12.462923 1.057416
v 41.052704 12.323745 1.057416
v 41.410015 12.308255 1.057416
v 41.576698 13.281863 2.269125
v 41.968459 13.031498 1.867356
v 40.548173 13.766112 2.251257
v 40.149388 13.949433 1.867347
v 40.149396 13.949433 1.057416
v 40.548200 13.766129 1.057416
v 41.576729 13.281872 1.057416
v 41.968472 13.031516 1.057416
v 43.700989 13.891541 2.313773
v 43.756772 13.751753 1.867373
v 43.653463 14.004072 2.313773
v 43.597684 14.143868 1.867347
v 43.597684 14.143868 1.057416
v 43.653472 14.004072 1.057416
v 43.700993 13.891541 1.057416
v 43.756781 13.751753 1.057416
v 42.318822 13.731136 2.434464
v 41.619847 14.290154 2.498032
v 41.283339 14.683993 1.867356
v 41.283357 14.684038 1.057416
v 41.619874 14.290172 1.057416
v 42.318853 13.731136 1.057416
v 42.620505 13.468385 1.057416
v 42.620496 13.468385 1.867391
v 43.228773 13.912159 2.494230
v 42.895695 14.310418 2.611809
v 42.625319 14.782820 1.867356
v 42.625327 14.782820 1.057416
v 42.895726 14.310418 1.057416
v 43.228804 13.912159 1.057416
v 43.392118 13.720182 1.057416
v 43.392105 13.720182 1.867400
v 43.841444 5.469448 1.904117
v 44.011641 5.471729 1.604552
v 43.330902 5.462627 1.898105
v 43.160740 5.460368 1.598098
v 43.160413 5.459882 1.057416
v 43.330915 5.462636 1.057416
v 43.841121 5.468944 1.057416
v 44.011641 5.471729 1.057416
v 43.665938 3.985408 1.815440
v 43.170872 4.055983 1.814326
v 43.006630 4.080610 1.546112
v 43.006055 4.079783 1.057416
v 43.170881 4.055992 1.057416
v 43.665363 3.984555 1.057416
v 43.830976 3.961895 1.057416
v 43.830976 3.961904 1.546368
v 43.081457 2.810766 1.787732
v 42.586974 2.882224 1.787732
v 42.422148 2.906025 1.528173
v 42.422157 2.906020 1.057416
v 42.586979 2.882224 1.057416
v 43.081466 2.810774 1.057416
v 43.246292 2.786983 1.057416
v 43.246283 2.786983 1.528191
v 41.017193 8.469572 1.446569
v 40.938396 8.302138 1.646114
v 40.682935 7.786689 1.635699
v 40.599341 7.627707 1.443695
v 40.599089 7.627937 1.057416
v 40.684367 7.786733 1.057416
v 40.938825 8.301961 1.057416
v 41.017458 8.469837 1.057416
v 39.387619 9.263342 1.855853
v 39.553196 9.391141 1.589982
v 38.879517 8.862982 1.877700
v 38.690572 8.774327 1.640403
v 38.690161 8.774694 1.057416
v 38.881691 8.861722 1.057416
v 39.388857 9.262351 1.057416
v 39.553382 9.391508 1.057416
v 38.344754 10.299859 2.170077
v 38.597045 10.372507 1.761960
v 37.598139 10.077981 2.220578
v 37.257979 10.100481 1.827977
v 37.257599 10.100888 1.057416
v 37.597467 10.076018 1.057416
v 38.345178 10.298276 1.057416
v 38.597090 10.372896 1.057416
v 37.731437 11.381868 2.397110
v 38.036528 11.381426 1.851362
v 36.874069 11.384618 2.459016
v 36.436629 11.536288 1.864058
v 36.436395 11.536589 1.057416
v 36.870201 11.383203 1.057416
v 37.730354 11.380568 1.057416
v 38.036506 11.381700 1.057416
v 38.356336 14.192265 2.313773
v 38.526877 14.038756 1.867373
v 38.217565 14.314910 2.313773
v 38.047032 14.468454 1.867347
v 38.047040 14.468454 1.057416
v 38.217573 14.314927 1.057416
v 38.356345 14.192265 1.057416
v 38.526877 14.038756 1.057416
v 37.527688 12.563120 2.505618
v 36.741959 12.788499 2.617883
v 36.299622 13.069825 1.871962
v 36.299565 13.069958 1.057416
v 36.736584 12.786739 1.057416
v 37.525827 12.561502 1.057416
v 37.836285 12.481180 1.057416
v 37.836293 12.481091 1.868664
v 37.765179 13.536639 2.494230
v 37.243656 13.848909 2.611809
v 36.899381 14.163275 1.867356
v 36.899381 14.163292 1.057416
v 37.243670 13.848918 1.057416
v 37.765188 13.536657 1.057416
v 38.017913 13.387064 1.057416
v 38.017913 13.387064 1.867400
v 40.007080 10.669429 1.610263
v 39.861152 10.501261 1.905505
v 39.413864 10.014925 1.881802
v 39.262105 9.857048 1.585190
v 39.262105 9.857057 1.057416
v 39.416034 10.013802 1.057416
v 39.861152 10.501287 1.057416
v 40.007840 10.669093 1.057416
v 42.993726 8.109573 1.341872
v 42.831985 7.985350 1.492614
v 42.345495 7.611576 1.473464
v 42.183087 7.486800 1.321404
v 42.183096 7.486805 1.057416
v 42.345230 7.611355 1.057416
v 42.831756 7.985173 1.057416
v 42.993726 8.109586 1.057416
v 39.407710 11.591103 2.117508
v 39.623413 11.652991 1.737355
v 38.743535 11.411955 2.140875
v 38.529110 11.368624 1.768865
v 38.529132 11.368783 1.057416
v 38.744344 11.411318 1.057416
v 39.408144 11.590882 1.057416
v 39.623815 11.652930 1.057416
v 39.368049 12.803653 2.244184
v 39.617706 12.722667 1.827075
v 38.631234 13.021853 2.249648
v 38.405152 13.130564 1.852962
v 38.405130 13.130785 1.057416
v 38.630063 13.020014 1.057416
v 39.367704 12.802698 1.057416
v 39.617847 12.722756 1.057416
v 39.656006 13.773706 2.372611
v 39.890067 13.583939 1.860831
v 39.011153 14.298642 2.406499
v 38.791233 14.645375 1.868072
v 38.791237 14.645534 1.057416
v 39.007484 14.299075 1.057416
v 39.654202 13.772813 1.057416
v 39.890111 13.584019 1.057416
v 41.890003 15.162504 2.313773
v 41.900117 14.945126 1.867373
v 41.880069 15.337710 2.313773
v 41.869964 15.555052 1.867347
v 41.869964 15.555052 1.057416
v 41.880078 15.337710 1.057416
v 41.890007 15.162487 1.057416
v 41.900121 14.945126 1.057416
v 40.193832 14.517673 2.510542
v 39.787527 15.195756 2.615805
v 39.675461 15.716943 1.869725
v 39.675474 15.716996 1.057416
v 39.780158 15.198594 1.057416
v 40.189478 14.516824 1.057416
v 40.364564 14.260439 1.057416
v 40.364538 14.260377 1.867886
v 40.963611 15.043025 2.494230
v 40.814668 15.592168 2.611809
v 40.797547 16.034235 1.867356
v 40.797552 16.034235 1.057416
v 40.814682 15.592168 1.057416
v 40.963629 15.043025 1.057416
v 41.037077 14.778170 1.057416
v 41.037072 14.778178 1.867400
v 41.182377 9.153494 1.641340
v 40.738572 8.728574 1.622040
v 40.588109 8.588866 1.418348
v 40.588104 8.588835 1.057416
v 40.740005 8.727973 1.057416
v 41.182112 9.153220 1.057416
v 41.328190 9.297862 1.057416
v 41.327598 9.298008 1.438311
vt 0.873362 0.630477
vt 0.878168 0.627223
vt 0.869474 0.624555
vt 0.874739 0.621781
vt 0.867104 0.620959
vt 0.872599 0.618139
vt 0.863626 0.615345
vt 0.869641 0.612421
vt 0.720546 0.741215
vt 0.730566 0.740031
vt 0.731928 0.748083
vt 0.722940 0.750441
vt 0.733871 0.739573
vt 0.883567 0.636387
vt 0.887585 0.622434
vt 0.884757 0.617134
vt 0.883026 0.613422
vt 0.880622 0.607465
vt 0.738256 0.761577
vt 0.730614 0.766209
vt 0.891798 0.632068
vt 0.894467 0.620070
vt 0.892543 0.614591
vt 0.891360 0.610726
vt 0.889727 0.604534
vt 0.745482 0.768547
vt 0.740276 0.775514
vt 0.897236 0.630136
vt 0.902047 0.618708
vt 0.900798 0.613271
vt 0.900140 0.609291
vt 0.899389 0.602911
vt 0.755367 0.772200
vt 0.753267 0.780302
vt 0.903226 0.628965
vt 0.909583 0.618355
vt 0.909711 0.613159
vt 0.909843 0.609150
vt 0.910073 0.602713
vt 0.765572 0.771511
vt 0.768164 0.779189
vt 0.908716 0.628777
vt 0.917359 0.619839
vt 0.918870 0.614523
vt 0.919812 0.610568
vt 0.921126 0.604255
vt 0.774309 0.765383
vt 0.781098 0.770219
vt 0.914350 0.629759
vt 0.924603 0.622424
vt 0.927071 0.617077
vt 0.928755 0.613337
vt 0.931245 0.607415
vt 0.778782 0.756104
vt 0.787553 0.756678
vt 0.919541 0.631802
vt 0.930512 0.626292
vt 0.934186 0.621190
vt 0.936576 0.617845
vt 0.940270 0.612562
vt 0.776857 0.746803
vt 0.784674 0.742453
vt 0.923681 0.634682
vt 0.933263 0.628598
vt 0.937372 0.624127
vt 0.940183 0.621109
vt 0.944649 0.616448
vt 0.773752 0.743238
vt 0.779384 0.736642
vt 0.925436 0.636288
vt 0.935838 0.631283
vt 0.940338 0.627842
vt 0.943613 0.625281
vt 0.948748 0.621255
vt 0.769411 0.740986
vt 0.771594 0.733113
vt 0.927010 0.638090
vt 0.938042 0.634431
vt 0.943106 0.631929
vt 0.946752 0.629875
vt 0.952392 0.626577
vt 0.764401 0.740347
vt 0.762793 0.732698
vt 0.928392 0.640158
vt 0.940157 0.637810
vt 0.945771 0.636467
vt 0.949769 0.635114
vt 0.955839 0.632771
vt 0.759293 0.741475
vt 0.753849 0.735838
vt 0.929477 0.642436
vt 0.941737 0.641024
vt 0.947750 0.640834
vt 0.951863 0.640357
vt 0.958404 0.639293
vt 0.755618 0.744386
vt 0.747820 0.742381
vt 0.930112 0.644492
vt 0.942557 0.643983
vt 0.948809 0.644799
vt 0.952942 0.645252
vt 0.959069 0.645764
vt 0.754327 0.748297
vt 0.746503 0.750087
vt 0.930440 0.646355
vt 0.942567 0.646217
vt 0.948951 0.648809
vt 0.952818 0.650566
vt 0.958615 0.652873
vt 0.755385 0.751366
vt 0.749066 0.757552
vt 0.930580 0.647666
vt 0.940841 0.648283
vt 0.940015 0.650884
vt 0.940105 0.653706
vt 0.948099 0.651447
vt 0.951533 0.654439
vt 0.751184 0.765644
vt 0.760029 0.751299
vt 0.753450 0.761743
vt 0.762423 0.747796
vt 0.940078 0.655975
vt 0.933035 0.659123
vt 0.772594 0.755419
vt 0.768881 0.754341
vt 0.937183 0.662870
vt 0.765354 0.761776
vt 0.940509 0.664126
vt 0.947272 0.664465
vt 0.941748 0.664371
vt 0.946231 0.658939
vt 0.942480 0.659354
vt 0.943942 0.655293
vt 0.942114 0.656868
vt 0.767128 0.747747
vt 0.764837 0.751809
vt 0.759761 0.762750
vt 0.952096 0.662603
vt 0.949193 0.657366
vt 0.946029 0.653637
vt 0.866340 0.636028
vt 0.861905 0.629051
vt 0.859172 0.625511
vt 0.854895 0.620705
vt 0.719093 0.726996
vt 0.731242 0.727427
vt 0.735240 0.727493
vt 0.860027 0.643663
vt 0.853717 0.637267
vt 0.850307 0.634236
vt 0.844946 0.630588
vt 0.726608 0.709446
vt 0.738391 0.715261
vt 0.742154 0.716739
vt 0.854919 0.651515
vt 0.847550 0.646647
vt 0.843534 0.644647
vt 0.837326 0.642866
vt 0.740420 0.697050
vt 0.748981 0.706295
vt 0.751900 0.710564
vt 0.852285 0.657593
vt 0.846834 0.654611
vt 0.840751 0.654247
vt 0.753073 0.689309
vt 0.754657 0.695006
vt 0.759286 0.703898
vt 0.761172 0.707980
vt 0.847063 0.672748
vt 0.774982 0.707113
vt 0.848638 0.672919
vt 0.850589 0.662984
vt 0.847983 0.661570
vt 0.842187 0.663173
vt 0.768019 0.693077
vt 0.768486 0.699425
vt 0.770010 0.705159
vt 0.770774 0.707933
vt 0.850238 0.665602
vt 0.849559 0.665496
vt 0.848083 0.667829
vt 0.851511 0.672713
vt 0.853196 0.666097
vt 0.850972 0.667439
vt 0.856593 0.660878
vt 0.859132 0.654602
vt 0.863113 0.647309
vt 0.868938 0.639926
vt 0.875658 0.634089
vt 0.880333 0.630838
vt 0.889390 0.626119
vt 0.895705 0.623950
vt 0.902732 0.622648
vt 0.909361 0.622425
vt 0.916221 0.623702
vt 0.922713 0.626187
vt 0.927974 0.629714
vt 0.930250 0.631736
vt 0.932304 0.633965
vt 0.934129 0.636510
vt 0.935710 0.639249
vt 0.936739 0.641682
vt 0.937240 0.643823
vt 0.937294 0.645295
vt 0.936300 0.649103
vt 0.936282 0.652252
vt 0.936813 0.655124
vt 0.938559 0.657558
vt 0.804580 0.718432
vt 0.803435 0.712162
vt 0.798075 0.719826
vt 0.796214 0.713373
vt 0.794064 0.721031
vt 0.791827 0.714370
vt 0.788160 0.723148
vt 0.785503 0.716184
vt 0.899156 0.724451
vt 0.906147 0.731979
vt 0.899631 0.738790
vt 0.893225 0.732856
vt 0.814552 0.710825
vt 0.897416 0.741023
vt 0.807919 0.729265
vt 0.802191 0.732249
vt 0.798637 0.733980
vt 0.793259 0.735809
vt 0.916532 0.748015
vt 0.908502 0.752355
vt 0.905829 0.753801
vt 0.810963 0.743377
vt 0.805296 0.746099
vt 0.801908 0.747419
vt 0.796957 0.748433
vt 0.930418 0.762008
vt 0.923283 0.768009
vt 0.920910 0.770007
vt 0.802423 0.702663
vt 0.793471 0.704144
vt 0.788757 0.704749
vt 0.782124 0.705614
vt 0.882082 0.726005
vt 0.887610 0.714734
vt 0.814321 0.701913
vt 0.803197 0.692735
vt 0.792975 0.692610
vt 0.788025 0.692379
vt 0.781268 0.691456
vt 0.868470 0.725146
vt 0.869334 0.710958
vt 0.815464 0.692938
vt 0.804956 0.683538
vt 0.795023 0.682009
vt 0.790258 0.680699
vt 0.784180 0.677706
vt 0.855886 0.729323
vt 0.852336 0.715984
vt 0.817920 0.684556
vt 0.807392 0.677090
vt 0.800527 0.675861
vt 0.795053 0.672023
vt 0.839773 0.722771
vt 0.848906 0.737212
vt 0.843747 0.727647
vt 0.851389 0.741387
vt 0.813105 0.660495
vt 0.842745 0.752562
vt 0.815509 0.662359
vt 0.806772 0.671194
vt 0.810062 0.671606
vt 0.802685 0.665899
vt 0.835677 0.738587
vt 0.844766 0.747689
vt 0.840732 0.742844
vt 0.846704 0.750057
vt 0.811057 0.668952
vt 0.811716 0.669266
vt 0.811105 0.666084
vt 0.845534 0.754344
vt 0.810004 0.757823
vt 0.805666 0.757606
vt 0.802738 0.757674
vt 0.798176 0.757888
vt 0.945479 0.767273
vt 0.944295 0.773354
vt 0.943891 0.775385
vt 0.808750 0.770095
vt 0.804576 0.769957
vt 0.801895 0.769809
vt 0.962704 0.766398
vt 0.962630 0.768419
vt 0.962409 0.774481
vt 0.962320 0.776509
vt 0.806151 0.780620
vt 0.802045 0.780919
vt 0.799497 0.780830
vt 0.795606 0.780095
vt 0.977921 0.763995
vt 0.977700 0.770057
vt 0.977626 0.772078
vt 0.811389 0.770461
vt 0.808738 0.780918
vt 0.812932 0.758192
vt 0.814403 0.742624
vt 0.811596 0.728093
vt 0.808770 0.717621
vt 0.807832 0.711501
vt 0.807360 0.701938
vt 0.808442 0.692311
vt 0.810744 0.683978
vt 0.813260 0.677290
vt 0.814427 0.670704
vt 0.813452 0.667982
vt 0.708043 0.756106
vt 0.713518 0.769576
vt 0.707411 0.772848
vt 0.699824 0.757322
vt 0.705202 0.756437
vt 0.711481 0.770469
vt 0.697219 0.757922
vt 0.705583 0.774043
vt 0.653116 0.794122
vt 0.663466 0.771154
vt 0.647071 0.790801
vt 0.655722 0.770697
vt 0.645143 0.789689
vt 0.653215 0.770557
vt 0.705152 0.744548
vt 0.694530 0.744046
vt 0.701090 0.744369
vt 0.690065 0.744094
vt 0.667757 0.750378
vt 0.658871 0.753330
vt 0.655880 0.754328
vt 0.704051 0.734371
vt 0.691548 0.733098
vt 0.698772 0.734140
vt 0.685100 0.732004
vt 0.665929 0.732517
vt 0.657483 0.738455
vt 0.654462 0.740548
vt 0.703768 0.724449
vt 0.691216 0.723269
vt 0.697833 0.724697
vt 0.684484 0.720034
vt 0.657597 0.717788
vt 0.651379 0.725429
vt 0.710549 0.722834
vt 0.697879 0.711701
vt 0.698975 0.712043
vt 0.701008 0.710529
vt 0.693201 0.716105
vt 0.697804 0.717445
vt 0.688481 0.711539
vt 0.645306 0.710821
vt 0.642321 0.717478
vt 0.708820 0.713282
vt 0.703273 0.716654
vt 0.696561 0.708869
vt 0.699280 0.703551
vt 0.631998 0.715090
vt 0.703376 0.705740
vt 0.702865 0.775736
vt 0.665949 0.770694
vt 0.670930 0.747798
vt 0.669143 0.728026
vt 0.678069 0.717713
vt 0.685305 0.706930
vt 0.633143 0.710247
vt 0.859688 0.692551
vt 0.876515 0.692559
vt 0.859917 0.687217
vt 0.875564 0.686891
vt 0.859804 0.684718
vt 0.875038 0.683757
vt 0.950504 0.700959
vt 0.874696 0.679258
vt 0.942627 0.679992
vt 0.948119 0.701713
vt 0.940966 0.703783
vt 0.934801 0.681717
vt 0.875421 0.700455
vt 0.938559 0.704442
vt 0.887145 0.694156
vt 0.888128 0.688466
vt 0.888587 0.684765
vt 0.889149 0.678715
vt 0.926090 0.670345
vt 0.932004 0.664453
vt 0.883923 0.703300
vt 0.897442 0.697421
vt 0.900727 0.691276
vt 0.902535 0.687442
vt 0.904530 0.680874
vt 0.913592 0.662571
vt 0.915780 0.653496
vt 0.892345 0.707376
vt 0.905494 0.701052
vt 0.910345 0.695202
vt 0.914729 0.690853
vt 0.918431 0.685122
vt 0.901653 0.659700
vt 0.900041 0.649708
vt 0.899319 0.711833
vt 0.911964 0.704854
vt 0.917043 0.700496
vt 0.923976 0.697120
vt 0.881079 0.648133
vt 0.890583 0.660817
vt 0.885895 0.652378
vt 0.892217 0.664213
vt 0.930540 0.717260
vt 0.871697 0.673617
vt 0.926861 0.719911
vt 0.921438 0.706179
vt 0.917627 0.708978
vt 0.928127 0.705162
vt 0.870938 0.658009
vt 0.880354 0.665767
vt 0.875483 0.660870
vt 0.882694 0.668145
vt 0.922593 0.712766
vt 0.921687 0.713417
vt 0.925673 0.713430
vt 0.875704 0.676209
vt 0.842198 0.693978
vt 0.843291 0.688875
vt 0.843492 0.686700
vt 0.843109 0.684465
vt 0.950127 0.725365
vt 0.943245 0.728214
vt 0.940954 0.729163
vt 0.859469 0.695023
vt 0.841750 0.696092
vt 0.876443 0.695782
vt 0.886003 0.697817
vt 0.895223 0.701287
vt 0.902443 0.705502
vt 0.908640 0.709927
vt 0.914902 0.713966
vt 0.921780 0.715987
vt 0.855105 0.671405
vt 0.774859 0.708903
vt 0.837824 0.667149
vt 0.775175 0.703873
vt 0.860603 0.665454
vt 0.834491 0.655182
vt 0.849862 0.672890
vt 0.864122 0.658817
vt 0.775053 0.705663
vt 0.737078 0.693516
vt 0.868091 0.651614
vt 0.722747 0.707929
vt 0.873392 0.644750
vt 0.715007 0.726814
vt 0.879442 0.639350
vt 0.717185 0.741573
vt 0.769534 0.762305
vt 0.763932 0.765843
vt 0.936127 0.662108
vt 0.770768 0.750784
vt 0.757497 0.749305
vt 0.930653 0.651461
vt 0.746962 0.759609
vt 0.956456 0.658560
vt 0.757964 0.767266
vt 0.931203 0.655368
vt 0.772012 0.756818
vt 0.770198 0.760942
vt 0.757131 0.747471
vt 0.744107 0.750619
vt 0.758282 0.744973
vt 0.745294 0.741662
vt 0.761080 0.743341
vt 0.752008 0.733955
vt 0.764912 0.742906
vt 0.762239 0.730150
vt 0.768663 0.743624
vt 0.772312 0.730492
vt 0.771875 0.745442
vt 0.781260 0.734445
vt 0.774251 0.748254
vt 0.787280 0.741002
vt 0.775858 0.755913
vt 0.790477 0.756870
vt 0.772047 0.763770
vt 0.783360 0.771831
vt 0.764708 0.768951
vt 0.769028 0.781748
vt 0.756067 0.769500
vt 0.752568 0.783003
vt 0.747218 0.766226
vt 0.738541 0.777836
vt 0.740803 0.760033
vt 0.728067 0.767753
vt 0.734912 0.747248
vt 0.719938 0.751193
vt 0.815403 0.771332
vt 0.812578 0.781945
vt 0.797766 0.769351
vt 0.977995 0.761975
vt 0.817521 0.758839
vt 0.945883 0.765243
vt 0.819809 0.742626
vt 0.932786 0.760012
vt 0.819102 0.667281
vt 0.816697 0.663658
vt 0.801330 0.659735
vt 0.841196 0.751592
vt 0.820006 0.676460
vt 0.790657 0.667032
vt 0.843986 0.753374
vt 0.814496 0.661540
vt 0.858025 0.734547
vt 0.851014 0.710822
vt 0.867879 0.729448
vt 0.869940 0.706545
vt 0.880197 0.729668
vt 0.889435 0.710923
vt 0.891207 0.735591
vt 0.901101 0.721612
vt 0.817670 0.727059
vt 0.919208 0.746569
vt 0.815286 0.716505
vt 0.908290 0.729685
vt 0.859268 0.698301
vt 0.841770 0.698533
vt 0.859324 0.681656
vt 0.952420 0.724415
vt 0.914251 0.720710
vt 0.924389 0.720879
vt 0.933953 0.705359
vt 0.869473 0.672193
vt 0.905984 0.716616
vt 0.929929 0.693392
vt 0.873480 0.674784
vt 0.928502 0.718867
vt 0.902207 0.663326
vt 0.897709 0.645333
vt 0.912916 0.665686
vt 0.915979 0.650459
vt 0.924130 0.672237
vt 0.933756 0.662448
vt 0.932147 0.682241
vt 0.945209 0.679324
vt 0.631375 0.717773
vt 0.701116 0.704269
vt 0.632520 0.712929
vt 0.696740 0.702863
vt 0.640862 0.720687
vt 0.646534 0.705361
vt 0.648876 0.728353
vt 0.659950 0.711997
vt 0.710639 0.733518
vt 0.678620 0.732708
vt 0.710971 0.743746
vt 0.684232 0.746526
vt 0.712385 0.755075
vt 0.693039 0.760369
vt 0.716596 0.768637
vt 0.655046 0.795098
vt 0.875658 0.634089
vt 0.873362 0.630477
vt 0.878168 0.627223
vt 0.880333 0.630838
vt 0.869474 0.624555
vt 0.874739 0.621781
vt 0.867104 0.620959
vt 0.872599 0.618139
vt 0.863626 0.615345
vt 0.869641 0.612421
vt 0.719938 0.751193
vt 0.717185 0.741573
vt 0.720546 0.741215
vt 0.722940 0.750441
vt 0.730566 0.740031
vt 0.731928 0.748083
vt 0.733871 0.739573
vt 0.734912 0.747248
vt 0.883567 0.636387
vt 0.879442 0.639350
vt 0.887585 0.622434
vt 0.889390 0.626119
vt 0.884757 0.617134
vt 0.883026 0.613422
vt 0.880622 0.607465
vt 0.728067 0.767753
vt 0.730614 0.766209
vt 0.738256 0.761577
vt 0.740803 0.760033
vt 0.891798 0.632068
vt 0.894467 0.620070
vt 0.895705 0.623950
vt 0.892543 0.614591
vt 0.891360 0.610726
vt 0.889727 0.604534
vt 0.738541 0.777836
vt 0.740276 0.775514
vt 0.745482 0.768547
vt 0.747218 0.766226
vt 0.897236 0.630136
vt 0.902047 0.618708
vt 0.902732 0.622648
vt 0.900798 0.613271
vt 0.900140 0.609291
vt 0.899389 0.602911
vt 0.752568 0.783003
vt 0.753267 0.780302
vt 0.755367 0.772200
vt 0.756067 0.769500
vt 0.903226 0.628965
vt 0.909583 0.618355
vt 0.909361 0.622425
vt 0.909711 0.613159
vt 0.909843 0.609150
vt 0.910073 0.602713
vt 0.769028 0.781748
vt 0.768164 0.779189
vt 0.765572 0.771511
vt 0.764708 0.768951
vt 0.908716 0.628777
vt 0.917359 0.619839
vt 0.916221 0.623702
vt 0.918870 0.614523
vt 0.919812 0.610568
vt 0.921126 0.604255
vt 0.783360 0.771831
vt 0.781098 0.770219
vt 0.774309 0.765383
vt 0.772047 0.763770
vt 0.914350 0.629759
vt 0.924603 0.622424
vt 0.922713 0.626187
vt 0.927071 0.617077
vt 0.928755 0.613337
vt 0.931245 0.607415
vt 0.790477 0.756870
vt 0.787553 0.756678
vt 0.778782 0.756104
vt 0.775858 0.755913
vt 0.919541 0.631802
vt 0.930512 0.626292
vt 0.927974 0.629714
vt 0.934186 0.621190
vt 0.936576 0.617845
vt 0.940270 0.612562
vt 0.787280 0.741002
vt 0.784674 0.742453
vt 0.776857 0.746803
vt 0.774251 0.748254
vt 0.923681 0.634682
vt 0.933263 0.628598
vt 0.930250 0.631736
vt 0.937372 0.624127
vt 0.940183 0.621109
vt 0.944649 0.616448
vt 0.781260 0.734445
vt 0.779384 0.736642
vt 0.773752 0.743238
vt 0.771875 0.745442
vt 0.925436 0.636288
vt 0.935838 0.631283
vt 0.932304 0.633965
vt 0.940338 0.627842
vt 0.943613 0.625281
vt 0.948748 0.621255
vt 0.772312 0.730492
vt 0.771594 0.733113
vt 0.769411 0.740986
vt 0.768663 0.743624
vt 0.927010 0.638090
vt 0.938042 0.634431
vt 0.934129 0.636510
vt 0.943106 0.631929
vt 0.946752 0.629875
vt 0.952392 0.626577
vt 0.762239 0.730150
vt 0.762793 0.732698
vt 0.764401 0.740347
vt 0.764912 0.742906
vt 0.928392 0.640158
vt 0.940157 0.637810
vt 0.935710 0.639249
vt 0.945771 0.636467
vt 0.949769 0.635114
vt 0.955839 0.632771
vt 0.752008 0.733955
vt 0.753849 0.735838
vt 0.759293 0.741475
vt 0.761080 0.743341
vt 0.929477 0.642436
vt 0.941737 0.641024
vt 0.936739 0.641682
vt 0.947750 0.640834
vt 0.951863 0.640357
vt 0.958404 0.639293
vt 0.745294 0.741662
vt 0.747820 0.742381
vt 0.755618 0.744386
vt 0.758282 0.744973
vt 0.930112 0.644492
vt 0.942557 0.643983
vt 0.937240 0.643823
vt 0.948809 0.644799
vt 0.952942 0.645252
vt 0.959069 0.645764
vt 0.744107 0.750619
vt 0.746503 0.750087
vt 0.754327 0.748297
vt 0.757131 0.747471
vt 0.930440 0.646355
vt 0.942567 0.646217
vt 0.937294 0.645295
vt 0.948951 0.648809
vt 0.952818 0.650566
vt 0.958615 0.652873
vt 0.746962 0.759609
vt 0.749066 0.757552
vt 0.755385 0.751366
vt 0.757497 0.749305
vt 0.930580 0.647666
vt 0.940841 0.648283
vt 0.940015 0.650884
vt 0.936282 0.652252
vt 0.936300 0.649103
vt 0.940105 0.653706
vt 0.936813 0.655124
vt 0.948099 0.651447
vt 0.951533 0.654439
vt 0.956456 0.658560
vt 0.751184 0.765644
vt 0.753450 0.761743
vt 0.760029 0.751299
vt 0.762423 0.747796
vt 0.930653 0.651461
vt 0.940078 0.655975
vt 0.938559 0.657558
vt 0.936127 0.662108
vt 0.933035 0.659123
vt 0.772012 0.756818
vt 0.768881 0.754341
vt 0.770768 0.750784
vt 0.772594 0.755419
vt 0.765354 0.761776
vt 0.770198 0.760942
vt 0.769534 0.762305
vt 0.763932 0.765843
vt 0.947272 0.664465
vt 0.941748 0.664371
vt 0.942480 0.659354
vt 0.946231 0.658939
vt 0.942114 0.656868
vt 0.943942 0.655293
vt 0.931203 0.655368
vt 0.764837 0.751809
vt 0.767128 0.747747
vt 0.759761 0.762750
vt 0.757964 0.767266
vt 0.952096 0.662603
vt 0.949193 0.657366
vt 0.946029 0.653637
vt 0.937183 0.662870
vt 0.940509 0.664126
vt 0.866340 0.636028
vt 0.868938 0.639926
vt 0.861905 0.629051
vt 0.859172 0.625511
vt 0.854895 0.620705
vt 0.715007 0.726814
vt 0.719093 0.726996
vt 0.731242 0.727427
vt 0.735240 0.727493
vt 0.873392 0.644750
vt 0.860027 0.643663
vt 0.863113 0.647309
vt 0.853717 0.637267
vt 0.850307 0.634236
vt 0.844946 0.630588
vt 0.722747 0.707929
vt 0.726608 0.709446
vt 0.738391 0.715261
vt 0.742154 0.716739
vt 0.868091 0.651614
vt 0.854919 0.651515
vt 0.859132 0.654602
vt 0.847550 0.646647
vt 0.843534 0.644647
vt 0.837326 0.642866
vt 0.737078 0.693516
vt 0.740420 0.697050
vt 0.748981 0.706295
vt 0.751900 0.710564
vt 0.864122 0.658817
vt 0.852285 0.657593
vt 0.856593 0.660878
vt 0.846834 0.654611
vt 0.840751 0.654247
vt 0.834491 0.655182
vt 0.753073 0.689309
vt 0.754657 0.695006
vt 0.759286 0.703898
vt 0.761172 0.707980
vt 0.860603 0.665454
vt 0.849559 0.665496
vt 0.848638 0.672919
vt 0.847063 0.672748
vt 0.848083 0.667829
vt 0.849862 0.672890
vt 0.850238 0.665602
vt 0.850972 0.667439
vt 0.851511 0.672713
vt 0.850589 0.662984
vt 0.847983 0.661570
vt 0.842187 0.663173
vt 0.837824 0.667149
vt 0.768019 0.693077
vt 0.768486 0.699425
vt 0.770010 0.705159
vt 0.770774 0.707933
vt 0.855105 0.671405
vt 0.853196 0.666097
vt 0.775175 0.703873
vt 0.775053 0.705663
vt 0.774982 0.707113
vt 0.774859 0.708903
vt 0.804580 0.718432
vt 0.803435 0.712162
vt 0.807832 0.711501
vt 0.808770 0.717621
vt 0.798075 0.719826
vt 0.796214 0.713373
vt 0.794064 0.721031
vt 0.791827 0.714370
vt 0.788160 0.723148
vt 0.785503 0.716184
vt 0.901101 0.721612
vt 0.908290 0.729685
vt 0.906147 0.731979
vt 0.899156 0.724451
vt 0.899631 0.738790
vt 0.893225 0.732856
vt 0.897416 0.741023
vt 0.891207 0.735591
vt 0.814552 0.710825
vt 0.815286 0.716505
vt 0.807919 0.729265
vt 0.811596 0.728093
vt 0.802191 0.732249
vt 0.798637 0.733980
vt 0.793259 0.735809
vt 0.919208 0.746569
vt 0.916532 0.748015
vt 0.908502 0.752355
vt 0.905829 0.753801
vt 0.817670 0.727059
vt 0.810963 0.743377
vt 0.814403 0.742624
vt 0.805296 0.746099
vt 0.801908 0.747419
vt 0.796957 0.748433
vt 0.932786 0.760012
vt 0.930418 0.762008
vt 0.923283 0.768009
vt 0.920910 0.770007
vt 0.819809 0.742626
vt 0.802423 0.702663
vt 0.807360 0.701938
vt 0.793471 0.704144
vt 0.788757 0.704749
vt 0.782124 0.705614
vt 0.889435 0.710923
vt 0.887610 0.714734
vt 0.882082 0.726005
vt 0.880197 0.729668
vt 0.814321 0.701913
vt 0.803197 0.692735
vt 0.808442 0.692311
vt 0.792975 0.692610
vt 0.788025 0.692379
vt 0.781268 0.691456
vt 0.869940 0.706545
vt 0.869334 0.710958
vt 0.868470 0.725146
vt 0.867879 0.729448
vt 0.815464 0.692938
vt 0.804956 0.683538
vt 0.810744 0.683978
vt 0.795023 0.682009
vt 0.790258 0.680699
vt 0.784180 0.677706
vt 0.851014 0.710822
vt 0.852336 0.715984
vt 0.855886 0.729323
vt 0.858025 0.734547
vt 0.817920 0.684556
vt 0.807392 0.677090
vt 0.813260 0.677290
vt 0.800527 0.675861
vt 0.795053 0.672023
vt 0.790657 0.667032
vt 0.839773 0.722771
vt 0.843747 0.727647
vt 0.848906 0.737212
vt 0.851389 0.741387
vt 0.820006 0.676460
vt 0.811105 0.666084
vt 0.813105 0.660495
vt 0.814496 0.661540
vt 0.811057 0.668952
vt 0.815509 0.662359
vt 0.811716 0.669266
vt 0.816697 0.663658
vt 0.813452 0.667982
vt 0.806772 0.671194
vt 0.810062 0.671606
vt 0.802685 0.665899
vt 0.801330 0.659735
vt 0.835677 0.738587
vt 0.840732 0.742844
vt 0.844766 0.747689
vt 0.846704 0.750057
vt 0.819102 0.667281
vt 0.814427 0.670704
vt 0.841196 0.751592
vt 0.842745 0.752562
vt 0.843986 0.753374
vt 0.845534 0.754344
vt 0.810004 0.757823
vt 0.812932 0.758192
vt 0.805666 0.757606
vt 0.802738 0.757674
vt 0.798176 0.757888
vt 0.945883 0.765243
vt 0.945479 0.767273
vt 0.944295 0.773354
vt 0.943891 0.775385
vt 0.817521 0.758839
vt 0.808750 0.770095
vt 0.811389 0.770461
vt 0.804576 0.769957
vt 0.801895 0.769809
vt 0.797766 0.769351
vt 0.962704 0.766398
vt 0.962630 0.768419
vt 0.962409 0.774481
vt 0.962320 0.776509
vt 0.815403 0.771332
vt 0.806151 0.780620
vt 0.802045 0.780919
vt 0.799497 0.780830
vt 0.795606 0.780095
vt 0.977995 0.761975
vt 0.977921 0.763995
vt 0.977700 0.770057
vt 0.977626 0.772078
vt 0.812578 0.781945
vt 0.808738 0.780918
vt 0.708043 0.756106
vt 0.713518 0.769576
vt 0.711481 0.770469
vt 0.705202 0.756437
vt 0.707411 0.772848
vt 0.699824 0.757322
vt 0.705583 0.774043
vt 0.697219 0.757922
vt 0.702865 0.775736
vt 0.693039 0.760369
vt 0.655046 0.795098
vt 0.653116 0.794122
vt 0.663466 0.771154
vt 0.665949 0.770694
vt 0.647071 0.790801
vt 0.655722 0.770697
vt 0.645143 0.789689
vt 0.653215 0.770557
vt 0.716596 0.768637
vt 0.712385 0.755075
vt 0.705152 0.744548
vt 0.701090 0.744369
vt 0.694530 0.744046
vt 0.690065 0.744094
vt 0.684232 0.746526
vt 0.667757 0.750378
vt 0.670930 0.747798
vt 0.658871 0.753330
vt 0.655880 0.754328
vt 0.710971 0.743746
vt 0.704051 0.734371
vt 0.698772 0.734140
vt 0.691548 0.733098
vt 0.685100 0.732004
vt 0.678620 0.732708
vt 0.665929 0.732517
vt 0.669143 0.728026
vt 0.657483 0.738455
vt 0.654462 0.740548
vt 0.710639 0.733518
vt 0.703768 0.724449
vt 0.697833 0.724697
vt 0.691216 0.723269
vt 0.684484 0.720034
vt 0.678069 0.717713
vt 0.657597 0.717788
vt 0.659950 0.711997
vt 0.651379 0.725429
vt 0.648876 0.728353
vt 0.710549 0.722834
vt 0.699280 0.703551
vt 0.697879 0.711701
vt 0.696561 0.708869
vt 0.696740 0.702863
vt 0.698975 0.712043
vt 0.701116 0.704269
vt 0.703376 0.705740
vt 0.701008 0.710529
vt 0.693201 0.716105
vt 0.697804 0.717445
vt 0.688481 0.711539
vt 0.685305 0.706930
vt 0.645306 0.710821
vt 0.646534 0.705361
vt 0.642321 0.717478
vt 0.640862 0.720687
vt 0.703273 0.716654
vt 0.708820 0.713282
vt 0.632520 0.712929
vt 0.633143 0.710247
vt 0.631998 0.715090
vt 0.631375 0.717773
vt 0.859688 0.692551
vt 0.876515 0.692559
vt 0.876443 0.695782
vt 0.859469 0.695023
vt 0.859917 0.687217
vt 0.875564 0.686891
vt 0.859804 0.684718
vt 0.875038 0.683757
vt 0.859324 0.681656
vt 0.874696 0.679258
vt 0.945209 0.679324
vt 0.950504 0.700959
vt 0.948119 0.701713
vt 0.942627 0.679992
vt 0.940966 0.703783
vt 0.934801 0.681717
vt 0.938559 0.704442
vt 0.932147 0.682241
vt 0.875421 0.700455
vt 0.859268 0.698301
vt 0.887145 0.694156
vt 0.886003 0.697817
vt 0.888128 0.688466
vt 0.888587 0.684765
vt 0.889149 0.678715
vt 0.933756 0.662448
vt 0.932004 0.664453
vt 0.926090 0.670345
vt 0.924130 0.672237
vt 0.883923 0.703300
vt 0.897442 0.697421
vt 0.895223 0.701287
vt 0.900727 0.691276
vt 0.902535 0.687442
vt 0.904530 0.680874
vt 0.915979 0.650459
vt 0.915780 0.653496
vt 0.913592 0.662571
vt 0.912916 0.665686
vt 0.892345 0.707376
vt 0.905494 0.701052
vt 0.902443 0.705502
vt 0.910345 0.695202
vt 0.914729 0.690853
vt 0.918431 0.685122
vt 0.897709 0.645333
vt 0.900041 0.649708
vt 0.901653 0.659700
vt 0.902207 0.663326
vt 0.899319 0.711833
vt 0.911964 0.704854
vt 0.908640 0.709927
vt 0.917043 0.700496
vt 0.923976 0.697120
vt 0.929929 0.693392
vt 0.881079 0.648133
vt 0.885895 0.652378
vt 0.890583 0.660817
vt 0.892217 0.664213
vt 0.905984 0.716616
vt 0.925673 0.713430
vt 0.930540 0.717260
vt 0.928502 0.718867
vt 0.922593 0.712766
vt 0.926861 0.719911
vt 0.921687 0.713417
vt 0.924389 0.720879
vt 0.921780 0.715987
vt 0.921438 0.706179
vt 0.917627 0.708978
vt 0.928127 0.705162
vt 0.933953 0.705359
vt 0.870938 0.658009
vt 0.875483 0.660870
vt 0.880354 0.665767
vt 0.882694 0.668145
vt 0.914251 0.720710
vt 0.914902 0.713966
vt 0.869473 0.672193
vt 0.871697 0.673617
vt 0.873480 0.674784
vt 0.875704 0.676209
vt 0.842198 0.693978
vt 0.843291 0.688875
vt 0.843492 0.686700
vt 0.843109 0.684465
vt 0.952420 0.724415
vt 0.950127 0.725365
vt 0.943245 0.728214
vt 0.940954 0.729163
vt 0.841770 0.698533
vt 0.841750 0.696092
vn -0.901779 0.360759 0.238009
vn -0.285051 0.107196 0.952499
vn -0.331872 0.012665 0.943240
vn -0.976049 0.040865 0.213679
vn 0.381135 -0.072728 0.921654
vn 0.451189 0.008901 0.892384
vn 0.958800 -0.173779 0.224729
vn 0.980677 0.018832 0.194727
vn 0.930200 -0.161769 -0.329483
vn 0.960459 0.021333 -0.277601
vn -0.000000 0.000000 -1.000000
vn -0.000002 0.000000 -1.000000
vn 0.000001 0.000000 -1.000000
vn -0.000003 0.000000 -1.000000
vn -0.857013 0.350608 -0.377627
vn -0.938504 0.042352 -0.342662
vn -0.321361 -0.066529 0.944617
vn -0.957066 -0.200850 0.209009
vn 0.465822 0.113942 0.877512
vn 0.955331 0.229192 0.186583
vn 0.938172 0.227423 -0.260982
vn 0.000003 0.000000 -1.000000
vn 0.000000 0.000000 -1.000000
vn -0.921183 -0.190124 -0.339520
vn -0.256086 -0.189960 0.947806
vn -0.781830 -0.589036 0.204398
vn 0.409754 0.309751 0.857995
vn 0.788958 0.588065 0.178115
vn 0.776599 0.581021 -0.243534
vn 0.000001 0.000000 -1.000000
vn -0.000002 0.000000 -1.000000
vn -0.752329 -0.564752 -0.339200
vn -0.163112 -0.278878 0.946373
vn -0.488997 -0.849711 0.197163
vn 0.255193 0.473624 0.842945
vn 0.474577 0.863641 0.170002
vn 0.465929 0.854169 -0.230881
vn -0.000001 0.000000 -1.000000
vn -0.000003 0.000000 -1.000000
vn -0.474336 -0.816431 -0.329311
vn -0.008493 -0.303894 0.952668
vn -0.026269 -0.979834 0.198076
vn 0.012935 0.565748 0.824477
vn 0.023831 0.986047 0.164754
vn 0.023114 0.975719 -0.217802
vn 0.000002 0.000000 -1.000000
vn 0.000003 0.000000 -1.000000
vn -0.025799 -0.939548 -0.341444
vn 0.145013 -0.266795 0.952781
vn 0.460305 -0.865000 0.199735
vn -0.258505 0.494531 0.829828
vn -0.463938 0.869874 0.167572
vn -0.456786 0.861395 -0.222136
vn -0.000002 0.000000 -1.000000
vn -0.000002 0.000000 -1.000000
vn 0.443768 -0.828761 -0.340920
vn 0.235601 -0.129858 0.963135
vn 0.850273 -0.479933 0.216100
vn -0.484878 0.267512 0.832665
vn -0.865737 0.468961 0.174857
vn -0.855996 0.465617 -0.224659
vn -0.000007 0.000000 -1.000000
vn -0.000010 0.000000 -1.000000
vn 0.807406 -0.454668 -0.375995
vn 0.269099 0.000126 0.963112
vn 0.976342 -0.007401 0.216105
vn -0.547221 -0.007735 0.836952
vn -0.984086 -0.018502 0.176730
vn -0.972641 -0.017729 -0.231635
vn -0.000005 0.000000 -1.000000
vn -0.000006 0.000000 -1.000000
vn 0.928945 -0.007658 -0.370139
vn 0.239253 0.137353 0.961193
vn 0.851007 0.480448 0.212030
vn -0.456101 -0.303878 0.836439
vn -0.821647 -0.542839 0.173846
vn -0.809174 -0.538150 -0.235865
vn 0.000003 0.000000 -1.000000
vn 0.000004 0.000000 -1.000000
vn 0.816502 0.453699 -0.357045
vn 0.184258 0.222608 0.957337
vn 0.639370 0.742195 0.200882
vn -0.319648 -0.469753 0.822896
vn -0.553925 -0.816023 0.165144
vn -0.545103 -0.807422 -0.225683
vn 0.000001 0.000000 -1.000000
vn -0.000002 0.000000 -1.000000
vn 0.620888 0.706589 -0.339456
vn 0.104465 0.283779 0.953182
vn 0.376608 0.907235 0.187329
vn -0.125348 -0.576415 0.807486
vn -0.200414 -0.966901 0.157914
vn -0.196727 -0.956520 -0.215332
vn 0.000000 0.000000 -1.000000
vn -0.000002 0.000000 -1.000000
vn 0.376982 0.869812 -0.318294
vn -0.007404 0.284193 0.958738
vn 0.047955 0.982001 0.182686
vn 0.122875 -0.600349 0.790242
vn 0.220938 -0.962856 0.155224
vn 0.218274 -0.954097 -0.205072
vn 0.000002 0.000000 -1.000000
vn 0.000002 0.000000 -1.000000
vn 0.065658 0.943518 -0.324749
vn -0.126839 0.221457 0.966886
vn -0.428206 0.882243 0.195671
vn 0.412089 -0.455497 0.789116
vn 0.677248 -0.719278 0.154837
vn 0.672252 -0.713111 -0.198872
vn -0.000226 0.006929 -0.999976
vn 0.003656 0.004217 -0.999985
vn -0.392743 0.846162 -0.360227
vn -0.186377 0.089729 0.978372
vn -0.842238 0.491215 0.222133
vn 0.588912 -0.177682 0.788424
vn 0.950015 -0.270949 0.155106
vn 0.940112 -0.269522 -0.208680
vn -0.003614 0.000660 -0.999993
vn 0.007404 -0.000798 -0.999972
vn -0.774681 0.477987 -0.414002
vn -0.063285 -0.221892 0.973015
vn -0.464355 -0.852157 0.241252
vn 0.579980 0.009029 0.814581
vn 0.979851 0.084677 0.180893
vn 0.966041 0.066163 -0.249773
vn 0.030519 -0.038027 -0.998811
vn 0.028860 -0.058181 -0.997889
vn -0.349842 -0.807550 -0.474842
vn -0.040309 -0.428260 0.902756
vn -0.241799 -0.328578 0.913000
vn -0.636184 -0.731227 0.246124
vn -0.236136 -0.952145 0.194060
vn -0.499890 -0.075745 0.862770
vn -0.938025 -0.287182 0.193997
vn 0.413462 0.245212 0.876881
vn 0.789670 0.566213 0.236272
vn 0.792382 0.536700 -0.289972
vn 0.085382 -0.034484 -0.995751
vn 0.049081 -0.116916 -0.991928
vn -0.199498 -0.936181 -0.289424
vn -0.793431 0.493471 0.356305
vn -0.975156 0.194863 0.105356
vn -0.956192 0.201190 -0.212649
vn -0.924768 -0.258789 -0.278984
vn -0.670402 0.654987 -0.348644
vn -0.118422 -0.023389 -0.992688
vn -0.019620 0.099339 -0.994860
vn -0.638347 0.675586 -0.368914
vn -0.307010 0.933381 -0.185863
vn -0.028640 0.967957 -0.249478
vn -0.300084 0.949668 0.089895
vn -0.008014 0.985156 0.171474
vn -0.504495 0.787448 0.354133
vn -0.058318 0.559873 0.826523
vn -0.616537 -0.728305 -0.299089
vn 0.003247 -0.136323 -0.990659
vn 0.082515 0.012321 -0.996514
vn 0.359357 0.873615 -0.328114
vn 0.363627 0.899867 0.240862
vn 0.175728 0.403323 0.898026
vn -0.184990 0.146870 0.971704
vn -0.724291 0.637236 0.263311
vn 0.345420 -0.215192 0.913442
vn 0.834820 -0.496701 0.237409
vn 0.815996 -0.484236 -0.315698
vn 0.000000 0.000000 -1.000000
vn 0.000001 0.000000 -1.000000
vn -0.680719 0.596701 -0.424934
vn -0.122324 0.182691 0.975531
vn -0.401321 0.867907 0.292710
vn 0.196111 -0.320323 0.926787
vn 0.557319 -0.789854 0.255982
vn 0.540352 -0.767039 -0.345934
vn -0.000001 0.000000 -1.000000
vn -0.000002 0.000000 -1.000000
vn -0.362273 0.807596 -0.465347
vn 0.049284 0.253767 0.966009
vn -0.046656 0.949194 0.311214
vn 0.067402 -0.412481 0.908469
vn 0.170792 -0.946891 0.272446
vn 0.165565 -0.915400 -0.366921
vn 0.000001 0.000000 -1.000000
vn -0.000000 0.000000 -1.000000
vn -0.052527 0.876095 -0.479268
vn 0.248668 0.409844 0.877606
vn 0.269939 0.929624 0.250864
vn -0.133219 -0.447395 0.884359
vn -0.335832 -0.896868 0.287827
vn -0.319333 -0.854772 -0.409135
vn -0.000002 0.000000 -1.000000
vn 0.000002 0.000000 -1.000000
vn 0.209523 0.881936 -0.422243
vn -0.911801 -0.044480 0.408215
vn -0.665593 0.305521 -0.680913
vn -0.952604 -0.114545 -0.281825
vn -0.983705 -0.133323 0.120618
vn -0.782004 0.358929 -0.509548
vn -0.135131 0.851416 0.506785
vn 0.046981 0.990544 0.128900
vn 0.070005 0.976768 -0.202542
vn 0.276521 0.582050 0.764692
vn -0.479831 -0.330755 0.812627
vn -0.757423 -0.605176 0.245096
vn -0.751242 -0.532278 -0.390277
vn -0.000004 0.000000 -1.000000
vn -0.000003 0.000000 -1.000000
vn 0.405664 0.863733 -0.299001
vn 0.441145 0.878848 0.181707
vn 0.245461 -0.139562 0.959308
vn 0.284158 -0.085632 0.954946
vn 0.892763 -0.379031 0.243535
vn 0.742051 -0.629836 0.229491
vn -0.289256 0.342332 0.893946
vn -0.300742 0.242548 0.922348
vn -0.702448 0.679011 0.213331
vn -0.801494 0.551785 0.230522
vn -0.690444 0.657096 -0.302511
vn -0.774348 0.531971 -0.342625
vn -0.000001 0.000000 -1.000000
vn 0.000001 0.000000 -1.000000
vn 0.000002 0.000000 -1.000000
vn 0.000001 0.000000 -1.000000
vn 0.706102 -0.609001 -0.361299
vn 0.851264 -0.361504 -0.380347
vn 0.294646 -0.180071 0.938487
vn 0.743099 -0.631953 0.220089
vn -0.240477 0.289930 0.926343
vn -0.724714 0.647725 0.235038
vn -0.700993 0.611447 -0.367072
vn -0.000002 0.000000 -1.000000
vn -0.000001 0.000000 -1.000000
vn 0.718651 -0.621421 -0.312052
vn 0.417546 -0.076988 0.905388
vn 0.914295 -0.347355 0.208349
vn -0.257054 0.203174 0.944798
vn -0.874527 0.419324 0.243660
vn -0.832641 0.393729 -0.389469
vn -0.000002 0.000000 -1.000000
vn -0.000000 0.000000 -1.000000
vn 0.900161 -0.335726 -0.277487
vn 0.226606 -0.011403 0.973920
vn 0.958276 -0.070476 0.277020
vn -0.375346 0.111835 0.920113
vn -0.935132 0.253940 0.247066
vn -0.910400 0.249825 -0.329786
vn -0.000001 0.000000 -1.000000
vn 0.000001 0.000000 -1.000000
vn 0.894446 -0.068022 -0.441972
vn 0.197564 0.042951 0.979349
vn 0.880784 0.354470 0.313961
vn -0.351074 -0.086743 0.932321
vn -0.947643 -0.171153 0.269591
vn -0.918173 -0.164735 -0.360308
vn -0.000000 0.000000 -1.000000
vn -0.000002 0.000000 -1.000000
vn 0.800564 0.335375 -0.496610
vn 0.117643 0.221483 0.968042
vn 0.643539 0.692453 0.326140
vn -0.307956 -0.261667 0.914710
vn -0.750189 -0.596833 0.284617
vn -0.723343 -0.577191 -0.378980
vn 0.000000 0.000000 -1.000000
vn -0.000002 0.000000 -1.000000
vn 0.599135 0.625143 -0.500234
vn 0.072581 0.483784 0.872173
vn 0.374999 0.892376 0.251080
vn -0.172861 -0.428283 0.886957
vn -0.309756 -0.906209 0.287813
vn -0.291279 -0.865386 -0.407754
vn -0.000000 0.000000 -1.000000
vn -0.000003 0.000000 -1.000000
vn 0.394240 0.814991 -0.424693
vn 0.601971 -0.790342 0.113978
vn 0.593478 -0.757764 -0.271251
vn 0.679723 -0.279065 -0.678306
vn 0.613958 -0.682745 0.396125
vn 0.800111 -0.328496 -0.501909
vn 0.648503 0.561790 0.513649
vn 0.570929 0.798426 -0.191197
vn 0.602210 0.787405 0.131663
vn 0.150117 -0.574962 0.804291
vn 0.164778 0.642457 0.748396
vn 0.168607 -0.956963 0.236204
vn 0.209598 -0.898039 -0.386775
vn -0.000007 0.000000 -1.000000
vn -0.000004 0.000000 -1.000000
vn 0.232127 0.930808 -0.282335
vn 0.213257 0.960879 0.176730
vn 0.438668 0.067024 0.896146
vn 0.980833 0.026861 0.192989
vn -0.329382 0.076816 0.941067
vn -0.973658 0.049439 0.222590
vn -0.932493 0.035696 -0.359420
vn 0.000001 0.000000 -1.000000
vn -0.000000 0.000000 -1.000000
vn 0.958854 0.017464 -0.283362
vn 0.406892 0.153664 0.900459
vn 0.943333 0.265601 0.198945
vn -0.338341 -0.052860 0.939538
vn -0.941212 -0.259965 0.215725
vn -0.902685 -0.255122 -0.346515
vn 0.000006 0.000000 -1.000000
vn 0.000001 0.000000 -1.000000
vn 0.923539 0.256737 -0.284889
vn 0.279996 0.160530 0.946484
vn -0.424437 -0.191890 0.884891
vn -0.880159 -0.434280 0.191627
vn -0.865930 -0.430838 -0.254057
vn 0.000016 0.000000 -1.000000
vn -0.000001 0.000000 -1.000000
vn 0.832251 0.414166 -0.368544
vn 0.871844 0.438136 0.218918
vn 0.634484 -0.729041 0.256767
vn 0.534895 -0.802727 0.263661
vn 0.222512 -0.153138 0.962828
vn 0.278325 -0.110375 0.954124
vn -0.077187 0.332594 0.939906
vn -0.120556 0.386938 0.914191
vn -0.482896 0.847784 0.219255
vn -0.584036 0.785429 0.204945
vn -0.487106 0.810856 -0.324408
vn -0.583346 0.760420 -0.285428
vn 0.000004 0.000000 -1.000000
vn 0.000003 0.000000 -1.000000
vn -0.000004 0.000000 -1.000000
vn -0.000002 0.000000 -1.000000
vn 0.484586 -0.769728 -0.415566
vn 0.580440 -0.712248 -0.394705
vn 0.800626 -0.551097 0.235139
vn 0.362939 -0.044916 0.930730
vn -0.275055 0.400317 0.874123
vn -0.768147 0.605600 0.207844
vn -0.747575 0.595542 -0.294042
vn -0.000001 0.000000 -1.000000
vn -0.000001 0.000000 -1.000000
vn 0.745819 -0.553430 -0.370769
vn 0.925114 -0.305213 0.225851
vn 0.414831 -0.000782 0.909898
vn -0.457828 0.246285 0.854247
vn -0.929338 0.278932 0.241926
vn -0.885977 0.282922 -0.367423
vn -0.000002 0.000000 -1.000000
vn 0.000001 0.000000 -1.000000
vn 0.870932 -0.308642 -0.382383
vn 0.975225 0.001026 0.221212
vn 0.462329 0.068545 0.884055
vn -0.536392 -0.042752 0.842885
vn -0.945066 -0.177695 0.274363
vn -0.899315 -0.158774 -0.407460
vn -0.000000 0.000000 -1.000000
vn -0.000000 0.000000 -1.000000
vn 0.914094 -0.007606 -0.405432
vn 0.368500 -0.413055 -0.832823
vn 0.082855 -0.766154 0.637294
vn -0.099144 -0.975562 0.196086
vn -0.073375 -0.916257 -0.393814
vn 0.754734 0.051472 0.654009
vn 0.421201 -0.472169 -0.774368
vn 0.900924 0.309807 -0.303901
vn 0.931892 0.314739 0.180327
vn -0.380092 -0.458014 0.803588
vn 0.519057 0.169228 0.837820
vn -0.633240 -0.730238 0.256437
vn -0.581449 -0.725593 -0.368011
vn 0.000000 0.000000 -1.000000
vn -0.000000 0.000000 -1.000000
vn 0.840490 0.372547 -0.393428
vn 0.897033 0.387282 0.212942
vn 0.214714 -0.089155 0.972599
vn 0.294682 -0.026760 0.955220
vn 0.819935 -0.504851 0.269874
vn 0.647265 -0.689993 0.323971
vn -0.113525 0.290692 0.950058
vn -0.235570 0.318561 0.918164
vn -0.588609 0.744132 0.315922
vn -0.778802 0.579512 0.240070
vn -0.568377 0.680877 -0.461902
vn -0.773133 0.537719 -0.336338
vn -0.000001 0.000000 -1.000000
vn 0.000004 0.000000 -1.000000
vn 0.000000 0.000000 -1.000000
vn -0.000004 0.000000 -1.000000
vn 0.580987 -0.656863 -0.480609
vn 0.750587 -0.513783 -0.415507
vn 0.322665 0.057621 0.944758
vn 0.963386 -0.139911 0.228717
vn -0.405077 0.199727 0.892200
vn -0.950057 0.244810 0.193546
vn -0.939191 0.227106 -0.257571
vn -0.000002 0.000000 -1.000000
vn -0.000005 0.000000 -1.000000
vn 0.914724 -0.159428 -0.371298
vn 0.296752 0.137923 0.944942
vn 0.961143 0.155135 0.228336
vn -0.499966 0.028620 0.865572
vn -0.977837 -0.086366 0.190725
vn -0.961768 -0.081928 -0.261325
vn -0.000006 0.000000 -1.000000
vn -0.000004 0.000000 -1.000000
vn 0.920909 0.133110 -0.366345
vn 0.261599 0.276433 0.924743
vn 0.865561 0.445560 0.228650
vn -0.520173 -0.163213 0.838320
vn -0.864994 -0.446919 0.228143
vn -0.845346 -0.416456 -0.334595
vn -0.000005 0.000000 -1.000000
vn -0.000001 0.000000 -1.000000
vn 0.829139 0.404696 -0.385681
vn 0.263821 0.395443 0.879786
vn 0.693159 0.688435 0.213511
vn -0.357021 -0.407237 0.840651
vn -0.538517 -0.798710 0.268444
vn -0.522268 -0.754408 -0.397624
vn 0.000000 0.000000 -1.000000
vn 0.000002 0.000000 -1.000000
vn 0.664855 0.638979 -0.386877
vn 0.544820 -0.814705 0.198560
vn 0.527071 -0.756235 -0.387691
vn 0.532510 -0.027450 -0.845978
vn 0.545904 -0.534128 0.645520
vn 0.607048 -0.031293 -0.794048
vn 0.504695 0.573097 0.645633
vn 0.442139 0.846163 -0.297525
vn 0.460531 0.871070 0.170732
vn 0.029852 -0.606276 0.794694
vn 0.278392 0.497693 0.821462
vn 0.036365 -0.967271 0.251128
vn 0.068199 -0.927649 -0.367173
vn 0.000003 0.000000 -1.000000
vn 0.000006 0.000000 -1.000000
vn 0.377802 0.847187 -0.373551
vn 0.407641 0.890831 0.200622
vn 0.199183 -0.163280 0.966264
vn -0.063311 0.214940 0.974573
vn -0.502668 0.770148 0.392678
vn -0.452215 0.654468 -0.605948
vn -0.000003 0.000000 -1.000000
vn 0.000003 0.000000 -1.000000
vn 0.523203 -0.733401 -0.434029
vn 0.565469 -0.760383 0.319471
vn -0.901778 -0.360758 0.238012
vn -0.976049 -0.040865 0.213679
vn -0.331872 -0.012665 0.943239
vn -0.285050 -0.107196 0.952500
vn 0.451190 -0.008901 0.892383
vn 0.381136 0.072727 0.921654
vn 0.980677 -0.018832 0.194726
vn 0.958800 0.173779 0.224728
vn 0.960459 -0.021333 -0.277602
vn 0.930200 0.161770 -0.329482
vn 0.000000 0.000000 -1.000000
vn -0.000002 0.000000 -1.000000
vn 0.000000 0.000000 -1.000000
vn -0.000002 0.000000 -1.000000
vn -0.938503 -0.042352 -0.342663
vn -0.857014 -0.350607 -0.377627
vn -0.957066 0.200849 0.209009
vn -0.321363 0.066529 0.944616
vn 0.465824 -0.113941 0.877511
vn 0.955332 -0.229190 0.186582
vn 0.938172 -0.227422 -0.260984
vn 0.000003 0.000000 -1.000000
vn 0.000004 0.000000 -1.000000
vn -0.921182 0.190125 -0.339524
vn -0.781829 0.589037 0.204401
vn -0.256083 0.189959 0.947806
vn 0.409756 -0.309750 0.857995
vn 0.788960 -0.588063 0.178113
vn 0.776599 -0.581020 -0.243535
vn 0.000001 0.000000 -1.000000
vn -0.000002 0.000000 -1.000000
vn -0.752328 0.564752 -0.339201
vn -0.488996 0.849712 0.197164
vn -0.163109 0.278879 0.946373
vn 0.255196 -0.473623 0.842945
vn 0.474578 -0.863640 0.170002
vn 0.465929 -0.854169 -0.230879
vn -0.000001 0.000000 -1.000000
vn -0.000001 0.000000 -1.000000
vn -0.474337 0.816433 -0.329305
vn -0.026271 0.979835 0.198074
vn -0.008497 0.303895 0.952668
vn 0.012932 -0.565744 0.824480
vn 0.023831 -0.986046 0.164760
vn 0.023114 -0.975720 -0.217797
vn 0.000003 0.000000 -1.000000
vn 0.000006 0.000000 -1.000000
vn -0.025800 0.939549 -0.341442
vn 0.460304 0.865001 0.199734
vn 0.145010 0.266796 0.952781
vn -0.258507 -0.494529 0.829828
vn -0.463938 -0.869873 0.167577
vn -0.456786 -0.861397 -0.222132
vn -0.000000 0.000000 -1.000000
vn 0.000000 0.000000 -1.000000
vn 0.443767 0.828759 -0.340923
vn 0.850273 0.479933 0.216099
vn 0.235603 0.129858 0.963134
vn -0.484881 -0.267512 0.832663
vn -0.865738 -0.468960 0.174855
vn -0.855997 -0.465617 -0.224658
vn -0.000003 0.000000 -1.000000
vn -0.000005 0.000000 -1.000000
vn 0.807407 0.454667 -0.375995
vn 0.976342 0.007402 0.216106
vn 0.269101 -0.000126 0.963112
vn -0.547221 0.007735 0.836952
vn -0.984085 0.018502 0.176730
vn -0.972641 0.017730 -0.231635
vn -0.000004 0.000000 -1.000000
vn -0.000002 0.000000 -1.000000
vn 0.928944 0.007658 -0.370141
vn 0.851007 -0.480447 0.212033
vn 0.239250 -0.137353 0.961194
vn -0.456101 0.303876 0.836439
vn -0.821647 0.542839 0.173848
vn -0.809175 0.538148 -0.235865
vn -0.000009 0.000000 -1.000000
vn 0.000003 0.000000 -1.000000
vn 0.816502 -0.453696 -0.357050
vn 0.639369 -0.742195 0.200885
vn 0.184259 -0.222610 0.957337
vn -0.319649 0.469753 0.822895
vn -0.553925 0.816023 0.165148
vn -0.545106 0.807420 -0.225680
vn -0.000007 0.000000 -1.000000
vn -0.000002 0.000000 -1.000000
vn 0.620887 -0.706588 -0.339459
vn 0.376607 -0.907234 0.187331
vn 0.104466 -0.283779 0.953182
vn -0.125348 0.576414 0.807487
vn -0.200413 0.966901 0.157916
vn -0.196727 0.956520 -0.215331
vn -0.000002 0.000000 -1.000000
vn -0.000004 0.000000 -1.000000
vn 0.376980 -0.869813 -0.318295
vn 0.047953 -0.982001 0.182689
vn -0.007407 -0.284191 0.958739
vn 0.122873 0.600347 0.790244
vn 0.220938 0.962856 0.155224
vn 0.218273 0.954097 -0.205076
vn -0.000000 0.000000 -1.000000
vn 0.000000 0.000000 -1.000000
vn 0.065658 -0.943519 -0.324746
vn -0.428207 -0.882243 0.195671
vn -0.126839 -0.221457 0.966886
vn 0.412087 0.455496 0.789119
vn 0.677247 0.719278 0.154839
vn 0.672250 0.713113 -0.198871
vn -0.000229 -0.006929 -0.999976
vn 0.003659 -0.004217 -0.999984
vn -0.392743 -0.846165 -0.360219
vn -0.842237 -0.491216 0.222133
vn -0.186378 -0.089728 0.978372
vn 0.588907 0.177683 0.788427
vn 0.950015 0.270950 0.155107
vn 0.940112 0.269522 -0.208680
vn -0.003613 -0.000660 -0.999993
vn 0.007414 0.000798 -0.999972
vn -0.774679 -0.477993 -0.413998
vn -0.464354 0.852159 0.241249
vn -0.063294 0.221894 0.973014
vn 0.579977 -0.009028 0.814583
vn 0.979851 -0.084677 0.180893
vn 0.966042 -0.066163 -0.249772
vn 0.030522 0.038027 -0.998810
vn 0.028865 0.058181 -0.997889
vn -0.349842 0.807549 -0.474842
vn -0.040311 0.428261 0.902756
vn -0.236135 0.952145 0.194063
vn -0.636183 0.731226 0.246129
vn -0.241796 0.328577 0.913001
vn -0.938025 0.287183 0.193998
vn -0.499888 0.075746 0.862771
vn 0.413461 -0.245214 0.876881
vn 0.789670 -0.566214 0.236268
vn 0.792381 -0.536700 -0.289976
vn 0.085383 0.034484 -0.995751
vn 0.049080 0.116917 -0.991928
vn -0.199498 0.936179 -0.289430
vn -0.975156 -0.194860 0.105355
vn -0.793432 -0.493471 0.356304
vn -0.956193 -0.201188 -0.212644
vn -0.924770 0.258788 -0.278979
vn -0.670404 -0.654987 -0.348641
vn -0.118424 0.023389 -0.992688
vn -0.019620 -0.099338 -0.994860
vn -0.638348 -0.675585 -0.368913
vn -0.307012 -0.933381 -0.185859
vn -0.028640 -0.967958 -0.249472
vn -0.008015 -0.985155 0.171477
vn -0.300085 -0.949667 0.089898
vn -0.058315 -0.559873 0.826524
vn -0.504496 -0.787449 0.354129
vn -0.616539 0.728304 -0.299086
vn 0.003244 0.136323 -0.990659
vn 0.082516 -0.012322 -0.996514
vn 0.359357 -0.873614 -0.328118
vn 0.363627 -0.899868 0.240861
vn 0.175729 -0.403322 0.898026
vn -0.184993 -0.146869 0.971703
vn -0.724292 -0.637235 0.263311
vn 0.345422 0.215193 0.913442
vn 0.834821 0.496700 0.237409
vn 0.815998 0.484235 -0.315696
vn 0.000000 0.000000 -1.000000
vn -0.000000 0.000000 -1.000000
vn -0.680720 -0.596700 -0.424934
vn -0.122325 -0.182691 0.975531
vn -0.401320 -0.867907 0.292712
vn 0.196111 0.320322 0.926787
vn 0.557319 0.789852 0.255985
vn 0.540354 0.767040 -0.345929
vn 0.000001 0.000000 -1.000000
vn -0.000001 0.000000 -1.000000
vn -0.362274 -0.807595 -0.465348
vn 0.049284 -0.253767 0.966009
vn -0.046655 -0.949194 0.311213
vn 0.067402 0.412481 0.908469
vn 0.170792 0.946891 0.272449
vn 0.165564 0.915402 -0.366915
vn -0.000001 0.000000 -1.000000
vn -0.000001 0.000000 -1.000000
vn -0.052527 -0.876097 -0.479265
vn 0.248665 -0.409845 0.877607
vn 0.269939 -0.929624 0.250861
vn -0.133222 0.447394 0.884359
vn -0.335833 0.896868 0.287825
vn -0.319335 0.854772 -0.409133
vn -0.000006 0.000000 -1.000000
vn 0.000001 0.000000 -1.000000
vn 0.209528 -0.881937 -0.422238
vn -0.911801 0.044479 0.408216
vn -0.983706 0.133323 0.120617
vn -0.952602 0.114547 -0.281832
vn -0.665591 -0.305520 -0.680915
vn -0.782006 -0.358933 -0.509543
vn -0.135123 -0.851416 0.506787
vn 0.046984 -0.990544 0.128898
vn 0.070015 -0.976769 -0.202533
vn -0.479832 0.330753 0.812627
vn 0.276525 -0.582049 0.764691
vn -0.757424 0.605175 0.245095
vn -0.751241 0.532277 -0.390279
vn -0.000001 0.000000 -1.000000
vn -0.000000 0.000000 -1.000000
vn 0.405671 -0.863732 -0.298994
vn 0.441145 -0.878848 0.181707
vn 0.245464 0.139563 0.959307
vn 0.742052 0.629836 0.229490
vn 0.892764 0.379030 0.243533
vn 0.284163 0.085631 0.954944
vn -0.300740 -0.242549 0.922348
vn -0.289256 -0.342333 0.893946
vn -0.702448 -0.679011 0.213330
vn -0.801494 -0.551785 0.230522
vn -0.690445 -0.657095 -0.302509
vn -0.774348 -0.531971 -0.342625
vn -0.000000 0.000000 -1.000000
vn -0.000003 0.000000 -1.000000
vn 0.000000 0.000000 -1.000000
vn 0.000002 0.000000 -1.000000
vn 0.851266 0.361504 -0.380344
vn 0.706102 0.609000 -0.361302
vn 0.294645 0.180071 0.938487
vn 0.743098 0.631953 0.220090
vn -0.240477 -0.289931 0.926343
vn -0.724713 -0.647725 0.235038
vn -0.700994 -0.611448 -0.367068
vn -0.000003 0.000000 -1.000000
vn 0.000000 0.000000 -1.000000
vn 0.718653 0.621420 -0.312051
vn 0.417544 0.076988 0.905389
vn 0.914295 0.347355 0.208350
vn -0.257053 -0.203174 0.944798
vn -0.874526 -0.419325 0.243662
vn -0.832643 -0.393731 -0.389464
vn -0.000001 0.000000 -1.000000
vn 0.000003 0.000000 -1.000000
vn 0.900162 0.335726 -0.277484
vn 0.958277 0.070475 0.277018
vn 0.226607 0.011402 0.973920
vn -0.375345 -0.111835 0.920114
vn -0.935132 -0.253941 0.247067
vn -0.910400 -0.249826 -0.329787
vn -0.000001 0.000000 -1.000000
vn -0.000002 0.000000 -1.000000
vn 0.894447 0.068022 -0.441970
vn 0.880784 -0.354469 0.313962
vn 0.197564 -0.042950 0.979349
vn -0.351072 0.086743 0.932322
vn -0.947643 0.171153 0.269592
vn -0.918173 0.164735 -0.360307
vn -0.000001 0.000000 -1.000000
vn -0.000002 0.000000 -1.000000
vn 0.800565 -0.335374 -0.496608
vn 0.643539 -0.692451 0.326143
vn 0.117644 -0.221482 0.968042
vn -0.307953 0.261667 0.914710
vn -0.750187 0.596833 0.284621
vn -0.723344 0.577190 -0.378979
vn -0.000001 0.000000 -1.000000
vn 0.000001 0.000000 -1.000000
vn 0.599137 -0.625143 -0.500231
vn 0.374998 -0.892374 0.251088
vn 0.072580 -0.483784 0.872173
vn -0.172862 0.428281 0.886958
vn -0.309755 0.906208 0.287816
vn -0.291279 0.865383 -0.407760
vn 0.000001 0.000000 -1.000000
vn -0.000001 0.000000 -1.000000
vn 0.394241 -0.814990 -0.424696
vn 0.601972 0.790341 0.113978
vn 0.613960 0.682744 0.396125
vn 0.679718 0.279060 -0.678313
vn 0.593479 0.757763 -0.271253
vn 0.648503 -0.561791 0.513648
vn 0.800103 0.328491 -0.501926
vn 0.602210 -0.787406 0.131661
vn 0.570928 -0.798423 -0.191212
vn 0.164776 -0.642454 0.748399
vn 0.150117 0.574960 0.804293
vn 0.168608 0.956963 0.236204
vn 0.209598 0.898037 -0.386779
vn -0.000004 0.000000 -1.000000
vn -0.000002 0.000000 -1.000000
vn 0.232127 -0.930805 -0.282346
vn 0.213256 -0.960878 0.176735
vn 0.438671 -0.067024 0.896145
vn 0.980833 -0.026862 0.192989
vn -0.329377 -0.076816 0.941069
vn -0.973658 -0.049439 0.222590
vn -0.932493 -0.035696 -0.359419
vn -0.000001 0.000000 -1.000000
vn -0.000000 0.000000 -1.000000
vn 0.958854 -0.017464 -0.283362
vn 0.406895 -0.153662 0.900458
vn 0.943333 -0.265601 0.198945
vn -0.338338 0.052859 0.939539
vn -0.941214 0.259963 0.215722
vn -0.902685 0.255119 -0.346517
vn 0.000002 0.000000 -1.000000
vn -0.000003 0.000000 -1.000000
vn 0.923539 -0.256738 -0.284889
vn -0.424440 0.191886 0.884890
vn 0.279989 -0.160529 0.946486
vn -0.880162 0.434277 0.191623
vn -0.865929 0.430834 -0.254064
vn 0.000016 0.000000 -1.000000
vn -0.000001 0.000000 -1.000000
vn 0.832250 -0.414167 -0.368545
vn 0.871844 -0.438136 0.218917
vn 0.634483 0.729042 0.256768
vn 0.278328 0.110375 0.954123
vn 0.222515 0.153139 0.962827
vn 0.534894 0.802727 0.263661
vn -0.077185 -0.332594 0.939906
vn -0.120554 -0.386938 0.914191
vn -0.584036 -0.785428 0.204949
vn -0.482896 -0.847784 0.219256
vn -0.583347 -0.760419 -0.285427
vn -0.487109 -0.810851 -0.324416
vn -0.000001 0.000000 -1.000000
vn 0.000000 0.000000 -1.000000
vn -0.000003 0.000000 -1.000000
vn -0.000003 0.000000 -1.000000
vn 0.580440 0.712250 -0.394701
vn 0.484587 0.769730 -0.415561
vn 0.800626 0.551098 0.235138
vn 0.362940 0.044916 0.930729
vn -0.275056 -0.400316 0.874123
vn -0.768147 -0.605599 0.207847
vn -0.747575 -0.595544 -0.294039
vn -0.000001 0.000000 -1.000000
vn -0.000002 0.000000 -1.000000
vn 0.745819 0.553431 -0.370767
vn 0.925115 0.305213 0.225849
vn 0.414830 0.000783 0.909899
vn -0.457828 -0.246284 0.854247
vn -0.929338 -0.278932 0.241925
vn -0.885976 -0.282921 -0.367425
vn 0.000000 0.000000 -1.000000
vn -0.000002 0.000000 -1.000000
vn 0.870932 0.308642 -0.382383
vn 0.975225 -0.001026 0.221212
vn 0.462329 -0.068544 0.884055
vn -0.536391 0.042752 0.842886
vn -0.945066 0.177695 0.274363
vn -0.899315 0.158773 -0.407461
vn 0.000000 0.000000 -1.000000
vn -0.000001 0.000000 -1.000000
vn 0.914093 0.007606 -0.405434
vn 0.368496 0.413053 -0.832825
vn -0.073374 0.916259 -0.393810
vn -0.099143 0.975561 0.196091
vn 0.082855 0.766154 0.637293
vn 0.754737 -0.051473 0.654005
vn 0.421196 0.472169 -0.774371
vn 0.900925 -0.309806 -0.303898
vn 0.931892 -0.314738 0.180324
vn 0.519058 -0.169228 0.837819
vn -0.380090 0.458012 0.803590
vn -0.633239 0.730237 0.256440
vn -0.581449 0.725593 -0.368010
vn 0.000000 0.000000 -1.000000
vn 0.000000 0.000000 -1.000000
vn 0.840492 -0.372547 -0.393424
vn 0.897033 -0.387283 0.212941
vn 0.214716 0.089154 0.972599
vn 0.647268 0.689991 0.323969
vn 0.819937 0.504850 0.269870
vn 0.294686 0.026759 0.955219
vn -0.235567 -0.318561 0.918165
vn -0.113526 -0.290693 0.950058
vn -0.588611 -0.744129 0.315927
vn -0.778803 -0.579510 0.240070
vn -0.568381 -0.680878 -0.461896
vn -0.773134 -0.537718 -0.336338
vn 0.000003 0.000000 -1.000000
vn -0.000002 0.000000 -1.000000
vn -0.000001 0.000000 -1.000000
vn 0.000003 0.000000 -1.000000
vn 0.750591 0.513780 -0.415504
vn 0.580993 0.656857 -0.480609
vn 0.963387 0.139911 0.228717
vn 0.322665 -0.057621 0.944758
vn -0.405076 -0.199727 0.892201
vn -0.950057 -0.244811 0.193545
vn -0.939190 -0.227106 -0.257576
vn -0.000001 0.000000 -1.000000
vn -0.000005 0.000000 -1.000000
vn 0.914725 0.159427 -0.371297
vn 0.961143 -0.155135 0.228337
vn 0.296749 -0.137923 0.944943
vn -0.499971 -0.028620 0.865569
vn -0.977837 0.086365 0.190723
vn -0.961767 0.081928 -0.261327
vn -0.000005 0.000000 -1.000000
vn -0.000003 0.000000 -1.000000
vn 0.920909 -0.133110 -0.366344
vn 0.865561 -0.445560 0.228650
vn 0.261598 -0.276433 0.924744
vn -0.520176 0.163213 0.838319
vn -0.864994 0.446919 0.228143
vn -0.845347 0.416456 -0.334594
vn -0.000004 0.000000 -1.000000
vn 0.000005 0.000000 -1.000000
vn 0.829139 -0.404696 -0.385680
vn 0.693159 -0.688436 0.213509
vn 0.263823 -0.395442 0.879786
vn -0.357020 0.407240 0.840650
vn -0.538516 0.798710 0.268445
vn -0.522268 0.754409 -0.397621
vn -0.000001 0.000000 -1.000000
vn 0.000001 0.000000 -1.000000
vn 0.664854 -0.638976 -0.386883
vn 0.544818 0.814707 0.198559
vn 0.545898 0.534127 0.645526
vn 0.532504 0.027450 -0.845982
vn 0.527072 0.756234 -0.387694
vn 0.504695 -0.573098 0.645633
vn 0.607047 0.031292 -0.794050
vn 0.460530 -0.871070 0.170728
vn 0.442141 -0.846166 -0.297514
vn 0.278393 -0.497692 0.821462
vn 0.029850 0.606277 0.794693
vn 0.036363 0.967271 0.251126
vn 0.068200 0.927649 -0.367173
vn 0.000001 0.000000 -1.000000
vn 0.000000 0.000000 -1.000000
vn 0.377803 -0.847186 -0.373551
vn 0.407641 -0.890831 0.200620
vn -0.063313 -0.214942 0.974572
vn 0.199182 0.163278 0.966264
vn -0.502669 -0.770147 0.392681
vn -0.452215 -0.654468 -0.605949
vn -0.000002 0.000000 -1.000000
vn 0.000008 0.000000 -1.000000
vn 0.523210 0.733394 -0.434033
vn 0.565472 0.760380 0.319473
s 1
g lowpoly PROP_____PictureFrame_Var_3 High_Fidelity_Group sweep11 group12
usemtl initialShadingGroup
f 3210/4030/3210 3211/3842/3211 3219/3843/3212 3218/4031/3213
f 3211/3842/3211 3212/3844/3214 3220/3845/3215 3219/3843/3212
f 3212/3844/3214 3213/3846/3216 3221/3847/3217 3220/3845/3215
f 3213/3846/3216 3214/3848/3218 3222/3849/3219 3221/3847/3217
f 3222/4337/3219 3214/4297/3218 3215/3850/3220 3223/3853/3221
f 3215/3850/3220 3216/3851/3222 3224/3852/3223 3223/3853/3221
f 3224/3852/3223 3216/3851/3222 3217/3854/3224 3225/4336/3225
f 3225/3855/3225 3217/4296/3224 3210/4030/3210 3218/4031/3213
f 3219/3843/3212 3227/3856/3226 3226/4032/3227 3218/4031/3213
f 3219/3843/3212 3220/3845/3215 3228/3857/3228 3227/3856/3226
f 3221/3847/3217 3229/3858/3229 3228/3857/3228 3220/3845/3215
f 3222/3849/3219 3230/3859/3230 3229/3858/3229 3221/3847/3217
f 3230/4335/3230 3222/4337/3219 3223/3853/3221 3231/3861/3231
f 3223/3853/3221 3224/3852/3223 3232/3860/3232 3231/3861/3231
f 3232/3860/3232 3224/3852/3223 3225/4336/3225 3233/4334/3233
f 3233/3862/3233 3225/3855/3225 3218/4031/3213 3226/4032/3227
f 3227/3856/3226 3235/3863/3234 3234/4033/3235 3226/4032/3227
f 3227/3856/3226 3228/3857/3228 3236/3864/3236 3235/3863/3234
f 3229/3858/3229 3237/3865/3237 3236/3864/3236 3228/3857/3228
f 3230/3859/3230 3238/3866/3238 3237/3865/3237 3229/3858/3229
f 3238/4333/3238 3230/4335/3230 3231/3861/3231 3239/3868/3239
f 3231/3861/3231 3232/3860/3232 3240/3867/3240 3239/3868/3239
f 3240/3867/3240 3232/3860/3232 3233/4334/3233 3241/4332/3241
f 3241/3869/3241 3233/3862/3233 3226/4032/3227 3234/4033/3235
f 3235/3863/3234 3243/3870/3242 3242/4034/3243 3234/4033/3235
f 3235/3863/3234 3236/3864/3236 3244/3871/3244 3243/3870/3242
f 3237/3865/3237 3245/3872/3245 3244/3871/3244 3236/3864/3236
f 3238/3866/3238 3246/3873/3246 3245/3872/3245 3237/3865/3237
f 3246/4331/3246 3238/4333/3238 3239/3868/3239 3247/3875/3247
f 3239/3868/3239 3240/3867/3240 3248/3874/3248 3247/3875/3247
f 3248/3874/3248 3240/3867/3240 3241/4332/3241 3249/4330/3249
f 3249/3876/3249 3241/3869/3241 3234/4033/3235 3242/4034/3243
f 3243/3870/3242 3251/3877/3250 3250/4035/3251 3242/4034/3243
f 3243/3870/3242 3244/3871/3244 3252/3878/3252 3251/3877/3250
f 3245/3872/3245 3253/3879/3253 3252/3878/3252 3244/3871/3244
f 3246/3873/3246 3254/3880/3254 3253/3879/3253 3245/3872/3245
f 3254/4329/3254 3246/4331/3246 3247/3875/3247 3255/3882/3255
f 3247/3875/3247 3248/3874/3248 3256/3881/3256 3255/3882/3255
f 3256/3881/3256 3248/3874/3248 3249/4330/3249 3257/4328/3257
f 3257/3883/3257 3249/3876/3249 3242/4034/3243 3250/4035/3251
f 3251/3877/3250 3259/3884/3258 3258/4036/3259 3250/4035/3251
f 3251/3877/3250 3252/3878/3252 3260/3885/3260 3259/3884/3258
f 3253/3879/3253 3261/3886/3261 3260/3885/3260 3252/3878/3252
f 3254/3880/3254 3262/3887/3262 3261/3886/3261 3253/3879/3253
f 3262/4327/3262 3254/4329/3254 3255/3882/3255 3263/3889/3263
f 3255/3882/3255 3256/3881/3256 3264/3888/3264 3263/3889/3263
f 3264/3888/3264 3256/3881/3256 3257/4328/3257 3265/4326/3265
f 3265/3890/3265 3257/3883/3257 3250/4035/3251 3258/4036/3259
f 3259/3884/3258 3267/3891/3266 3266/4037/3267 3258/4036/3259
f 3259/3884/3258 3260/3885/3260 3268/3892/3268 3267/3891/3266
f 3261/3886/3261 3269/3893/3269 3268/3892/3268 3260/3885/3260
f 3262/3887/3262 3270/3894/3270 3269/3893/3269 3261/3886/3261
f 3270/4325/3270 3262/4327/3262 3263/3889/3263 3271/3896/3271
f 3263/3889/3263 3264/3888/3264 3272/3895/3272 3271/3896/3271
f 3272/3895/3272 3264/3888/3264 3265/4326/3265 3273/4324/3273
f 3273/3897/3273 3265/3890/3265 3258/4036/3259 3266/4037/3267
f 3267/3891/3266 3275/3898/3274 3274/4038/3275 3266/4037/3267
f 3267/3891/3266 3268/3892/3268 3276/3899/3276 3275/3898/3274
f 3269/3893/3269 3277/3900/3277 3276/3899/3276 3268/3892/3268
f 3270/3894/3270 3278/3901/3278 3277/3900/3277 3269/3893/3269
f 3278/4323/3278 3270/4325/3270 3271/3896/3271 3279/3903/3279
f 3271/3896/3271 3272/3895/3272 3280/3902/3280 3279/3903/3279
f 3280/3902/3280 3272/3895/3272 3273/4324/3273 3281/4322/3281
f 3281/3904/3281 3273/3897/3273 3266/4037/3267 3274/4038/3275
f 3275/3898/3274 3283/3905/3282 3282/4039/3283 3274/4038/3275
f 3275/3898/3274 3276/3899/3276 3284/3906/3284 3283/3905/3282
f 3277/3900/3277 3285/3907/3285 3284/3906/3284 3276/3899/3276
f 3278/3901/3278 3286/3908/3286 3285/3907/3285 3277/3900/3277
f 3286/4321/3286 3278/4323/3278 3279/3903/3279 3287/3910/3287
f 3279/3903/3279 3280/3902/3280 3288/3909/3288 3287/3910/3287
f 3288/3909/3288 3280/3902/3280 3281/4322/3281 3289/4320/3289
f 3289/3911/3289 3281/3904/3281 3274/4038/3275 3282/4039/3283
f 3283/3905/3282 3291/3912/3290 3290/4040/3291 3282/4039/3283
f 3283/3905/3282 3284/3906/3284 3292/3913/3292 3291/3912/3290
f 3285/3907/3285 3293/3914/3293 3292/3913/3292 3284/3906/3284
f 3286/3908/3286 3294/3915/3294 3293/3914/3293 3285/3907/3285
f 3294/4319/3294 3286/4321/3286 3287/3910/3287 3295/3917/3295
f 3287/3910/3287 3288/3909/3288 3296/3916/3296 3295/3917/3295
f 3296/3916/3296 3288/3909/3288 3289/4320/3289 3297/4318/3297
f 3297/3918/3297 3289/3911/3289 3282/4039/3283 3290/4040/3291
f 3291/3912/3290 3299/3919/3298 3298/4041/3299 3290/4040/3291
f 3291/3912/3290 3292/3913/3292 3300/3920/3300 3299/3919/3298
f 3293/3914/3293 3301/3921/3301 3300/3920/3300 3292/3913/3292
f 3294/3915/3294 3302/3922/3302 3301/3921/3301 3293/3914/3293
f 3302/4317/3302 3294/4319/3294 3295/3917/3295 3303/3924/3303
f 3295/3917/3295 3296/3916/3296 3304/3923/3304 3303/3924/3303
f 3304/3923/3304 3296/3916/3296 3297/4318/3297 3305/4316/3305
f 3305/3925/3305 3297/3918/3297 3290/4040/3291 3298/4041/3299
f 3299/3919/3298 3307/3926/3306 3306/4042/3307 3298/4041/3299
f 3299/3919/3298 3300/3920/3300 3308/3927/3308 3307/3926/3306
f 3301/3921/3301 3309/3928/3309 3308/3927/3308 3300/3920/3300
f 3302/3922/3302 3310/3929/3310 3309/3928/3309 3301/3921/3301
f 3310/4315/3310 3302/4317/3302 3303/3924/3303 3311/3931/3311
f 3303/3924/3303 3304/3923/3304 3312/3930/3312 3311/3931/3311
f 3312/3930/3312 3304/3923/3304 3305/4316/3305 3313/4314/3313
f 3313/3932/3313 3305/3925/3305 3298/4041/3299 3306/4042/3307
f 3307/3926/3306 3315/3933/3314 3314/4043/3315 3306/4042/3307
f 3307/3926/3306 3308/3927/3308 3316/3934/3316 3315/3933/3314
f 3309/3928/3309 3317/3935/3317 3316/3934/3316 3308/3927/3308
f 3310/3929/3310 3318/3936/3318 3317/3935/3317 3309/3928/3309
f 3318/4313/3318 3310/4315/3310 3311/3931/3311 3319/3938/3319
f 3311/3931/3311 3312/3930/3312 3320/3937/3320 3319/3938/3319
f 3320/3937/3320 3312/3930/3312 3313/4314/3313 3321/4312/3321
f 3321/3939/3321 3313/3932/3313 3306/4042/3307 3314/4043/3315
f 3315/3933/3314 3323/3940/3322 3322/4044/3323 3314/4043/3315
f 3315/3933/3314 3316/3934/3316 3324/3941/3324 3323/3940/3322
f 3317/3935/3317 3325/3942/3325 3324/3941/3324 3316/3934/3316
f 3318/3936/3318 3326/3943/3326 3325/3942/3325 3317/3935/3317
f 3326/4311/3326 3318/4313/3318 3319/3938/3319 3327/3945/3327
f 3319/3938/3319 3320/3937/3320 3328/3944/3328 3327/3945/3327
f 3328/3944/3328 3320/3937/3320 3321/4312/3321 3329/4310/3329
f 3329/3946/3329 3321/3939/3321 3314/4043/3315 3322/4044/3323
f 3323/3940/3322 3331/3947/3330 3330/4045/3331 3322/4044/3323
f 3323/3940/3322 3324/3941/3324 3332/3948/3332 3331/3947/3330
f 3325/3942/3325 3333/3949/3333 3332/3948/3332 3324/3941/3324
f 3326/3943/3326 3334/3950/3334 3333/3949/3333 3325/3942/3325
f 3334/4304/3334 3326/4311/3326 3327/3945/3327 3335/3952/3335
f 3327/3945/3327 3328/3944/3328 3336/3951/3336 3335/3952/3335
f 3336/3951/3336 3328/3944/3328 3329/4310/3329 3337/4302/3337
f 3337/3953/3337 3329/3946/3329 3322/4044/3323 3330/4045/3331
f 3348/3954/3338 3347/3955/3339 3350/4047/3340 3349/4046/3341
f 3347/3955/3339 3346/3956/3342 3351/4048/3343 3350/4047/3340
f 3331/3947/3330 3348/3954/3338 3349/4046/3341 3330/4045/3331
f 3331/3947/3330 3332/3948/3332 3367/3957/3344 3348/3954/3338
f 3333/3949/3333 3364/3958/3345 3367/3957/3344 3332/3948/3332
f 3334/3950/3334 3361/4305/3346 3364/3958/3345 3333/3949/3333
f 3361/3959/3346 3334/4304/3334 3335/3952/3335 3358/3961/3347
f 3335/3952/3335 3336/3951/3336 3355/3960/3348 3358/3961/3347
f 3355/3960/3348 3336/3951/3336 3337/4302/3337 3352/3962/3349
f 3352/4303/3349 3337/3953/3337 3330/4045/3331 3349/4046/3341
f 3346/3956/3342 3338/3963/3350 3339/4049/3351 3351/4048/3343
f 3345/4300/3352 3354/3964/3353 3351/4048/3343 3339/4049/3351
f 3344/4308/3354 3357/3966/3355 3354/4301/3353 3345/3965/3352
f 3360/3968/3356 3357/3966/3355 3344/4308/3354 3343/4309/3357
f 3342/4298/3358 3363/4299/3359 3360/3968/3356 3343/4309/3357
f 3363/3970/3359 3342/3971/3358 3341/3973/3360 3366/3972/3361
f 3366/3972/3361 3341/3973/3360 3340/3975/3362 3369/3974/3363
f 3346/3956/3342 3369/3974/3363 3340/3975/3362 3338/3963/3350
f 3353/4307/3364 3352/4303/3349 3349/4046/3341 3350/4047/3340
f 3354/3964/3353 3353/4307/3364 3350/4047/3340 3351/4048/3343
f 3356/3977/3365 3355/3960/3348 3352/3962/3349 3353/3976/3364
f 3357/3966/3355 3356/3977/3365 3353/3976/3364 3354/4301/3353
f 3355/3960/3348 3356/3977/3365 3359/3978/3366 3358/3961/3347
f 3356/3977/3365 3357/3966/3355 3360/3968/3356 3359/3978/3366
f 3362/4306/3367 3361/3959/3346 3358/3961/3347 3359/3978/3366
f 3363/4299/3359 3362/4306/3367 3359/3978/3366 3360/3968/3356
f 3361/4305/3346 3362/3979/3367 3365/3980/3368 3364/3958/3345
f 3362/3979/3367 3363/3970/3359 3366/3972/3361 3365/3980/3368
f 3364/3958/3345 3365/3980/3368 3368/3981/3369 3367/3957/3344
f 3365/3980/3368 3366/3972/3361 3369/3974/3363 3368/3981/3369
f 3346/3956/3342 3347/3955/3339 3368/3981/3369 3369/3974/3363
f 3347/3955/3339 3348/3954/3338 3367/3957/3344 3368/3981/3369
f 3344/3967/3354 3345/4300/3352 3339/4049/3351 3338/3963/3350
f 3343/3969/3357 3344/3967/3354 3338/3963/3350 3340/3975/3362
f 3342/3971/3358 3343/3969/3357 3340/3975/3362 3341/3973/3360
f 3370/3982/3370 3211/3842/3211 3210/4030/3210 3371/4029/3371
f 3212/3844/3214 3211/3842/3211 3370/3982/3370 3372/3983/3372
f 3373/3984/3373 3213/3846/3216 3212/3844/3214 3372/3983/3372
f 3374/3985/3374 3214/3848/3218 3213/3846/3216 3373/3984/3373
f 3214/4297/3218 3374/4295/3374 3375/3986/3375 3215/3850/3220
f 3216/3851/3222 3215/3850/3220 3375/3986/3375 3376/3987/3376
f 3216/3851/3222 3376/3987/3376 3377/3988/3377 3217/3854/3224
f 3217/4296/3224 3377/4294/3377 3371/4029/3371 3210/4030/3210
f 3378/3989/3378 3370/3982/3370 3371/4029/3371 3379/4028/3379
f 3372/3983/3372 3370/3982/3370 3378/3989/3378 3380/3990/3380
f 3381/3991/3381 3373/3984/3373 3372/3983/3372 3380/3990/3380
f 3382/3992/3382 3374/3985/3374 3373/3984/3373 3381/3991/3381
f 3374/4295/3374 3382/4293/3382 3383/3993/3383 3375/3986/3375
f 3376/3987/3376 3375/3986/3375 3383/3993/3383 3384/3994/3384
f 3376/3987/3376 3384/3994/3384 3385/3995/3385 3377/3988/3377
f 3377/4294/3377 3385/4292/3385 3379/4028/3379 3371/4029/3371
f 3386/3996/3386 3378/3989/3378 3379/4028/3379 3387/4027/3387
f 3380/3990/3380 3378/3989/3378 3386/3996/3386 3388/3997/3388
f 3389/3998/3389 3381/3991/3381 3380/3990/3380 3388/3997/3388
f 3390/3999/3390 3382/3992/3382 3381/3991/3381 3389/3998/3389
f 3382/4293/3382 3390/4291/3390 3391/4000/3391 3383/3993/3383
f 3384/3994/3384 3383/3993/3383 3391/4000/3391 3392/4001/3392
f 3384/3994/3384 3392/4001/3392 3393/4002/3393 3385/3995/3385
f 3385/4292/3385 3393/4289/3393 3387/4027/3387 3379/4028/3379
f 3402/4003/3394 3386/3996/3386 3387/4027/3387 3409/4026/3395
f 3388/3997/3388 3386/3996/3386 3402/4003/3394 3403/4004/3396
f 3404/4005/3397 3389/3998/3389 3388/3997/3388 3403/4004/3396
f 3405/4287/3398 3390/3999/3390 3389/3998/3389 3404/4005/3397
f 3390/4291/3390 3405/4006/3398 3406/4007/3399 3391/4000/3391
f 3392/4001/3392 3391/4000/3391 3406/4007/3399 3407/4008/3400
f 3392/4001/3392 3407/4008/3400 3408/4009/3401 3393/4002/3393
f 3393/4289/3393 3408/4286/3401 3409/4026/3395 3387/4027/3387
f 3396/4021/3402 3399/4012/3403 3398/4010/3404 3397/4022/3405
f 3400/4288/3406 3399/4012/3403 3396/4021/3402 3394/4020/3407
f 3395/4025/3408 3401/4023/3409 3400/4288/3406 3394/4020/3407
f 3403/4004/3396 3402/4003/3394 3410/4013/3410 3411/4014/3411
f 3412/4015/3412 3404/4005/3397 3403/4004/3396 3411/4014/3411
f 3413/4284/3413 3405/4287/3398 3404/4005/3397 3412/4015/3412
f 3405/4006/3398 3413/4016/3413 3414/4017/3414 3406/4007/3399
f 3407/4008/3400 3406/4007/3399 3414/4017/3414 3415/4018/3415
f 3407/4008/3400 3415/4018/3415 3416/4019/3416 3408/4009/3401
f 3408/4286/3401 3416/4282/3416 3417/4024/3417 3409/4026/3395
f 3410/4013/3410 3402/4003/3394 3409/4026/3395 3417/4024/3417
f 3411/4014/3411 3410/4013/3410 3394/4020/3407 3396/4021/3402
f 3397/4022/3405 3412/4015/3412 3411/4014/3411 3396/4021/3402
f 3398/4010/3404 3413/4284/3413 3412/4015/3412 3397/4022/3405
f 3413/4016/3413 3398/4285/3404 3399/4290/3403 3414/4017/3414
f 3415/4018/3415 3414/4017/3414 3399/4290/3403 3400/4011/3406
f 3415/4018/3415 3400/4011/3406 3401/4283/3409 3416/4019/3416
f 3416/4282/3416 3401/4023/3409 3395/4025/3408 3417/4024/3417
f 3394/4020/3407 3410/4013/3410 3417/4024/3417 3395/4025/3408
s 4
f 3427/4050/3418 3419/4051/3419 3418/4147/3420 3426/4146/3421
f 3419/4051/3419 3427/4050/3418 3428/4052/3422 3420/4053/3423
f 3429/4054/3424 3421/4055/3425 3420/4053/3423 3428/4052/3422
f 3430/4056/3426 3422/4057/3427 3421/4055/3425 3429/4054/3424
f 3422/4361/3427 3430/4365/3426 3431/4059/3428 3423/4058/3429
f 3423/4058/3429 3431/4059/3428 3432/4060/3430 3424/4061/3431
f 3424/4061/3431 3432/4060/3430 3433/4063/3432 3425/4360/3433
f 3425/4062/3433 3433/4364/3432 3426/4146/3421 3418/4147/3420
f 3435/4064/3434 3427/4050/3418 3426/4146/3421 3434/4145/3435
f 3427/4050/3418 3435/4064/3434 3436/4065/3436 3428/4052/3422
f 3437/4066/3437 3429/4054/3424 3428/4052/3422 3436/4065/3436
f 3438/4067/3438 3430/4056/3426 3429/4054/3424 3437/4066/3437
f 3430/4365/3426 3438/4363/3438 3439/4068/3439 3431/4059/3428
f 3431/4059/3428 3439/4068/3439 3440/4069/3440 3432/4060/3430
f 3432/4060/3430 3440/4069/3440 3441/4070/3441 3433/4063/3432
f 3433/4364/3432 3441/4362/3441 3434/4145/3435 3426/4146/3421
f 3443/4071/3442 3435/4064/3434 3434/4145/3435 3442/4144/3443
f 3435/4064/3434 3443/4071/3442 3444/4072/3444 3436/4065/3436
f 3445/4073/3445 3437/4066/3437 3436/4065/3436 3444/4072/3444
f 3446/4074/3446 3438/4067/3438 3437/4066/3437 3445/4073/3445
f 3438/4363/3438 3446/4345/3446 3447/4075/3447 3439/4068/3439
f 3439/4068/3439 3447/4075/3447 3448/4076/3448 3440/4069/3440
f 3440/4069/3440 3448/4076/3448 3449/4077/3449 3441/4070/3441
f 3441/4362/3441 3449/4344/3449 3442/4144/3443 3434/4145/3435
f 3419/4051/3419 3450/4078/3450 3451/4148/3451 3418/4147/3420
f 3420/4053/3423 3452/4079/3452 3450/4078/3450 3419/4051/3419
f 3421/4055/3425 3453/4080/3453 3452/4079/3452 3420/4053/3423
f 3422/4057/3427 3454/4081/3454 3453/4080/3453 3421/4055/3425
f 3454/4359/3454 3422/4361/3427 3423/4058/3429 3455/4083/3455
f 3424/4061/3431 3456/4082/3456 3455/4083/3455 3423/4058/3429
f 3456/4082/3456 3424/4061/3431 3425/4360/3433 3457/4358/3457
f 3457/4084/3457 3425/4062/3433 3418/4147/3420 3451/4148/3451
f 3450/4078/3450 3458/4085/3458 3459/4149/3459 3451/4148/3451
f 3452/4079/3452 3460/4086/3460 3458/4085/3458 3450/4078/3450
f 3453/4080/3453 3461/4087/3461 3460/4086/3460 3452/4079/3452
f 3454/4081/3454 3462/4088/3462 3461/4087/3461 3453/4080/3453
f 3462/4357/3462 3454/4359/3454 3455/4083/3455 3463/4090/3463
f 3456/4082/3456 3464/4089/3464 3463/4090/3463 3455/4083/3455
f 3464/4089/3464 3456/4082/3456 3457/4358/3457 3465/4356/3465
f 3465/4091/3465 3457/4084/3457 3451/4148/3451 3459/4149/3459
f 3458/4085/3458 3466/4092/3466 3467/4150/3467 3459/4149/3459
f 3460/4086/3460 3468/4093/3468 3466/4092/3466 3458/4085/3458
f 3461/4087/3461 3469/4094/3469 3468/4093/3468 3460/4086/3460
f 3462/4088/3462 3470/4095/3470 3469/4094/3469 3461/4087/3461
f 3470/4355/3470 3462/4357/3462 3463/4090/3463 3471/4097/3471
f 3464/4089/3464 3472/4096/3472 3471/4097/3471 3463/4090/3463
f 3472/4096/3472 3464/4089/3464 3465/4356/3465 3473/4354/3473
f 3473/4098/3473 3465/4091/3465 3459/4149/3459 3467/4150/3467
f 3466/4092/3466 3482/4099/3474 3489/4151/3475 3467/4150/3467
f 3468/4093/3468 3483/4100/3476 3482/4099/3474 3466/4092/3466
f 3469/4094/3469 3484/4101/3477 3483/4100/3476 3468/4093/3468
f 3470/4095/3470 3485/4351/3478 3484/4101/3477 3469/4094/3469
f 3485/4102/3478 3470/4355/3470 3471/4097/3471 3486/4104/3479
f 3472/4096/3472 3487/4103/3480 3486/4104/3479 3471/4097/3471
f 3487/4103/3480 3472/4096/3472 3473/4354/3473 3488/4105/3481
f 3488/4350/3481 3473/4098/3473 3467/4150/3467 3489/4151/3475
f 3477/4118/3482 3478/4106/3483 3479/4353/3484 3476/4116/3485
f 3479/4353/3484 3480/4108/3486 3474/4117/3487 3476/4116/3485
f 3474/4117/3487 3480/4108/3486 3481/4347/3488 3475/4153/3489
f 3483/4100/3476 3491/4109/3490 3490/4110/3491 3482/4099/3474
f 3484/4101/3477 3492/4111/3492 3491/4109/3490 3483/4100/3476
f 3485/4351/3478 3493/4348/3493 3492/4111/3492 3484/4101/3477
f 3493/4112/3493 3485/4102/3478 3486/4104/3479 3494/4114/3494
f 3487/4103/3480 3495/4113/3495 3494/4114/3494 3486/4104/3479
f 3495/4113/3495 3487/4103/3480 3488/4105/3481 3496/4115/3496
f 3496/4346/3496 3488/4350/3481 3489/4151/3475 3497/4152/3497
f 3482/4099/3474 3490/4110/3491 3497/4152/3497 3489/4151/3475
f 3491/4109/3490 3476/4116/3485 3474/4117/3487 3490/4110/3491
f 3492/4111/3492 3477/4118/3482 3476/4116/3485 3491/4109/3490
f 3493/4348/3493 3478/4106/3483 3477/4118/3482 3492/4111/3492
f 3478/4349/3483 3493/4112/3493 3494/4114/3494 3479/4107/3484
f 3495/4113/3495 3480/4352/3486 3479/4107/3484 3494/4114/3494
f 3480/4352/3486 3495/4113/3495 3496/4115/3496 3481/4119/3488
f 3481/4347/3488 3496/4346/3496 3497/4152/3497 3475/4153/3489
f 3490/4110/3491 3474/4117/3487 3475/4153/3489 3497/4152/3497
f 3498/4120/3498 3443/4071/3442 3442/4144/3443 3499/4143/3499
f 3444/4072/3444 3443/4071/3442 3498/4120/3498 3500/4121/3500
f 3501/4122/3501 3445/4073/3445 3444/4072/3444 3500/4121/3500
f 3502/4123/3502 3446/4074/3446 3445/4073/3445 3501/4122/3501
f 3446/4345/3446 3502/4343/3502 3503/4124/3503 3447/4075/3447
f 3448/4076/3448 3447/4075/3447 3503/4124/3503 3504/4125/3504
f 3448/4076/3448 3504/4125/3504 3505/4126/3505 3449/4077/3449
f 3449/4344/3449 3505/4342/3505 3499/4143/3499 3442/4144/3443
f 3506/4127/3506 3498/4120/3498 3499/4143/3499 3513/4141/3507
f 3500/4121/3500 3498/4120/3498 3506/4127/3506 3507/4128/3508
f 3508/4129/3509 3501/4122/3501 3500/4121/3500 3507/4128/3508
f 3509/4340/3510 3502/4123/3502 3501/4122/3501 3508/4129/3509
f 3502/4343/3502 3509/4130/3510 3510/4131/3511 3503/4124/3503
f 3504/4125/3504 3503/4124/3503 3510/4131/3511 3511/4132/3512
f 3504/4125/3504 3511/4132/3512 3512/4133/3513 3505/4126/3505
f 3505/4342/3505 3512/4338/3513 3513/4141/3507 3499/4143/3499
f 3507/4128/3508 3506/4127/3506 3514/4134/3514 3515/4135/3515
f 3515/4135/3515 3516/4136/3516 3508/4129/3509 3507/4128/3508
f 3516/4136/3516 3517/4137/3517 3509/4340/3510 3508/4129/3509
f 3509/4130/3510 3517/4341/3517 3518/4138/3518 3510/4131/3511
f 3511/4132/3512 3510/4131/3511 3518/4138/3518 3519/4139/3519
f 3511/4132/3512 3519/4139/3519 3520/4140/3520 3512/4133/3513
f 3512/4338/3513 3520/4339/3520 3521/4142/3521 3513/4141/3507
f 3521/4142/3521 3514/4134/3514 3506/4127/3506 3513/4141/3507
s 6
f 3531/4154/3522 3522/4155/3523 3523/4159/3524 3530/4158/3525
f 3524/4156/3526 3532/4157/3527 3530/4158/3525 3523/4159/3524
f 3532/4157/3527 3524/4156/3526 3525/4161/3528 3533/4160/3529
f 3533/4160/3529 3525/4161/3528 3526/4203/3530 3534/4399/3531
f 3526/4401/3530 3527/4162/3532 3535/4163/3533 3534/4204/3531
f 3528/4164/3534 3536/4165/3535 3535/4163/3533 3527/4162/3532
f 3528/4164/3534 3529/4166/3536 3537/4167/3537 3536/4165/3535
f 3529/4400/3536 3522/4155/3523 3531/4154/3522 3537/4398/3537
f 3539/4168/3538 3531/4154/3522 3530/4158/3525 3538/4170/3539
f 3532/4157/3527 3540/4169/3540 3538/4170/3539 3530/4158/3525
f 3540/4169/3540 3532/4157/3527 3533/4160/3529 3541/4171/3541
f 3541/4171/3541 3533/4160/3529 3534/4399/3531 3542/4397/3542
f 3535/4163/3533 3543/4172/3543 3542/4205/3542 3534/4204/3531
f 3536/4165/3535 3544/4173/3544 3543/4172/3543 3535/4163/3533
f 3537/4167/3537 3545/4174/3545 3544/4173/3544 3536/4165/3535
f 3531/4154/3522 3539/4168/3538 3545/4396/3545 3537/4398/3537
f 3547/4175/3546 3539/4168/3538 3538/4170/3539 3546/4177/3547
f 3540/4169/3540 3548/4176/3548 3546/4177/3547 3538/4170/3539
f 3548/4176/3548 3540/4169/3540 3541/4171/3541 3549/4178/3549
f 3549/4178/3549 3541/4171/3541 3542/4397/3542 3550/4395/3550
f 3543/4172/3543 3551/4179/3551 3550/4206/3550 3542/4205/3542
f 3544/4173/3544 3552/4180/3552 3551/4179/3551 3543/4172/3543
f 3545/4174/3545 3553/4181/3553 3552/4180/3552 3544/4173/3544
f 3539/4168/3538 3547/4175/3546 3553/4394/3553 3545/4396/3545
f 3569/4182/3554 3547/4175/3546 3546/4177/3547 3562/4184/3555
f 3548/4176/3548 3563/4183/3556 3562/4184/3555 3546/4177/3547
f 3563/4183/3556 3548/4176/3548 3549/4178/3549 3564/4185/3557
f 3564/4185/3557 3549/4178/3549 3550/4395/3550 3565/4207/3558
f 3551/4179/3551 3566/4186/3559 3565/4393/3558 3550/4206/3550
f 3552/4180/3552 3567/4187/3560 3566/4186/3559 3551/4179/3551
f 3553/4181/3553 3568/4392/3561 3567/4187/3560 3552/4180/3552
f 3547/4175/3546 3569/4182/3554 3568/4188/3561 3553/4394/3553
f 3559/4200/3562 3556/4189/3563 3557/4199/3564 3558/4389/3565
f 3554/4190/3566 3556/4189/3563 3559/4200/3562 3560/4387/3567
f 3561/4202/3568 3555/4191/3569 3554/4190/3566 3560/4387/3567
f 3563/4183/3556 3571/4192/3570 3570/4193/3571 3562/4184/3555
f 3571/4192/3570 3563/4183/3556 3564/4185/3557 3572/4194/3572
f 3572/4194/3572 3564/4185/3557 3565/4207/3558 3573/4208/3573
f 3566/4186/3559 3574/4195/3574 3573/4391/3573 3565/4393/3558
f 3567/4187/3560 3575/4196/3575 3574/4195/3574 3566/4186/3559
f 3568/4392/3561 3576/4390/3576 3575/4196/3575 3567/4187/3560
f 3569/4182/3554 3577/4198/3577 3576/4197/3576 3568/4188/3561
f 3577/4198/3577 3569/4182/3554 3562/4184/3555 3570/4193/3571
f 3571/4192/3570 3556/4189/3563 3554/4190/3566 3570/4193/3571
f 3556/4189/3563 3571/4192/3570 3572/4194/3572 3557/4199/3564
f 3557/4199/3564 3572/4194/3572 3573/4208/3573 3558/4389/3565
f 3574/4195/3574 3559/4388/3562 3558/4209/3565 3573/4391/3573
f 3575/4196/3575 3560/4201/3567 3559/4388/3562 3574/4195/3574
f 3576/4390/3576 3561/4386/3568 3560/4201/3567 3575/4196/3575
f 3577/4198/3577 3555/4191/3569 3561/4202/3568 3576/4197/3576
f 3555/4191/3569 3577/4198/3577 3570/4193/3571 3554/4190/3566
s 8
f 3642/4210/3578 3579/4211/3579 3578/4275/3580 3649/4273/3581
f 3579/4211/3579 3642/4210/3578 3643/4212/3582 3580/4213/3583
f 3644/4214/3584 3581/4215/3585 3580/4213/3583 3643/4212/3582
f 3645/4368/3586 3582/4217/3587 3581/4215/3585 3644/4214/3584
f 3582/4385/3587 3645/4216/3586 3646/4219/3588 3583/4218/3589
f 3583/4218/3589 3646/4219/3588 3647/4220/3590 3584/4221/3591
f 3584/4221/3591 3647/4220/3590 3648/4223/3592 3585/4384/3593
f 3585/4222/3593 3648/4366/3592 3649/4273/3581 3578/4275/3580
f 3579/4211/3579 3594/4224/3594 3595/4276/3595 3578/4275/3580
f 3580/4213/3583 3596/4225/3596 3594/4224/3594 3579/4211/3579
f 3581/4215/3585 3597/4226/3597 3596/4225/3596 3580/4213/3583
f 3582/4217/3587 3598/4227/3598 3597/4226/3597 3581/4215/3585
f 3598/4383/3598 3582/4385/3587 3583/4218/3589 3599/4229/3599
f 3584/4221/3591 3600/4228/3600 3599/4229/3599 3583/4218/3589
f 3600/4228/3600 3584/4221/3591 3585/4384/3593 3601/4382/3601
f 3601/4230/3601 3585/4222/3593 3578/4275/3580 3595/4276/3595
f 3594/4224/3594 3602/4231/3602 3603/4277/3603 3595/4276/3595
f 3596/4225/3596 3604/4232/3604 3602/4231/3602 3594/4224/3594
f 3597/4226/3597 3605/4233/3605 3604/4232/3604 3596/4225/3596
f 3598/4227/3598 3606/4234/3606 3605/4233/3605 3597/4226/3597
f 3606/4381/3606 3598/4383/3598 3599/4229/3599 3607/4236/3607
f 3600/4228/3600 3608/4235/3608 3607/4236/3607 3599/4229/3599
f 3608/4235/3608 3600/4228/3600 3601/4382/3601 3609/4380/3609
f 3609/4237/3609 3601/4230/3601 3595/4276/3595 3603/4277/3603
f 3602/4231/3602 3610/4238/3610 3611/4278/3611 3603/4277/3603
f 3604/4232/3604 3612/4239/3612 3610/4238/3610 3602/4231/3602
f 3605/4233/3605 3613/4240/3613 3612/4239/3612 3604/4232/3604
f 3606/4234/3606 3614/4241/3614 3613/4240/3613 3605/4233/3605
f 3614/4379/3614 3606/4381/3606 3607/4236/3607 3615/4243/3615
f 3608/4235/3608 3616/4242/3616 3615/4243/3615 3607/4236/3607
f 3616/4242/3616 3608/4235/3608 3609/4380/3609 3617/4378/3617
f 3617/4244/3617 3609/4237/3609 3603/4277/3603 3611/4278/3611
f 3610/4238/3610 3626/4245/3618 3633/4279/3619 3611/4278/3611
f 3612/4239/3612 3627/4246/3620 3626/4245/3618 3610/4238/3610
f 3613/4240/3613 3628/4247/3621 3627/4246/3620 3612/4239/3612
f 3614/4241/3614 3629/4375/3622 3628/4247/3621 3613/4240/3613
f 3629/4248/3622 3614/4379/3614 3615/4243/3615 3630/4250/3623
f 3616/4242/3616 3631/4249/3624 3630/4250/3623 3615/4243/3615
f 3631/4249/3624 3616/4242/3616 3617/4378/3617 3632/4251/3625
f 3632/4374/3625 3617/4244/3617 3611/4278/3611 3633/4279/3619
f 3621/4264/3626 3622/4252/3627 3623/4377/3628 3620/4262/3629
f 3623/4377/3628 3624/4254/3630 3618/4263/3631 3620/4262/3629
f 3618/4263/3631 3624/4254/3630 3625/4371/3632 3619/4281/3633
f 3627/4246/3620 3635/4255/3634 3634/4256/3635 3626/4245/3618
f 3628/4247/3621 3636/4257/3636 3635/4255/3634 3627/4246/3620
f 3629/4375/3622 3637/4372/3637 3636/4257/3636 3628/4247/3621
f 3637/4258/3637 3629/4248/3622 3630/4250/3623 3638/4260/3638
f 3631/4249/3624 3639/4259/3639 3638/4260/3638 3630/4250/3623
f 3639/4259/3639 3631/4249/3624 3632/4251/3625 3640/4261/3640
f 3640/4370/3640 3632/4374/3625 3633/4279/3619 3641/4280/3641
f 3626/4245/3618 3634/4256/3635 3641/4280/3641 3633/4279/3619
f 3635/4255/3634 3620/4262/3629 3618/4263/3631 3634/4256/3635
f 3636/4257/3636 3621/4264/3626 3620/4262/3629 3635/4255/3634
f 3637/4372/3637 3622/4252/3627 3621/4264/3626 3636/4257/3636
f 3622/4373/3627 3637/4258/3637 3638/4260/3638 3623/4253/3628
f 3639/4259/3639 3624/4376/3630 3623/4253/3628 3638/4260/3638
f 3624/4376/3630 3639/4259/3639 3640/4261/3640 3625/4265/3632
f 3625/4371/3632 3640/4370/3640 3641/4280/3641 3619/4281/3633
f 3634/4256/3635 3618/4263/3631 3619/4281/3633 3641/4280/3641
f 3643/4212/3582 3642/4210/3578 3587/4266/3642 3588/4267/3643
f 3588/4267/3643 3589/4268/3644 3644/4214/3584 3643/4212/3582
f 3589/4268/3644 3590/4269/3645 3645/4368/3586 3644/4214/3584
f 3645/4216/3586 3590/4369/3645 3591/4270/3646 3646/4219/3588
f 3647/4220/3590 3646/4219/3588 3591/4270/3646 3592/4271/3647
f 3647/4220/3590 3592/4271/3647 3593/4272/3648 3648/4223/3592
f 3648/4366/3592 3593/4367/3648 3586/4274/3649 3649/4273/3581
f 3586/4274/3649 3587/4266/3642 3642/4210/3578 3649/4273/3581
s 10
f 3650/4402/3650 3658/4405/3651 3659/4404/3652 3651/4403/3653
f 3651/4403/3653 3659/4404/3652 3660/4407/3654 3652/4406/3655
f 3652/4406/3655 3660/4407/3654 3661/4409/3656 3653/4408/3657
f 3653/4408/3657 3661/4409/3656 3662/4411/3658 3654/4410/3659
f 3662/4412/3658 3663/4415/3660 3655/4414/3661 3654/4413/3659
f 3655/4414/3661 3663/4415/3660 3664/4417/3662 3656/4416/3663
f 3664/4417/3662 3665/4419/3664 3657/4418/3665 3656/4416/3663
f 3665/4420/3664 3658/4405/3651 3650/4402/3650 3657/4421/3665
f 3659/4404/3652 3658/4405/3651 3666/4423/3666 3667/4422/3667
f 3659/4404/3652 3667/4422/3667 3668/4424/3668 3660/4407/3654
f 3661/4409/3656 3660/4407/3654 3668/4424/3668 3669/4425/3669
f 3662/4411/3658 3661/4409/3656 3669/4425/3669 3670/4426/3670
f 3670/4427/3670 3671/4428/3671 3663/4415/3660 3662/4412/3658
f 3663/4415/3660 3671/4428/3671 3672/4429/3672 3664/4417/3662
f 3672/4429/3672 3673/4430/3673 3665/4419/3664 3664/4417/3662
f 3673/4431/3673 3666/4423/3666 3658/4405/3651 3665/4420/3664
f 3667/4422/3667 3666/4423/3666 3674/4433/3674 3675/4432/3675
f 3667/4422/3667 3675/4432/3675 3676/4434/3676 3668/4424/3668
f 3669/4425/3669 3668/4424/3668 3676/4434/3676 3677/4435/3677
f 3670/4426/3670 3669/4425/3669 3677/4435/3677 3678/4436/3678
f 3678/4437/3678 3679/4438/3679 3671/4428/3671 3670/4427/3670
f 3671/4428/3671 3679/4438/3679 3680/4439/3680 3672/4429/3672
f 3680/4439/3680 3681/4440/3681 3673/4430/3673 3672/4429/3672
f 3681/4441/3681 3674/4433/3674 3666/4423/3666 3673/4431/3673
f 3675/4432/3675 3674/4433/3674 3682/4443/3682 3683/4442/3683
f 3675/4432/3675 3683/4442/3683 3684/4444/3684 3676/4434/3676
f 3677/4435/3677 3676/4434/3676 3684/4444/3684 3685/4445/3685
f 3678/4436/3678 3677/4435/3677 3685/4445/3685 3686/4446/3686
f 3686/4447/3686 3687/4448/3687 3679/4438/3679 3678/4437/3678
f 3679/4438/3679 3687/4448/3687 3688/4449/3688 3680/4439/3680
f 3688/4449/3688 3689/4450/3689 3681/4440/3681 3680/4439/3680
f 3689/4451/3689 3682/4443/3682 3674/4433/3674 3681/4441/3681
f 3683/4442/3683 3682/4443/3682 3690/4453/3690 3691/4452/3691
f 3683/4442/3683 3691/4452/3691 3692/4454/3692 3684/4444/3684
f 3685/4445/3685 3684/4444/3684 3692/4454/3692 3693/4455/3693
f 3686/4446/3686 3685/4445/3685 3693/4455/3693 3694/4456/3694
f 3694/4457/3694 3695/4458/3695 3687/4448/3687 3686/4447/3686
f 3687/4448/3687 3695/4458/3695 3696/4459/3696 3688/4449/3688
f 3696/4459/3696 3697/4460/3697 3689/4450/3689 3688/4449/3688
f 3697/4461/3697 3690/4453/3690 3682/4443/3682 3689/4451/3689
f 3691/4452/3691 3690/4453/3690 3698/4463/3698 3699/4462/3699
f 3691/4452/3691 3699/4462/3699 3700/4464/3700 3692/4454/3692
f 3693/4455/3693 3692/4454/3692 3700/4464/3700 3701/4465/3701
f 3694/4456/3694 3693/4455/3693 3701/4465/3701 3702/4466/3702
f 3702/4467/3702 3703/4468/3703 3695/4458/3695 3694/4457/3694
f 3695/4458/3695 3703/4468/3703 3704/4469/3704 3696/4459/3696
f 3704/4469/3704 3705/4470/3705 3697/4460/3697 3696/4459/3696
f 3705/4471/3705 3698/4463/3698 3690/4453/3690 3697/4461/3697
f 3699/4462/3699 3698/4463/3698 3706/4473/3706 3707/4472/3707
f 3699/4462/3699 3707/4472/3707 3708/4474/3708 3700/4464/3700
f 3701/4465/3701 3700/4464/3700 3708/4474/3708 3709/4475/3709
f 3702/4466/3702 3701/4465/3701 3709/4475/3709 3710/4476/3710
f 3710/4477/3710 3711/4478/3711 3703/4468/3703 3702/4467/3702
f 3703/4468/3703 3711/4478/3711 3712/4479/3712 3704/4469/3704
f 3712/4479/3712 3713/4480/3713 3705/4470/3705 3704/4469/3704
f 3713/4481/3713 3706/4473/3706 3698/4463/3698 3705/4471/3705
f 3707/4472/3707 3706/4473/3706 3714/4483/3714 3715/4482/3715
f 3707/4472/3707 3715/4482/3715 3716/4484/3716 3708/4474/3708
f 3709/4475/3709 3708/4474/3708 3716/4484/3716 3717/4485/3717
f 3710/4476/3710 3709/4475/3709 3717/4485/3717 3718/4486/3718
f 3718/4487/3718 3719/4488/3719 3711/4478/3711 3710/4477/3710
f 3711/4478/3711 3719/4488/3719 3720/4489/3720 3712/4479/3712
f 3720/4489/3720 3721/4490/3721 3713/4480/3713 3712/4479/3712
f 3721/4491/3721 3714/4483/3714 3706/4473/3706 3713/4481/3713
f 3715/4482/3715 3714/4483/3714 3722/4493/3722 3723/4492/3723
f 3715/4482/3715 3723/4492/3723 3724/4494/3724 3716/4484/3716
f 3717/4485/3717 3716/4484/3716 3724/4494/3724 3725/4495/3725
f 3718/4486/3718 3717/4485/3717 3725/4495/3725 3726/4496/3726
f 3726/4497/3726 3727/4498/3727 3719/4488/3719 3718/4487/3718
f 3719/4488/3719 3727/4498/3727 3728/4499/3728 3720/4489/3720
f 3728/4499/3728 3729/4500/3729 3721/4490/3721 3720/4489/3720
f 3729/4501/3729 3722/4493/3722 3714/4483/3714 3721/4491/3721
f 3723/4492/3723 3722/4493/3722 3730/4503/3730 3731/4502/3731
f 3723/4492/3723 3731/4502/3731 3732/4504/3732 3724/4494/3724
f 3725/4495/3725 3724/4494/3724 3732/4504/3732 3733/4505/3733
f 3726/4496/3726 3725/4495/3725 3733/4505/3733 3734/4506/3734
f 3734/4507/3734 3735/4508/3735 3727/4498/3727 3726/4497/3726
f 3727/4498/3727 3735/4508/3735 3736/4509/3736 3728/4499/3728
f 3736/4509/3736 3737/4510/3737 3729/4500/3729 3728/4499/3728
f 3737/4511/3737 3730/4503/3730 3722/4493/3722 3729/4501/3729
f 3731/4502/3731 3730/4503/3730 3738/4513/3738 3739/4512/3739
f 3731/4502/3731 3739/4512/3739 3740/4514/3740 3732/4504/3732
f 3733/4505/3733 3732/4504/3732 3740/4514/3740 3741/4515/3741
f 3734/4506/3734 3733/4505/3733 3741/4515/3741 3742/4516/3742
f 3742/4517/3742 3743/4518/3743 3735/4508/3735 3734/4507/3734
f 3735/4508/3735 3743/4518/3743 3744/4519/3744 3736/4509/3736
f 3744/4519/3744 3745/4520/3745 3737/4510/3737 3736/4509/3736
f 3745/4521/3745 3738/4513/3738 3730/4503/3730 3737/4511/3737
f 3739/4512/3739 3738/4513/3738 3746/4523/3746 3747/4522/3747
f 3739/4512/3739 3747/4522/3747 3748/4524/3748 3740/4514/3740
f 3741/4515/3741 3740/4514/3740 3748/4524/3748 3749/4525/3749
f 3742/4516/3742 3741/4515/3741 3749/4525/3749 3750/4526/3750
f 3750/4527/3750 3751/4528/3751 3743/4518/3743 3742/4517/3742
f 3743/4518/3743 3751/4528/3751 3752/4529/3752 3744/4519/3744
f 3752/4529/3752 3753/4530/3753 3745/4520/3745 3744/4519/3744
f 3753/4531/3753 3746/4523/3746 3738/4513/3738 3745/4521/3745
f 3747/4522/3747 3746/4523/3746 3754/4533/3754 3755/4532/3755
f 3747/4522/3747 3755/4532/3755 3756/4534/3756 3748/4524/3748
f 3749/4525/3749 3748/4524/3748 3756/4534/3756 3757/4535/3757
f 3750/4526/3750 3749/4525/3749 3757/4535/3757 3758/4536/3758
f 3758/4537/3758 3759/4538/3759 3751/4528/3751 3750/4527/3750
f 3751/4528/3751 3759/4538/3759 3760/4539/3760 3752/4529/3752
f 3760/4539/3760 3761/4540/3761 3753/4530/3753 3752/4529/3752
f 3761/4541/3761 3754/4533/3754 3746/4523/3746 3753/4531/3753
f 3755/4532/3755 3754/4533/3754 3762/4543/3762 3763/4542/3763
f 3755/4532/3755 3763/4542/3763 3764/4544/3764 3756/4534/3756
f 3757/4535/3757 3756/4534/3756 3764/4544/3764 3765/4545/3765
f 3758/4536/3758 3757/4535/3757 3765/4545/3765 3766/4546/3766
f 3766/4547/3766 3767/4548/3767 3759/4538/3759 3758/4537/3758
f 3759/4538/3759 3767/4548/3767 3768/4549/3768 3760/4539/3760
f 3768/4549/3768 3769/4550/3769 3761/4540/3761 3760/4539/3760
f 3769/4551/3769 3762/4543/3762 3754/4533/3754 3761/4541/3761
f 3763/4542/3763 3762/4543/3762 3770/4553/3770 3771/4552/3771
f 3763/4542/3763 3771/4552/3771 3772/4554/3772 3764/4544/3764
f 3765/4545/3765 3764/4544/3764 3772/4554/3772 3773/4555/3773
f 3766/4546/3766 3765/4545/3765 3773/4555/3773 3774/4556/3774
f 3774/4557/3774 3775/4558/3775 3767/4548/3767 3766/4547/3766
f 3767/4548/3767 3775/4558/3775 3776/4559/3776 3768/4549/3768
f 3776/4559/3776 3777/4560/3777 3769/4550/3769 3768/4549/3768
f 3777/4561/3777 3770/4553/3770 3762/4543/3762 3769/4551/3769
f 3788/4562/3778 3789/4565/3779 3790/4564/3780 3787/4563/3781
f 3787/4563/3781 3790/4564/3780 3791/4567/3782 3786/4566/3783
f 3771/4552/3771 3770/4553/3770 3789/4565/3779 3788/4562/3778
f 3771/4552/3771 3788/4562/3778 3807/4568/3784 3772/4554/3772
f 3773/4555/3773 3772/4554/3772 3807/4568/3784 3804/4569/3785
f 3774/4556/3774 3773/4555/3773 3804/4569/3785 3801/4570/3786
f 3801/4571/3786 3798/4572/3787 3775/4558/3775 3774/4557/3774
f 3775/4558/3775 3798/4572/3787 3795/4573/3788 3776/4559/3776
f 3795/4573/3788 3792/4574/3789 3777/4560/3777 3776/4559/3776
f 3792/4575/3789 3789/4565/3779 3770/4553/3770 3777/4561/3777
f 3786/4566/3783 3791/4567/3782 3779/4577/3790 3778/4576/3791
f 3785/4578/3792 3779/4577/3790 3791/4567/3782 3794/4579/3793
f 3784/4580/3794 3785/4583/3792 3794/4582/3793 3797/4581/3795
f 3800/4584/3796 3783/4585/3797 3784/4580/3794 3797/4581/3795
f 3782/4586/3798 3783/4585/3797 3800/4584/3796 3803/4587/3799
f 3803/4588/3799 3806/4591/3800 3781/4590/3801 3782/4589/3798
f 3806/4591/3800 3809/4593/3802 3780/4592/3803 3781/4590/3801
f 3786/4566/3783 3778/4576/3791 3780/4592/3803 3809/4593/3802
f 3793/4594/3804 3790/4564/3780 3789/4565/3779 3792/4575/3789
f 3794/4579/3793 3791/4567/3782 3790/4564/3780 3793/4594/3804
f 3796/4595/3805 3793/4596/3804 3792/4574/3789 3795/4573/3788
f 3797/4581/3795 3794/4582/3793 3793/4596/3804 3796/4595/3805
f 3795/4573/3788 3798/4572/3787 3799/4597/3806 3796/4595/3805
f 3796/4595/3805 3799/4597/3806 3800/4584/3796 3797/4581/3795
f 3802/4598/3807 3799/4597/3806 3798/4572/3787 3801/4571/3786
f 3803/4587/3799 3800/4584/3796 3799/4597/3806 3802/4598/3807
f 3801/4570/3786 3804/4569/3785 3805/4600/3808 3802/4599/3807
f 3802/4599/3807 3805/4600/3808 3806/4591/3800 3803/4588/3799
f 3804/4569/3785 3807/4568/3784 3808/4601/3809 3805/4600/3808
f 3805/4600/3808 3808/4601/3809 3809/4593/3802 3806/4591/3800
f 3786/4566/3783 3809/4593/3802 3808/4601/3809 3787/4563/3781
f 3787/4563/3781 3808/4601/3809 3807/4568/3784 3788/4562/3778
f 3784/4602/3794 3778/4576/3791 3779/4577/3790 3785/4578/3792
f 3783/4603/3797 3780/4592/3803 3778/4576/3791 3784/4602/3794
f 3782/4589/3798 3781/4590/3801 3780/4592/3803 3783/4603/3797
f 3810/4604/3810 3811/4605/3811 3650/4402/3650 3651/4403/3653
f 3652/4406/3655 3812/4606/3812 3810/4604/3810 3651/4403/3653
f 3813/4607/3813 3812/4606/3812 3652/4406/3655 3653/4408/3657
f 3814/4608/3814 3813/4607/3813 3653/4408/3657 3654/4410/3659
f 3654/4413/3659 3655/4414/3661 3815/4610/3815 3814/4609/3814
f 3656/4416/3663 3816/4611/3816 3815/4610/3815 3655/4414/3661
f 3656/4416/3663 3657/4418/3665 3817/4612/3817 3816/4611/3816
f 3657/4421/3665 3650/4402/3650 3811/4605/3811 3817/4613/3817
f 3818/4614/3818 3819/4615/3819 3811/4605/3811 3810/4604/3810
f 3812/4606/3812 3820/4616/3820 3818/4614/3818 3810/4604/3810
f 3821/4617/3821 3820/4616/3820 3812/4606/3812 3813/4607/3813
f 3822/4618/3822 3821/4617/3821 3813/4607/3813 3814/4608/3814
f 3814/4609/3814 3815/4610/3815 3823/4620/3823 3822/4619/3822
f 3816/4611/3816 3824/4621/3824 3823/4620/3823 3815/4610/3815
f 3816/4611/3816 3817/4612/3817 3825/4622/3825 3824/4621/3824
f 3817/4613/3817 3811/4605/3811 3819/4615/3819 3825/4623/3825
f 3826/4624/3826 3827/4625/3827 3819/4615/3819 3818/4614/3818
f 3820/4616/3820 3828/4626/3828 3826/4624/3826 3818/4614/3818
f 3829/4627/3829 3828/4626/3828 3820/4616/3820 3821/4617/3821
f 3830/4628/3830 3829/4627/3829 3821/4617/3821 3822/4618/3822
f 3822/4619/3822 3823/4620/3823 3831/4630/3831 3830/4629/3830
f 3824/4621/3824 3832/4631/3832 3831/4630/3831 3823/4620/3823
f 3824/4621/3824 3825/4622/3825 3833/4632/3833 3832/4631/3832
f 3825/4623/3825 3819/4615/3819 3827/4625/3827 3833/4633/3833
f 3842/4634/3834 3849/4635/3835 3827/4625/3827 3826/4624/3826
f 3828/4626/3828 3843/4636/3836 3842/4634/3834 3826/4624/3826
f 3844/4637/3837 3843/4636/3836 3828/4626/3828 3829/4627/3829
f 3845/4638/3838 3844/4637/3837 3829/4627/3829 3830/4628/3830
f 3830/4629/3830 3831/4630/3831 3846/4640/3839 3845/4639/3838
f 3832/4631/3832 3847/4641/3840 3846/4640/3839 3831/4630/3831
f 3832/4631/3832 3833/4632/3833 3848/4642/3841 3847/4641/3840
f 3833/4633/3833 3827/4625/3827 3849/4635/3835 3848/4643/3841
f 3836/4644/3842 3837/4647/3843 3838/4646/3844 3839/4645/3845
f 3840/4648/3846 3834/4649/3847 3836/4644/3842 3839/4645/3845
f 3835/4650/3848 3834/4649/3847 3840/4648/3846 3841/4651/3849
f 3843/4636/3836 3851/4653/3850 3850/4652/3851 3842/4634/3834
f 3852/4654/3852 3851/4653/3850 3843/4636/3836 3844/4637/3837
f 3853/4655/3853 3852/4654/3852 3844/4637/3837 3845/4638/3838
f 3845/4639/3838 3846/4640/3839 3854/4657/3854 3853/4656/3853
f 3847/4641/3840 3855/4658/3855 3854/4657/3854 3846/4640/3839
f 3847/4641/3840 3848/4642/3841 3856/4659/3856 3855/4658/3855
f 3848/4643/3841 3849/4635/3835 3857/4661/3857 3856/4660/3856
f 3850/4652/3851 3857/4661/3857 3849/4635/3835 3842/4634/3834
f 3851/4653/3850 3836/4644/3842 3834/4649/3847 3850/4652/3851
f 3837/4647/3843 3836/4644/3842 3851/4653/3850 3852/4654/3852
f 3838/4646/3844 3837/4647/3843 3852/4654/3852 3853/4655/3853
f 3853/4656/3853 3854/4657/3854 3839/4663/3845 3838/4662/3844
f 3855/4658/3855 3840/4664/3846 3839/4663/3845 3854/4657/3854
f 3855/4658/3855 3856/4659/3856 3841/4665/3849 3840/4664/3846
f 3856/4660/3856 3857/4661/3857 3835/4650/3848 3841/4651/3849
f 3834/4649/3847 3835/4650/3848 3857/4661/3857 3850/4652/3851
s 12
f 3867/4666/3858 3866/4669/3859 3858/4668/3860 3859/4667/3861
f 3859/4667/3861 3860/4671/3862 3868/4670/3863 3867/4666/3858
f 3869/4672/3864 3868/4670/3863 3860/4671/3862 3861/4673/3865
f 3870/4674/3866 3869/4672/3864 3861/4673/3865 3862/4675/3867
f 3862/4676/3867 3863/4679/3868 3871/4678/3869 3870/4677/3866
f 3863/4679/3868 3864/4681/3870 3872/4680/3871 3871/4678/3869
f 3864/4681/3870 3865/4683/3872 3873/4682/3873 3872/4680/3871
f 3865/4684/3872 3858/4668/3860 3866/4669/3859 3873/4685/3873
f 3875/4686/3874 3874/4687/3875 3866/4669/3859 3867/4666/3858
f 3867/4666/3858 3868/4670/3863 3876/4688/3876 3875/4686/3874
f 3877/4689/3877 3876/4688/3876 3868/4670/3863 3869/4672/3864
f 3878/4690/3878 3877/4689/3877 3869/4672/3864 3870/4674/3866
f 3870/4677/3866 3871/4678/3869 3879/4692/3879 3878/4691/3878
f 3871/4678/3869 3872/4680/3871 3880/4693/3880 3879/4692/3879
f 3872/4680/3871 3873/4682/3873 3881/4694/3881 3880/4693/3880
f 3873/4685/3873 3866/4669/3859 3874/4687/3875 3881/4695/3881
f 3883/4696/3882 3882/4697/3883 3874/4687/3875 3875/4686/3874
f 3875/4686/3874 3876/4688/3876 3884/4698/3884 3883/4696/3882
f 3885/4699/3885 3884/4698/3884 3876/4688/3876 3877/4689/3877
f 3886/4700/3886 3885/4699/3885 3877/4689/3877 3878/4690/3878
f 3878/4691/3878 3879/4692/3879 3887/4702/3887 3886/4701/3886
f 3879/4692/3879 3880/4693/3880 3888/4703/3888 3887/4702/3887
f 3880/4693/3880 3881/4694/3881 3889/4704/3889 3888/4703/3888
f 3881/4695/3881 3874/4687/3875 3882/4697/3883 3889/4705/3889
f 3859/4667/3861 3858/4668/3860 3891/4707/3890 3890/4706/3891
f 3860/4671/3862 3859/4667/3861 3890/4706/3891 3892/4708/3892
f 3861/4673/3865 3860/4671/3862 3892/4708/3892 3893/4709/3893
f 3862/4675/3867 3861/4673/3865 3893/4709/3893 3894/4710/3894
f 3894/4711/3894 3895/4712/3895 3863/4679/3868 3862/4676/3867
f 3864/4681/3870 3863/4679/3868 3895/4712/3895 3896/4713/3896
f 3896/4713/3896 3897/4714/3897 3865/4683/3872 3864/4681/3870
f 3897/4715/3897 3891/4707/3890 3858/4668/3860 3865/4684/3872
f 3890/4706/3891 3891/4707/3890 3899/4717/3898 3898/4716/3899
f 3892/4708/3892 3890/4706/3891 3898/4716/3899 3900/4718/3900
f 3893/4709/3893 3892/4708/3892 3900/4718/3900 3901/4719/3901
f 3894/4710/3894 3893/4709/3893 3901/4719/3901 3902/4720/3902
f 3902/4721/3902 3903/4722/3903 3895/4712/3895 3894/4711/3894
f 3896/4713/3896 3895/4712/3895 3903/4722/3903 3904/4723/3904
f 3904/4723/3904 3905/4724/3905 3897/4714/3897 3896/4713/3896
f 3905/4725/3905 3899/4717/3898 3891/4707/3890 3897/4715/3897
f 3898/4716/3899 3899/4717/3898 3907/4727/3906 3906/4726/3907
f 3900/4718/3900 3898/4716/3899 3906/4726/3907 3908/4728/3908
f 3901/4719/3901 3900/4718/3900 3908/4728/3908 3909/4729/3909
f 3902/4720/3902 3901/4719/3901 3909/4729/3909 3910/4730/3910
f 3910/4731/3910 3911/4732/3911 3903/4722/3903 3902/4721/3902
f 3904/4723/3904 3903/4722/3903 3911/4732/3911 3912/4733/3912
f 3912/4733/3912 3913/4734/3913 3905/4724/3905 3904/4723/3904
f 3913/4735/3913 3907/4727/3906 3899/4717/3898 3905/4725/3905
f 3906/4726/3907 3907/4727/3906 3929/4737/3914 3922/4736/3915
f 3908/4728/3908 3906/4726/3907 3922/4736/3915 3923/4738/3916
f 3909/4729/3909 3908/4728/3908 3923/4738/3916 3924/4739/3917
f 3910/4730/3910 3909/4729/3909 3924/4739/3917 3925/4740/3918
f 3925/4741/3918 3926/4742/3919 3911/4732/3911 3910/4731/3910
f 3912/4733/3912 3911/4732/3911 3926/4742/3919 3927/4743/3920
f 3927/4743/3920 3928/4744/3921 3913/4734/3913 3912/4733/3912
f 3928/4745/3921 3929/4737/3914 3907/4727/3906 3913/4735/3913
f 3917/4746/3922 3916/4749/3923 3919/4748/3924 3918/4747/3925
f 3919/4748/3924 3916/4749/3923 3914/4751/3926 3920/4750/3927
f 3914/4751/3926 3915/4753/3928 3921/4752/3929 3920/4750/3927
f 3923/4738/3916 3922/4736/3915 3930/4755/3930 3931/4754/3931
f 3924/4739/3917 3923/4738/3916 3931/4754/3931 3932/4756/3932
f 3925/4740/3918 3924/4739/3917 3932/4756/3932 3933/4757/3933
f 3933/4758/3933 3934/4759/3934 3926/4742/3919 3925/4741/3918
f 3927/4743/3920 3926/4742/3919 3934/4759/3934 3935/4760/3935
f 3935/4760/3935 3936/4761/3936 3928/4744/3921 3927/4743/3920
f 3936/4762/3936 3937/4763/3937 3929/4737/3914 3928/4745/3921
f 3922/4736/3915 3929/4737/3914 3937/4763/3937 3930/4755/3930
f 3931/4754/3931 3930/4755/3930 3914/4751/3926 3916/4749/3923
f 3932/4756/3932 3931/4754/3931 3916/4749/3923 3917/4746/3922
f 3933/4757/3933 3932/4756/3932 3917/4746/3922 3918/4747/3925
f 3918/4764/3925 3919/4765/3924 3934/4759/3934 3933/4758/3933
f 3935/4760/3935 3934/4759/3934 3919/4765/3924 3920/4766/3927
f 3920/4766/3927 3921/4767/3929 3936/4761/3936 3935/4760/3935
f 3921/4752/3929 3915/4753/3928 3937/4763/3937 3936/4762/3936
f 3930/4755/3930 3937/4763/3937 3915/4753/3928 3914/4751/3926
f 3938/4768/3938 3939/4769/3939 3882/4697/3883 3883/4696/3882
f 3884/4698/3884 3940/4770/3940 3938/4768/3938 3883/4696/3882
f 3941/4771/3941 3940/4770/3940 3884/4698/3884 3885/4699/3885
f 3942/4772/3942 3941/4771/3941 3885/4699/3885 3886/4700/3886
f 3886/4701/3886 3887/4702/3887 3943/4774/3943 3942/4773/3942
f 3888/4703/3888 3944/4775/3944 3943/4774/3943 3887/4702/3887
f 3888/4703/3888 3889/4704/3889 3945/4776/3945 3944/4775/3944
f 3889/4705/3889 3882/4697/3883 3939/4769/3939 3945/4777/3945
f 3946/4778/3946 3953/4779/3947 3939/4769/3939 3938/4768/3938
f 3940/4770/3940 3947/4780/3948 3946/4778/3946 3938/4768/3938
f 3948/4781/3949 3947/4780/3948 3940/4770/3940 3941/4771/3941
f 3949/4782/3950 3948/4781/3949 3941/4771/3941 3942/4772/3942
f 3942/4773/3942 3943/4774/3943 3950/4784/3951 3949/4783/3950
f 3944/4775/3944 3951/4785/3952 3950/4784/3951 3943/4774/3943
f 3944/4775/3944 3945/4776/3945 3952/4786/3953 3951/4785/3952
f 3945/4777/3945 3939/4769/3939 3953/4779/3947 3952/4787/3953
f 3947/4780/3948 3955/4789/3954 3954/4788/3955 3946/4778/3946
f 3955/4789/3954 3947/4780/3948 3948/4781/3949 3956/4790/3956
f 3956/4790/3956 3948/4781/3949 3949/4782/3950 3957/4791/3957
f 3949/4783/3950 3950/4784/3951 3958/4793/3958 3957/4792/3957
f 3951/4785/3952 3959/4794/3959 3958/4793/3958 3950/4784/3951
f 3951/4785/3952 3952/4786/3953 3960/4795/3960 3959/4794/3959
f 3952/4787/3953 3953/4779/3947 3961/4797/3961 3960/4796/3960
f 3961/4797/3961 3953/4779/3947 3946/4778/3946 3954/4788/3955
s 14
f 3971/4798/3962 3970/4801/3963 3963/4800/3964 3962/4799/3965
f 3964/4802/3966 3963/4800/3964 3970/4801/3963 3972/4803/3967
f 3972/4803/3967 3973/4805/3968 3965/4804/3969 3964/4802/3966
f 3973/4805/3968 3974/4807/3970 3966/4806/3971 3965/4804/3969
f 3966/4808/3971 3974/4811/3970 3975/4810/3972 3967/4809/3973
f 3968/4812/3974 3967/4809/3973 3975/4810/3972 3976/4813/3975
f 3968/4812/3974 3976/4813/3975 3977/4815/3976 3969/4814/3977
f 3969/4816/3977 3977/4817/3976 3971/4798/3962 3962/4799/3965
f 3979/4818/3978 3978/4819/3979 3970/4801/3963 3971/4798/3962
f 3972/4803/3967 3970/4801/3963 3978/4819/3979 3980/4820/3980
f 3980/4820/3980 3981/4821/3981 3973/4805/3968 3972/4803/3967
f 3981/4821/3981 3982/4822/3982 3974/4807/3970 3973/4805/3968
f 3975/4810/3972 3974/4811/3970 3982/4824/3982 3983/4823/3983
f 3976/4813/3975 3975/4810/3972 3983/4823/3983 3984/4825/3984
f 3977/4815/3976 3976/4813/3975 3984/4825/3984 3985/4826/3985
f 3971/4798/3962 3977/4817/3976 3985/4827/3985 3979/4818/3978
f 3987/4828/3986 3986/4829/3987 3978/4819/3979 3979/4818/3978
f 3980/4820/3980 3978/4819/3979 3986/4829/3987 3988/4830/3988
f 3988/4830/3988 3989/4831/3989 3981/4821/3981 3980/4820/3980
f 3989/4831/3989 3990/4832/3990 3982/4822/3982 3981/4821/3981
f 3983/4823/3983 3982/4824/3982 3990/4834/3990 3991/4833/3991
f 3984/4825/3984 3983/4823/3983 3991/4833/3991 3992/4835/3992
f 3985/4826/3985 3984/4825/3984 3992/4835/3992 3993/4836/3993
f 3979/4818/3978 3985/4827/3985 3993/4837/3993 3987/4828/3986
f 4009/4838/3994 4002/4839/3995 3986/4829/3987 3987/4828/3986
f 3988/4830/3988 3986/4829/3987 4002/4839/3995 4003/4840/3996
f 4003/4840/3996 4004/4841/3997 3989/4831/3989 3988/4830/3988
f 4004/4841/3997 4005/4842/3998 3990/4832/3990 3989/4831/3989
f 3991/4833/3991 3990/4834/3990 4005/4844/3998 4006/4843/3999
f 3992/4835/3992 3991/4833/3991 4006/4843/3999 4007/4845/4000
f 3993/4836/3993 3992/4835/3992 4007/4845/4000 4008/4846/4001
f 3987/4828/3986 3993/4837/3993 4008/4847/4001 4009/4838/3994
f 3999/4848/4002 3998/4851/4003 3997/4850/4004 3996/4849/4005
f 3994/4852/4006 4000/4853/4007 3999/4848/4002 3996/4849/4005
f 4001/4854/4008 4000/4853/4007 3994/4852/4006 3995/4855/4009
f 4003/4840/3996 4002/4839/3995 4010/4857/4010 4011/4856/4011
f 4011/4856/4011 4012/4858/4012 4004/4841/3997 4003/4840/3996
f 4012/4858/4012 4013/4859/4013 4005/4842/3998 4004/4841/3997
f 4006/4843/3999 4005/4844/3998 4013/4861/4013 4014/4860/4014
f 4007/4845/4000 4006/4843/3999 4014/4860/4014 4015/4862/4015
f 4008/4846/4001 4007/4845/4000 4015/4862/4015 4016/4863/4016
f 4009/4838/3994 4008/4847/4001 4016/4865/4016 4017/4864/4017
f 4017/4864/4017 4010/4857/4010 4002/4839/3995 4009/4838/3994
f 4011/4856/4011 4010/4857/4010 3994/4852/4006 3996/4849/4005
f 3996/4849/4005 3997/4850/4004 4012/4858/4012 4011/4856/4011
f 3997/4850/4004 3998/4851/4003 4013/4859/4013 4012/4858/4012
f 4014/4860/4014 4013/4861/4013 3998/4867/4003 3999/4866/4002
f 4015/4862/4015 4014/4860/4014 3999/4866/4002 4000/4868/4007
f 4016/4863/4016 4015/4862/4015 4000/4868/4007 4001/4869/4008
f 4017/4864/4017 4016/4865/4016 4001/4854/4008 3995/4855/4009
f 3995/4855/4009 3994/4852/4006 4010/4857/4010 4017/4864/4017
s 16
f 4082/4870/4018 4089/4873/4019 4018/4872/4020 4019/4871/4021
f 4019/4871/4021 4020/4875/4022 4083/4874/4023 4082/4870/4018
f 4084/4876/4024 4083/4874/4023 4020/4875/4022 4021/4877/4025
f 4085/4878/4026 4084/4876/4024 4021/4877/4025 4022/4879/4027
f 4022/4880/4027 4023/4883/4028 4086/4882/4029 4085/4881/4026
f 4023/4883/4028 4024/4885/4030 4087/4884/4031 4086/4882/4029
f 4024/4885/4030 4025/4887/4032 4088/4886/4033 4087/4884/4031
f 4025/4888/4032 4018/4872/4020 4089/4873/4019 4088/4889/4033
f 4019/4871/4021 4018/4872/4020 4035/4891/4034 4034/4890/4035
f 4020/4875/4022 4019/4871/4021 4034/4890/4035 4036/4892/4036
f 4021/4877/4025 4020/4875/4022 4036/4892/4036 4037/4893/4037
f 4022/4879/4027 4021/4877/4025 4037/4893/4037 4038/4894/4038
f 4038/4895/4038 4039/4896/4039 4023/4883/4028 4022/4880/4027
f 4024/4885/4030 4023/4883/4028 4039/4896/4039 4040/4897/4040
f 4040/4897/4040 4041/4898/4041 4025/4887/4032 4024/4885/4030
f 4041/4899/4041 4035/4891/4034 4018/4872/4020 4025/4888/4032
f 4034/4890/4035 4035/4891/4034 4043/4901/4042 4042/4900/4043
f 4036/4892/4036 4034/4890/4035 4042/4900/4043 4044/4902/4044
f 4037/4893/4037 4036/4892/4036 4044/4902/4044 4045/4903/4045
f 4038/4894/4038 4037/4893/4037 4045/4903/4045 4046/4904/4046
f 4046/4905/4046 4047/4906/4047 4039/4896/4039 4038/4895/4038
f 4040/4897/4040 4039/4896/4039 4047/4906/4047 4048/4907/4048
f 4048/4907/4048 4049/4908/4049 4041/4898/4041 4040/4897/4040
f 4049/4909/4049 4043/4901/4042 4035/4891/4034 4041/4899/4041
f 4042/4900/4043 4043/4901/4042 4051/4911/4050 4050/4910/4051
f 4044/4902/4044 4042/4900/4043 4050/4910/4051 4052/4912/4052
f 4045/4903/4045 4044/4902/4044 4052/4912/4052 4053/4913/4053
f 4046/4904/4046 4045/4903/4045 4053/4913/4053 4054/4914/4054
f 4054/4915/4054 4055/4916/4055 4047/4906/4047 4046/4905/4046
f 4048/4907/4048 4047/4906/4047 4055/4916/4055 4056/4917/4056
f 4056/4917/4056 4057/4918/4057 4049/4908/4049 4048/4907/4048
f 4057/4919/4057 4051/4911/4050 4043/4901/4042 4049/4909/4049
f 4050/4910/4051 4051/4911/4050 4073/4921/4058 4066/4920/4059
f 4052/4912/4052 4050/4910/4051 4066/4920/4059 4067/4922/4060
f 4053/4913/4053 4052/4912/4052 4067/4922/4060 4068/4923/4061
f 4054/4914/4054 4053/4913/4053 4068/4923/4061 4069/4924/4062
f 4069/4925/4062 4070/4926/4063 4055/4916/4055 4054/4915/4054
f 4056/4917/4056 4055/4916/4055 4070/4926/4063 4071/4927/4064
f 4071/4927/4064 4072/4928/4065 4057/4918/4057 4056/4917/4056
f 4072/4929/4065 4073/4921/4058 4051/4911/4050 4057/4919/4057
f 4061/4930/4066 4060/4933/4067 4063/4932/4068 4062/4931/4069
f 4063/4932/4068 4060/4933/4067 4058/4935/4070 4064/4934/4071
f 4058/4935/4070 4059/4937/4072 4065/4936/4073 4064/4934/4071
f 4067/4922/4060 4066/4920/4059 4074/4939/4074 4075/4938/4075
f 4068/4923/4061 4067/4922/4060 4075/4938/4075 4076/4940/4076
f 4069/4924/4062 4068/4923/4061 4076/4940/4076 4077/4941/4077
f 4077/4942/4077 4078/4943/4078 4070/4926/4063 4069/4925/4062
f 4071/4927/4064 4070/4926/4063 4078/4943/4078 4079/4944/4079
f 4079/4944/4079 4080/4945/4080 4072/4928/4065 4071/4927/4064
f 4080/4946/4080 4081/4947/4081 4073/4921/4058 4072/4929/4065
f 4066/4920/4059 4073/4921/4058 4081/4947/4081 4074/4939/4074
f 4075/4938/4075 4074/4939/4074 4058/4935/4070 4060/4933/4067
f 4076/4940/4076 4075/4938/4075 4060/4933/4067 4061/4930/4066
f 4077/4941/4077 4076/4940/4076 4061/4930/4066 4062/4931/4069
f 4062/4948/4069 4063/4949/4068 4078/4943/4078 4077/4942/4077
f 4079/4944/4079 4078/4943/4078 4063/4949/4068 4064/4950/4071
f 4064/4950/4071 4065/4951/4073 4080/4945/4080 4079/4944/4079
f 4065/4936/4073 4059/4937/4072 4081/4947/4081 4080/4946/4080
f 4074/4939/4074 4081/4947/4081 4059/4937/4072 4058/4935/4070
f 4083/4874/4023 4028/4953/4082 4027/4952/4083 4082/4870/4018
f 4028/4953/4082 4083/4874/4023 4084/4876/4024 4029/4954/4084
f 4029/4954/4084 4084/4876/4024 4085/4878/4026 4030/4955/4085
f 4085/4881/4026 4086/4882/4029 4031/4957/4086 4030/4956/4085
f 4087/4884/4031 4032/4958/4087 4031/4957/4086 4086/4882/4029
f 4087/4884/4031 4088/4886/4033 4033/4959/4088 4032/4958/4087
f 4088/4889/4033 4089/4873/4019 4026/4961/4089 4033/4960/4088
f 4026/4961/4089 4089/4873/4019 4082/4870/4018 4027/4952/4083
g default
v 41.420009 -0.736300 1.922622
v 41.420124 -0.734360 1.057416
v 44.818512 -1.849802 1.866790
v 44.818720 -1.849550 1.057416
v 45.486733 -1.421531 1.867082
v 45.486839 -1.421420 1.057416
v 46.046538 -0.844171 1.867285
v 46.046547 -0.844171 1.057416
v 42.220962 -0.998246 1.057416
v 42.220710 -0.999329 1.889662
v 44.141402 -1.906204 1.866542
v 43.482987 -1.726587 1.867418
v 42.875536 -1.367220 1.872943
v 44.141884 -1.905780 1.057416
v 43.483588 -1.726083 1.057416
v 42.875992 -1.366565 1.057416
v 40.181361 -0.674553 1.867338
v 40.181361 -0.674553 1.057416
v 46.046538 0.004842 2.313729
v 45.396128 0.004842 2.313101
v 44.745714 0.004842 2.312544
v 44.111868 0.004842 2.312005
v 43.467493 0.004842 2.313923
v 42.802132 0.004842 2.324710
v 42.095024 0.004842 2.356918
v 41.318897 0.004842 2.422369
v 40.181365 0.004842 2.313773
v 38.611602 -1.466006 1.544715
v 37.795309 -0.263589 1.544582
v 37.788979 -0.265145 1.057407
v 38.610236 -1.466820 1.057407
v 39.135777 -1.138627 1.605498
v 38.615403 -0.097963 1.673274
v 38.603574 -0.096637 1.064666
v 39.133629 -1.140359 1.057407
v 38.115545 -1.920191 1.545387
v 36.913614 -0.633623 1.545387
v 36.913791 -0.634109 1.057407
v 38.115492 -1.919749 1.057407
v 37.852096 -2.543175 1.545387
v 36.069525 -1.357857 1.545387
v 36.069640 -1.357963 1.057407
v 37.851906 -2.542521 1.057407
v 37.810728 -3.273478 1.545387
v 35.721174 -2.514185 1.545387
v 35.721192 -2.514061 1.057407
v 37.810587 -3.272050 1.057407
v 38.442368 -5.126076 1.545387
v 38.057645 -5.271526 1.545387
v 38.057645 -5.271526 1.057407
v 38.442368 -5.126076 1.057407
v 36.037423 -3.769999 1.545387
v 36.037401 -3.769946 1.057407
v 37.964918 -3.973832 1.057407
v 37.965051 -3.975963 1.545413
v 36.871071 -4.764489 1.545387
v 36.871075 -4.764489 1.057407
v 38.234481 -4.651848 1.057407
v 38.234972 -4.654558 1.545413
v 39.694102 -0.877808 1.724138
v 39.444259 -0.032715 1.943920
v 39.438017 -0.029099 1.067778
v 39.693257 -0.878992 1.057416
v 46.046538 0.004842 1.057416
v 45.396234 0.004842 1.057513
v 44.745935 0.004842 1.057601
v 44.112306 0.004842 1.057690
v 43.468169 0.004842 1.057372
v 42.803039 0.004842 1.055577
v 42.096041 0.004842 1.050131
v 41.320108 0.004842 1.039123
v 40.181365 0.004842 1.057416
v 41.420009 0.745980 1.922622
v 41.420124 0.744062 1.057416
v 44.818512 1.859477 1.866790
v 44.818720 1.859208 1.057416
v 45.486733 1.431158 1.867082
v 45.486839 1.431096 1.057416
v 46.046538 0.853834 1.867285
v 46.046547 0.853834 1.057416
v 42.220962 1.007935 1.057416
v 42.220710 1.009014 1.889662
v 44.141402 1.915866 1.866542
v 43.482987 1.736249 1.867418
v 42.875536 1.376908 1.872943
v 44.141884 1.915468 1.057416
v 43.483588 1.735767 1.057416
v 42.875992 1.376259 1.057416
v 40.181361 0.684211 1.867338
v 40.181361 0.684211 1.057416
v 38.611602 1.475651 1.544715
v 37.795309 0.273269 1.544582
v 37.788979 0.274816 1.057407
v 38.610236 1.476469 1.057407
v 39.135777 1.148320 1.605498
v 38.615403 0.107621 1.673274
v 38.603574 0.106308 1.064666
v 39.133629 1.150026 1.057407
v 38.115545 1.929866 1.545387
v 36.913614 0.643285 1.545387
v 36.913791 0.643798 1.057407
v 38.115492 1.929402 1.057407
v 37.852096 2.552868 1.545387
v 36.069525 1.367519 1.545387
v 36.069640 1.367643 1.057407
v 37.851906 2.552228 1.057407
v 37.810728 3.283149 1.545387
v 35.721174 2.523834 1.545387
v 35.721192 2.523768 1.057407
v 37.810587 3.281757 1.057407
v 38.442368 5.135751 1.545387
v 38.057645 5.281206 1.545387
v 38.057645 5.281206 1.057407
v 38.442368 5.135751 1.057407
v 36.037423 3.779665 1.545387
v 36.037401 3.779626 1.057407
v 37.964918 3.983521 1.057407
v 37.965051 3.985638 1.545413
v 36.871071 4.774178 1.545387
v 36.871075 4.774178 1.057407
v 38.234481 4.661555 1.057407
v 38.234972 4.664247 1.545413
v 39.694102 0.887505 1.724138
v 39.444259 0.042382 1.943920
v 39.438017 0.038792 1.067778
v 39.693257 0.888655 1.057416
v 40.797250 -0.629600 1.057416
v 40.796150 -0.631218 1.927803
v 40.759949 0.004842 2.437275
v 40.796150 0.640920 1.927803
v 40.797250 0.639267 1.057416
v 40.765488 0.004842 1.034888
vt 0.089672 0.699574
vt 0.091932 0.707089
vt 0.097259 0.699583
vt 0.099337 0.706090
vt 0.097164 0.730230
vt 0.093977 0.735647
vt 0.103189 0.732832
vt 0.099003 0.740208
vt 0.089262 0.740030
vt 0.092281 0.745968
vt 0.097988 0.724773
vt 0.104337 0.725809
vt 0.135654 0.715230
vt 0.094707 0.713373
vt 0.097020 0.719069
vt 0.103875 0.718865
vt 0.089072 0.693718
vt 0.096485 0.695035
vt 0.104671 0.679511
vt 0.099267 0.682149
vt 0.093421 0.674118
vt 0.098081 0.668533
vt 0.095561 0.664986
vt 0.090779 0.669442
vt 0.102555 0.685601
vt 0.106764 0.683219
vt 0.110898 0.677288
vt 0.103641 0.663162
vt 0.101480 0.659583
vt 0.112154 0.681508
vt 0.117559 0.676340
vt 0.110973 0.658744
vt 0.109775 0.654719
vt 0.117999 0.680615
vt 0.124685 0.676457
vt 0.120118 0.657574
vt 0.120472 0.653338
vt 0.124614 0.680746
vt 0.131403 0.677296
vt 0.129668 0.660461
vt 0.131596 0.656642
vt 0.131378 0.681541
vt 0.142369 0.675111
vt 0.141663 0.677469
vt 0.137719 0.666639
vt 0.140963 0.663930
vt 0.138859 0.681911
vt 0.137837 0.678018
vt 0.146343 0.675008
vt 0.144626 0.679903
vt 0.094334 0.685335
vt 0.088003 0.680352
vt 0.085908 0.672954
vt 0.099262 0.688494
vt 0.090345 0.688542
vt 0.097346 0.691277
vt 0.123809 0.733491
vt 0.123806 0.728697
vt 0.123798 0.721986
vt 0.123792 0.715871
vt 0.123788 0.710119
vt 0.123784 0.704548
vt 0.123778 0.699070
vt 0.123774 0.693445
vt 0.082944 0.748956
vt 0.082585 0.738802
vt 0.082406 0.733584
vt 0.082234 0.728078
vt 0.082076 0.722515
vt 0.081949 0.716982
vt 0.081840 0.711230
vt 0.081745 0.705000
vt 0.081657 0.697887
vt 0.081601 0.692631
vt 0.081534 0.686295
vt 0.081417 0.674567
vt 0.073687 0.699840
vt 0.074157 0.693933
vt 0.066776 0.695428
vt 0.066106 0.700045
vt 0.071622 0.707491
vt 0.064191 0.706706
vt 0.071010 0.736253
vt 0.067461 0.730972
vt 0.061593 0.734200
vt 0.066398 0.741186
vt 0.075963 0.740488
vt 0.073557 0.746251
vt 0.066374 0.725557
vt 0.059758 0.727102
vt 0.061854 0.713139
vt 0.069046 0.713944
vt 0.066972 0.719793
vt 0.060033 0.719924
vt 0.058336 0.680069
vt 0.063758 0.682562
vt 0.064558 0.668811
vt 0.069390 0.674334
vt 0.066969 0.665172
vt 0.071924 0.669588
vt 0.056317 0.683829
vt 0.060542 0.686086
vt 0.052121 0.678050
vt 0.058727 0.663579
vt 0.060792 0.659794
vt 0.050942 0.682307
vt 0.045498 0.677384
vt 0.051133 0.659422
vt 0.051978 0.655257
vt 0.045161 0.681674
vt 0.038464 0.677852
vt 0.041822 0.658771
vt 0.041032 0.654597
vt 0.038679 0.682143
vt 0.031890 0.679085
vt 0.032363 0.662301
vt 0.030030 0.658706
vt 0.032153 0.683331
vt 0.020777 0.677995
vt 0.021418 0.680356
vt 0.024733 0.669134
vt 0.021063 0.666795
vt 0.025037 0.684303
vt 0.025572 0.680349
vt 0.016942 0.678570
vt 0.019504 0.682994
vt 0.068736 0.685636
vt 0.074946 0.680485
vt 0.076894 0.673033
vt 0.063874 0.688903
vt 0.072780 0.688764
vt 0.065839 0.691656
vt 0.123769 0.687822
vt 0.116428 0.687828
vt 0.079454 0.753628
vt 0.078199 0.756957
vt 0.130197 0.727825
vt 0.129298 0.733215
vt 0.118319 0.733225
vt 0.117939 0.738552
vt 0.129687 0.738542
vt 0.123526 0.744973
vt 0.123814 0.738546
vt 0.116173 0.742773
vt 0.113917 0.747615
vt 0.122948 0.752191
vt 0.083557 0.755422
vt 0.082595 0.767214
vt 0.089423 0.757747
vt 0.091204 0.774415
vt 0.095493 0.759076
vt 0.102066 0.777139
vt 0.101803 0.758712
vt 0.112062 0.774116
vt 0.107186 0.756428
vt 0.118314 0.766810
vt 0.111100 0.752146
vt 0.121498 0.759237
vt 0.111932 0.715250
vt 0.108820 0.709998
vt 0.107261 0.704307
vt 0.115122 0.720912
vt 0.107740 0.698454
vt 0.111439 0.692672
vt 0.117409 0.727836
vt 0.124109 0.744973
vt 0.131110 0.687815
vt 0.131458 0.742761
vt 0.133723 0.747600
vt 0.124699 0.752190
vt 0.164096 0.755353
vt 0.168196 0.753552
vt 0.165079 0.767143
vt 0.169456 0.756878
vt 0.158234 0.757689
vt 0.156484 0.774360
vt 0.152166 0.759028
vt 0.145625 0.777102
vt 0.145858 0.758674
vt 0.135623 0.774097
vt 0.140468 0.756400
vt 0.129359 0.766800
vt 0.136550 0.752123
vt 0.126162 0.759233
vt 0.101850 0.712317
vt 0.132473 0.720898
vt 0.140308 0.704279
vt 0.139815 0.698426
vt 0.138758 0.709973
vt 0.136108 0.692651
vn -0.153987 -0.842880 0.515598
vn -0.241244 -0.751690 0.613810
vn -0.050172 0.000000 0.998741
vn -0.038135 0.000000 0.999273
vn -0.250537 -0.591146 -0.766667
vn -0.177373 -0.710066 -0.681429
vn 0.003106 0.000000 -0.999995
vn 0.003824 0.000000 -0.999993
vn 0.179923 -0.609819 0.771848
vn 0.390222 -0.590934 0.706062
vn 0.121274 0.000000 0.992619
vn 0.044694 -0.000000 0.999001
vn 0.364674 -0.445340 -0.817731
vn 0.169889 -0.471634 -0.865274
vn -0.000084 -0.000000 -1.000000
vn -0.000089 -0.000000 -1.000000
vn 0.807600 -0.377728 0.452883
vn 0.723545 0.000000 0.690277
vn 0.759417 -0.256004 -0.598120
vn 0.780985 0.000001 -0.624549
vn -0.044463 -0.594766 0.802668
vn -0.010816 -0.000000 0.999941
vn -0.041327 -0.448095 -0.893030
vn 0.000084 -0.000000 -1.000000
vn -0.268757 -0.470131 -0.840682
vn 0.002077 -0.000000 -0.999998
vn -0.283303 -0.634882 0.718793
vn -0.069603 0.000000 0.997575
vn -0.201738 -0.595337 0.777738
vn -0.048846 0.000000 0.998806
vn -0.188199 -0.442928 -0.876582
vn 0.000713 0.000000 -1.000000
vn -0.069536 -0.885422 0.459557
vn -0.086890 -0.000000 0.996218
vn -0.044102 -0.781743 -0.622040
vn -0.008798 -0.000000 -0.999961
vn 0.124132 -0.253912 0.959229
vn 0.036613 -0.468470 0.882721
vn -0.199643 0.477584 0.855603
vn -0.152011 0.369131 0.916861
vn 0.179907 -0.325063 -0.928422
vn 0.163251 -0.210456 -0.963876
vn -0.116930 0.380244 -0.917465
vn -0.071151 0.552037 -0.830779
vn 0.151078 -0.106053 0.982816
vn -0.183829 0.290095 0.939176
vn 0.151095 -0.106527 -0.982763
vn -0.184345 0.290331 -0.939002
vn 0.155751 -0.035078 0.987173
vn -0.284881 0.180682 0.941380
vn 0.155767 -0.035125 -0.987169
vn -0.285009 0.180756 -0.941327
vn 0.165621 0.013118 0.986102
vn -0.341596 0.004545 0.939836
vn 0.165680 0.013030 -0.986094
vn -0.341747 0.004572 -0.939781
vn 0.203118 0.062450 0.977161
vn -0.345560 -0.176573 0.921635
vn 0.203213 0.062379 -0.977145
vn -0.345606 -0.176590 -0.921614
vn 0.307502 0.127498 -0.942967
vn -0.307640 -0.413909 -0.856760
vn 0.307545 0.127544 0.942947
vn -0.307704 -0.413989 0.856698
vn 0.509953 -0.146040 -0.847714
vn -0.158767 -0.689940 -0.706240
vn 0.511454 -0.146497 0.846731
vn -0.159082 -0.691313 0.704826
vn -0.001987 -0.673837 0.738878
vn -0.239517 0.650220 0.721003
vn 0.209430 -0.474022 -0.855244
vn -0.049127 0.756125 -0.652581
vn -0.048502 -0.819476 0.571058
vn -0.246817 0.000002 0.969062
vn 0.131309 -0.660588 -0.739176
vn -0.057357 0.000000 -0.998354
vn -0.153988 0.842879 0.515600
vn -0.069552 0.885425 0.459548
vn -0.044126 0.781737 -0.622045
vn -0.177374 0.710071 -0.681423
vn -0.241242 0.751690 0.613811
vn -0.250539 0.591142 -0.766669
vn 0.390221 0.590932 0.706064
vn 0.179932 0.609825 0.771841
vn 0.169898 0.471630 -0.865274
vn 0.364678 0.445349 -0.817725
vn 0.807601 0.377735 0.452877
vn 0.759418 0.256007 -0.598118
vn -0.044457 0.594766 0.802669
vn -0.041321 0.448105 -0.893026
vn -0.268754 0.470132 -0.840683
vn -0.283304 0.634886 0.718790
vn -0.201729 0.595335 0.777741
vn -0.188193 0.442930 -0.876582
vn 0.036602 0.468478 0.882717
vn 0.124120 0.253909 0.959231
vn -0.152016 -0.369127 0.916862
vn -0.199644 -0.477593 0.855597
vn 0.163243 0.210456 -0.963878
vn 0.179902 0.325067 -0.928421
vn -0.071147 -0.552042 -0.830775
vn -0.116938 -0.380248 -0.917462
vn 0.151090 0.106052 0.982815
vn -0.183822 -0.290094 0.939178
vn 0.151091 0.106525 -0.982763
vn -0.184349 -0.290326 -0.939003
vn 0.155758 0.035079 0.987172
vn -0.284875 -0.180685 0.941382
vn 0.155770 0.035125 -0.987169
vn -0.285006 -0.180752 -0.941329
vn 0.165619 -0.013117 0.986103
vn -0.341597 -0.004553 0.939835
vn 0.165683 -0.013031 -0.986093
vn -0.341745 -0.004566 -0.939782
vn 0.203117 -0.062450 0.977161
vn -0.345559 0.176569 0.921636
vn 0.203219 -0.062380 -0.977144
vn -0.345610 0.176594 -0.921612
vn 0.307504 -0.127498 -0.942966
vn -0.307638 0.413905 -0.856762
vn 0.307546 -0.127543 0.942946
vn -0.307701 0.413982 0.856702
vn 0.509965 0.146046 -0.847707
vn -0.158767 0.689958 -0.706223
vn 0.511458 0.146500 0.846728
vn -0.159078 0.691321 0.704819
vn -0.001978 0.673840 0.738875
vn -0.239510 -0.650220 0.721006
vn 0.209445 0.474018 -0.855243
vn -0.049113 -0.756122 -0.652585
vn -0.048512 0.819474 0.571059
vn 0.131309 0.660588 -0.739176
s 1
g lowpoly PROP_____PictureFrame_Var_3 High_Fidelity_Group group12 sweep10
usemtl initialShadingGroup
f 4090/4962/4090 4099/4963/4091 4114/5033/4092 4115/5034/4093
f 4098/5147/4094 4091/5098/4095 4160/5019/4096 4159/5020/4097
f 4092/4966/4098 4094/4967/4099 4109/5028/4100 4110/5029/4101
f 4095/5151/4102 4093/5149/4103 4155/5024/4104 4154/5025/4105
f 4094/4967/4099 4096/4970/4106 4108/5027/4107 4109/5028/4100
f 4097/5128/4108 4095/5151/4102 4154/5025/4105 4153/5094/4109
f 4100/4972/4110 4092/4966/4098 4110/5029/4101 4111/5030/4111
f 4093/5149/4103 4103/5148/4112 4156/5023/4113 4155/5024/4104
f 4105/4974/4114 4098/5147/4094 4159/5020/4097 4158/5021/4115
f 4099/4963/4091 4102/4975/4116 4113/5032/4117 4114/5033/4092
f 4101/4976/4118 4100/4972/4110 4111/5030/4111 4112/5031/4119
f 4102/4975/4116 4101/4976/4118 4112/5031/4119 4113/5032/4117
f 4103/5148/4112 4104/5150/4120 4157/5022/4121 4156/5023/4113
f 4104/5150/4120 4105/4974/4114 4158/5021/4115 4157/5022/4121
f 4217/4978/4122 4090/4962/4090 4115/5034/4093 4218/5035/4123
f 4091/5098/4095 4216/5099/4124 4221/5018/4125 4160/5019/4096
f 4117/4980/4126 4121/4981/4127 4122/4982/4128 4118/4983/4129
f 4124/5130/4130 4120/5144/4131 4119/5145/4132 4123/5131/4133
f 4125/4988/4134 4117/4980/4126 4118/4983/4129 4126/4989/4135
f 4120/5144/4131 4128/5142/4136 4127/5143/4137 4119/5145/4132
f 4129/4992/4138 4125/4988/4134 4126/4989/4135 4130/4993/4139
f 4128/5142/4136 4132/5140/4140 4131/5141/4141 4127/5143/4137
f 4133/4996/4142 4129/4992/4138 4130/4993/4139 4134/4997/4143
f 4132/5140/4140 4136/5138/4144 4135/5139/4145 4131/5141/4141
f 4144/5000/4146 4133/4996/4142 4134/4997/4143 4141/5001/4147
f 4136/5138/4144 4143/5136/4148 4142/5137/4149 4135/5139/4145
f 4143/5136/4148 4147/5132/4150 4146/5134/4151 4142/5137/4149
f 4148/5009/4152 4144/5000/4146 4141/5001/4147 4145/5006/4153
f 4147/5132/4150 4140/5133/4154 4139/5135/4155 4146/5134/4151
f 4137/5005/4156 4148/5009/4152 4145/5006/4153 4138/5004/4157
f 4121/4981/4127 4149/5012/4158 4150/5013/4159 4122/4982/4128
f 4152/5129/4160 4124/5130/4130 4123/5131/4133 4151/5127/4161
f 4149/5012/4158 4106/5016/4162 4116/5036/4163 4150/5013/4159
f 4107/5102/4164 4152/5129/4160 4151/5127/4161 4161/5104/4165
f 4162/5038/4166 4219/5039/4167 4218/5035/4123 4115/5034/4093
f 4220/5100/4168 4163/5126/4169 4160/5019/4096 4221/5018/4125
f 4171/5042/4170 4162/5038/4166 4115/5034/4093 4114/5033/4092
f 4163/5126/4169 4170/5123/4171 4159/5020/4097 4160/5019/4096
f 4166/5044/4172 4164/5045/4173 4110/5029/4101 4109/5028/4100
f 4165/5124/4174 4167/5125/4175 4154/5025/4105 4155/5024/4104
f 4168/5048/4176 4166/5044/4172 4109/5028/4100 4108/5027/4107
f 4167/5125/4175 4169/5095/4177 4153/5094/4109 4154/5025/4105
f 4164/5045/4173 4172/5050/4178 4111/5030/4111 4110/5029/4101
f 4175/5122/4179 4165/5124/4174 4155/5024/4104 4156/5023/4113
f 4170/5123/4171 4177/5120/4180 4158/5021/4115 4159/5020/4097
f 4174/5053/4181 4171/5042/4170 4114/5033/4092 4113/5032/4117
f 4172/5050/4178 4173/5054/4182 4112/5031/4119 4111/5030/4111
f 4173/5054/4182 4174/5053/4181 4113/5032/4117 4112/5031/4119
f 4176/5121/4183 4175/5122/4179 4156/5023/4113 4157/5022/4121
f 4177/5120/4180 4176/5121/4183 4157/5022/4121 4158/5021/4115
f 4184/5057/4184 4180/5056/4185 4181/5058/4186 4185/5059/4187
f 4183/5118/4188 4187/5106/4189 4186/5107/4190 4182/5119/4191
f 4180/5056/4185 4188/5064/4192 4189/5065/4193 4181/5058/4186
f 4191/5116/4194 4183/5118/4188 4182/5119/4191 4190/5117/4195
f 4188/5064/4192 4192/5068/4196 4193/5069/4197 4189/5065/4193
f 4195/5114/4198 4191/5116/4194 4190/5117/4195 4194/5115/4199
f 4192/5068/4196 4196/5072/4200 4197/5073/4201 4193/5069/4197
f 4199/5112/4202 4195/5114/4198 4194/5115/4199 4198/5113/4203
f 4196/5072/4200 4207/5076/4204 4204/5077/4205 4197/5073/4201
f 4206/5110/4206 4199/5112/4202 4198/5113/4203 4205/5111/4207
f 4210/5108/4208 4206/5110/4206 4205/5111/4207 4209/5109/4209
f 4207/5076/4204 4211/5085/4210 4208/5082/4211 4204/5077/4205
f 4203/5096/4212 4210/5108/4208 4209/5109/4209 4202/5097/4213
f 4211/5085/4210 4200/5081/4214 4201/5080/4215 4208/5082/4211
f 4212/5088/4216 4184/5057/4184 4185/5059/4187 4213/5089/4217
f 4187/5106/4189 4215/5105/4218 4214/5103/4219 4186/5107/4190
f 4178/5092/4220 4212/5088/4216 4213/5089/4217 4116/5036/4163
f 4215/5105/4218 4179/5101/4221 4161/5104/4165 4214/5103/4219
f 4106/5016/4162 4217/4978/4122 4218/5035/4123 4116/5036/4163
f 4216/5099/4124 4107/5102/4164 4161/5104/4165 4221/5018/4125
f 4179/5101/4221 4220/5100/4168 4221/5018/4125 4161/5104/4165
f 4219/5039/4167 4178/5092/4220 4116/5036/4163 4218/5035/4123
f 4105/5146/4114 4104/4977/4120 4101/4976/4118 4102/4975/4116
f 4104/4977/4120 4103/4973/4112 4100/4972/4110 4101/4976/4118
f 4103/4973/4112 4093/4968/4103 4092/4966/4098 4100/4972/4110
f 4093/4968/4103 4095/4969/4102 4094/4967/4099 4092/4966/4098
f 4095/4969/4102 4097/4971/4108 4096/4970/4106 4094/4967/4099
f 4097/4971/4108 4153/5026/4109 4108/5027/4107 4096/4970/4106
f 4153/5026/4109 4169/5049/4177 4168/5048/4176 4108/5027/4107
f 4169/5049/4177 4167/5047/4175 4166/5044/4172 4168/5048/4176
f 4167/5047/4175 4165/5046/4174 4164/5045/4173 4166/5044/4172
f 4165/5046/4174 4175/5051/4179 4172/5050/4178 4164/5045/4173
f 4175/5051/4179 4176/5055/4183 4173/5054/4182 4172/5050/4178
f 4176/5055/4183 4177/5052/4180 4174/5053/4181 4173/5054/4182
f 4177/5052/4180 4170/5043/4171 4171/5042/4170 4174/5053/4181
f 4170/5043/4171 4163/5041/4169 4162/5038/4166 4171/5042/4170
f 4163/5041/4169 4220/5040/4168 4219/5039/4167 4162/5038/4166
f 4220/5040/4168 4179/5093/4221 4178/5092/4220 4219/5039/4167
f 4179/5093/4221 4215/5091/4218 4212/5088/4216 4178/5092/4220
f 4215/5091/4218 4187/5063/4189 4184/5057/4184 4212/5088/4216
f 4187/5063/4189 4183/5062/4188 4180/5056/4185 4184/5057/4184
f 4183/5062/4188 4191/5067/4194 4188/5064/4192 4180/5056/4185
f 4191/5067/4194 4195/5071/4198 4192/5068/4196 4188/5064/4192
f 4195/5071/4198 4199/5075/4202 4196/5072/4200 4192/5068/4196
f 4199/5075/4202 4206/5079/4206 4207/5076/4204 4196/5072/4200
f 4206/5079/4206 4210/5084/4208 4211/5085/4210 4207/5076/4204
f 4210/5084/4208 4203/5087/4212 4200/5081/4214 4211/5085/4210
f 4201/5080/4215 4200/5081/4214 4203/5087/4212 4202/5086/4213
f 4202/5086/4213 4209/5083/4209 4208/5082/4211 4201/5080/4215
f 4209/5083/4209 4205/5078/4207 4204/5077/4205 4208/5082/4211
f 4205/5078/4207 4198/5074/4203 4197/5073/4201 4204/5077/4205
f 4198/5074/4203 4194/5070/4199 4193/5069/4197 4197/5073/4201
f 4194/5070/4199 4190/5066/4195 4189/5065/4193 4193/5069/4197
f 4190/5066/4195 4182/5060/4191 4181/5058/4186 4189/5065/4193
f 4182/5060/4191 4186/5061/4190 4185/5059/4187 4181/5058/4186
f 4186/5061/4190 4214/5090/4219 4213/5089/4217 4185/5059/4187
f 4214/5090/4219 4161/5037/4165 4116/5036/4163 4213/5089/4217
f 4161/5037/4165 4151/5014/4161 4150/5013/4159 4116/5036/4163
f 4151/5014/4161 4123/4985/4133 4122/4982/4128 4150/5013/4159
f 4123/4985/4133 4119/4984/4132 4118/4983/4129 4122/4982/4128
f 4119/4984/4132 4127/4990/4137 4126/4989/4135 4118/4983/4129
f 4127/4990/4137 4131/4994/4141 4130/4993/4139 4126/4989/4135
f 4131/4994/4141 4135/4998/4145 4134/4997/4143 4130/4993/4139
f 4135/4998/4145 4142/5002/4149 4141/5001/4147 4134/4997/4143
f 4142/5002/4149 4146/5007/4151 4145/5006/4153 4141/5001/4147
f 4146/5007/4151 4139/5010/4155 4138/5004/4157 4145/5006/4153
f 4137/5005/4156 4138/5004/4157 4139/5010/4155 4140/5011/4154
f 4140/5011/4154 4147/5008/4150 4148/5009/4152 4137/5005/4156
f 4147/5008/4150 4143/5003/4148 4144/5000/4146 4148/5009/4152
f 4143/5003/4148 4136/4999/4144 4133/4996/4142 4144/5000/4146
f 4136/4999/4144 4132/4995/4140 4129/4992/4138 4133/4996/4142
f 4132/4995/4140 4128/4991/4136 4125/4988/4134 4129/4992/4138
f 4128/4991/4136 4120/4987/4131 4117/4980/4126 4125/4988/4134
f 4120/4987/4131 4124/4986/4130 4121/4981/4127 4117/4980/4126
f 4124/4986/4130 4152/5015/4160 4149/5012/4158 4121/4981/4127
f 4152/5015/4160 4107/5017/4164 4106/5016/4162 4149/5012/4158
f 4107/5017/4164 4216/4979/4124 4217/4978/4122 4106/5016/4162
f 4216/4979/4124 4091/4964/4095 4090/4962/4090 4217/4978/4122
f 4091/4964/4095 4098/4965/4094 4099/4963/4091 4090/4962/4090
f 4098/4965/4094 4105/5146/4114 4102/4975/4116 4099/4963/4091
g default
v -42.087355 5.136686 1.867373
v -42.360808 5.201908 2.313773
v -43.183347 5.415524 2.313773
v -43.458099 5.490254 1.867347
v -43.458091 5.490254 1.057416
v -43.183333 5.415541 1.057416
v -42.360790 5.201925 1.057416
v -42.087346 5.136700 1.057416
v -42.240515 4.502522 1.867373
v -42.500251 4.528272 2.313773
v -43.277731 4.618222 2.313773
v -43.536419 4.651014 1.867338
v -43.536419 4.651027 1.057416
v -43.277722 4.618231 1.057416
v -42.500242 4.528285 1.057416
v -42.240506 4.502522 1.057416
v -42.169388 3.318875 1.867338
v -42.416525 3.275624 2.313747
v -43.157928 3.145902 2.313720
v -43.405057 3.102642 1.867285
v -43.405057 3.102642 1.057416
v -43.157919 3.145915 1.057416
v -42.416516 3.275633 1.057416
v -42.169379 3.318897 1.057416
v -41.855398 2.636610 1.867338
v -42.062635 2.507480 2.313720
v -42.684338 2.120051 2.313702
v -42.891570 1.990904 1.867250
v -42.891570 1.990917 1.057416
v -42.684324 2.120060 1.057416
v -42.062622 2.507520 1.057416
v -41.855389 2.636623 1.057416
v -41.261063 2.108889 1.867329
v -41.398619 1.918371 2.313720
v -41.811285 1.346789 2.313694
v -41.948836 1.156240 1.867267
v -41.948836 1.156253 1.057416
v -41.811272 1.346798 1.057416
v -41.398605 1.918384 1.057416
v -41.261059 2.108898 1.057416
v -40.566116 1.887564 1.867338
v -40.576611 1.660262 2.313729
v -40.608121 0.978369 2.313702
v -40.618615 0.751058 1.867267
v -40.618611 0.751071 1.057416
v -40.608112 0.978382 1.057416
v -40.576606 1.660266 1.057416
v -40.566107 1.887577 1.057416
v -39.831680 2.069639 1.867338
v -39.703425 1.873882 2.313747
v -39.318635 1.286625 2.313729
v -39.190372 1.090886 1.867294
v -39.190368 1.090895 1.057416
v -39.318631 1.286647 1.057416
v -39.703421 1.873891 1.057416
v -39.831680 2.069639 1.057416
v -39.292160 2.569722 1.867347
v -39.068554 2.465237 2.313773
v -38.397725 2.151791 2.313773
v -38.174114 2.047315 1.867338
v -38.174114 2.047328 1.057416
v -38.397725 2.151831 1.057416
v -39.068549 2.465237 1.057416
v -39.292160 2.569722 1.057416
v -39.183918 3.219946 1.867373
v -38.935039 3.254056 2.313773
v -38.188388 3.356313 2.313808
v -37.939514 3.390418 1.867373
v -37.939514 3.390418 1.057416
v -38.188388 3.356313 1.057416
v -38.935039 3.254065 1.057416
v -39.183918 3.219938 1.057416
v -39.284380 3.513350 1.867373
v -39.069584 3.628864 2.313808
v -38.425827 3.974218 2.313817
v -38.211327 4.089224 1.867391
v -38.211327 4.089224 1.057416
v -38.425827 3.974231 1.057416
v -39.069584 3.628895 1.057416
v -39.284380 3.513363 1.057416
v -39.480818 3.754254 1.867373
v -39.341379 3.938464 2.313817
v -38.929151 4.489477 2.313826
v -38.792665 4.673237 1.867400
v -38.792669 4.673245 1.057416
v -38.929151 4.489508 1.057416
v -39.341388 3.938464 1.057416
v -39.480818 3.754272 1.057416
v -39.753267 3.925366 1.867382
v -39.715003 4.141851 2.313817
v -39.607220 4.791341 2.313826
v -39.572722 5.008330 1.867409
v -39.572726 5.008335 1.057416
v -39.607229 4.791363 1.057416
v -39.715012 4.141864 1.057416
v -39.753272 3.925384 1.057416
v -40.067266 4.008433 1.867382
v -40.150426 4.209583 2.313826
v -40.405163 4.818630 2.313844
v -40.492018 5.022755 1.867444
v -40.492027 5.022755 1.057416
v -40.405189 4.818630 1.057416
v -40.150435 4.209592 1.057416
v -40.067275 4.008442 1.057416
v -40.336882 3.965991 1.867382
v -40.527984 4.093525 2.313826
v -41.078290 4.489782 2.313844
v -41.254508 4.623584 1.867418
v -41.254516 4.623584 1.057416
v -41.078316 4.489813 1.057416
v -40.528002 4.093525 1.057416
v -40.336891 3.965987 1.057416
v -40.503857 3.804883 1.866569
v -40.748708 3.826155 2.305807
v -41.417022 3.925932 2.299778
v -41.621071 3.957782 1.864898
v -41.621129 3.957782 1.057257
v -41.417141 3.926051 1.066646
v -40.748885 3.826062 1.062809
v -40.503874 3.804852 1.057486
v -40.531746 3.649106 1.867391
v -40.759751 3.552693 2.313826
v -41.443775 3.263472 2.313870
v -41.671789 3.167081 1.867435
v -41.671802 3.167081 1.057416
v -41.443802 3.263463 1.057416
v -40.759773 3.552693 1.057416
v -40.531759 3.649084 1.057416
v -39.639906 2.638370 2.240383
v -39.550464 2.724827 1.832442
v -39.908262 2.378978 2.240453
v -39.997717 2.292525 1.832513
v -39.997721 2.292529 1.057416
v -39.908275 2.378978 1.057416
v -39.639919 2.638356 1.057416
v -39.550469 2.724814 1.057416
v -39.785993 2.920284 2.392256
v -40.030306 3.236440 2.425428
v -40.395384 3.415854 2.370383
v -40.104598 3.614864 1.877249
v -39.737928 3.480076 1.890652
v -39.550889 3.134138 1.855208
v -40.104395 3.615094 1.056514
v -39.739767 3.477742 1.067840
v -39.551384 3.133551 1.059821
v -40.394836 3.416601 1.019558
v -40.033559 3.232983 0.976439
v -39.786979 2.919042 0.935858
v -41.228161 2.803333 1.015747
v -40.767049 2.530348 0.950491
v -40.296447 2.426906 0.913702
v -41.522736 2.567273 1.058318
v -41.040321 2.238850 1.046117
v -40.534142 2.185613 1.054852
v -41.522881 2.567127 1.879318
v -41.038429 2.241237 1.866984
v -40.533576 2.186285 1.847472
v -41.228276 2.803204 2.377438
v -40.763000 2.534910 2.425994
v -40.295439 2.428197 2.408294
v -41.922069 6.170308 2.313773
v -41.610352 6.042876 1.867373
v -42.862425 6.575870 2.313773
v -43.177441 6.715216 1.867347
v -43.177441 6.715216 1.057416
v -42.862408 6.575892 1.057416
v -41.922056 6.170348 1.057416
v -41.610347 6.042880 1.057416
v -40.988804 6.906424 2.313773
v -40.738665 6.675289 1.867373
v -41.735680 7.723309 2.313773
v -41.992206 7.960460 1.867347
v -41.992202 7.960456 1.057416
v -41.735653 7.723309 1.057416
v -40.988786 6.906429 1.057416
v -40.738660 6.675289 1.057416
v -39.883392 7.286130 2.269125
v -39.784857 6.861759 1.867356
v -40.272359 8.273557 2.251257
v -40.426505 8.653148 1.867347
v -40.426492 8.653148 1.057416
v -40.272328 8.273557 1.057416
v -39.883361 7.286130 1.057416
v -39.784839 6.861759 1.057416
v -37.867821 6.426335 2.313773
v -37.932189 6.289602 1.867373
v -37.817890 6.538012 2.313773
v -37.753504 6.674732 1.867347
v -37.753500 6.674724 1.057416
v -37.817881 6.537999 1.057416
v -37.867808 6.426322 1.057416
v -37.932189 6.289593 1.057416
v -39.001317 7.158893 2.434464
v -39.092513 7.998402 2.498032
v -39.042508 8.493976 1.867356
v -39.042495 8.493954 1.057416
v -39.092483 7.998389 1.057416
v -39.001295 7.158888 1.057416
v -38.978126 6.780844 1.057416
v -38.978135 6.780849 1.867391
v -38.198269 6.731846 2.494230
v -38.142432 7.228526 2.611809
v -37.984816 7.740978 1.867356
v -37.984807 7.740969 1.057416
v -38.142410 7.228504 1.057416
v -38.198251 6.731838 1.057416
v -38.223152 6.490743 1.057416
v -38.223161 6.490743 1.867400
v -41.493020 10.251084 1.846119
v -41.241599 10.127874 2.276932
v -40.473248 9.771424 2.267295
v -40.214432 9.655455 1.835819
v -40.214432 9.655472 1.057416
v -40.473147 9.771274 1.057416
v -41.241599 10.127892 1.057416
v -41.493020 10.251111 1.057416
v -41.841610 9.667938 1.824609
v -41.628153 9.521608 2.239958
v -40.980055 9.093810 2.218669
v -40.762558 8.953978 1.801807
v -40.762558 8.953978 1.057416
v -40.980055 9.093815 1.057416
v -41.628012 9.521405 1.057416
v -41.841606 9.667956 1.057416
v -42.752945 8.797825 1.783347
v -42.596638 8.602833 2.167929
v -42.126614 8.016217 2.119108
v -41.969719 7.820385 1.731034
v -41.969719 7.820394 1.057416
v -42.126362 8.015890 1.057416
v -42.596434 8.602559 1.057416
v -42.752945 8.797834 1.057416
v -43.844030 7.337255 1.709992
v -43.646925 7.174069 2.052623
v -43.055724 6.684780 2.001653
v -42.858809 6.521908 1.655371
v -42.858818 6.521917 1.057416
v -43.055481 6.684422 1.057416
v -43.646925 7.174091 1.057416
v -43.843787 7.336874 1.057416
v -40.850753 11.131807 2.310608
v -41.175401 11.230580 1.865729
v -39.856006 10.850083 2.309963
v -39.520285 10.758418 1.864880
v -39.520289 10.758418 1.057416
v -39.856006 10.850118 1.057416
v -40.850753 11.131833 1.057416
v -41.175401 11.230589 1.057416
v -40.981859 12.247448 2.313773
v -41.339179 12.231967 1.867373
v -39.819510 12.386626 2.313773
v -39.452946 12.402602 1.867347
v -39.452950 12.402619 1.057416
v -39.819519 12.386643 1.057416
v -40.981872 12.247466 1.057416
v -41.339184 12.231976 1.057416
v -41.505867 13.205584 2.269125
v -41.897628 12.955219 1.867356
v -40.477342 13.689832 2.251257
v -40.078556 13.873154 1.867347
v -40.078565 13.873154 1.057416
v -40.477368 13.689850 1.057416
v -41.505898 13.205593 1.057416
v -41.897641 12.955237 1.057416
v -43.630157 13.815262 2.313773
v -43.685941 13.675474 1.867373
v -43.582632 13.927793 2.313773
v -43.526853 14.067589 1.867347
v -43.526853 14.067589 1.057416
v -43.582641 13.927793 1.057416
v -43.630162 13.815262 1.057416
v -43.685950 13.675474 1.057416
v -42.247990 13.654857 2.434464
v -41.549016 14.213875 2.498032
v -41.212508 14.607714 1.867356
v -41.212525 14.607759 1.057416
v -41.549042 14.213893 1.057416
v -42.248021 13.654857 1.057416
v -42.549673 13.392106 1.057416
v -42.549664 13.392106 1.867391
v -43.157942 13.835880 2.494230
v -42.824864 14.234139 2.611809
v -42.554487 14.706541 1.867356
v -42.554496 14.706541 1.057416
v -42.824895 14.234139 1.057416
v -43.157973 13.835880 1.057416
v -43.321287 13.643903 1.057416
v -43.321273 13.643903 1.867400
v -43.770613 5.393169 1.904117
v -43.940810 5.395450 1.604552
v -43.260070 5.386348 1.898105
v -43.089909 5.384089 1.598098
v -43.089582 5.383603 1.057416
v -43.260084 5.386357 1.057416
v -43.770290 5.392665 1.057416
v -43.940810 5.395450 1.057416
v -43.595107 3.909129 1.815440
v -43.100041 3.979704 1.814326
v -42.935798 4.004331 1.546112
v -42.935224 4.003504 1.057416
v -43.100050 3.979713 1.057416
v -43.594532 3.908276 1.057416
v -43.760145 3.885616 1.057416
v -43.760145 3.885625 1.546368
v -43.010626 2.734486 1.787732
v -42.516143 2.805945 1.787732
v -42.351317 2.829746 1.528173
v -42.351326 2.829741 1.057416
v -42.516147 2.805945 1.057416
v -43.010634 2.734495 1.057416
v -43.175460 2.710704 1.057416
v -43.175452 2.710704 1.528191
v -40.946362 8.393293 1.446569
v -40.867565 8.225859 1.646114
v -40.612103 7.710410 1.635699
v -40.528510 7.551428 1.443695
v -40.528258 7.551657 1.057416
v -40.613536 7.710454 1.057416
v -40.867994 8.225682 1.057416
v -40.946627 8.393558 1.057416
v -39.316788 9.187062 1.855853
v -39.482365 9.314862 1.589982
v -38.808685 8.786703 1.877700
v -38.619741 8.698048 1.640403
v -38.619329 8.698415 1.057416
v -38.810860 8.785443 1.057416
v -39.318025 9.186072 1.057416
v -39.482551 9.315229 1.057416
v -38.273922 10.223580 2.170077
v -38.526214 10.296227 1.761960
v -37.527307 10.001701 2.220578
v -37.187148 10.024202 1.827977
v -37.186767 10.024609 1.057416
v -37.526635 9.999739 1.057416
v -38.274347 10.221997 1.057416
v -38.526258 10.296616 1.057416
v -37.660606 11.305589 2.397110
v -37.965697 11.305147 1.851362
v -36.803237 11.308339 2.459016
v -36.365798 11.460009 1.864058
v -36.365564 11.460309 1.057416
v -36.799369 11.306924 1.057416
v -37.659523 11.304289 1.057416
v -37.965675 11.305421 1.057416
v -38.285504 14.115986 2.313773
v -38.456046 13.962477 1.867373
v -38.146733 14.238631 2.313773
v -37.976200 14.392175 1.867347
v -37.976209 14.392175 1.057416
v -38.146742 14.238648 1.057416
v -38.285513 14.115986 1.057416
v -38.456046 13.962477 1.057416
v -37.456857 12.486840 2.505618
v -36.671128 12.712220 2.617883
v -36.228791 12.993546 1.871962
v -36.228733 12.993678 1.057416
v -36.665753 12.710460 1.057416
v -37.454995 12.485223 1.057416
v -37.765453 12.404900 1.057416
v -37.765462 12.404812 1.868664
v -37.694348 13.460360 2.494230
v -37.172825 13.772630 2.611809
v -36.828550 14.086996 1.867356
v -36.828550 14.087013 1.057416
v -37.172838 13.772639 1.057416
v -37.694357 13.460377 1.057416
v -37.947082 13.310785 1.057416
v -37.947082 13.310785 1.867400
v -39.936249 10.593149 1.610263
v -39.790321 10.424981 1.905505
v -39.343033 9.938646 1.881802
v -39.191274 9.780769 1.585190
v -39.191274 9.780778 1.057416
v -39.345203 9.937523 1.057416
v -39.790321 10.425008 1.057416
v -39.937009 10.592813 1.057416
v -42.922895 8.033294 1.341872
v -42.761154 7.909071 1.492614
v -42.274664 7.535297 1.473464
v -42.112256 7.410521 1.321404
v -42.112265 7.410526 1.057416
v -42.274399 7.535076 1.057416
v -42.760924 7.908894 1.057416
v -42.922895 8.033307 1.057416
v -39.336879 11.514824 2.117508
v -39.552582 11.576712 1.737355
v -38.672704 11.335675 2.140875
v -38.458279 11.292345 1.768865
v -38.458301 11.292504 1.057416
v -38.673513 11.335039 1.057416
v -39.337312 11.514603 1.057416
v -39.552984 11.576650 1.057416
v -39.297218 12.727373 2.244184
v -39.546875 12.646388 1.827075
v -38.560403 12.945574 2.249648
v -38.334321 13.054285 1.852962
v -38.334299 13.054506 1.057416
v -38.559232 12.943735 1.057416
v -39.296873 12.726419 1.057416
v -39.547016 12.646477 1.057416
v -39.585175 13.697427 2.372611
v -39.819236 13.507660 1.860831
v -38.940321 14.222363 2.406499
v -38.720402 14.569096 1.868072
v -38.720406 14.569255 1.057416
v -38.936652 14.222796 1.057416
v -39.583371 13.696534 1.057416
v -39.819280 13.507740 1.057416
v -41.819171 15.086225 2.313773
v -41.829286 14.868847 1.867373
v -41.809238 15.261431 2.313773
v -41.799133 15.478773 1.867347
v -41.799133 15.478773 1.057416
v -41.809247 15.261431 1.057416
v -41.819176 15.086207 1.057416
v -41.829290 14.868847 1.057416
v -40.123001 14.441394 2.510542
v -39.716696 15.119477 2.615805
v -39.604630 15.640664 1.869725
v -39.604643 15.640717 1.057416
v -39.709327 15.122315 1.057416
v -40.118647 14.440545 1.057416
v -40.293733 14.184160 1.057416
v -40.293706 14.184098 1.867886
v -40.892780 14.966746 2.494230
v -40.743837 15.515889 2.611809
v -40.726716 15.957956 1.867356
v -40.726720 15.957956 1.057416
v -40.743850 15.515889 1.057416
v -40.892797 14.966746 1.057416
v -40.966246 14.701890 1.057416
v -40.966241 14.701899 1.867400
v -41.111546 9.077215 1.641340
v -40.667741 8.652295 1.622040
v -40.517277 8.512587 1.418348
v -40.517273 8.512556 1.057416
v -40.669173 8.651694 1.057416
v -41.111281 9.076941 1.057416
v -41.257359 9.221583 1.057416
v -41.256766 9.221729 1.438311
v -42.087355 -5.278552 1.867373
v -42.360808 -5.343774 2.313773
v -43.183347 -5.557390 2.313773
v -43.458099 -5.632120 1.867347
v -43.458091 -5.632120 1.057416
v -43.183333 -5.557407 1.057416
v -42.360790 -5.343791 1.057416
v -42.087346 -5.278566 1.057416
v -42.240515 -4.644388 1.867373
v -42.500251 -4.670138 2.313773
v -43.277731 -4.760088 2.313773
v -43.536419 -4.792880 1.867338
v -43.536419 -4.792893 1.057416
v -43.277722 -4.760097 1.057416
v -42.500242 -4.670151 1.057416
v -42.240506 -4.644388 1.057416
v -42.169388 -3.460741 1.867338
v -42.416525 -3.417490 2.313747
v -43.157928 -3.287768 2.313720
v -43.405057 -3.244508 1.867285
v -43.405057 -3.244508 1.057416
v -43.157919 -3.287781 1.057416
v -42.416516 -3.417498 1.057416
v -42.169379 -3.460763 1.057416
v -41.855398 -2.778476 1.867338
v -42.062635 -2.649346 2.313720
v -42.684338 -2.261917 2.313702
v -42.891570 -2.132770 1.867250
v -42.891570 -2.132783 1.057416
v -42.684324 -2.261926 1.057416
v -42.062622 -2.649386 1.057416
v -41.855389 -2.778489 1.057416
v -41.261063 -2.250755 1.867329
v -41.398619 -2.060237 2.313720
v -41.811285 -1.488655 2.313694
v -41.948836 -1.298106 1.867267
v -41.948836 -1.298119 1.057416
v -41.811272 -1.488664 1.057416
v -41.398605 -2.060250 1.057416
v -41.261059 -2.250764 1.057416
v -40.566116 -2.029430 1.867338
v -40.576611 -1.802128 2.313729
v -40.608121 -1.120234 2.313702
v -40.618615 -0.892923 1.867267
v -40.618611 -0.892937 1.057416
v -40.608112 -1.120248 1.057416
v -40.576606 -1.802132 1.057416
v -40.566107 -2.029443 1.057416
v -39.831680 -2.211505 1.867338
v -39.703425 -2.015748 2.313747
v -39.318635 -1.428491 2.313729
v -39.190372 -1.232752 1.867294
v -39.190368 -1.232760 1.057416
v -39.318631 -1.428513 1.057416
v -39.703421 -2.015757 1.057416
v -39.831680 -2.211505 1.057416
v -39.292160 -2.711588 1.867347
v -39.068554 -2.607103 2.313773
v -38.397725 -2.293657 2.313773
v -38.174114 -2.189181 1.867338
v -38.174114 -2.189194 1.057416
v -38.397725 -2.293697 1.057416
v -39.068549 -2.607103 1.057416
v -39.292160 -2.711588 1.057416
v -39.183918 -3.361812 1.867373
v -38.935039 -3.395922 2.313773
v -38.188388 -3.498179 2.313808
v -37.939514 -3.532283 1.867373
v -37.939514 -3.532283 1.057416
v -38.188388 -3.498179 1.057416
v -38.935039 -3.395930 1.057416
v -39.183918 -3.361803 1.057416
v -39.284380 -3.655216 1.867373
v -39.069584 -3.770730 2.313808
v -38.425827 -4.116084 2.313817
v -38.211327 -4.231090 1.867391
v -38.211327 -4.231090 1.057416
v -38.425827 -4.116097 1.057416
v -39.069584 -3.770761 1.057416
v -39.284380 -3.655229 1.057416
v -39.480818 -3.896120 1.867373
v -39.341379 -4.080330 2.313817
v -38.929151 -4.631343 2.313826
v -38.792665 -4.815102 1.867400
v -38.792669 -4.815111 1.057416
v -38.929151 -4.631374 1.057416
v -39.341388 -4.080330 1.057416
v -39.480818 -3.896138 1.057416
v -39.753267 -4.067232 1.867382
v -39.715003 -4.283717 2.313817
v -39.607220 -4.933207 2.313826
v -39.572722 -5.150196 1.867409
v -39.572726 -5.150201 1.057416
v -39.607229 -4.933229 1.057416
v -39.715012 -4.283730 1.057416
v -39.753272 -4.067250 1.057416
v -40.067266 -4.150299 1.867382
v -40.150426 -4.351449 2.313826
v -40.405163 -4.960495 2.313844
v -40.492018 -5.164621 1.867444
v -40.492027 -5.164621 1.057416
v -40.405189 -4.960495 1.057416
v -40.150435 -4.351458 1.057416
v -40.067275 -4.150308 1.057416
v -40.336882 -4.107857 1.867382
v -40.527984 -4.235391 2.313826
v -41.078290 -4.631648 2.313844
v -41.254508 -4.765450 1.867418
v -41.254516 -4.765450 1.057416
v -41.078316 -4.631679 1.057416
v -40.528002 -4.235391 1.057416
v -40.336891 -4.107853 1.057416
v -40.503857 -3.946749 1.866569
v -40.748708 -3.968021 2.305807
v -41.417022 -4.067798 2.299778
v -41.621071 -4.099648 1.864898
v -41.621129 -4.099648 1.057257
v -41.417141 -4.067917 1.066646
v -40.748885 -3.967928 1.062809
v -40.503874 -3.946718 1.057486
v -40.531746 -3.790972 1.867391
v -40.759751 -3.694559 2.313826
v -41.443775 -3.405337 2.313870
v -41.671789 -3.308947 1.867435
v -41.671802 -3.308947 1.057416
v -41.443802 -3.405329 1.057416
v -40.759773 -3.694559 1.057416
v -40.531759 -3.790950 1.057416
v -39.639906 -2.780235 2.240383
v -39.550464 -2.866693 1.832442
v -39.908262 -2.520844 2.240453
v -39.997717 -2.434391 1.832513
v -39.997721 -2.434395 1.057416
v -39.908275 -2.520844 1.057416
v -39.639919 -2.780222 1.057416
v -39.550469 -2.866680 1.057416
v -39.785993 -3.062150 2.392256
v -40.030306 -3.378306 2.425428
v -40.395384 -3.557719 2.370383
v -40.104598 -3.756730 1.877249
v -39.737928 -3.621942 1.890652
v -39.550889 -3.276004 1.855208
v -40.104395 -3.756960 1.056514
v -39.739767 -3.619608 1.067840
v -39.551384 -3.275416 1.059821
v -40.394836 -3.558467 1.019558
v -40.033559 -3.374849 0.976439
v -39.786979 -3.060907 0.935858
v -41.228161 -2.945199 1.015747
v -40.767049 -2.672214 0.950491
v -40.296447 -2.568772 0.913702
v -41.522736 -2.709139 1.058318
v -41.040321 -2.380716 1.046117
v -40.534142 -2.327479 1.054852
v -41.522881 -2.708993 1.879318
v -41.038429 -2.383103 1.866984
v -40.533576 -2.328151 1.847472
v -41.228276 -2.945070 2.377438
v -40.763000 -2.676776 2.425994
v -40.295439 -2.570063 2.408294
v -41.922069 -6.312174 2.313773
v -41.610352 -6.184742 1.867373
v -42.862425 -6.717736 2.313773
v -43.177441 -6.857082 1.867347
v -43.177441 -6.857082 1.057416
v -42.862408 -6.717758 1.057416
v -41.922056 -6.312214 1.057416
v -41.610347 -6.184746 1.057416
v -40.988804 -7.048290 2.313773
v -40.738665 -6.817155 1.867373
v -41.735680 -7.865175 2.313773
v -41.992206 -8.102326 1.867347
v -41.992202 -8.102322 1.057416
v -41.735653 -7.865175 1.057416
v -40.988786 -7.048294 1.057416
v -40.738660 -6.817155 1.057416
v -39.883392 -7.427996 2.269125
v -39.784857 -7.003624 1.867356
v -40.272359 -8.415423 2.251257
v -40.426505 -8.795014 1.867347
v -40.426492 -8.795014 1.057416
v -40.272328 -8.415423 1.057416
v -39.883361 -7.427996 1.057416
v -39.784839 -7.003624 1.057416
v -37.867821 -6.568201 2.313773
v -37.932189 -6.431468 1.867373
v -37.817890 -6.679878 2.313773
v -37.753504 -6.816598 1.867347
v -37.753500 -6.816589 1.057416
v -37.817881 -6.679865 1.057416
v -37.867808 -6.568188 1.057416
v -37.932189 -6.431459 1.057416
v -39.001317 -7.300759 2.434464
v -39.092513 -8.140268 2.498032
v -39.042508 -8.635842 1.867356
v -39.042495 -8.635820 1.057416
v -39.092483 -8.140255 1.057416
v -39.001295 -7.300754 1.057416
v -38.978126 -6.922710 1.057416
v -38.978135 -6.922714 1.867391
v -38.198269 -6.873712 2.494230
v -38.142432 -7.370392 2.611809
v -37.984816 -7.882844 1.867356
v -37.984807 -7.882835 1.057416
v -38.142410 -7.370370 1.057416
v -38.198251 -6.873703 1.057416
v -38.223152 -6.632609 1.057416
v -38.223161 -6.632609 1.867400
v -41.493020 -10.392950 1.846119
v -41.241599 -10.269740 2.276932
v -40.473248 -9.913290 2.267295
v -40.214432 -9.797320 1.835819
v -40.214432 -9.797338 1.057416
v -40.473147 -9.913140 1.057416
v -41.241599 -10.269757 1.057416
v -41.493020 -10.392977 1.057416
v -41.841610 -9.809804 1.824609
v -41.628153 -9.663474 2.239958
v -40.980055 -9.235676 2.218669
v -40.762558 -9.095844 1.801807
v -40.762558 -9.095844 1.057416
v -40.980055 -9.235680 1.057416
v -41.628012 -9.663271 1.057416
v -41.841606 -9.809822 1.057416
v -42.752945 -8.939691 1.783347
v -42.596638 -8.744699 2.167929
v -42.126614 -8.158083 2.119108
v -41.969719 -7.962251 1.731034
v -41.969719 -7.962260 1.057416
v -42.126362 -8.157756 1.057416
v -42.596434 -8.744425 1.057416
v -42.752945 -8.939700 1.057416
v -43.844030 -7.479120 1.709992
v -43.646925 -7.315934 2.052623
v -43.055724 -6.826646 2.001653
v -42.858809 -6.663774 1.655371
v -42.858818 -6.663783 1.057416
v -43.055481 -6.826288 1.057416
v -43.646925 -7.315957 1.057416
v -43.843787 -7.478740 1.057416
v -40.850753 -11.273673 2.310608
v -41.175401 -11.372446 1.865729
v -39.856006 -10.991949 2.309963
v -39.520285 -10.900283 1.864880
v -39.520289 -10.900283 1.057416
v -39.856006 -10.991984 1.057416
v -40.850753 -11.273699 1.057416
v -41.175401 -11.372455 1.057416
v -40.981859 -12.389314 2.313773
v -41.339179 -12.373833 1.867373
v -39.819510 -12.528492 2.313773
v -39.452946 -12.544468 1.867347
v -39.452950 -12.544485 1.057416
v -39.819519 -12.528509 1.057416
v -40.981872 -12.389332 1.057416
v -41.339184 -12.373842 1.057416
v -41.505867 -13.347450 2.269125
v -41.897628 -13.097085 1.867356
v -40.477342 -13.831698 2.251257
v -40.078556 -14.015020 1.867347
v -40.078565 -14.015020 1.057416
v -40.477368 -13.831716 1.057416
v -41.505898 -13.347458 1.057416
v -41.897641 -13.097103 1.057416
v -43.630157 -13.957128 2.313773
v -43.685941 -13.817340 1.867373
v -43.582632 -14.069659 2.313773
v -43.526853 -14.209455 1.867347
v -43.526853 -14.209455 1.057416
v -43.582641 -14.069659 1.057416
v -43.630162 -13.957128 1.057416
v -43.685950 -13.817340 1.057416
v -42.247990 -13.796723 2.434464
v -41.549016 -14.355741 2.498032
v -41.212508 -14.749580 1.867356
v -41.212525 -14.749624 1.057416
v -41.549042 -14.355759 1.057416
v -42.248021 -13.796723 1.057416
v -42.549673 -13.533972 1.057416
v -42.549664 -13.533972 1.867391
v -43.157942 -13.977746 2.494230
v -42.824864 -14.376005 2.611809
v -42.554487 -14.848407 1.867356
v -42.554496 -14.848407 1.057416
v -42.824895 -14.376005 1.057416
v -43.157973 -13.977746 1.057416
v -43.321287 -13.785768 1.057416
v -43.321273 -13.785768 1.867400
v -43.770613 -5.535035 1.904117
v -43.940810 -5.537316 1.604552
v -43.260070 -5.528214 1.898105
v -43.089909 -5.525955 1.598098
v -43.089582 -5.525469 1.057416
v -43.260084 -5.528223 1.057416
v -43.770290 -5.534531 1.057416
v -43.940810 -5.537316 1.057416
v -43.595107 -4.050995 1.815440
v -43.100041 -4.121570 1.814326
v -42.935798 -4.146197 1.546112
v -42.935224 -4.145370 1.057416
v -43.100050 -4.121579 1.057416
v -43.594532 -4.050142 1.057416
v -43.760145 -4.027482 1.057416
v -43.760145 -4.027491 1.546368
v -43.010626 -2.876352 1.787732
v -42.516143 -2.947811 1.787732
v -42.351317 -2.971612 1.528173
v -42.351326 -2.971607 1.057416
v -42.516147 -2.947811 1.057416
v -43.010634 -2.876361 1.057416
v -43.175460 -2.852570 1.057416
v -43.175452 -2.852570 1.528191
v -40.946362 -8.535159 1.446569
v -40.867565 -8.367725 1.646114
v -40.612103 -7.852275 1.635699
v -40.528510 -7.693293 1.443695
v -40.528258 -7.693523 1.057416
v -40.613536 -7.852320 1.057416
v -40.867994 -8.367548 1.057416
v -40.946627 -8.535424 1.057416
v -39.316788 -9.328928 1.855853
v -39.482365 -9.456727 1.589982
v -38.808685 -8.928569 1.877700
v -38.619741 -8.839914 1.640403
v -38.619329 -8.840281 1.057416
v -38.810860 -8.927309 1.057416
v -39.318025 -9.327938 1.057416
v -39.482551 -9.457094 1.057416
v -38.273922 -10.365445 2.170077
v -38.526214 -10.438093 1.761960
v -37.527307 -10.143567 2.220578
v -37.187148 -10.166068 1.827977
v -37.186767 -10.166475 1.057416
v -37.526635 -10.141605 1.057416
v -38.274347 -10.363863 1.057416
v -38.526258 -10.438482 1.057416
v -37.660606 -11.447455 2.397110
v -37.965697 -11.447013 1.851362
v -36.803237 -11.450204 2.459016
v -36.365798 -11.601875 1.864058
v -36.365564 -11.602175 1.057416
v -36.799369 -11.448790 1.057416
v -37.659523 -11.446155 1.057416
v -37.965675 -11.447287 1.057416
v -38.285504 -14.257852 2.313773
v -38.456046 -14.104342 1.867373
v -38.146733 -14.380497 2.313773
v -37.976200 -14.534041 1.867347
v -37.976209 -14.534041 1.057416
v -38.146742 -14.380514 1.057416
v -38.285513 -14.257852 1.057416
v -38.456046 -14.104342 1.057416
v -37.456857 -12.628706 2.505618
v -36.671128 -12.854086 2.617883
v -36.228791 -13.135412 1.871962
v -36.228733 -13.135544 1.057416
v -36.665753 -12.852326 1.057416
v -37.454995 -12.627088 1.057416
v -37.765453 -12.546766 1.057416
v -37.765462 -12.546678 1.868664
v -37.694348 -13.602226 2.494230
v -37.172825 -13.914496 2.611809
v -36.828550 -14.228862 1.867356
v -36.828550 -14.228879 1.057416
v -37.172838 -13.914505 1.057416
v -37.694357 -13.602243 1.057416
v -37.947082 -13.452651 1.057416
v -37.947082 -13.452651 1.867400
v -39.936249 -10.735015 1.610263
v -39.790321 -10.566847 1.905505
v -39.343033 -10.080512 1.881802
v -39.191274 -9.922635 1.585190
v -39.191274 -9.922644 1.057416
v -39.345203 -10.079389 1.057416
v -39.790321 -10.566874 1.057416
v -39.937009 -10.734679 1.057416
v -42.922895 -8.175160 1.341872
v -42.761154 -8.050937 1.492614
v -42.274664 -7.677163 1.473464
v -42.112256 -7.552387 1.321404
v -42.112265 -7.552392 1.057416
v -42.274399 -7.676942 1.057416
v -42.760924 -8.050760 1.057416
v -42.922895 -8.175173 1.057416
v -39.336879 -11.656690 2.117508
v -39.552582 -11.718578 1.737355
v -38.672704 -11.477541 2.140875
v -38.458279 -11.434211 1.768865
v -38.458301 -11.434370 1.057416
v -38.673513 -11.476905 1.057416
v -39.337312 -11.656469 1.057416
v -39.552984 -11.718516 1.057416
v -39.297218 -12.869239 2.244184
v -39.546875 -12.788254 1.827075
v -38.560403 -13.087439 2.249648
v -38.334321 -13.196151 1.852962
v -38.334299 -13.196372 1.057416
v -38.559232 -13.085601 1.057416
v -39.296873 -12.868284 1.057416
v -39.547016 -12.788343 1.057416
v -39.585175 -13.839293 2.372611
v -39.819236 -13.649526 1.860831
v -38.940321 -14.364229 2.406499
v -38.720402 -14.710962 1.868072
v -38.720406 -14.711121 1.057416
v -38.936652 -14.364662 1.057416
v -39.583371 -13.838400 1.057416
v -39.819280 -13.649606 1.057416
v -41.819171 -15.228091 2.313773
v -41.829286 -15.010713 1.867373
v -41.809238 -15.403297 2.313773
v -41.799133 -15.620639 1.867347
v -41.799133 -15.620639 1.057416
v -41.809247 -15.403297 1.057416
v -41.819176 -15.228073 1.057416
v -41.829290 -15.010713 1.057416
v -40.123001 -14.583260 2.510542
v -39.716696 -15.261343 2.615805
v -39.604630 -15.782530 1.869725
v -39.604643 -15.782583 1.057416
v -39.709327 -15.264181 1.057416
v -40.118647 -14.582411 1.057416
v -40.293733 -14.326026 1.057416
v -40.293706 -14.325964 1.867886
v -40.892780 -15.108611 2.494230
v -40.743837 -15.657754 2.611809
v -40.726716 -16.099822 1.867356
v -40.726720 -16.099822 1.057416
v -40.743850 -15.657754 1.057416
v -40.892797 -15.108611 1.057416
v -40.966246 -14.843756 1.057416
v -40.966241 -14.843765 1.867400
v -41.111546 -9.219081 1.641340
v -40.667741 -8.794161 1.622040
v -40.517277 -8.654453 1.418348
v -40.517273 -8.654422 1.057416
v -40.669173 -8.793560 1.057416
v -41.111281 -9.218807 1.057416
v -41.257359 -9.363449 1.057416
v -41.256766 -9.363595 1.438311
vt 0.873362 0.630477
vt 0.878168 0.627223
vt 0.869474 0.624555
vt 0.874739 0.621781
vt 0.867104 0.620959
vt 0.872599 0.618139
vt 0.863626 0.615345
vt 0.869641 0.612421
vt 0.720546 0.741215
vt 0.730566 0.740031
vt 0.731928 0.748083
vt 0.722940 0.750441
vt 0.733871 0.739573
vt 0.883567 0.636387
vt 0.887585 0.622434
vt 0.884757 0.617134
vt 0.883026 0.613422
vt 0.880622 0.607465
vt 0.738256 0.761577
vt 0.730614 0.766209
vt 0.891798 0.632068
vt 0.894467 0.620070
vt 0.892543 0.614591
vt 0.891360 0.610726
vt 0.889727 0.604534
vt 0.745482 0.768547
vt 0.740276 0.775514
vt 0.897236 0.630136
vt 0.902047 0.618708
vt 0.900798 0.613271
vt 0.900140 0.609291
vt 0.899389 0.602911
vt 0.755367 0.772200
vt 0.753267 0.780302
vt 0.903226 0.628965
vt 0.909583 0.618355
vt 0.909711 0.613159
vt 0.909843 0.609150
vt 0.910073 0.602713
vt 0.765572 0.771511
vt 0.768164 0.779189
vt 0.908716 0.628777
vt 0.917359 0.619839
vt 0.918870 0.614523
vt 0.919812 0.610568
vt 0.921126 0.604255
vt 0.774309 0.765383
vt 0.781098 0.770219
vt 0.914350 0.629759
vt 0.924603 0.622424
vt 0.927071 0.617077
vt 0.928755 0.613337
vt 0.931245 0.607415
vt 0.778782 0.756104
vt 0.787553 0.756678
vt 0.919541 0.631802
vt 0.930512 0.626292
vt 0.934186 0.621190
vt 0.936576 0.617845
vt 0.940270 0.612562
vt 0.776857 0.746803
vt 0.784674 0.742453
vt 0.923681 0.634682
vt 0.933263 0.628598
vt 0.937372 0.624127
vt 0.940183 0.621109
vt 0.944649 0.616448
vt 0.773752 0.743238
vt 0.779384 0.736642
vt 0.925436 0.636288
vt 0.935838 0.631283
vt 0.940338 0.627842
vt 0.943613 0.625281
vt 0.948748 0.621255
vt 0.769411 0.740986
vt 0.771594 0.733113
vt 0.927010 0.638090
vt 0.938042 0.634431
vt 0.943106 0.631929
vt 0.946752 0.629875
vt 0.952392 0.626577
vt 0.764401 0.740347
vt 0.762793 0.732698
vt 0.928392 0.640158
vt 0.940157 0.637810
vt 0.945771 0.636467
vt 0.949769 0.635114
vt 0.955839 0.632771
vt 0.759293 0.741475
vt 0.753849 0.735838
vt 0.929477 0.642436
vt 0.941737 0.641024
vt 0.947750 0.640834
vt 0.951863 0.640357
vt 0.958404 0.639293
vt 0.755618 0.744386
vt 0.747820 0.742381
vt 0.930112 0.644492
vt 0.942557 0.643983
vt 0.948809 0.644799
vt 0.952942 0.645252
vt 0.959069 0.645764
vt 0.754327 0.748297
vt 0.746503 0.750087
vt 0.930440 0.646355
vt 0.942567 0.646217
vt 0.948951 0.648809
vt 0.952818 0.650566
vt 0.958615 0.652873
vt 0.755385 0.751366
vt 0.749066 0.757552
vt 0.930580 0.647666
vt 0.940841 0.648283
vt 0.940015 0.650884
vt 0.940105 0.653706
vt 0.948099 0.651447
vt 0.951533 0.654439
vt 0.751184 0.765644
vt 0.760029 0.751299
vt 0.753450 0.761743
vt 0.762423 0.747796
vt 0.940078 0.655975
vt 0.933035 0.659123
vt 0.772594 0.755419
vt 0.768881 0.754341
vt 0.937183 0.662870
vt 0.765354 0.761776
vt 0.940509 0.664126
vt 0.947272 0.664465
vt 0.941748 0.664371
vt 0.946231 0.658939
vt 0.942480 0.659354
vt 0.943942 0.655293
vt 0.942114 0.656868
vt 0.767128 0.747747
vt 0.764837 0.751809
vt 0.759761 0.762750
vt 0.952096 0.662603
vt 0.949193 0.657366
vt 0.946029 0.653637
vt 0.866340 0.636028
vt 0.861905 0.629051
vt 0.859172 0.625511
vt 0.854895 0.620705
vt 0.719093 0.726996
vt 0.731242 0.727427
vt 0.735240 0.727493
vt 0.860027 0.643663
vt 0.853717 0.637267
vt 0.850307 0.634236
vt 0.844946 0.630588
vt 0.726608 0.709446
vt 0.738391 0.715261
vt 0.742154 0.716739
vt 0.854919 0.651515
vt 0.847550 0.646647
vt 0.843534 0.644647
vt 0.837326 0.642866
vt 0.740420 0.697050
vt 0.748981 0.706295
vt 0.751900 0.710564
vt 0.852285 0.657593
vt 0.846834 0.654611
vt 0.840751 0.654247
vt 0.753073 0.689309
vt 0.754657 0.695006
vt 0.759286 0.703898
vt 0.761172 0.707980
vt 0.847063 0.672748
vt 0.774982 0.707113
vt 0.848638 0.672919
vt 0.850589 0.662984
vt 0.847983 0.661570
vt 0.842187 0.663173
vt 0.768019 0.693077
vt 0.768486 0.699425
vt 0.770010 0.705159
vt 0.770774 0.707933
vt 0.850238 0.665602
vt 0.849559 0.665496
vt 0.848083 0.667829
vt 0.851511 0.672713
vt 0.853196 0.666097
vt 0.850972 0.667439
vt 0.856593 0.660878
vt 0.859132 0.654602
vt 0.863113 0.647309
vt 0.868938 0.639926
vt 0.875658 0.634089
vt 0.880333 0.630838
vt 0.889390 0.626119
vt 0.895705 0.623950
vt 0.902732 0.622648
vt 0.909361 0.622425
vt 0.916221 0.623702
vt 0.922713 0.626187
vt 0.927974 0.629714
vt 0.930250 0.631736
vt 0.932304 0.633965
vt 0.934129 0.636510
vt 0.935710 0.639249
vt 0.936739 0.641682
vt 0.937240 0.643823
vt 0.937294 0.645295
vt 0.936300 0.649103
vt 0.936282 0.652252
vt 0.936813 0.655124
vt 0.938559 0.657558
vt 0.804580 0.718432
vt 0.803435 0.712162
vt 0.798075 0.719826
vt 0.796214 0.713373
vt 0.794064 0.721031
vt 0.791827 0.714370
vt 0.788160 0.723148
vt 0.785503 0.716184
vt 0.899156 0.724451
vt 0.906147 0.731979
vt 0.899631 0.738790
vt 0.893225 0.732856
vt 0.814552 0.710825
vt 0.897416 0.741023
vt 0.807919 0.729265
vt 0.802191 0.732249
vt 0.798637 0.733980
vt 0.793259 0.735809
vt 0.916532 0.748015
vt 0.908502 0.752355
vt 0.905829 0.753801
vt 0.810963 0.743377
vt 0.805296 0.746099
vt 0.801908 0.747419
vt 0.796957 0.748433
vt 0.930418 0.762008
vt 0.923283 0.768009
vt 0.920910 0.770007
vt 0.802423 0.702663
vt 0.793471 0.704144
vt 0.788757 0.704749
vt 0.782124 0.705614
vt 0.882082 0.726005
vt 0.887610 0.714734
vt 0.814321 0.701913
vt 0.803197 0.692735
vt 0.792975 0.692610
vt 0.788025 0.692379
vt 0.781268 0.691456
vt 0.868470 0.725146
vt 0.869334 0.710958
vt 0.815464 0.692938
vt 0.804956 0.683538
vt 0.795023 0.682009
vt 0.790258 0.680699
vt 0.784180 0.677706
vt 0.855886 0.729323
vt 0.852336 0.715984
vt 0.817920 0.684556
vt 0.807392 0.677090
vt 0.800527 0.675861
vt 0.795053 0.672023
vt 0.839773 0.722771
vt 0.848906 0.737212
vt 0.843747 0.727647
vt 0.851389 0.741387
vt 0.813105 0.660495
vt 0.842745 0.752562
vt 0.815509 0.662359
vt 0.806772 0.671194
vt 0.810062 0.671606
vt 0.802685 0.665899
vt 0.835677 0.738587
vt 0.844766 0.747689
vt 0.840732 0.742844
vt 0.846704 0.750057
vt 0.811057 0.668952
vt 0.811716 0.669266
vt 0.811105 0.666084
vt 0.845534 0.754344
vt 0.810004 0.757823
vt 0.805666 0.757606
vt 0.802738 0.757674
vt 0.798176 0.757888
vt 0.945479 0.767273
vt 0.944295 0.773354
vt 0.943891 0.775385
vt 0.808750 0.770095
vt 0.804576 0.769957
vt 0.801895 0.769809
vt 0.962704 0.766398
vt 0.962630 0.768419
vt 0.962409 0.774481
vt 0.962320 0.776509
vt 0.806151 0.780620
vt 0.802045 0.780919
vt 0.799497 0.780830
vt 0.795606 0.780095
vt 0.977921 0.763995
vt 0.977700 0.770057
vt 0.977626 0.772078
vt 0.811389 0.770461
vt 0.808738 0.780918
vt 0.812932 0.758192
vt 0.814403 0.742624
vt 0.811596 0.728093
vt 0.808770 0.717621
vt 0.807832 0.711501
vt 0.807360 0.701938
vt 0.808442 0.692311
vt 0.810744 0.683978
vt 0.813260 0.677290
vt 0.814427 0.670704
vt 0.813452 0.667982
vt 0.708043 0.756106
vt 0.713518 0.769576
vt 0.707411 0.772848
vt 0.699824 0.757322
vt 0.705202 0.756437
vt 0.711481 0.770469
vt 0.697219 0.757922
vt 0.705583 0.774043
vt 0.653116 0.794122
vt 0.663466 0.771154
vt 0.647071 0.790801
vt 0.655722 0.770697
vt 0.645143 0.789689
vt 0.653215 0.770557
vt 0.705152 0.744548
vt 0.694530 0.744046
vt 0.701090 0.744369
vt 0.690065 0.744094
vt 0.667757 0.750378
vt 0.658871 0.753330
vt 0.655880 0.754328
vt 0.704051 0.734371
vt 0.691548 0.733098
vt 0.698772 0.734140
vt 0.685100 0.732004
vt 0.665929 0.732517
vt 0.657483 0.738455
vt 0.654462 0.740548
vt 0.703768 0.724449
vt 0.691216 0.723269
vt 0.697833 0.724697
vt 0.684484 0.720034
vt 0.657597 0.717788
vt 0.651379 0.725429
vt 0.710549 0.722834
vt 0.697879 0.711701
vt 0.698975 0.712043
vt 0.701008 0.710529
vt 0.693201 0.716105
vt 0.697804 0.717445
vt 0.688481 0.711539
vt 0.645306 0.710821
vt 0.642321 0.717478
vt 0.708820 0.713282
vt 0.703273 0.716654
vt 0.696561 0.708869
vt 0.699280 0.703551
vt 0.631998 0.715090
vt 0.703376 0.705740
vt 0.702865 0.775736
vt 0.665949 0.770694
vt 0.670930 0.747798
vt 0.669143 0.728026
vt 0.678069 0.717713
vt 0.685305 0.706930
vt 0.633143 0.710247
vt 0.859688 0.692551
vt 0.876515 0.692559
vt 0.859917 0.687217
vt 0.875564 0.686891
vt 0.859804 0.684718
vt 0.875038 0.683757
vt 0.950504 0.700959
vt 0.874696 0.679258
vt 0.942627 0.679992
vt 0.948119 0.701713
vt 0.940966 0.703783
vt 0.934801 0.681717
vt 0.875421 0.700455
vt 0.938559 0.704442
vt 0.887145 0.694156
vt 0.888128 0.688466
vt 0.888587 0.684765
vt 0.889149 0.678715
vt 0.926090 0.670345
vt 0.932004 0.664453
vt 0.883923 0.703300
vt 0.897442 0.697421
vt 0.900727 0.691276
vt 0.902535 0.687442
vt 0.904530 0.680874
vt 0.913592 0.662571
vt 0.915780 0.653496
vt 0.892345 0.707376
vt 0.905494 0.701052
vt 0.910345 0.695202
vt 0.914729 0.690853
vt 0.918431 0.685122
vt 0.901653 0.659700
vt 0.900041 0.649708
vt 0.899319 0.711833
vt 0.911964 0.704854
vt 0.917043 0.700496
vt 0.923976 0.697120
vt 0.881079 0.648133
vt 0.890583 0.660817
vt 0.885895 0.652378
vt 0.892217 0.664213
vt 0.930540 0.717260
vt 0.871697 0.673617
vt 0.926861 0.719911
vt 0.921438 0.706179
vt 0.917627 0.708978
vt 0.928127 0.705162
vt 0.870938 0.658009
vt 0.880354 0.665767
vt 0.875483 0.660870
vt 0.882694 0.668145
vt 0.922593 0.712766
vt 0.921687 0.713417
vt 0.925673 0.713430
vt 0.875704 0.676209
vt 0.842198 0.693978
vt 0.843291 0.688875
vt 0.843492 0.686700
vt 0.843109 0.684465
vt 0.950127 0.725365
vt 0.943245 0.728214
vt 0.940954 0.729163
vt 0.859469 0.695023
vt 0.841750 0.696092
vt 0.876443 0.695782
vt 0.886003 0.697817
vt 0.895223 0.701287
vt 0.902443 0.705502
vt 0.908640 0.709927
vt 0.914902 0.713966
vt 0.921780 0.715987
vt 0.855105 0.671405
vt 0.774859 0.708903
vt 0.837824 0.667149
vt 0.775175 0.703873
vt 0.860603 0.665454
vt 0.834491 0.655182
vt 0.849862 0.672890
vt 0.864122 0.658817
vt 0.775053 0.705663
vt 0.737078 0.693516
vt 0.868091 0.651614
vt 0.722747 0.707929
vt 0.873392 0.644750
vt 0.715007 0.726814
vt 0.879442 0.639350
vt 0.717185 0.741573
vt 0.769534 0.762305
vt 0.763932 0.765843
vt 0.936127 0.662108
vt 0.770768 0.750784
vt 0.757497 0.749305
vt 0.930653 0.651461
vt 0.746962 0.759609
vt 0.956456 0.658560
vt 0.757964 0.767266
vt 0.931203 0.655368
vt 0.772012 0.756818
vt 0.770198 0.760942
vt 0.757131 0.747471
vt 0.744107 0.750619
vt 0.758282 0.744973
vt 0.745294 0.741662
vt 0.761080 0.743341
vt 0.752008 0.733955
vt 0.764912 0.742906
vt 0.762239 0.730150
vt 0.768663 0.743624
vt 0.772312 0.730492
vt 0.771875 0.745442
vt 0.781260 0.734445
vt 0.774251 0.748254
vt 0.787280 0.741002
vt 0.775858 0.755913
vt 0.790477 0.756870
vt 0.772047 0.763770
vt 0.783360 0.771831
vt 0.764708 0.768951
vt 0.769028 0.781748
vt 0.756067 0.769500
vt 0.752568 0.783003
vt 0.747218 0.766226
vt 0.738541 0.777836
vt 0.740803 0.760033
vt 0.728067 0.767753
vt 0.734912 0.747248
vt 0.719938 0.751193
vt 0.815403 0.771332
vt 0.812578 0.781945
vt 0.797766 0.769351
vt 0.977995 0.761975
vt 0.817521 0.758839
vt 0.945883 0.765243
vt 0.819809 0.742626
vt 0.932786 0.760012
vt 0.819102 0.667281
vt 0.816697 0.663658
vt 0.801330 0.659735
vt 0.841196 0.751592
vt 0.820006 0.676460
vt 0.790657 0.667032
vt 0.843986 0.753374
vt 0.814496 0.661540
vt 0.858025 0.734547
vt 0.851014 0.710822
vt 0.867879 0.729448
vt 0.869940 0.706545
vt 0.880197 0.729668
vt 0.889435 0.710923
vt 0.891207 0.735591
vt 0.901101 0.721612
vt 0.817670 0.727059
vt 0.919208 0.746569
vt 0.815286 0.716505
vt 0.908290 0.729685
vt 0.859268 0.698301
vt 0.841770 0.698533
vt 0.859324 0.681656
vt 0.952420 0.724415
vt 0.914251 0.720710
vt 0.924389 0.720879
vt 0.933953 0.705359
vt 0.869473 0.672193
vt 0.905984 0.716616
vt 0.929929 0.693392
vt 0.873480 0.674784
vt 0.928502 0.718867
vt 0.902207 0.663326
vt 0.897709 0.645333
vt 0.912916 0.665686
vt 0.915979 0.650459
vt 0.924130 0.672237
vt 0.933756 0.662448
vt 0.932147 0.682241
vt 0.945209 0.679324
vt 0.631375 0.717773
vt 0.701116 0.704269
vt 0.632520 0.712929
vt 0.696740 0.702863
vt 0.640862 0.720687
vt 0.646534 0.705361
vt 0.648876 0.728353
vt 0.659950 0.711997
vt 0.710639 0.733518
vt 0.678620 0.732708
vt 0.710971 0.743746
vt 0.684232 0.746526
vt 0.712385 0.755075
vt 0.693039 0.760369
vt 0.716596 0.768637
vt 0.655046 0.795098
vt 0.875658 0.634089
vt 0.873362 0.630477
vt 0.878168 0.627223
vt 0.880333 0.630838
vt 0.869474 0.624555
vt 0.874739 0.621781
vt 0.867104 0.620959
vt 0.872599 0.618139
vt 0.863626 0.615345
vt 0.869641 0.612421
vt 0.719938 0.751193
vt 0.717185 0.741573
vt 0.720546 0.741215
vt 0.722940 0.750441
vt 0.730566 0.740031
vt 0.731928 0.748083
vt 0.733871 0.739573
vt 0.734912 0.747248
vt 0.883567 0.636387
vt 0.879442 0.639350
vt 0.887585 0.622434
vt 0.889390 0.626119
vt 0.884757 0.617134
vt 0.883026 0.613422
vt 0.880622 0.607465
vt 0.728067 0.767753
vt 0.730614 0.766209
vt 0.738256 0.761577
vt 0.740803 0.760033
vt 0.891798 0.632068
vt 0.894467 0.620070
vt 0.895705 0.623950
vt 0.892543 0.614591
vt 0.891360 0.610726
vt 0.889727 0.604534
vt 0.738541 0.777836
vt 0.740276 0.775514
vt 0.745482 0.768547
vt 0.747218 0.766226
vt 0.897236 0.630136
vt 0.902047 0.618708
vt 0.902732 0.622648
vt 0.900798 0.613271
vt 0.900140 0.609291
vt 0.899389 0.602911
vt 0.752568 0.783003
vt 0.753267 0.780302
vt 0.755367 0.772200
vt 0.756067 0.769500
vt 0.903226 0.628965
vt 0.909583 0.618355
vt 0.909361 0.622425
vt 0.909711 0.613159
vt 0.909843 0.609150
vt 0.910073 0.602713
vt 0.769028 0.781748
vt 0.768164 0.779189
vt 0.765572 0.771511
vt 0.764708 0.768951
vt 0.908716 0.628777
vt 0.917359 0.619839
vt 0.916221 0.623702
vt 0.918870 0.614523
vt 0.919812 0.610568
vt 0.921126 0.604255
vt 0.783360 0.771831
vt 0.781098 0.770219
vt 0.774309 0.765383
vt 0.772047 0.763770
vt 0.914350 0.629759
vt 0.924603 0.622424
vt 0.922713 0.626187
vt 0.927071 0.617077
vt 0.928755 0.613337
vt 0.931245 0.607415
vt 0.790477 0.756870
vt 0.787553 0.756678
vt 0.778782 0.756104
vt 0.775858 0.755913
vt 0.919541 0.631802
vt 0.930512 0.626292
vt 0.927974 0.629714
vt 0.934186 0.621190
vt 0.936576 0.617845
vt 0.940270 0.612562
vt 0.787280 0.741002
vt 0.784674 0.742453
vt 0.776857 0.746803
vt 0.774251 0.748254
vt 0.923681 0.634682
vt 0.933263 0.628598
vt 0.930250 0.631736
vt 0.937372 0.624127
vt 0.940183 0.621109
vt 0.944649 0.616448
vt 0.781260 0.734445
vt 0.779384 0.736642
vt 0.773752 0.743238
vt 0.771875 0.745442
vt 0.925436 0.636288
vt 0.935838 0.631283
vt 0.932304 0.633965
vt 0.940338 0.627842
vt 0.943613 0.625281
vt 0.948748 0.621255
vt 0.772312 0.730492
vt 0.771594 0.733113
vt 0.769411 0.740986
vt 0.768663 0.743624
vt 0.927010 0.638090
vt 0.938042 0.634431
vt 0.934129 0.636510
vt 0.943106 0.631929
vt 0.946752 0.629875
vt 0.952392 0.626577
vt 0.762239 0.730150
vt 0.762793 0.732698
vt 0.764401 0.740347
vt 0.764912 0.742906
vt 0.928392 0.640158
vt 0.940157 0.637810
vt 0.935710 0.639249
vt 0.945771 0.636467
vt 0.949769 0.635114
vt 0.955839 0.632771
vt 0.752008 0.733955
vt 0.753849 0.735838
vt 0.759293 0.741475
vt 0.761080 0.743341
vt 0.929477 0.642436
vt 0.941737 0.641024
vt 0.936739 0.641682
vt 0.947750 0.640834
vt 0.951863 0.640357
vt 0.958404 0.639293
vt 0.745294 0.741662
vt 0.747820 0.742381
vt 0.755618 0.744386
vt 0.758282 0.744973
vt 0.930112 0.644492
vt 0.942557 0.643983
vt 0.937240 0.643823
vt 0.948809 0.644799
vt 0.952942 0.645252
vt 0.959069 0.645764
vt 0.744107 0.750619
vt 0.746503 0.750087
vt 0.754327 0.748297
vt 0.757131 0.747471
vt 0.930440 0.646355
vt 0.942567 0.646217
vt 0.937294 0.645295
vt 0.948951 0.648809
vt 0.952818 0.650566
vt 0.958615 0.652873
vt 0.746962 0.759609
vt 0.749066 0.757552
vt 0.755385 0.751366
vt 0.757497 0.749305
vt 0.930580 0.647666
vt 0.940841 0.648283
vt 0.940015 0.650884
vt 0.936282 0.652252
vt 0.936300 0.649103
vt 0.940105 0.653706
vt 0.936813 0.655124
vt 0.948099 0.651447
vt 0.951533 0.654439
vt 0.956456 0.658560
vt 0.751184 0.765644
vt 0.753450 0.761743
vt 0.760029 0.751299
vt 0.762423 0.747796
vt 0.930653 0.651461
vt 0.940078 0.655975
vt 0.938559 0.657558
vt 0.936127 0.662108
vt 0.933035 0.659123
vt 0.772012 0.756818
vt 0.768881 0.754341
vt 0.770768 0.750784
vt 0.772594 0.755419
vt 0.765354 0.761776
vt 0.770198 0.760942
vt 0.769534 0.762305
vt 0.763932 0.765843
vt 0.947272 0.664465
vt 0.941748 0.664371
vt 0.942480 0.659354
vt 0.946231 0.658939
vt 0.942114 0.656868
vt 0.943942 0.655293
vt 0.931203 0.655368
vt 0.764837 0.751809
vt 0.767128 0.747747
vt 0.759761 0.762750
vt 0.757964 0.767266
vt 0.952096 0.662603
vt 0.949193 0.657366
vt 0.946029 0.653637
vt 0.937183 0.662870
vt 0.940509 0.664126
vt 0.866340 0.636028
vt 0.868938 0.639926
vt 0.861905 0.629051
vt 0.859172 0.625511
vt 0.854895 0.620705
vt 0.715007 0.726814
vt 0.719093 0.726996
vt 0.731242 0.727427
vt 0.735240 0.727493
vt 0.873392 0.644750
vt 0.860027 0.643663
vt 0.863113 0.647309
vt 0.853717 0.637267
vt 0.850307 0.634236
vt 0.844946 0.630588
vt 0.722747 0.707929
vt 0.726608 0.709446
vt 0.738391 0.715261
vt 0.742154 0.716739
vt 0.868091 0.651614
vt 0.854919 0.651515
vt 0.859132 0.654602
vt 0.847550 0.646647
vt 0.843534 0.644647
vt 0.837326 0.642866
vt 0.737078 0.693516
vt 0.740420 0.697050
vt 0.748981 0.706295
vt 0.751900 0.710564
vt 0.864122 0.658817
vt 0.852285 0.657593
vt 0.856593 0.660878
vt 0.846834 0.654611
vt 0.840751 0.654247
vt 0.834491 0.655182
vt 0.753073 0.689309
vt 0.754657 0.695006
vt 0.759286 0.703898
vt 0.761172 0.707980
vt 0.860603 0.665454
vt 0.849559 0.665496
vt 0.848638 0.672919
vt 0.847063 0.672748
vt 0.848083 0.667829
vt 0.849862 0.672890
vt 0.850238 0.665602
vt 0.850972 0.667439
vt 0.851511 0.672713
vt 0.850589 0.662984
vt 0.847983 0.661570
vt 0.842187 0.663173
vt 0.837824 0.667149
vt 0.768019 0.693077
vt 0.768486 0.699425
vt 0.770010 0.705159
vt 0.770774 0.707933
vt 0.855105 0.671405
vt 0.853196 0.666097
vt 0.775175 0.703873
vt 0.775053 0.705663
vt 0.774982 0.707113
vt 0.774859 0.708903
vt 0.804580 0.718432
vt 0.803435 0.712162
vt 0.807832 0.711501
vt 0.808770 0.717621
vt 0.798075 0.719826
vt 0.796214 0.713373
vt 0.794064 0.721031
vt 0.791827 0.714370
vt 0.788160 0.723148
vt 0.785503 0.716184
vt 0.901101 0.721612
vt 0.908290 0.729685
vt 0.906147 0.731979
vt 0.899156 0.724451
vt 0.899631 0.738790
vt 0.893225 0.732856
vt 0.897416 0.741023
vt 0.891207 0.735591
vt 0.814552 0.710825
vt 0.815286 0.716505
vt 0.807919 0.729265
vt 0.811596 0.728093
vt 0.802191 0.732249
vt 0.798637 0.733980
vt 0.793259 0.735809
vt 0.919208 0.746569
vt 0.916532 0.748015
vt 0.908502 0.752355
vt 0.905829 0.753801
vt 0.817670 0.727059
vt 0.810963 0.743377
vt 0.814403 0.742624
vt 0.805296 0.746099
vt 0.801908 0.747419
vt 0.796957 0.748433
vt 0.932786 0.760012
vt 0.930418 0.762008
vt 0.923283 0.768009
vt 0.920910 0.770007
vt 0.819809 0.742626
vt 0.802423 0.702663
vt 0.807360 0.701938
vt 0.793471 0.704144
vt 0.788757 0.704749
vt 0.782124 0.705614
vt 0.889435 0.710923
vt 0.887610 0.714734
vt 0.882082 0.726005
vt 0.880197 0.729668
vt 0.814321 0.701913
vt 0.803197 0.692735
vt 0.808442 0.692311
vt 0.792975 0.692610
vt 0.788025 0.692379
vt 0.781268 0.691456
vt 0.869940 0.706545
vt 0.869334 0.710958
vt 0.868470 0.725146
vt 0.867879 0.729448
vt 0.815464 0.692938
vt 0.804956 0.683538
vt 0.810744 0.683978
vt 0.795023 0.682009
vt 0.790258 0.680699
vt 0.784180 0.677706
vt 0.851014 0.710822
vt 0.852336 0.715984
vt 0.855886 0.729323
vt 0.858025 0.734547
vt 0.817920 0.684556
vt 0.807392 0.677090
vt 0.813260 0.677290
vt 0.800527 0.675861
vt 0.795053 0.672023
vt 0.790657 0.667032
vt 0.839773 0.722771
vt 0.843747 0.727647
vt 0.848906 0.737212
vt 0.851389 0.741387
vt 0.820006 0.676460
vt 0.811105 0.666084
vt 0.813105 0.660495
vt 0.814496 0.661540
vt 0.811057 0.668952
vt 0.815509 0.662359
vt 0.811716 0.669266
vt 0.816697 0.663658
vt 0.813452 0.667982
vt 0.806772 0.671194
vt 0.810062 0.671606
vt 0.802685 0.665899
vt 0.801330 0.659735
vt 0.835677 0.738587
vt 0.840732 0.742844
vt 0.844766 0.747689
vt 0.846704 0.750057
vt 0.819102 0.667281
vt 0.814427 0.670704
vt 0.841196 0.751592
vt 0.842745 0.752562
vt 0.843986 0.753374
vt 0.845534 0.754344
vt 0.810004 0.757823
vt 0.812932 0.758192
vt 0.805666 0.757606
vt 0.802738 0.757674
vt 0.798176 0.757888
vt 0.945883 0.765243
vt 0.945479 0.767273
vt 0.944295 0.773354
vt 0.943891 0.775385
vt 0.817521 0.758839
vt 0.808750 0.770095
vt 0.811389 0.770461
vt 0.804576 0.769957
vt 0.801895 0.769809
vt 0.797766 0.769351
vt 0.962704 0.766398
vt 0.962630 0.768419
vt 0.962409 0.774481
vt 0.962320 0.776509
vt 0.815403 0.771332
vt 0.806151 0.780620
vt 0.802045 0.780919
vt 0.799497 0.780830
vt 0.795606 0.780095
vt 0.977995 0.761975
vt 0.977921 0.763995
vt 0.977700 0.770057
vt 0.977626 0.772078
vt 0.812578 0.781945
vt 0.808738 0.780918
vt 0.708043 0.756106
vt 0.713518 0.769576
vt 0.711481 0.770469
vt 0.705202 0.756437
vt 0.707411 0.772848
vt 0.699824 0.757322
vt 0.705583 0.774043
vt 0.697219 0.757922
vt 0.702865 0.775736
vt 0.693039 0.760369
vt 0.655046 0.795098
vt 0.653116 0.794122
vt 0.663466 0.771154
vt 0.665949 0.770694
vt 0.647071 0.790801
vt 0.655722 0.770697
vt 0.645143 0.789689
vt 0.653215 0.770557
vt 0.716596 0.768637
vt 0.712385 0.755075
vt 0.705152 0.744548
vt 0.701090 0.744369
vt 0.694530 0.744046
vt 0.690065 0.744094
vt 0.684232 0.746526
vt 0.667757 0.750378
vt 0.670930 0.747798
vt 0.658871 0.753330
vt 0.655880 0.754328
vt 0.710971 0.743746
vt 0.704051 0.734371
vt 0.698772 0.734140
vt 0.691548 0.733098
vt 0.685100 0.732004
vt 0.678620 0.732708
vt 0.665929 0.732517
vt 0.669143 0.728026
vt 0.657483 0.738455
vt 0.654462 0.740548
vt 0.710639 0.733518
vt 0.703768 0.724449
vt 0.697833 0.724697
vt 0.691216 0.723269
vt 0.684484 0.720034
vt 0.678069 0.717713
vt 0.657597 0.717788
vt 0.659950 0.711997
vt 0.651379 0.725429
vt 0.648876 0.728353
vt 0.710549 0.722834
vt 0.699280 0.703551
vt 0.697879 0.711701
vt 0.696561 0.708869
vt 0.696740 0.702863
vt 0.698975 0.712043
vt 0.701116 0.704269
vt 0.703376 0.705740
vt 0.701008 0.710529
vt 0.693201 0.716105
vt 0.697804 0.717445
vt 0.688481 0.711539
vt 0.685305 0.706930
vt 0.645306 0.710821
vt 0.646534 0.705361
vt 0.642321 0.717478
vt 0.640862 0.720687
vt 0.703273 0.716654
vt 0.708820 0.713282
vt 0.632520 0.712929
vt 0.633143 0.710247
vt 0.631998 0.715090
vt 0.631375 0.717773
vt 0.859688 0.692551
vt 0.876515 0.692559
vt 0.876443 0.695782
vt 0.859469 0.695023
vt 0.859917 0.687217
vt 0.875564 0.686891
vt 0.859804 0.684718
vt 0.875038 0.683757
vt 0.859324 0.681656
vt 0.874696 0.679258
vt 0.945209 0.679324
vt 0.950504 0.700959
vt 0.948119 0.701713
vt 0.942627 0.679992
vt 0.940966 0.703783
vt 0.934801 0.681717
vt 0.938559 0.704442
vt 0.932147 0.682241
vt 0.875421 0.700455
vt 0.859268 0.698301
vt 0.887145 0.694156
vt 0.886003 0.697817
vt 0.888128 0.688466
vt 0.888587 0.684765
vt 0.889149 0.678715
vt 0.933756 0.662448
vt 0.932004 0.664453
vt 0.926090 0.670345
vt 0.924130 0.672237
vt 0.883923 0.703300
vt 0.897442 0.697421
vt 0.895223 0.701287
vt 0.900727 0.691276
vt 0.902535 0.687442
vt 0.904530 0.680874
vt 0.915979 0.650459
vt 0.915780 0.653496
vt 0.913592 0.662571
vt 0.912916 0.665686
vt 0.892345 0.707376
vt 0.905494 0.701052
vt 0.902443 0.705502
vt 0.910345 0.695202
vt 0.914729 0.690853
vt 0.918431 0.685122
vt 0.897709 0.645333
vt 0.900041 0.649708
vt 0.901653 0.659700
vt 0.902207 0.663326
vt 0.899319 0.711833
vt 0.911964 0.704854
vt 0.908640 0.709927
vt 0.917043 0.700496
vt 0.923976 0.697120
vt 0.929929 0.693392
vt 0.881079 0.648133
vt 0.885895 0.652378
vt 0.890583 0.660817
vt 0.892217 0.664213
vt 0.905984 0.716616
vt 0.925673 0.713430
vt 0.930540 0.717260
vt 0.928502 0.718867
vt 0.922593 0.712766
vt 0.926861 0.719911
vt 0.921687 0.713417
vt 0.924389 0.720879
vt 0.921780 0.715987
vt 0.921438 0.706179
vt 0.917627 0.708978
vt 0.928127 0.705162
vt 0.933953 0.705359
vt 0.870938 0.658009
vt 0.875483 0.660870
vt 0.880354 0.665767
vt 0.882694 0.668145
vt 0.914251 0.720710
vt 0.914902 0.713966
vt 0.869473 0.672193
vt 0.871697 0.673617
vt 0.873480 0.674784
vt 0.875704 0.676209
vt 0.842198 0.693978
vt 0.843291 0.688875
vt 0.843492 0.686700
vt 0.843109 0.684465
vt 0.952420 0.724415
vt 0.950127 0.725365
vt 0.943245 0.728214
vt 0.940954 0.729163
vt 0.841770 0.698533
vt 0.841750 0.696092
vn 0.901779 -0.360759 0.238009
vn 0.285051 -0.107196 0.952499
vn 0.331872 -0.012665 0.943240
vn 0.976049 -0.040865 0.213679
vn -0.381135 0.072728 0.921654
vn -0.451189 -0.008901 0.892384
vn -0.958800 0.173779 0.224729
vn -0.980677 -0.018832 0.194727
vn -0.930200 0.161769 -0.329483
vn -0.960459 -0.021333 -0.277601
vn 0.000000 -0.000000 -1.000000
vn 0.000002 -0.000000 -1.000000
vn -0.000001 0.000000 -1.000000
vn 0.000003 -0.000000 -1.000000
vn 0.857013 -0.350608 -0.377627
vn 0.938504 -0.042352 -0.342662
vn 0.321361 0.066529 0.944617
vn 0.957066 0.200850 0.209009
vn -0.465822 -0.113942 0.877512
vn -0.955331 -0.229192 0.186583
vn -0.938172 -0.227423 -0.260982
vn -0.000003 0.000000 -1.000000
vn -0.000000 0.000000 -1.000000
vn 0.921183 0.190124 -0.339520
vn 0.256086 0.189960 0.947806
vn 0.781830 0.589036 0.204398
vn -0.409754 -0.309751 0.857995
vn -0.788958 -0.588065 0.178115
vn -0.776599 -0.581021 -0.243534
vn -0.000001 0.000000 -1.000000
vn 0.000002 -0.000000 -1.000000
vn 0.752329 0.564752 -0.339200
vn 0.163112 0.278878 0.946373
vn 0.488997 0.849711 0.197163
vn -0.255193 -0.473624 0.842945
vn -0.474577 -0.863641 0.170002
vn -0.465929 -0.854169 -0.230881
vn 0.000001 -0.000000 -1.000000
vn 0.000003 -0.000000 -1.000000
vn 0.474336 0.816431 -0.329311
vn 0.008493 0.303894 0.952668
vn 0.026269 0.979834 0.198076
vn -0.012935 -0.565748 0.824477
vn -0.023831 -0.986047 0.164754
vn -0.023114 -0.975719 -0.217802
vn -0.000002 0.000000 -1.000000
vn -0.000003 0.000000 -1.000000
vn 0.025799 0.939548 -0.341444
vn -0.145013 0.266795 0.952781
vn -0.460305 0.865000 0.199735
vn 0.258505 -0.494531 0.829828
vn 0.463938 -0.869874 0.167572
vn 0.456786 -0.861395 -0.222136
vn 0.000002 -0.000000 -1.000000
vn 0.000002 -0.000000 -1.000000
vn -0.443768 0.828761 -0.340920
vn -0.235601 0.129858 0.963135
vn -0.850273 0.479933 0.216100
vn 0.484878 -0.267512 0.832665
vn 0.865737 -0.468961 0.174857
vn 0.855996 -0.465617 -0.224659
vn 0.000007 -0.000000 -1.000000
vn 0.000010 -0.000000 -1.000000
vn -0.807406 0.454668 -0.375995
vn -0.269099 -0.000126 0.963112
vn -0.976342 0.007401 0.216105
vn 0.547221 0.007735 0.836952
vn 0.984086 0.018502 0.176730
vn 0.972641 0.017729 -0.231635
vn 0.000005 -0.000000 -1.000000
vn 0.000006 -0.000000 -1.000000
vn -0.928945 0.007658 -0.370139
vn -0.239253 -0.137353 0.961193
vn -0.851007 -0.480448 0.212030
vn 0.456101 0.303878 0.836439
vn 0.821647 0.542839 0.173846
vn 0.809174 0.538150 -0.235865
vn -0.000003 0.000000 -1.000000
vn -0.000004 0.000000 -1.000000
vn -0.816502 -0.453699 -0.357045
vn -0.184258 -0.222608 0.957337
vn -0.639370 -0.742195 0.200882
vn 0.319648 0.469753 0.822896
vn 0.553925 0.816023 0.165144
vn 0.545103 0.807422 -0.225683
vn -0.000001 0.000000 -1.000000
vn 0.000002 -0.000000 -1.000000
vn -0.620888 -0.706589 -0.339456
vn -0.104465 -0.283779 0.953182
vn -0.376608 -0.907235 0.187329
vn 0.125348 0.576415 0.807486
vn 0.200414 0.966901 0.157914
vn 0.196727 0.956520 -0.215332
vn -0.000000 0.000000 -1.000000
vn 0.000002 -0.000000 -1.000000
vn -0.376982 -0.869812 -0.318294
vn 0.007404 -0.284193 0.958738
vn -0.047955 -0.982001 0.182686
vn -0.122875 0.600349 0.790242
vn -0.220938 0.962856 0.155224
vn -0.218274 0.954097 -0.205072
vn -0.000002 0.000000 -1.000000
vn -0.000002 0.000000 -1.000000
vn -0.065658 -0.943518 -0.324749
vn 0.126839 -0.221457 0.966886
vn 0.428206 -0.882243 0.195671
vn -0.412089 0.455497 0.789116
vn -0.677248 0.719278 0.154837
vn -0.672252 0.713111 -0.198872
vn 0.000226 -0.006929 -0.999976
vn -0.003656 -0.004217 -0.999985
vn 0.392743 -0.846162 -0.360227
vn 0.186377 -0.089729 0.978372
vn 0.842238 -0.491215 0.222133
vn -0.588912 0.177682 0.788424
vn -0.950015 0.270949 0.155106
vn -0.940112 0.269522 -0.208680
vn 0.003614 -0.000660 -0.999993
vn -0.007404 0.000798 -0.999972
vn 0.774681 -0.477987 -0.414002
vn 0.063285 0.221892 0.973015
vn 0.464355 0.852157 0.241252
vn -0.579980 -0.009029 0.814581
vn -0.979851 -0.084677 0.180893
vn -0.966041 -0.066163 -0.249773
vn -0.030519 0.038027 -0.998811
vn -0.028860 0.058181 -0.997889
vn 0.349842 0.807550 -0.474842
vn 0.040309 0.428260 0.902756
vn 0.241799 0.328578 0.913000
vn 0.636184 0.731227 0.246124
vn 0.236136 0.952145 0.194060
vn 0.499890 0.075745 0.862770
vn 0.938025 0.287182 0.193997
vn -0.413462 -0.245212 0.876881
vn -0.789670 -0.566213 0.236272
vn -0.792382 -0.536700 -0.289972
vn -0.085382 0.034484 -0.995751
vn -0.049081 0.116916 -0.991928
vn 0.199498 0.936181 -0.289424
vn 0.793431 -0.493471 0.356305
vn 0.975156 -0.194863 0.105356
vn 0.956192 -0.201190 -0.212649
vn 0.924768 0.258789 -0.278984
vn 0.670402 -0.654987 -0.348644
vn 0.118422 0.023389 -0.992688
vn 0.019620 -0.099339 -0.994860
vn 0.638347 -0.675586 -0.368914
vn 0.307010 -0.933381 -0.185863
vn 0.028640 -0.967957 -0.249478
vn 0.300084 -0.949668 0.089895
vn 0.008014 -0.985156 0.171474
vn 0.504495 -0.787448 0.354133
vn 0.058318 -0.559873 0.826523
vn 0.616537 0.728305 -0.299089
vn -0.003247 0.136323 -0.990659
vn -0.082515 -0.012321 -0.996514
vn -0.359357 -0.873615 -0.328114
vn -0.363627 -0.899867 0.240862
vn -0.175728 -0.403323 0.898026
vn 0.184990 -0.146870 0.971704
vn 0.724291 -0.637236 0.263311
vn -0.345420 0.215192 0.913442
vn -0.834820 0.496701 0.237409
vn -0.815996 0.484236 -0.315698
vn -0.000000 0.000000 -1.000000
vn -0.000001 0.000000 -1.000000
vn 0.680719 -0.596701 -0.424934
vn 0.122324 -0.182691 0.975531
vn 0.401321 -0.867907 0.292710
vn -0.196111 0.320323 0.926787
vn -0.557319 0.789854 0.255982
vn -0.540352 0.767039 -0.345934
vn 0.000001 -0.000000 -1.000000
vn 0.000002 -0.000000 -1.000000
vn 0.362273 -0.807596 -0.465347
vn -0.049284 -0.253767 0.966009
vn 0.046656 -0.949194 0.311214
vn -0.067402 0.412481 0.908469
vn -0.170792 0.946891 0.272446
vn -0.165565 0.915400 -0.366921
vn -0.000001 0.000000 -1.000000
vn 0.000000 -0.000000 -1.000000
vn 0.052527 -0.876095 -0.479268
vn -0.248668 -0.409844 0.877606
vn -0.269939 -0.929624 0.250864
vn 0.133219 0.447395 0.884359
vn 0.335832 0.896868 0.287827
vn 0.319333 0.854772 -0.409135
vn 0.000002 -0.000000 -1.000000
vn -0.000002 0.000000 -1.000000
vn -0.209523 -0.881936 -0.422243
vn 0.911801 0.044480 0.408215
vn 0.665593 -0.305521 -0.680913
vn 0.952604 0.114545 -0.281825
vn 0.983705 0.133323 0.120618
vn 0.782004 -0.358929 -0.509548
vn 0.135131 -0.851416 0.506785
vn -0.046981 -0.990544 0.128900
vn -0.070005 -0.976768 -0.202542
vn -0.276521 -0.582050 0.764692
vn 0.479831 0.330755 0.812627
vn 0.757423 0.605176 0.245096
vn 0.751242 0.532278 -0.390277
vn 0.000004 -0.000000 -1.000000
vn 0.000003 -0.000000 -1.000000
vn -0.405664 -0.863733 -0.299001
vn -0.441145 -0.878848 0.181707
vn -0.245461 0.139562 0.959308
vn -0.284158 0.085632 0.954946
vn -0.892763 0.379031 0.243535
vn -0.742051 0.629836 0.229491
vn 0.289256 -0.342332 0.893946
vn 0.300742 -0.242548 0.922348
vn 0.702448 -0.679011 0.213331
vn 0.801494 -0.551785 0.230522
vn 0.690444 -0.657096 -0.302511
vn 0.774348 -0.531971 -0.342625
vn 0.000001 -0.000000 -1.000000
vn -0.000001 0.000000 -1.000000
vn -0.000002 0.000000 -1.000000
vn -0.000001 0.000000 -1.000000
vn -0.706102 0.609001 -0.361299
vn -0.851264 0.361504 -0.380347
vn -0.294646 0.180071 0.938487
vn -0.743099 0.631953 0.220089
vn 0.240477 -0.289930 0.926343
vn 0.724714 -0.647725 0.235038
vn 0.700993 -0.611447 -0.367072
vn 0.000002 -0.000000 -1.000000
vn 0.000001 -0.000000 -1.000000
vn -0.718651 0.621421 -0.312052
vn -0.417546 0.076988 0.905388
vn -0.914295 0.347355 0.208349
vn 0.257054 -0.203174 0.944798
vn 0.874527 -0.419324 0.243660
vn 0.832641 -0.393729 -0.389469
vn 0.000002 -0.000000 -1.000000
vn 0.000000 -0.000000 -1.000000
vn -0.900161 0.335726 -0.277487
vn -0.226606 0.011403 0.973920
vn -0.958276 0.070476 0.277020
vn 0.375346 -0.111835 0.920113
vn 0.935132 -0.253940 0.247066
vn 0.910400 -0.249825 -0.329786
vn 0.000001 -0.000000 -1.000000
vn -0.000001 0.000000 -1.000000
vn -0.894446 0.068022 -0.441972
vn -0.197564 -0.042951 0.979349
vn -0.880784 -0.354470 0.313961
vn 0.351074 0.086743 0.932321
vn 0.947643 0.171153 0.269591
vn 0.918173 0.164735 -0.360308
vn 0.000000 -0.000000 -1.000000
vn 0.000002 -0.000000 -1.000000
vn -0.800564 -0.335375 -0.496610
vn -0.117643 -0.221483 0.968042
vn -0.643539 -0.692453 0.326140
vn 0.307956 0.261667 0.914710
vn 0.750189 0.596833 0.284617
vn 0.723343 0.577191 -0.378980
vn -0.000000 0.000000 -1.000000
vn 0.000002 -0.000000 -1.000000
vn -0.599135 -0.625143 -0.500234
vn -0.072581 -0.483784 0.872173
vn -0.374999 -0.892376 0.251080
vn 0.172861 0.428283 0.886957
vn 0.309756 0.906209 0.287813
vn 0.291279 0.865386 -0.407754
vn 0.000000 -0.000000 -1.000000
vn 0.000003 -0.000000 -1.000000
vn -0.394240 -0.814991 -0.424693
vn -0.601971 0.790342 0.113978
vn -0.593478 0.757764 -0.271251
vn -0.679723 0.279065 -0.678306
vn -0.613958 0.682745 0.396125
vn -0.800111 0.328496 -0.501909
vn -0.648503 -0.561790 0.513649
vn -0.570929 -0.798426 -0.191197
vn -0.602210 -0.787405 0.131663
vn -0.150117 0.574962 0.804291
vn -0.164778 -0.642457 0.748396
vn -0.168607 0.956963 0.236204
vn -0.209598 0.898039 -0.386775
vn 0.000007 -0.000000 -1.000000
vn 0.000004 -0.000000 -1.000000
vn -0.232127 -0.930808 -0.282335
vn -0.213257 -0.960879 0.176730
vn -0.438668 -0.067024 0.896146
vn -0.980833 -0.026861 0.192989
vn 0.329382 -0.076816 0.941067
vn 0.973658 -0.049439 0.222590
vn 0.932493 -0.035696 -0.359420
vn -0.000001 0.000000 -1.000000
vn 0.000000 -0.000000 -1.000000
vn -0.958854 -0.017464 -0.283362
vn -0.406892 -0.153664 0.900459
vn -0.943333 -0.265601 0.198945
vn 0.338341 0.052860 0.939538
vn 0.941212 0.259965 0.215725
vn 0.902685 0.255122 -0.346515
vn -0.000006 0.000000 -1.000000
vn -0.000001 0.000000 -1.000000
vn -0.923539 -0.256737 -0.284889
vn -0.279996 -0.160530 0.946484
vn 0.424437 0.191890 0.884891
vn 0.880159 0.434280 0.191627
vn 0.865930 0.430838 -0.254057
vn -0.000016 0.000000 -1.000000
vn 0.000001 -0.000000 -1.000000
vn -0.832251 -0.414166 -0.368544
vn -0.871844 -0.438136 0.218918
vn -0.634484 0.729041 0.256767
vn -0.534895 0.802727 0.263661
vn -0.222512 0.153138 0.962828
vn -0.278325 0.110375 0.954124
vn 0.077187 -0.332594 0.939906
vn 0.120556 -0.386938 0.914191
vn 0.482896 -0.847784 0.219255
vn 0.584036 -0.785429 0.204945
vn 0.487106 -0.810856 -0.324408
vn 0.583346 -0.760420 -0.285428
vn -0.000004 0.000000 -1.000000
vn -0.000003 0.000000 -1.000000
vn 0.000004 -0.000000 -1.000000
vn 0.000002 -0.000000 -1.000000
vn -0.484586 0.769728 -0.415566
vn -0.580440 0.712248 -0.394705
vn -0.800626 0.551097 0.235139
vn -0.362939 0.044916 0.930730
vn 0.275055 -0.400317 0.874123
vn 0.768147 -0.605600 0.207844
vn 0.747575 -0.595542 -0.294042
vn 0.000001 -0.000000 -1.000000
vn 0.000001 -0.000000 -1.000000
vn -0.745819 0.553430 -0.370769
vn -0.925114 0.305213 0.225851
vn -0.414831 0.000782 0.909898
vn 0.457828 -0.246285 0.854247
vn 0.929338 -0.278932 0.241926
vn 0.885977 -0.282922 -0.367423
vn 0.000002 -0.000000 -1.000000
vn -0.000001 0.000000 -1.000000
vn -0.870932 0.308642 -0.382383
vn -0.975225 -0.001026 0.221212
vn -0.462329 -0.068545 0.884055
vn 0.536392 0.042752 0.842885
vn 0.945066 0.177695 0.274363
vn 0.899315 0.158774 -0.407460
vn 0.000000 -0.000000 -1.000000
vn 0.000000 -0.000000 -1.000000
vn -0.914094 0.007606 -0.405432
vn -0.368500 0.413055 -0.832823
vn -0.082855 0.766154 0.637294
vn 0.099144 0.975562 0.196086
vn 0.073375 0.916257 -0.393814
vn -0.754734 -0.051472 0.654009
vn -0.421201 0.472169 -0.774368
vn -0.900924 -0.309807 -0.303901
vn -0.931892 -0.314739 0.180327
vn 0.380092 0.458014 0.803588
vn -0.519057 -0.169228 0.837820
vn 0.633240 0.730238 0.256437
vn 0.581449 0.725593 -0.368011
vn -0.000000 0.000000 -1.000000
vn 0.000000 -0.000000 -1.000000
vn -0.840490 -0.372547 -0.393428
vn -0.897033 -0.387282 0.212942
vn -0.214714 0.089155 0.972599
vn -0.294682 0.026760 0.955220
vn -0.819935 0.504851 0.269874
vn -0.647265 0.689993 0.323971
vn 0.113525 -0.290692 0.950058
vn 0.235570 -0.318561 0.918164
vn 0.588609 -0.744132 0.315922
vn 0.778802 -0.579512 0.240070
vn 0.568377 -0.680877 -0.461902
vn 0.773133 -0.537719 -0.336338
vn 0.000001 -0.000000 -1.000000
vn -0.000004 0.000000 -1.000000
vn -0.000000 0.000000 -1.000000
vn 0.000004 -0.000000 -1.000000
vn -0.580987 0.656863 -0.480609
vn -0.750587 0.513783 -0.415507
vn -0.322665 -0.057621 0.944758
vn -0.963386 0.139911 0.228717
vn 0.405077 -0.199727 0.892200
vn 0.950057 -0.244810 0.193546
vn 0.939191 -0.227106 -0.257571
vn 0.000002 -0.000000 -1.000000
vn 0.000005 -0.000000 -1.000000
vn -0.914724 0.159428 -0.371298
vn -0.296752 -0.137923 0.944942
vn -0.961143 -0.155135 0.228336
vn 0.499966 -0.028620 0.865572
vn 0.977837 0.086366 0.190725
vn 0.961768 0.081928 -0.261325
vn 0.000006 -0.000000 -1.000000
vn 0.000004 -0.000000 -1.000000
vn -0.920909 -0.133110 -0.366345
vn -0.261599 -0.276433 0.924743
vn -0.865561 -0.445560 0.228650
vn 0.520173 0.163213 0.838320
vn 0.864994 0.446919 0.228143
vn 0.845346 0.416456 -0.334595
vn 0.000005 -0.000000 -1.000000
vn 0.000001 -0.000000 -1.000000
vn -0.829139 -0.404696 -0.385681
vn -0.263821 -0.395443 0.879786
vn -0.693159 -0.688435 0.213511
vn 0.357021 0.407237 0.840651
vn 0.538517 0.798710 0.268444
vn 0.522268 0.754408 -0.397624
vn -0.000000 0.000000 -1.000000
vn -0.000002 0.000000 -1.000000
vn -0.664855 -0.638979 -0.386877
vn -0.544820 0.814705 0.198560
vn -0.527071 0.756235 -0.387691
vn -0.532510 0.027450 -0.845978
vn -0.545904 0.534128 0.645520
vn -0.607048 0.031293 -0.794048
vn -0.504695 -0.573097 0.645633
vn -0.442139 -0.846163 -0.297525
vn -0.460531 -0.871070 0.170732
vn -0.029852 0.606276 0.794694
vn -0.278392 -0.497693 0.821462
vn -0.036365 0.967271 0.251128
vn -0.068199 0.927649 -0.367173
vn -0.000003 0.000000 -1.000000
vn -0.000006 0.000000 -1.000000
vn -0.377802 -0.847187 -0.373551
vn -0.407641 -0.890831 0.200622
vn -0.199183 0.163280 0.966264
vn 0.063311 -0.214940 0.974573
vn 0.502668 -0.770148 0.392678
vn 0.452215 -0.654468 -0.605948
vn 0.000003 -0.000000 -1.000000
vn -0.000003 0.000000 -1.000000
vn -0.523203 0.733401 -0.434029
vn -0.565469 0.760383 0.319471
vn 0.901778 0.360758 0.238012
vn 0.976049 0.040865 0.213679
vn 0.331872 0.012665 0.943239
vn 0.285050 0.107196 0.952500
vn -0.451190 0.008901 0.892383
vn -0.381136 -0.072727 0.921654
vn -0.980677 0.018832 0.194726
vn -0.958800 -0.173779 0.224728
vn -0.960459 0.021333 -0.277602
vn -0.930200 -0.161770 -0.329482
vn -0.000000 0.000000 -1.000000
vn 0.000002 -0.000000 -1.000000
vn -0.000000 0.000000 -1.000000
vn 0.000002 -0.000000 -1.000000
vn 0.938503 0.042352 -0.342663
vn 0.857014 0.350607 -0.377627
vn 0.957066 -0.200849 0.209009
vn 0.321363 -0.066529 0.944616
vn -0.465824 0.113941 0.877511
vn -0.955332 0.229190 0.186582
vn -0.938172 0.227422 -0.260984
vn -0.000003 0.000000 -1.000000
vn -0.000004 0.000000 -1.000000
vn 0.921182 -0.190125 -0.339524
vn 0.781829 -0.589037 0.204401
vn 0.256083 -0.189959 0.947806
vn -0.409756 0.309750 0.857995
vn -0.788960 0.588063 0.178113
vn -0.776599 0.581020 -0.243535
vn -0.000001 0.000000 -1.000000
vn 0.000002 -0.000000 -1.000000
vn 0.752328 -0.564752 -0.339201
vn 0.488996 -0.849712 0.197164
vn 0.163109 -0.278879 0.946373
vn -0.255196 0.473623 0.842945
vn -0.474578 0.863640 0.170002
vn -0.465929 0.854169 -0.230879
vn 0.000001 -0.000000 -1.000000
vn 0.000001 -0.000000 -1.000000
vn 0.474337 -0.816433 -0.329305
vn 0.026271 -0.979835 0.198074
vn 0.008497 -0.303895 0.952668
vn -0.012932 0.565744 0.824480
vn -0.023831 0.986046 0.164760
vn -0.023114 0.975720 -0.217797
vn -0.000003 0.000000 -1.000000
vn -0.000006 0.000000 -1.000000
vn 0.025800 -0.939549 -0.341442
vn -0.460304 -0.865001 0.199734
vn -0.145010 -0.266796 0.952781
vn 0.258507 0.494529 0.829828
vn 0.463938 0.869873 0.167577
vn 0.456786 0.861397 -0.222132
vn 0.000000 -0.000000 -1.000000
vn -0.000000 0.000000 -1.000000
vn -0.443767 -0.828759 -0.340923
vn -0.850273 -0.479933 0.216099
vn -0.235603 -0.129858 0.963134
vn 0.484881 0.267512 0.832663
vn 0.865738 0.468960 0.174855
vn 0.855997 0.465617 -0.224658
vn 0.000003 -0.000000 -1.000000
vn 0.000005 -0.000000 -1.000000
vn -0.807407 -0.454667 -0.375995
vn -0.976342 -0.007402 0.216106
vn -0.269101 0.000126 0.963112
vn 0.547221 -0.007735 0.836952
vn 0.984085 -0.018502 0.176730
vn 0.972641 -0.017730 -0.231635
vn 0.000004 -0.000000 -1.000000
vn 0.000002 -0.000000 -1.000000
vn -0.928944 -0.007658 -0.370141
vn -0.851007 0.480447 0.212033
vn -0.239250 0.137353 0.961194
vn 0.456101 -0.303876 0.836439
vn 0.821647 -0.542839 0.173848
vn 0.809175 -0.538148 -0.235865
vn 0.000009 -0.000000 -1.000000
vn -0.000003 0.000000 -1.000000
vn -0.816502 0.453696 -0.357050
vn -0.639369 0.742195 0.200885
vn -0.184259 0.222610 0.957337
vn 0.319649 -0.469753 0.822895
vn 0.553925 -0.816023 0.165148
vn 0.545106 -0.807420 -0.225680
vn 0.000007 -0.000000 -1.000000
vn 0.000002 -0.000000 -1.000000
vn -0.620887 0.706588 -0.339459
vn -0.376607 0.907234 0.187331
vn -0.104466 0.283779 0.953182
vn 0.125348 -0.576414 0.807487
vn 0.200413 -0.966901 0.157916
vn 0.196727 -0.956520 -0.215331
vn 0.000002 -0.000000 -1.000000
vn 0.000004 -0.000000 -1.000000
vn -0.376980 0.869813 -0.318295
vn -0.047953 0.982001 0.182689
vn 0.007407 0.284191 0.958739
vn -0.122873 -0.600347 0.790244
vn -0.220938 -0.962856 0.155224
vn -0.218273 -0.954097 -0.205076
vn 0.000000 -0.000000 -1.000000
vn -0.000000 0.000000 -1.000000
vn -0.065658 0.943519 -0.324746
vn 0.428207 0.882243 0.195671
vn 0.126839 0.221457 0.966886
vn -0.412087 -0.455496 0.789119
vn -0.677247 -0.719278 0.154839
vn -0.672250 -0.713113 -0.198871
vn 0.000229 0.006929 -0.999976
vn -0.003659 0.004217 -0.999984
vn 0.392743 0.846165 -0.360219
vn 0.842237 0.491216 0.222133
vn 0.186378 0.089728 0.978372
vn -0.588907 -0.177683 0.788427
vn -0.950015 -0.270950 0.155107
vn -0.940112 -0.269522 -0.208680
vn 0.003613 0.000660 -0.999993
vn -0.007414 -0.000798 -0.999972
vn 0.774679 0.477993 -0.413998
vn 0.464354 -0.852159 0.241249
vn 0.063294 -0.221894 0.973014
vn -0.579977 0.009028 0.814583
vn -0.979851 0.084677 0.180893
vn -0.966042 0.066163 -0.249772
vn -0.030522 -0.038027 -0.998810
vn -0.028865 -0.058181 -0.997889
vn 0.349842 -0.807549 -0.474842
vn 0.040311 -0.428261 0.902756
vn 0.236135 -0.952145 0.194063
vn 0.636183 -0.731226 0.246129
vn 0.241796 -0.328577 0.913001
vn 0.938025 -0.287183 0.193998
vn 0.499888 -0.075746 0.862771
vn -0.413461 0.245214 0.876881
vn -0.789670 0.566214 0.236268
vn -0.792381 0.536700 -0.289976
vn -0.085383 -0.034484 -0.995751
vn -0.049080 -0.116917 -0.991928
vn 0.199498 -0.936179 -0.289430
vn 0.975156 0.194860 0.105355
vn 0.793432 0.493471 0.356304
vn 0.956193 0.201188 -0.212644
vn 0.924770 -0.258788 -0.278979
vn 0.670404 0.654987 -0.348641
vn 0.118424 -0.023389 -0.992688
vn 0.019620 0.099338 -0.994860
vn 0.638348 0.675585 -0.368913
vn 0.307012 0.933381 -0.185859
vn 0.028640 0.967958 -0.249472
vn 0.008015 0.985155 0.171477
vn 0.300085 0.949667 0.089898
vn 0.058315 0.559873 0.826524
vn 0.504496 0.787449 0.354129
vn 0.616539 -0.728304 -0.299086
vn -0.003244 -0.136323 -0.990659
vn -0.082516 0.012322 -0.996514
vn -0.359357 0.873614 -0.328118
vn -0.363627 0.899868 0.240861
vn -0.175729 0.403322 0.898026
vn 0.184993 0.146869 0.971703
vn 0.724292 0.637235 0.263311
vn -0.345422 -0.215193 0.913442
vn -0.834821 -0.496700 0.237409
vn -0.815998 -0.484235 -0.315696
vn -0.000000 0.000000 -1.000000
vn 0.000000 -0.000000 -1.000000
vn 0.680720 0.596700 -0.424934
vn 0.122325 0.182691 0.975531
vn 0.401320 0.867907 0.292712
vn -0.196111 -0.320322 0.926787
vn -0.557319 -0.789852 0.255985
vn -0.540354 -0.767040 -0.345929
vn -0.000001 0.000000 -1.000000
vn 0.000001 -0.000000 -1.000000
vn 0.362274 0.807595 -0.465348
vn -0.049284 0.253767 0.966009
vn 0.046655 0.949194 0.311213
vn -0.067402 -0.412481 0.908469
vn -0.170792 -0.946891 0.272449
vn -0.165564 -0.915402 -0.366915
vn 0.000001 -0.000000 -1.000000
vn 0.000001 -0.000000 -1.000000
vn 0.052527 0.876097 -0.479265
vn -0.248665 0.409845 0.877607
vn -0.269939 0.929624 0.250861
vn 0.133222 -0.447394 0.884359
vn 0.335833 -0.896868 0.287825
vn 0.319335 -0.854772 -0.409133
vn 0.000006 -0.000000 -1.000000
vn -0.000001 0.000000 -1.000000
vn -0.209528 0.881937 -0.422238
vn 0.911801 -0.044479 0.408216
vn 0.983706 -0.133323 0.120617
vn 0.952602 -0.114547 -0.281832
vn 0.665591 0.305520 -0.680915
vn 0.782006 0.358933 -0.509543
vn 0.135123 0.851416 0.506787
vn -0.046984 0.990544 0.128898
vn -0.070015 0.976769 -0.202533
vn 0.479832 -0.330753 0.812627
vn -0.276525 0.582049 0.764691
vn 0.757424 -0.605175 0.245095
vn 0.751241 -0.532277 -0.390279
vn 0.000001 -0.000000 -1.000000
vn 0.000000 -0.000000 -1.000000
vn -0.405671 0.863732 -0.298994
vn -0.441145 0.878848 0.181707
vn -0.245464 -0.139563 0.959307
vn -0.742052 -0.629836 0.229490
vn -0.892764 -0.379030 0.243533
vn -0.284163 -0.085631 0.954944
vn 0.300740 0.242549 0.922348
vn 0.289256 0.342333 0.893946
vn 0.702448 0.679011 0.213330
vn 0.801494 0.551785 0.230522
vn 0.690445 0.657095 -0.302509
vn 0.774348 0.531971 -0.342625
vn 0.000000 -0.000000 -1.000000
vn 0.000003 -0.000000 -1.000000
vn -0.000000 0.000000 -1.000000
vn -0.000002 0.000000 -1.000000
vn -0.851266 -0.361504 -0.380344
vn -0.706102 -0.609000 -0.361302
vn -0.294645 -0.180071 0.938487
vn -0.743098 -0.631953 0.220090
vn 0.240477 0.289931 0.926343
vn 0.724713 0.647725 0.235038
vn 0.700994 0.611448 -0.367068
vn 0.000003 -0.000000 -1.000000
vn -0.000000 0.000000 -1.000000
vn -0.718653 -0.621420 -0.312051
vn -0.417544 -0.076988 0.905389
vn -0.914295 -0.347355 0.208350
vn 0.257053 0.203174 0.944798
vn 0.874526 0.419325 0.243662
vn 0.832643 0.393731 -0.389464
vn 0.000001 -0.000000 -1.000000
vn -0.000003 0.000000 -1.000000
vn -0.900162 -0.335726 -0.277484
vn -0.958277 -0.070475 0.277018
vn -0.226607 -0.011402 0.973920
vn 0.375345 0.111835 0.920114
vn 0.935132 0.253941 0.247067
vn 0.910400 0.249826 -0.329787
vn 0.000001 -0.000000 -1.000000
vn 0.000002 -0.000000 -1.000000
vn -0.894447 -0.068022 -0.441970
vn -0.880784 0.354469 0.313962
vn -0.197564 0.042950 0.979349
vn 0.351072 -0.086743 0.932322
vn 0.947643 -0.171153 0.269592
vn 0.918173 -0.164735 -0.360307
vn 0.000001 -0.000000 -1.000000
vn 0.000002 -0.000000 -1.000000
vn -0.800565 0.335374 -0.496608
vn -0.643539 0.692451 0.326143
vn -0.117644 0.221482 0.968042
vn 0.307953 -0.261667 0.914710
vn 0.750187 -0.596833 0.284621
vn 0.723344 -0.577190 -0.378979
vn 0.000001 -0.000000 -1.000000
vn -0.000001 0.000000 -1.000000
vn -0.599137 0.625143 -0.500231
vn -0.374998 0.892374 0.251088
vn -0.072580 0.483784 0.872173
vn 0.172862 -0.428281 0.886958
vn 0.309755 -0.906208 0.287816
vn 0.291279 -0.865383 -0.407760
vn -0.000001 0.000000 -1.000000
vn 0.000001 -0.000000 -1.000000
vn -0.394241 0.814990 -0.424696
vn -0.601972 -0.790341 0.113978
vn -0.613960 -0.682744 0.396125
vn -0.679718 -0.279060 -0.678313
vn -0.593479 -0.757763 -0.271253
vn -0.648503 0.561791 0.513648
vn -0.800103 -0.328491 -0.501926
vn -0.602210 0.787406 0.131661
vn -0.570928 0.798423 -0.191212
vn -0.164776 0.642454 0.748399
vn -0.150117 -0.574960 0.804293
vn -0.168608 -0.956963 0.236204
vn -0.209598 -0.898037 -0.386779
vn 0.000004 -0.000000 -1.000000
vn 0.000002 -0.000000 -1.000000
vn -0.232127 0.930805 -0.282346
vn -0.213256 0.960878 0.176735
vn -0.438671 0.067024 0.896145
vn -0.980833 0.026862 0.192989
vn 0.329377 0.076816 0.941069
vn 0.973658 0.049439 0.222590
vn 0.932493 0.035696 -0.359419
vn 0.000001 -0.000000 -1.000000
vn 0.000000 -0.000000 -1.000000
vn -0.958854 0.017464 -0.283362
vn -0.406895 0.153662 0.900458
vn -0.943333 0.265601 0.198945
vn 0.338338 -0.052859 0.939539
vn 0.941214 -0.259963 0.215722
vn 0.902685 -0.255119 -0.346517
vn -0.000002 0.000000 -1.000000
vn 0.000003 -0.000000 -1.000000
vn -0.923539 0.256738 -0.284889
vn 0.424440 -0.191886 0.884890
vn -0.279989 0.160529 0.946486
vn 0.880162 -0.434277 0.191623
vn 0.865929 -0.430834 -0.254064
vn -0.000016 0.000000 -1.000000
vn 0.000001 -0.000000 -1.000000
vn -0.832250 0.414167 -0.368545
vn -0.871844 0.438136 0.218917
vn -0.634483 -0.729042 0.256768
vn -0.278328 -0.110375 0.954123
vn -0.222515 -0.153139 0.962827
vn -0.534894 -0.802727 0.263661
vn 0.077185 0.332594 0.939906
vn 0.120554 0.386938 0.914191
vn 0.584036 0.785428 0.204949
vn 0.482896 0.847784 0.219256
vn 0.583347 0.760419 -0.285427
vn 0.487109 0.810851 -0.324416
vn 0.000001 -0.000000 -1.000000
vn -0.000000 0.000000 -1.000000
vn 0.000003 -0.000000 -1.000000
vn 0.000003 -0.000000 -1.000000
vn -0.580440 -0.712250 -0.394701
vn -0.484587 -0.769730 -0.415561
vn -0.800626 -0.551098 0.235138
vn -0.362940 -0.044916 0.930729
vn 0.275056 0.400316 0.874123
vn 0.768147 0.605599 0.207847
vn 0.747575 0.595544 -0.294039
vn 0.000001 -0.000000 -1.000000
vn 0.000002 -0.000000 -1.000000
vn -0.745819 -0.553431 -0.370767
vn -0.925115 -0.305213 0.225849
vn -0.414830 -0.000783 0.909899
vn 0.457828 0.246284 0.854247
vn 0.929338 0.278932 0.241925
vn 0.885976 0.282921 -0.367425
vn -0.000000 0.000000 -1.000000
vn 0.000002 -0.000000 -1.000000
vn -0.870932 -0.308642 -0.382383
vn -0.975225 0.001026 0.221212
vn -0.462329 0.068544 0.884055
vn 0.536391 -0.042752 0.842886
vn 0.945066 -0.177695 0.274363
vn 0.899315 -0.158773 -0.407461
vn -0.000000 0.000000 -1.000000
vn 0.000001 -0.000000 -1.000000
vn -0.914093 -0.007606 -0.405434
vn -0.368496 -0.413053 -0.832825
vn 0.073374 -0.916259 -0.393810
vn 0.099143 -0.975561 0.196091
vn -0.082855 -0.766154 0.637293
vn -0.754737 0.051473 0.654005
vn -0.421196 -0.472169 -0.774371
vn -0.900925 0.309806 -0.303898
vn -0.931892 0.314738 0.180324
vn -0.519058 0.169228 0.837819
vn 0.380090 -0.458012 0.803590
vn 0.633239 -0.730237 0.256440
vn 0.581449 -0.725593 -0.368010
vn -0.000000 0.000000 -1.000000
vn -0.000000 0.000000 -1.000000
vn -0.840492 0.372547 -0.393424
vn -0.897033 0.387283 0.212941
vn -0.214716 -0.089154 0.972599
vn -0.647268 -0.689991 0.323969
vn -0.819937 -0.504850 0.269870
vn -0.294686 -0.026759 0.955219
vn 0.235567 0.318561 0.918165
vn 0.113526 0.290693 0.950058
vn 0.588611 0.744129 0.315927
vn 0.778803 0.579510 0.240070
vn 0.568381 0.680878 -0.461896
vn 0.773134 0.537718 -0.336338
vn -0.000003 0.000000 -1.000000
vn 0.000002 -0.000000 -1.000000
vn 0.000001 -0.000000 -1.000000
vn -0.000003 0.000000 -1.000000
vn -0.750591 -0.513780 -0.415504
vn -0.580993 -0.656857 -0.480609
vn -0.963387 -0.139911 0.228717
vn -0.322665 0.057621 0.944758
vn 0.405076 0.199727 0.892201
vn 0.950057 0.244811 0.193545
vn 0.939190 0.227106 -0.257576
vn 0.000001 -0.000000 -1.000000
vn 0.000005 -0.000000 -1.000000
vn -0.914725 -0.159427 -0.371297
vn -0.961143 0.155135 0.228337
vn -0.296749 0.137923 0.944943
vn 0.499971 0.028620 0.865569
vn 0.977837 -0.086365 0.190723
vn 0.961767 -0.081928 -0.261327
vn 0.000005 -0.000000 -1.000000
vn 0.000003 -0.000000 -1.000000
vn -0.920909 0.133110 -0.366344
vn -0.865561 0.445560 0.228650
vn -0.261598 0.276433 0.924744
vn 0.520176 -0.163213 0.838319
vn 0.864994 -0.446919 0.228143
vn 0.845347 -0.416456 -0.334594
vn 0.000004 -0.000000 -1.000000
vn -0.000005 0.000000 -1.000000
vn -0.829139 0.404696 -0.385680
vn -0.693159 0.688436 0.213509
vn -0.263823 0.395442 0.879786
vn 0.357020 -0.407240 0.840650
vn 0.538516 -0.798710 0.268445
vn 0.522268 -0.754409 -0.397621
vn 0.000001 -0.000000 -1.000000
vn -0.000001 0.000000 -1.000000
vn -0.664854 0.638976 -0.386883
vn -0.544818 -0.814707 0.198559
vn -0.545898 -0.534127 0.645526
vn -0.532504 -0.027450 -0.845982
vn -0.527072 -0.756234 -0.387694
vn -0.504695 0.573098 0.645633
vn -0.607047 -0.031292 -0.794050
vn -0.460530 0.871070 0.170728
vn -0.442141 0.846166 -0.297514
vn -0.278393 0.497692 0.821462
vn -0.029850 -0.606277 0.794693
vn -0.036363 -0.967271 0.251126
vn -0.068200 -0.927649 -0.367173
vn -0.000001 0.000000 -1.000000
vn -0.000000 0.000000 -1.000000
vn -0.377803 0.847186 -0.373551
vn -0.407641 0.890831 0.200620
vn 0.063313 0.214942 0.974572
vn -0.199182 -0.163278 0.966264
vn 0.502669 0.770147 0.392681
vn 0.452215 0.654468 -0.605949
vn 0.000002 -0.000000 -1.000000
vn -0.000008 0.000000 -1.000000
vn -0.523210 -0.733394 -0.434033
vn -0.565472 -0.760380 0.319473
s 1
g lowpoly PROP_____PictureFrame_Var_3 High_Fidelity_Group sweep11 group14
usemtl initialShadingGroup
f 4222/5340/4222 4223/5152/4223 4231/5153/4224 4230/5341/4225
f 4223/5152/4223 4224/5154/4226 4232/5155/4227 4231/5153/4224
f 4224/5154/4226 4225/5156/4228 4233/5157/4229 4232/5155/4227
f 4225/5156/4228 4226/5158/4230 4234/5159/4231 4233/5157/4229
f 4234/5647/4231 4226/5607/4230 4227/5160/4232 4235/5163/4233
f 4227/5160/4232 4228/5161/4234 4236/5162/4235 4235/5163/4233
f 4236/5162/4235 4228/5161/4234 4229/5164/4236 4237/5646/4237
f 4237/5165/4237 4229/5606/4236 4222/5340/4222 4230/5341/4225
f 4231/5153/4224 4239/5166/4238 4238/5342/4239 4230/5341/4225
f 4231/5153/4224 4232/5155/4227 4240/5167/4240 4239/5166/4238
f 4233/5157/4229 4241/5168/4241 4240/5167/4240 4232/5155/4227
f 4234/5159/4231 4242/5169/4242 4241/5168/4241 4233/5157/4229
f 4242/5645/4242 4234/5647/4231 4235/5163/4233 4243/5171/4243
f 4235/5163/4233 4236/5162/4235 4244/5170/4244 4243/5171/4243
f 4244/5170/4244 4236/5162/4235 4237/5646/4237 4245/5644/4245
f 4245/5172/4245 4237/5165/4237 4230/5341/4225 4238/5342/4239
f 4239/5166/4238 4247/5173/4246 4246/5343/4247 4238/5342/4239
f 4239/5166/4238 4240/5167/4240 4248/5174/4248 4247/5173/4246
f 4241/5168/4241 4249/5175/4249 4248/5174/4248 4240/5167/4240
f 4242/5169/4242 4250/5176/4250 4249/5175/4249 4241/5168/4241
f 4250/5643/4250 4242/5645/4242 4243/5171/4243 4251/5178/4251
f 4243/5171/4243 4244/5170/4244 4252/5177/4252 4251/5178/4251
f 4252/5177/4252 4244/5170/4244 4245/5644/4245 4253/5642/4253
f 4253/5179/4253 4245/5172/4245 4238/5342/4239 4246/5343/4247
f 4247/5173/4246 4255/5180/4254 4254/5344/4255 4246/5343/4247
f 4247/5173/4246 4248/5174/4248 4256/5181/4256 4255/5180/4254
f 4249/5175/4249 4257/5182/4257 4256/5181/4256 4248/5174/4248
f 4250/5176/4250 4258/5183/4258 4257/5182/4257 4249/5175/4249
f 4258/5641/4258 4250/5643/4250 4251/5178/4251 4259/5185/4259
f 4251/5178/4251 4252/5177/4252 4260/5184/4260 4259/5185/4259
f 4260/5184/4260 4252/5177/4252 4253/5642/4253 4261/5640/4261
f 4261/5186/4261 4253/5179/4253 4246/5343/4247 4254/5344/4255
f 4255/5180/4254 4263/5187/4262 4262/5345/4263 4254/5344/4255
f 4255/5180/4254 4256/5181/4256 4264/5188/4264 4263/5187/4262
f 4257/5182/4257 4265/5189/4265 4264/5188/4264 4256/5181/4256
f 4258/5183/4258 4266/5190/4266 4265/5189/4265 4257/5182/4257
f 4266/5639/4266 4258/5641/4258 4259/5185/4259 4267/5192/4267
f 4259/5185/4259 4260/5184/4260 4268/5191/4268 4267/5192/4267
f 4268/5191/4268 4260/5184/4260 4261/5640/4261 4269/5638/4269
f 4269/5193/4269 4261/5186/4261 4254/5344/4255 4262/5345/4263
f 4263/5187/4262 4271/5194/4270 4270/5346/4271 4262/5345/4263
f 4263/5187/4262 4264/5188/4264 4272/5195/4272 4271/5194/4270
f 4265/5189/4265 4273/5196/4273 4272/5195/4272 4264/5188/4264
f 4266/5190/4266 4274/5197/4274 4273/5196/4273 4265/5189/4265
f 4274/5637/4274 4266/5639/4266 4267/5192/4267 4275/5199/4275
f 4267/5192/4267 4268/5191/4268 4276/5198/4276 4275/5199/4275
f 4276/5198/4276 4268/5191/4268 4269/5638/4269 4277/5636/4277
f 4277/5200/4277 4269/5193/4269 4262/5345/4263 4270/5346/4271
f 4271/5194/4270 4279/5201/4278 4278/5347/4279 4270/5346/4271
f 4271/5194/4270 4272/5195/4272 4280/5202/4280 4279/5201/4278
f 4273/5196/4273 4281/5203/4281 4280/5202/4280 4272/5195/4272
f 4274/5197/4274 4282/5204/4282 4281/5203/4281 4273/5196/4273
f 4282/5635/4282 4274/5637/4274 4275/5199/4275 4283/5206/4283
f 4275/5199/4275 4276/5198/4276 4284/5205/4284 4283/5206/4283
f 4284/5205/4284 4276/5198/4276 4277/5636/4277 4285/5634/4285
f 4285/5207/4285 4277/5200/4277 4270/5346/4271 4278/5347/4279
f 4279/5201/4278 4287/5208/4286 4286/5348/4287 4278/5347/4279
f 4279/5201/4278 4280/5202/4280 4288/5209/4288 4287/5208/4286
f 4281/5203/4281 4289/5210/4289 4288/5209/4288 4280/5202/4280
f 4282/5204/4282 4290/5211/4290 4289/5210/4289 4281/5203/4281
f 4290/5633/4290 4282/5635/4282 4283/5206/4283 4291/5213/4291
f 4283/5206/4283 4284/5205/4284 4292/5212/4292 4291/5213/4291
f 4292/5212/4292 4284/5205/4284 4285/5634/4285 4293/5632/4293
f 4293/5214/4293 4285/5207/4285 4278/5347/4279 4286/5348/4287
f 4287/5208/4286 4295/5215/4294 4294/5349/4295 4286/5348/4287
f 4287/5208/4286 4288/5209/4288 4296/5216/4296 4295/5215/4294
f 4289/5210/4289 4297/5217/4297 4296/5216/4296 4288/5209/4288
f 4290/5211/4290 4298/5218/4298 4297/5217/4297 4289/5210/4289
f 4298/5631/4298 4290/5633/4290 4291/5213/4291 4299/5220/4299
f 4291/5213/4291 4292/5212/4292 4300/5219/4300 4299/5220/4299
f 4300/5219/4300 4292/5212/4292 4293/5632/4293 4301/5630/4301
f 4301/5221/4301 4293/5214/4293 4286/5348/4287 4294/5349/4295
f 4295/5215/4294 4303/5222/4302 4302/5350/4303 4294/5349/4295
f 4295/5215/4294 4296/5216/4296 4304/5223/4304 4303/5222/4302
f 4297/5217/4297 4305/5224/4305 4304/5223/4304 4296/5216/4296
f 4298/5218/4298 4306/5225/4306 4305/5224/4305 4297/5217/4297
f 4306/5629/4306 4298/5631/4298 4299/5220/4299 4307/5227/4307
f 4299/5220/4299 4300/5219/4300 4308/5226/4308 4307/5227/4307
f 4308/5226/4308 4300/5219/4300 4301/5630/4301 4309/5628/4309
f 4309/5228/4309 4301/5221/4301 4294/5349/4295 4302/5350/4303
f 4303/5222/4302 4311/5229/4310 4310/5351/4311 4302/5350/4303
f 4303/5222/4302 4304/5223/4304 4312/5230/4312 4311/5229/4310
f 4305/5224/4305 4313/5231/4313 4312/5230/4312 4304/5223/4304
f 4306/5225/4306 4314/5232/4314 4313/5231/4313 4305/5224/4305
f 4314/5627/4314 4306/5629/4306 4307/5227/4307 4315/5234/4315
f 4307/5227/4307 4308/5226/4308 4316/5233/4316 4315/5234/4315
f 4316/5233/4316 4308/5226/4308 4309/5628/4309 4317/5626/4317
f 4317/5235/4317 4309/5228/4309 4302/5350/4303 4310/5351/4311
f 4311/5229/4310 4319/5236/4318 4318/5352/4319 4310/5351/4311
f 4311/5229/4310 4312/5230/4312 4320/5237/4320 4319/5236/4318
f 4313/5231/4313 4321/5238/4321 4320/5237/4320 4312/5230/4312
f 4314/5232/4314 4322/5239/4322 4321/5238/4321 4313/5231/4313
f 4322/5625/4322 4314/5627/4314 4315/5234/4315 4323/5241/4323
f 4315/5234/4315 4316/5233/4316 4324/5240/4324 4323/5241/4323
f 4324/5240/4324 4316/5233/4316 4317/5626/4317 4325/5624/4325
f 4325/5242/4325 4317/5235/4317 4310/5351/4311 4318/5352/4319
f 4319/5236/4318 4327/5243/4326 4326/5353/4327 4318/5352/4319
f 4319/5236/4318 4320/5237/4320 4328/5244/4328 4327/5243/4326
f 4321/5238/4321 4329/5245/4329 4328/5244/4328 4320/5237/4320
f 4322/5239/4322 4330/5246/4330 4329/5245/4329 4321/5238/4321
f 4330/5623/4330 4322/5625/4322 4323/5241/4323 4331/5248/4331
f 4323/5241/4323 4324/5240/4324 4332/5247/4332 4331/5248/4331
f 4332/5247/4332 4324/5240/4324 4325/5624/4325 4333/5622/4333
f 4333/5249/4333 4325/5242/4325 4318/5352/4319 4326/5353/4327
f 4327/5243/4326 4335/5250/4334 4334/5354/4335 4326/5353/4327
f 4327/5243/4326 4328/5244/4328 4336/5251/4336 4335/5250/4334
f 4329/5245/4329 4337/5252/4337 4336/5251/4336 4328/5244/4328
f 4330/5246/4330 4338/5253/4338 4337/5252/4337 4329/5245/4329
f 4338/5621/4338 4330/5623/4330 4331/5248/4331 4339/5255/4339
f 4331/5248/4331 4332/5247/4332 4340/5254/4340 4339/5255/4339
f 4340/5254/4340 4332/5247/4332 4333/5622/4333 4341/5620/4341
f 4341/5256/4341 4333/5249/4333 4326/5353/4327 4334/5354/4335
f 4335/5250/4334 4343/5257/4342 4342/5355/4343 4334/5354/4335
f 4335/5250/4334 4336/5251/4336 4344/5258/4344 4343/5257/4342
f 4337/5252/4337 4345/5259/4345 4344/5258/4344 4336/5251/4336
f 4338/5253/4338 4346/5260/4346 4345/5259/4345 4337/5252/4337
f 4346/5614/4346 4338/5621/4338 4339/5255/4339 4347/5262/4347
f 4339/5255/4339 4340/5254/4340 4348/5261/4348 4347/5262/4347
f 4348/5261/4348 4340/5254/4340 4341/5620/4341 4349/5612/4349
f 4349/5263/4349 4341/5256/4341 4334/5354/4335 4342/5355/4343
f 4360/5264/4350 4359/5265/4351 4362/5357/4352 4361/5356/4353
f 4359/5265/4351 4358/5266/4354 4363/5358/4355 4362/5357/4352
f 4343/5257/4342 4360/5264/4350 4361/5356/4353 4342/5355/4343
f 4343/5257/4342 4344/5258/4344 4379/5267/4356 4360/5264/4350
f 4345/5259/4345 4376/5268/4357 4379/5267/4356 4344/5258/4344
f 4346/5260/4346 4373/5615/4358 4376/5268/4357 4345/5259/4345
f 4373/5269/4358 4346/5614/4346 4347/5262/4347 4370/5271/4359
f 4347/5262/4347 4348/5261/4348 4367/5270/4360 4370/5271/4359
f 4367/5270/4360 4348/5261/4348 4349/5612/4349 4364/5272/4361
f 4364/5613/4361 4349/5263/4349 4342/5355/4343 4361/5356/4353
f 4358/5266/4354 4350/5273/4362 4351/5359/4363 4363/5358/4355
f 4357/5610/4364 4366/5274/4365 4363/5358/4355 4351/5359/4363
f 4356/5618/4366 4369/5276/4367 4366/5611/4365 4357/5275/4364
f 4372/5278/4368 4369/5276/4367 4356/5618/4366 4355/5619/4369
f 4354/5608/4370 4375/5609/4371 4372/5278/4368 4355/5619/4369
f 4375/5280/4371 4354/5281/4370 4353/5283/4372 4378/5282/4373
f 4378/5282/4373 4353/5283/4372 4352/5285/4374 4381/5284/4375
f 4358/5266/4354 4381/5284/4375 4352/5285/4374 4350/5273/4362
f 4365/5617/4376 4364/5613/4361 4361/5356/4353 4362/5357/4352
f 4366/5274/4365 4365/5617/4376 4362/5357/4352 4363/5358/4355
f 4368/5287/4377 4367/5270/4360 4364/5272/4361 4365/5286/4376
f 4369/5276/4367 4368/5287/4377 4365/5286/4376 4366/5611/4365
f 4367/5270/4360 4368/5287/4377 4371/5288/4378 4370/5271/4359
f 4368/5287/4377 4369/5276/4367 4372/5278/4368 4371/5288/4378
f 4374/5616/4379 4373/5269/4358 4370/5271/4359 4371/5288/4378
f 4375/5609/4371 4374/5616/4379 4371/5288/4378 4372/5278/4368
f 4373/5615/4358 4374/5289/4379 4377/5290/4380 4376/5268/4357
f 4374/5289/4379 4375/5280/4371 4378/5282/4373 4377/5290/4380
f 4376/5268/4357 4377/5290/4380 4380/5291/4381 4379/5267/4356
f 4377/5290/4380 4378/5282/4373 4381/5284/4375 4380/5291/4381
f 4358/5266/4354 4359/5265/4351 4380/5291/4381 4381/5284/4375
f 4359/5265/4351 4360/5264/4350 4379/5267/4356 4380/5291/4381
f 4356/5277/4366 4357/5610/4364 4351/5359/4363 4350/5273/4362
f 4355/5279/4369 4356/5277/4366 4350/5273/4362 4352/5285/4374
f 4354/5281/4370 4355/5279/4369 4352/5285/4374 4353/5283/4372
f 4382/5292/4382 4223/5152/4223 4222/5340/4222 4383/5339/4383
f 4224/5154/4226 4223/5152/4223 4382/5292/4382 4384/5293/4384
f 4385/5294/4385 4225/5156/4228 4224/5154/4226 4384/5293/4384
f 4386/5295/4386 4226/5158/4230 4225/5156/4228 4385/5294/4385
f 4226/5607/4230 4386/5605/4386 4387/5296/4387 4227/5160/4232
f 4228/5161/4234 4227/5160/4232 4387/5296/4387 4388/5297/4388
f 4228/5161/4234 4388/5297/4388 4389/5298/4389 4229/5164/4236
f 4229/5606/4236 4389/5604/4389 4383/5339/4383 4222/5340/4222
f 4390/5299/4390 4382/5292/4382 4383/5339/4383 4391/5338/4391
f 4384/5293/4384 4382/5292/4382 4390/5299/4390 4392/5300/4392
f 4393/5301/4393 4385/5294/4385 4384/5293/4384 4392/5300/4392
f 4394/5302/4394 4386/5295/4386 4385/5294/4385 4393/5301/4393
f 4386/5605/4386 4394/5603/4394 4395/5303/4395 4387/5296/4387
f 4388/5297/4388 4387/5296/4387 4395/5303/4395 4396/5304/4396
f 4388/5297/4388 4396/5304/4396 4397/5305/4397 4389/5298/4389
f 4389/5604/4389 4397/5602/4397 4391/5338/4391 4383/5339/4383
f 4398/5306/4398 4390/5299/4390 4391/5338/4391 4399/5337/4399
f 4392/5300/4392 4390/5299/4390 4398/5306/4398 4400/5307/4400
f 4401/5308/4401 4393/5301/4393 4392/5300/4392 4400/5307/4400
f 4402/5309/4402 4394/5302/4394 4393/5301/4393 4401/5308/4401
f 4394/5603/4394 4402/5601/4402 4403/5310/4403 4395/5303/4395
f 4396/5304/4396 4395/5303/4395 4403/5310/4403 4404/5311/4404
f 4396/5304/4396 4404/5311/4404 4405/5312/4405 4397/5305/4397
f 4397/5602/4397 4405/5599/4405 4399/5337/4399 4391/5338/4391
f 4414/5313/4406 4398/5306/4398 4399/5337/4399 4421/5336/4407
f 4400/5307/4400 4398/5306/4398 4414/5313/4406 4415/5314/4408
f 4416/5315/4409 4401/5308/4401 4400/5307/4400 4415/5314/4408
f 4417/5597/4410 4402/5309/4402 4401/5308/4401 4416/5315/4409
f 4402/5601/4402 4417/5316/4410 4418/5317/4411 4403/5310/4403
f 4404/5311/4404 4403/5310/4403 4418/5317/4411 4419/5318/4412
f 4404/5311/4404 4419/5318/4412 4420/5319/4413 4405/5312/4405
f 4405/5599/4405 4420/5596/4413 4421/5336/4407 4399/5337/4399
f 4408/5331/4414 4411/5322/4415 4410/5320/4416 4409/5332/4417
f 4412/5598/4418 4411/5322/4415 4408/5331/4414 4406/5330/4419
f 4407/5335/4420 4413/5333/4421 4412/5598/4418 4406/5330/4419
f 4415/5314/4408 4414/5313/4406 4422/5323/4422 4423/5324/4423
f 4424/5325/4424 4416/5315/4409 4415/5314/4408 4423/5324/4423
f 4425/5594/4425 4417/5597/4410 4416/5315/4409 4424/5325/4424
f 4417/5316/4410 4425/5326/4425 4426/5327/4426 4418/5317/4411
f 4419/5318/4412 4418/5317/4411 4426/5327/4426 4427/5328/4427
f 4419/5318/4412 4427/5328/4427 4428/5329/4428 4420/5319/4413
f 4420/5596/4413 4428/5592/4428 4429/5334/4429 4421/5336/4407
f 4422/5323/4422 4414/5313/4406 4421/5336/4407 4429/5334/4429
f 4423/5324/4423 4422/5323/4422 4406/5330/4419 4408/5331/4414
f 4409/5332/4417 4424/5325/4424 4423/5324/4423 4408/5331/4414
f 4410/5320/4416 4425/5594/4425 4424/5325/4424 4409/5332/4417
f 4425/5326/4425 4410/5595/4416 4411/5600/4415 4426/5327/4426
f 4427/5328/4427 4426/5327/4426 4411/5600/4415 4412/5321/4418
f 4427/5328/4427 4412/5321/4418 4413/5593/4421 4428/5329/4428
f 4428/5592/4428 4413/5333/4421 4407/5335/4420 4429/5334/4429
f 4406/5330/4419 4422/5323/4422 4429/5334/4429 4407/5335/4420
s 4
f 4439/5360/4430 4431/5361/4431 4430/5457/4432 4438/5456/4433
f 4431/5361/4431 4439/5360/4430 4440/5362/4434 4432/5363/4435
f 4441/5364/4436 4433/5365/4437 4432/5363/4435 4440/5362/4434
f 4442/5366/4438 4434/5367/4439 4433/5365/4437 4441/5364/4436
f 4434/5671/4439 4442/5675/4438 4443/5369/4440 4435/5368/4441
f 4435/5368/4441 4443/5369/4440 4444/5370/4442 4436/5371/4443
f 4436/5371/4443 4444/5370/4442 4445/5373/4444 4437/5670/4445
f 4437/5372/4445 4445/5674/4444 4438/5456/4433 4430/5457/4432
f 4447/5374/4446 4439/5360/4430 4438/5456/4433 4446/5455/4447
f 4439/5360/4430 4447/5374/4446 4448/5375/4448 4440/5362/4434
f 4449/5376/4449 4441/5364/4436 4440/5362/4434 4448/5375/4448
f 4450/5377/4450 4442/5366/4438 4441/5364/4436 4449/5376/4449
f 4442/5675/4438 4450/5673/4450 4451/5378/4451 4443/5369/4440
f 4443/5369/4440 4451/5378/4451 4452/5379/4452 4444/5370/4442
f 4444/5370/4442 4452/5379/4452 4453/5380/4453 4445/5373/4444
f 4445/5674/4444 4453/5672/4453 4446/5455/4447 4438/5456/4433
f 4455/5381/4454 4447/5374/4446 4446/5455/4447 4454/5454/4455
f 4447/5374/4446 4455/5381/4454 4456/5382/4456 4448/5375/4448
f 4457/5383/4457 4449/5376/4449 4448/5375/4448 4456/5382/4456
f 4458/5384/4458 4450/5377/4450 4449/5376/4449 4457/5383/4457
f 4450/5673/4450 4458/5655/4458 4459/5385/4459 4451/5378/4451
f 4451/5378/4451 4459/5385/4459 4460/5386/4460 4452/5379/4452
f 4452/5379/4452 4460/5386/4460 4461/5387/4461 4453/5380/4453
f 4453/5672/4453 4461/5654/4461 4454/5454/4455 4446/5455/4447
f 4431/5361/4431 4462/5388/4462 4463/5458/4463 4430/5457/4432
f 4432/5363/4435 4464/5389/4464 4462/5388/4462 4431/5361/4431
f 4433/5365/4437 4465/5390/4465 4464/5389/4464 4432/5363/4435
f 4434/5367/4439 4466/5391/4466 4465/5390/4465 4433/5365/4437
f 4466/5669/4466 4434/5671/4439 4435/5368/4441 4467/5393/4467
f 4436/5371/4443 4468/5392/4468 4467/5393/4467 4435/5368/4441
f 4468/5392/4468 4436/5371/4443 4437/5670/4445 4469/5668/4469
f 4469/5394/4469 4437/5372/4445 4430/5457/4432 4463/5458/4463
f 4462/5388/4462 4470/5395/4470 4471/5459/4471 4463/5458/4463
f 4464/5389/4464 4472/5396/4472 4470/5395/4470 4462/5388/4462
f 4465/5390/4465 4473/5397/4473 4472/5396/4472 4464/5389/4464
f 4466/5391/4466 4474/5398/4474 4473/5397/4473 4465/5390/4465
f 4474/5667/4474 4466/5669/4466 4467/5393/4467 4475/5400/4475
f 4468/5392/4468 4476/5399/4476 4475/5400/4475 4467/5393/4467
f 4476/5399/4476 4468/5392/4468 4469/5668/4469 4477/5666/4477
f 4477/5401/4477 4469/5394/4469 4463/5458/4463 4471/5459/4471
f 4470/5395/4470 4478/5402/4478 4479/5460/4479 4471/5459/4471
f 4472/5396/4472 4480/5403/4480 4478/5402/4478 4470/5395/4470
f 4473/5397/4473 4481/5404/4481 4480/5403/4480 4472/5396/4472
f 4474/5398/4474 4482/5405/4482 4481/5404/4481 4473/5397/4473
f 4482/5665/4482 4474/5667/4474 4475/5400/4475 4483/5407/4483
f 4476/5399/4476 4484/5406/4484 4483/5407/4483 4475/5400/4475
f 4484/5406/4484 4476/5399/4476 4477/5666/4477 4485/5664/4485
f 4485/5408/4485 4477/5401/4477 4471/5459/4471 4479/5460/4479
f 4478/5402/4478 4494/5409/4486 4501/5461/4487 4479/5460/4479
f 4480/5403/4480 4495/5410/4488 4494/5409/4486 4478/5402/4478
f 4481/5404/4481 4496/5411/4489 4495/5410/4488 4480/5403/4480
f 4482/5405/4482 4497/5661/4490 4496/5411/4489 4481/5404/4481
f 4497/5412/4490 4482/5665/4482 4483/5407/4483 4498/5414/4491
f 4484/5406/4484 4499/5413/4492 4498/5414/4491 4483/5407/4483
f 4499/5413/4492 4484/5406/4484 4485/5664/4485 4500/5415/4493
f 4500/5660/4493 4485/5408/4485 4479/5460/4479 4501/5461/4487
f 4489/5428/4494 4490/5416/4495 4491/5663/4496 4488/5426/4497
f 4491/5663/4496 4492/5418/4498 4486/5427/4499 4488/5426/4497
f 4486/5427/4499 4492/5418/4498 4493/5657/4500 4487/5463/4501
f 4495/5410/4488 4503/5419/4502 4502/5420/4503 4494/5409/4486
f 4496/5411/4489 4504/5421/4504 4503/5419/4502 4495/5410/4488
f 4497/5661/4490 4505/5658/4505 4504/5421/4504 4496/5411/4489
f 4505/5422/4505 4497/5412/4490 4498/5414/4491 4506/5424/4506
f 4499/5413/4492 4507/5423/4507 4506/5424/4506 4498/5414/4491
f 4507/5423/4507 4499/5413/4492 4500/5415/4493 4508/5425/4508
f 4508/5656/4508 4500/5660/4493 4501/5461/4487 4509/5462/4509
f 4494/5409/4486 4502/5420/4503 4509/5462/4509 4501/5461/4487
f 4503/5419/4502 4488/5426/4497 4486/5427/4499 4502/5420/4503
f 4504/5421/4504 4489/5428/4494 4488/5426/4497 4503/5419/4502
f 4505/5658/4505 4490/5416/4495 4489/5428/4494 4504/5421/4504
f 4490/5659/4495 4505/5422/4505 4506/5424/4506 4491/5417/4496
f 4507/5423/4507 4492/5662/4498 4491/5417/4496 4506/5424/4506
f 4492/5662/4498 4507/5423/4507 4508/5425/4508 4493/5429/4500
f 4493/5657/4500 4508/5656/4508 4509/5462/4509 4487/5463/4501
f 4502/5420/4503 4486/5427/4499 4487/5463/4501 4509/5462/4509
f 4510/5430/4510 4455/5381/4454 4454/5454/4455 4511/5453/4511
f 4456/5382/4456 4455/5381/4454 4510/5430/4510 4512/5431/4512
f 4513/5432/4513 4457/5383/4457 4456/5382/4456 4512/5431/4512
f 4514/5433/4514 4458/5384/4458 4457/5383/4457 4513/5432/4513
f 4458/5655/4458 4514/5653/4514 4515/5434/4515 4459/5385/4459
f 4460/5386/4460 4459/5385/4459 4515/5434/4515 4516/5435/4516
f 4460/5386/4460 4516/5435/4516 4517/5436/4517 4461/5387/4461
f 4461/5654/4461 4517/5652/4517 4511/5453/4511 4454/5454/4455
f 4518/5437/4518 4510/5430/4510 4511/5453/4511 4525/5451/4519
f 4512/5431/4512 4510/5430/4510 4518/5437/4518 4519/5438/4520
f 4520/5439/4521 4513/5432/4513 4512/5431/4512 4519/5438/4520
f 4521/5650/4522 4514/5433/4514 4513/5432/4513 4520/5439/4521
f 4514/5653/4514 4521/5440/4522 4522/5441/4523 4515/5434/4515
f 4516/5435/4516 4515/5434/4515 4522/5441/4523 4523/5442/4524
f 4516/5435/4516 4523/5442/4524 4524/5443/4525 4517/5436/4517
f 4517/5652/4517 4524/5648/4525 4525/5451/4519 4511/5453/4511
f 4519/5438/4520 4518/5437/4518 4526/5444/4526 4527/5445/4527
f 4527/5445/4527 4528/5446/4528 4520/5439/4521 4519/5438/4520
f 4528/5446/4528 4529/5447/4529 4521/5650/4522 4520/5439/4521
f 4521/5440/4522 4529/5651/4529 4530/5448/4530 4522/5441/4523
f 4523/5442/4524 4522/5441/4523 4530/5448/4530 4531/5449/4531
f 4523/5442/4524 4531/5449/4531 4532/5450/4532 4524/5443/4525
f 4524/5648/4525 4532/5649/4532 4533/5452/4533 4525/5451/4519
f 4533/5452/4533 4526/5444/4526 4518/5437/4518 4525/5451/4519
s 6
f 4543/5464/4534 4534/5465/4535 4535/5469/4536 4542/5468/4537
f 4536/5466/4538 4544/5467/4539 4542/5468/4537 4535/5469/4536
f 4544/5467/4539 4536/5466/4538 4537/5471/4540 4545/5470/4541
f 4545/5470/4541 4537/5471/4540 4538/5513/4542 4546/5709/4543
f 4538/5711/4542 4539/5472/4544 4547/5473/4545 4546/5514/4543
f 4540/5474/4546 4548/5475/4547 4547/5473/4545 4539/5472/4544
f 4540/5474/4546 4541/5476/4548 4549/5477/4549 4548/5475/4547
f 4541/5710/4548 4534/5465/4535 4543/5464/4534 4549/5708/4549
f 4551/5478/4550 4543/5464/4534 4542/5468/4537 4550/5480/4551
f 4544/5467/4539 4552/5479/4552 4550/5480/4551 4542/5468/4537
f 4552/5479/4552 4544/5467/4539 4545/5470/4541 4553/5481/4553
f 4553/5481/4553 4545/5470/4541 4546/5709/4543 4554/5707/4554
f 4547/5473/4545 4555/5482/4555 4554/5515/4554 4546/5514/4543
f 4548/5475/4547 4556/5483/4556 4555/5482/4555 4547/5473/4545
f 4549/5477/4549 4557/5484/4557 4556/5483/4556 4548/5475/4547
f 4543/5464/4534 4551/5478/4550 4557/5706/4557 4549/5708/4549
f 4559/5485/4558 4551/5478/4550 4550/5480/4551 4558/5487/4559
f 4552/5479/4552 4560/5486/4560 4558/5487/4559 4550/5480/4551
f 4560/5486/4560 4552/5479/4552 4553/5481/4553 4561/5488/4561
f 4561/5488/4561 4553/5481/4553 4554/5707/4554 4562/5705/4562
f 4555/5482/4555 4563/5489/4563 4562/5516/4562 4554/5515/4554
f 4556/5483/4556 4564/5490/4564 4563/5489/4563 4555/5482/4555
f 4557/5484/4557 4565/5491/4565 4564/5490/4564 4556/5483/4556
f 4551/5478/4550 4559/5485/4558 4565/5704/4565 4557/5706/4557
f 4581/5492/4566 4559/5485/4558 4558/5487/4559 4574/5494/4567
f 4560/5486/4560 4575/5493/4568 4574/5494/4567 4558/5487/4559
f 4575/5493/4568 4560/5486/4560 4561/5488/4561 4576/5495/4569
f 4576/5495/4569 4561/5488/4561 4562/5705/4562 4577/5517/4570
f 4563/5489/4563 4578/5496/4571 4577/5703/4570 4562/5516/4562
f 4564/5490/4564 4579/5497/4572 4578/5496/4571 4563/5489/4563
f 4565/5491/4565 4580/5702/4573 4579/5497/4572 4564/5490/4564
f 4559/5485/4558 4581/5492/4566 4580/5498/4573 4565/5704/4565
f 4571/5510/4574 4568/5499/4575 4569/5509/4576 4570/5699/4577
f 4566/5500/4578 4568/5499/4575 4571/5510/4574 4572/5697/4579
f 4573/5512/4580 4567/5501/4581 4566/5500/4578 4572/5697/4579
f 4575/5493/4568 4583/5502/4582 4582/5503/4583 4574/5494/4567
f 4583/5502/4582 4575/5493/4568 4576/5495/4569 4584/5504/4584
f 4584/5504/4584 4576/5495/4569 4577/5517/4570 4585/5518/4585
f 4578/5496/4571 4586/5505/4586 4585/5701/4585 4577/5703/4570
f 4579/5497/4572 4587/5506/4587 4586/5505/4586 4578/5496/4571
f 4580/5702/4573 4588/5700/4588 4587/5506/4587 4579/5497/4572
f 4581/5492/4566 4589/5508/4589 4588/5507/4588 4580/5498/4573
f 4589/5508/4589 4581/5492/4566 4574/5494/4567 4582/5503/4583
f 4583/5502/4582 4568/5499/4575 4566/5500/4578 4582/5503/4583
f 4568/5499/4575 4583/5502/4582 4584/5504/4584 4569/5509/4576
f 4569/5509/4576 4584/5504/4584 4585/5518/4585 4570/5699/4577
f 4586/5505/4586 4571/5698/4574 4570/5519/4577 4585/5701/4585
f 4587/5506/4587 4572/5511/4579 4571/5698/4574 4586/5505/4586
f 4588/5700/4588 4573/5696/4580 4572/5511/4579 4587/5506/4587
f 4589/5508/4589 4567/5501/4581 4573/5512/4580 4588/5507/4588
f 4567/5501/4581 4589/5508/4589 4582/5503/4583 4566/5500/4578
s 8
f 4654/5520/4590 4591/5521/4591 4590/5585/4592 4661/5583/4593
f 4591/5521/4591 4654/5520/4590 4655/5522/4594 4592/5523/4595
f 4656/5524/4596 4593/5525/4597 4592/5523/4595 4655/5522/4594
f 4657/5678/4598 4594/5527/4599 4593/5525/4597 4656/5524/4596
f 4594/5695/4599 4657/5526/4598 4658/5529/4600 4595/5528/4601
f 4595/5528/4601 4658/5529/4600 4659/5530/4602 4596/5531/4603
f 4596/5531/4603 4659/5530/4602 4660/5533/4604 4597/5694/4605
f 4597/5532/4605 4660/5676/4604 4661/5583/4593 4590/5585/4592
f 4591/5521/4591 4606/5534/4606 4607/5586/4607 4590/5585/4592
f 4592/5523/4595 4608/5535/4608 4606/5534/4606 4591/5521/4591
f 4593/5525/4597 4609/5536/4609 4608/5535/4608 4592/5523/4595
f 4594/5527/4599 4610/5537/4610 4609/5536/4609 4593/5525/4597
f 4610/5693/4610 4594/5695/4599 4595/5528/4601 4611/5539/4611
f 4596/5531/4603 4612/5538/4612 4611/5539/4611 4595/5528/4601
f 4612/5538/4612 4596/5531/4603 4597/5694/4605 4613/5692/4613
f 4613/5540/4613 4597/5532/4605 4590/5585/4592 4607/5586/4607
f 4606/5534/4606 4614/5541/4614 4615/5587/4615 4607/5586/4607
f 4608/5535/4608 4616/5542/4616 4614/5541/4614 4606/5534/4606
f 4609/5536/4609 4617/5543/4617 4616/5542/4616 4608/5535/4608
f 4610/5537/4610 4618/5544/4618 4617/5543/4617 4609/5536/4609
f 4618/5691/4618 4610/5693/4610 4611/5539/4611 4619/5546/4619
f 4612/5538/4612 4620/5545/4620 4619/5546/4619 4611/5539/4611
f 4620/5545/4620 4612/5538/4612 4613/5692/4613 4621/5690/4621
f 4621/5547/4621 4613/5540/4613 4607/5586/4607 4615/5587/4615
f 4614/5541/4614 4622/5548/4622 4623/5588/4623 4615/5587/4615
f 4616/5542/4616 4624/5549/4624 4622/5548/4622 4614/5541/4614
f 4617/5543/4617 4625/5550/4625 4624/5549/4624 4616/5542/4616
f 4618/5544/4618 4626/5551/4626 4625/5550/4625 4617/5543/4617
f 4626/5689/4626 4618/5691/4618 4619/5546/4619 4627/5553/4627
f 4620/5545/4620 4628/5552/4628 4627/5553/4627 4619/5546/4619
f 4628/5552/4628 4620/5545/4620 4621/5690/4621 4629/5688/4629
f 4629/5554/4629 4621/5547/4621 4615/5587/4615 4623/5588/4623
f 4622/5548/4622 4638/5555/4630 4645/5589/4631 4623/5588/4623
f 4624/5549/4624 4639/5556/4632 4638/5555/4630 4622/5548/4622
f 4625/5550/4625 4640/5557/4633 4639/5556/4632 4624/5549/4624
f 4626/5551/4626 4641/5685/4634 4640/5557/4633 4625/5550/4625
f 4641/5558/4634 4626/5689/4626 4627/5553/4627 4642/5560/4635
f 4628/5552/4628 4643/5559/4636 4642/5560/4635 4627/5553/4627
f 4643/5559/4636 4628/5552/4628 4629/5688/4629 4644/5561/4637
f 4644/5684/4637 4629/5554/4629 4623/5588/4623 4645/5589/4631
f 4633/5574/4638 4634/5562/4639 4635/5687/4640 4632/5572/4641
f 4635/5687/4640 4636/5564/4642 4630/5573/4643 4632/5572/4641
f 4630/5573/4643 4636/5564/4642 4637/5681/4644 4631/5591/4645
f 4639/5556/4632 4647/5565/4646 4646/5566/4647 4638/5555/4630
f 4640/5557/4633 4648/5567/4648 4647/5565/4646 4639/5556/4632
f 4641/5685/4634 4649/5682/4649 4648/5567/4648 4640/5557/4633
f 4649/5568/4649 4641/5558/4634 4642/5560/4635 4650/5570/4650
f 4643/5559/4636 4651/5569/4651 4650/5570/4650 4642/5560/4635
f 4651/5569/4651 4643/5559/4636 4644/5561/4637 4652/5571/4652
f 4652/5680/4652 4644/5684/4637 4645/5589/4631 4653/5590/4653
f 4638/5555/4630 4646/5566/4647 4653/5590/4653 4645/5589/4631
f 4647/5565/4646 4632/5572/4641 4630/5573/4643 4646/5566/4647
f 4648/5567/4648 4633/5574/4638 4632/5572/4641 4647/5565/4646
f 4649/5682/4649 4634/5562/4639 4633/5574/4638 4648/5567/4648
f 4634/5683/4639 4649/5568/4649 4650/5570/4650 4635/5563/4640
f 4651/5569/4651 4636/5686/4642 4635/5563/4640 4650/5570/4650
f 4636/5686/4642 4651/5569/4651 4652/5571/4652 4637/5575/4644
f 4637/5681/4644 4652/5680/4652 4653/5590/4653 4631/5591/4645
f 4646/5566/4647 4630/5573/4643 4631/5591/4645 4653/5590/4653
f 4655/5522/4594 4654/5520/4590 4599/5576/4654 4600/5577/4655
f 4600/5577/4655 4601/5578/4656 4656/5524/4596 4655/5522/4594
f 4601/5578/4656 4602/5579/4657 4657/5678/4598 4656/5524/4596
f 4657/5526/4598 4602/5679/4657 4603/5580/4658 4658/5529/4600
f 4659/5530/4602 4658/5529/4600 4603/5580/4658 4604/5581/4659
f 4659/5530/4602 4604/5581/4659 4605/5582/4660 4660/5533/4604
f 4660/5676/4604 4605/5677/4660 4598/5584/4661 4661/5583/4593
f 4598/5584/4661 4599/5576/4654 4654/5520/4590 4661/5583/4593
s 10
f 4662/5712/4662 4670/5715/4663 4671/5714/4664 4663/5713/4665
f 4663/5713/4665 4671/5714/4664 4672/5717/4666 4664/5716/4667
f 4664/5716/4667 4672/5717/4666 4673/5719/4668 4665/5718/4669
f 4665/5718/4669 4673/5719/4668 4674/5721/4670 4666/5720/4671
f 4674/5722/4670 4675/5725/4672 4667/5724/4673 4666/5723/4671
f 4667/5724/4673 4675/5725/4672 4676/5727/4674 4668/5726/4675
f 4676/5727/4674 4677/5729/4676 4669/5728/4677 4668/5726/4675
f 4677/5730/4676 4670/5715/4663 4662/5712/4662 4669/5731/4677
f 4671/5714/4664 4670/5715/4663 4678/5733/4678 4679/5732/4679
f 4671/5714/4664 4679/5732/4679 4680/5734/4680 4672/5717/4666
f 4673/5719/4668 4672/5717/4666 4680/5734/4680 4681/5735/4681
f 4674/5721/4670 4673/5719/4668 4681/5735/4681 4682/5736/4682
f 4682/5737/4682 4683/5738/4683 4675/5725/4672 4674/5722/4670
f 4675/5725/4672 4683/5738/4683 4684/5739/4684 4676/5727/4674
f 4684/5739/4684 4685/5740/4685 4677/5729/4676 4676/5727/4674
f 4685/5741/4685 4678/5733/4678 4670/5715/4663 4677/5730/4676
f 4679/5732/4679 4678/5733/4678 4686/5743/4686 4687/5742/4687
f 4679/5732/4679 4687/5742/4687 4688/5744/4688 4680/5734/4680
f 4681/5735/4681 4680/5734/4680 4688/5744/4688 4689/5745/4689
f 4682/5736/4682 4681/5735/4681 4689/5745/4689 4690/5746/4690
f 4690/5747/4690 4691/5748/4691 4683/5738/4683 4682/5737/4682
f 4683/5738/4683 4691/5748/4691 4692/5749/4692 4684/5739/4684
f 4692/5749/4692 4693/5750/4693 4685/5740/4685 4684/5739/4684
f 4693/5751/4693 4686/5743/4686 4678/5733/4678 4685/5741/4685
f 4687/5742/4687 4686/5743/4686 4694/5753/4694 4695/5752/4695
f 4687/5742/4687 4695/5752/4695 4696/5754/4696 4688/5744/4688
f 4689/5745/4689 4688/5744/4688 4696/5754/4696 4697/5755/4697
f 4690/5746/4690 4689/5745/4689 4697/5755/4697 4698/5756/4698
f 4698/5757/4698 4699/5758/4699 4691/5748/4691 4690/5747/4690
f 4691/5748/4691 4699/5758/4699 4700/5759/4700 4692/5749/4692
f 4700/5759/4700 4701/5760/4701 4693/5750/4693 4692/5749/4692
f 4701/5761/4701 4694/5753/4694 4686/5743/4686 4693/5751/4693
f 4695/5752/4695 4694/5753/4694 4702/5763/4702 4703/5762/4703
f 4695/5752/4695 4703/5762/4703 4704/5764/4704 4696/5754/4696
f 4697/5755/4697 4696/5754/4696 4704/5764/4704 4705/5765/4705
f 4698/5756/4698 4697/5755/4697 4705/5765/4705 4706/5766/4706
f 4706/5767/4706 4707/5768/4707 4699/5758/4699 4698/5757/4698
f 4699/5758/4699 4707/5768/4707 4708/5769/4708 4700/5759/4700
f 4708/5769/4708 4709/5770/4709 4701/5760/4701 4700/5759/4700
f 4709/5771/4709 4702/5763/4702 4694/5753/4694 4701/5761/4701
f 4703/5762/4703 4702/5763/4702 4710/5773/4710 4711/5772/4711
f 4703/5762/4703 4711/5772/4711 4712/5774/4712 4704/5764/4704
f 4705/5765/4705 4704/5764/4704 4712/5774/4712 4713/5775/4713
f 4706/5766/4706 4705/5765/4705 4713/5775/4713 4714/5776/4714
f 4714/5777/4714 4715/5778/4715 4707/5768/4707 4706/5767/4706
f 4707/5768/4707 4715/5778/4715 4716/5779/4716 4708/5769/4708
f 4716/5779/4716 4717/5780/4717 4709/5770/4709 4708/5769/4708
f 4717/5781/4717 4710/5773/4710 4702/5763/4702 4709/5771/4709
f 4711/5772/4711 4710/5773/4710 4718/5783/4718 4719/5782/4719
f 4711/5772/4711 4719/5782/4719 4720/5784/4720 4712/5774/4712
f 4713/5775/4713 4712/5774/4712 4720/5784/4720 4721/5785/4721
f 4714/5776/4714 4713/5775/4713 4721/5785/4721 4722/5786/4722
f 4722/5787/4722 4723/5788/4723 4715/5778/4715 4714/5777/4714
f 4715/5778/4715 4723/5788/4723 4724/5789/4724 4716/5779/4716
f 4724/5789/4724 4725/5790/4725 4717/5780/4717 4716/5779/4716
f 4725/5791/4725 4718/5783/4718 4710/5773/4710 4717/5781/4717
f 4719/5782/4719 4718/5783/4718 4726/5793/4726 4727/5792/4727
f 4719/5782/4719 4727/5792/4727 4728/5794/4728 4720/5784/4720
f 4721/5785/4721 4720/5784/4720 4728/5794/4728 4729/5795/4729
f 4722/5786/4722 4721/5785/4721 4729/5795/4729 4730/5796/4730
f 4730/5797/4730 4731/5798/4731 4723/5788/4723 4722/5787/4722
f 4723/5788/4723 4731/5798/4731 4732/5799/4732 4724/5789/4724
f 4732/5799/4732 4733/5800/4733 4725/5790/4725 4724/5789/4724
f 4733/5801/4733 4726/5793/4726 4718/5783/4718 4725/5791/4725
f 4727/5792/4727 4726/5793/4726 4734/5803/4734 4735/5802/4735
f 4727/5792/4727 4735/5802/4735 4736/5804/4736 4728/5794/4728
f 4729/5795/4729 4728/5794/4728 4736/5804/4736 4737/5805/4737
f 4730/5796/4730 4729/5795/4729 4737/5805/4737 4738/5806/4738
f 4738/5807/4738 4739/5808/4739 4731/5798/4731 4730/5797/4730
f 4731/5798/4731 4739/5808/4739 4740/5809/4740 4732/5799/4732
f 4740/5809/4740 4741/5810/4741 4733/5800/4733 4732/5799/4732
f 4741/5811/4741 4734/5803/4734 4726/5793/4726 4733/5801/4733
f 4735/5802/4735 4734/5803/4734 4742/5813/4742 4743/5812/4743
f 4735/5802/4735 4743/5812/4743 4744/5814/4744 4736/5804/4736
f 4737/5805/4737 4736/5804/4736 4744/5814/4744 4745/5815/4745
f 4738/5806/4738 4737/5805/4737 4745/5815/4745 4746/5816/4746
f 4746/5817/4746 4747/5818/4747 4739/5808/4739 4738/5807/4738
f 4739/5808/4739 4747/5818/4747 4748/5819/4748 4740/5809/4740
f 4748/5819/4748 4749/5820/4749 4741/5810/4741 4740/5809/4740
f 4749/5821/4749 4742/5813/4742 4734/5803/4734 4741/5811/4741
f 4743/5812/4743 4742/5813/4742 4750/5823/4750 4751/5822/4751
f 4743/5812/4743 4751/5822/4751 4752/5824/4752 4744/5814/4744
f 4745/5815/4745 4744/5814/4744 4752/5824/4752 4753/5825/4753
f 4746/5816/4746 4745/5815/4745 4753/5825/4753 4754/5826/4754
f 4754/5827/4754 4755/5828/4755 4747/5818/4747 4746/5817/4746
f 4747/5818/4747 4755/5828/4755 4756/5829/4756 4748/5819/4748
f 4756/5829/4756 4757/5830/4757 4749/5820/4749 4748/5819/4748
f 4757/5831/4757 4750/5823/4750 4742/5813/4742 4749/5821/4749
f 4751/5822/4751 4750/5823/4750 4758/5833/4758 4759/5832/4759
f 4751/5822/4751 4759/5832/4759 4760/5834/4760 4752/5824/4752
f 4753/5825/4753 4752/5824/4752 4760/5834/4760 4761/5835/4761
f 4754/5826/4754 4753/5825/4753 4761/5835/4761 4762/5836/4762
f 4762/5837/4762 4763/5838/4763 4755/5828/4755 4754/5827/4754
f 4755/5828/4755 4763/5838/4763 4764/5839/4764 4756/5829/4756
f 4764/5839/4764 4765/5840/4765 4757/5830/4757 4756/5829/4756
f 4765/5841/4765 4758/5833/4758 4750/5823/4750 4757/5831/4757
f 4759/5832/4759 4758/5833/4758 4766/5843/4766 4767/5842/4767
f 4759/5832/4759 4767/5842/4767 4768/5844/4768 4760/5834/4760
f 4761/5835/4761 4760/5834/4760 4768/5844/4768 4769/5845/4769
f 4762/5836/4762 4761/5835/4761 4769/5845/4769 4770/5846/4770
f 4770/5847/4770 4771/5848/4771 4763/5838/4763 4762/5837/4762
f 4763/5838/4763 4771/5848/4771 4772/5849/4772 4764/5839/4764
f 4772/5849/4772 4773/5850/4773 4765/5840/4765 4764/5839/4764
f 4773/5851/4773 4766/5843/4766 4758/5833/4758 4765/5841/4765
f 4767/5842/4767 4766/5843/4766 4774/5853/4774 4775/5852/4775
f 4767/5842/4767 4775/5852/4775 4776/5854/4776 4768/5844/4768
f 4769/5845/4769 4768/5844/4768 4776/5854/4776 4777/5855/4777
f 4770/5846/4770 4769/5845/4769 4777/5855/4777 4778/5856/4778
f 4778/5857/4778 4779/5858/4779 4771/5848/4771 4770/5847/4770
f 4771/5848/4771 4779/5858/4779 4780/5859/4780 4772/5849/4772
f 4780/5859/4780 4781/5860/4781 4773/5850/4773 4772/5849/4772
f 4781/5861/4781 4774/5853/4774 4766/5843/4766 4773/5851/4773
f 4775/5852/4775 4774/5853/4774 4782/5863/4782 4783/5862/4783
f 4775/5852/4775 4783/5862/4783 4784/5864/4784 4776/5854/4776
f 4777/5855/4777 4776/5854/4776 4784/5864/4784 4785/5865/4785
f 4778/5856/4778 4777/5855/4777 4785/5865/4785 4786/5866/4786
f 4786/5867/4786 4787/5868/4787 4779/5858/4779 4778/5857/4778
f 4779/5858/4779 4787/5868/4787 4788/5869/4788 4780/5859/4780
f 4788/5869/4788 4789/5870/4789 4781/5860/4781 4780/5859/4780
f 4789/5871/4789 4782/5863/4782 4774/5853/4774 4781/5861/4781
f 4800/5872/4790 4801/5875/4791 4802/5874/4792 4799/5873/4793
f 4799/5873/4793 4802/5874/4792 4803/5877/4794 4798/5876/4795
f 4783/5862/4783 4782/5863/4782 4801/5875/4791 4800/5872/4790
f 4783/5862/4783 4800/5872/4790 4819/5878/4796 4784/5864/4784
f 4785/5865/4785 4784/5864/4784 4819/5878/4796 4816/5879/4797
f 4786/5866/4786 4785/5865/4785 4816/5879/4797 4813/5880/4798
f 4813/5881/4798 4810/5882/4799 4787/5868/4787 4786/5867/4786
f 4787/5868/4787 4810/5882/4799 4807/5883/4800 4788/5869/4788
f 4807/5883/4800 4804/5884/4801 4789/5870/4789 4788/5869/4788
f 4804/5885/4801 4801/5875/4791 4782/5863/4782 4789/5871/4789
f 4798/5876/4795 4803/5877/4794 4791/5887/4802 4790/5886/4803
f 4797/5888/4804 4791/5887/4802 4803/5877/4794 4806/5889/4805
f 4796/5890/4806 4797/5893/4804 4806/5892/4805 4809/5891/4807
f 4812/5894/4808 4795/5895/4809 4796/5890/4806 4809/5891/4807
f 4794/5896/4810 4795/5895/4809 4812/5894/4808 4815/5897/4811
f 4815/5898/4811 4818/5901/4812 4793/5900/4813 4794/5899/4810
f 4818/5901/4812 4821/5903/4814 4792/5902/4815 4793/5900/4813
f 4798/5876/4795 4790/5886/4803 4792/5902/4815 4821/5903/4814
f 4805/5904/4816 4802/5874/4792 4801/5875/4791 4804/5885/4801
f 4806/5889/4805 4803/5877/4794 4802/5874/4792 4805/5904/4816
f 4808/5905/4817 4805/5906/4816 4804/5884/4801 4807/5883/4800
f 4809/5891/4807 4806/5892/4805 4805/5906/4816 4808/5905/4817
f 4807/5883/4800 4810/5882/4799 4811/5907/4818 4808/5905/4817
f 4808/5905/4817 4811/5907/4818 4812/5894/4808 4809/5891/4807
f 4814/5908/4819 4811/5907/4818 4810/5882/4799 4813/5881/4798
f 4815/5897/4811 4812/5894/4808 4811/5907/4818 4814/5908/4819
f 4813/5880/4798 4816/5879/4797 4817/5910/4820 4814/5909/4819
f 4814/5909/4819 4817/5910/4820 4818/5901/4812 4815/5898/4811
f 4816/5879/4797 4819/5878/4796 4820/5911/4821 4817/5910/4820
f 4817/5910/4820 4820/5911/4821 4821/5903/4814 4818/5901/4812
f 4798/5876/4795 4821/5903/4814 4820/5911/4821 4799/5873/4793
f 4799/5873/4793 4820/5911/4821 4819/5878/4796 4800/5872/4790
f 4796/5912/4806 4790/5886/4803 4791/5887/4802 4797/5888/4804
f 4795/5913/4809 4792/5902/4815 4790/5886/4803 4796/5912/4806
f 4794/5899/4810 4793/5900/4813 4792/5902/4815 4795/5913/4809
f 4822/5914/4822 4823/5915/4823 4662/5712/4662 4663/5713/4665
f 4664/5716/4667 4824/5916/4824 4822/5914/4822 4663/5713/4665
f 4825/5917/4825 4824/5916/4824 4664/5716/4667 4665/5718/4669
f 4826/5918/4826 4825/5917/4825 4665/5718/4669 4666/5720/4671
f 4666/5723/4671 4667/5724/4673 4827/5920/4827 4826/5919/4826
f 4668/5726/4675 4828/5921/4828 4827/5920/4827 4667/5724/4673
f 4668/5726/4675 4669/5728/4677 4829/5922/4829 4828/5921/4828
f 4669/5731/4677 4662/5712/4662 4823/5915/4823 4829/5923/4829
f 4830/5924/4830 4831/5925/4831 4823/5915/4823 4822/5914/4822
f 4824/5916/4824 4832/5926/4832 4830/5924/4830 4822/5914/4822
f 4833/5927/4833 4832/5926/4832 4824/5916/4824 4825/5917/4825
f 4834/5928/4834 4833/5927/4833 4825/5917/4825 4826/5918/4826
f 4826/5919/4826 4827/5920/4827 4835/5930/4835 4834/5929/4834
f 4828/5921/4828 4836/5931/4836 4835/5930/4835 4827/5920/4827
f 4828/5921/4828 4829/5922/4829 4837/5932/4837 4836/5931/4836
f 4829/5923/4829 4823/5915/4823 4831/5925/4831 4837/5933/4837
f 4838/5934/4838 4839/5935/4839 4831/5925/4831 4830/5924/4830
f 4832/5926/4832 4840/5936/4840 4838/5934/4838 4830/5924/4830
f 4841/5937/4841 4840/5936/4840 4832/5926/4832 4833/5927/4833
f 4842/5938/4842 4841/5937/4841 4833/5927/4833 4834/5928/4834
f 4834/5929/4834 4835/5930/4835 4843/5940/4843 4842/5939/4842
f 4836/5931/4836 4844/5941/4844 4843/5940/4843 4835/5930/4835
f 4836/5931/4836 4837/5932/4837 4845/5942/4845 4844/5941/4844
f 4837/5933/4837 4831/5925/4831 4839/5935/4839 4845/5943/4845
f 4854/5944/4846 4861/5945/4847 4839/5935/4839 4838/5934/4838
f 4840/5936/4840 4855/5946/4848 4854/5944/4846 4838/5934/4838
f 4856/5947/4849 4855/5946/4848 4840/5936/4840 4841/5937/4841
f 4857/5948/4850 4856/5947/4849 4841/5937/4841 4842/5938/4842
f 4842/5939/4842 4843/5940/4843 4858/5950/4851 4857/5949/4850
f 4844/5941/4844 4859/5951/4852 4858/5950/4851 4843/5940/4843
f 4844/5941/4844 4845/5942/4845 4860/5952/4853 4859/5951/4852
f 4845/5943/4845 4839/5935/4839 4861/5945/4847 4860/5953/4853
f 4848/5954/4854 4849/5957/4855 4850/5956/4856 4851/5955/4857
f 4852/5958/4858 4846/5959/4859 4848/5954/4854 4851/5955/4857
f 4847/5960/4860 4846/5959/4859 4852/5958/4858 4853/5961/4861
f 4855/5946/4848 4863/5963/4862 4862/5962/4863 4854/5944/4846
f 4864/5964/4864 4863/5963/4862 4855/5946/4848 4856/5947/4849
f 4865/5965/4865 4864/5964/4864 4856/5947/4849 4857/5948/4850
f 4857/5949/4850 4858/5950/4851 4866/5967/4866 4865/5966/4865
f 4859/5951/4852 4867/5968/4867 4866/5967/4866 4858/5950/4851
f 4859/5951/4852 4860/5952/4853 4868/5969/4868 4867/5968/4867
f 4860/5953/4853 4861/5945/4847 4869/5971/4869 4868/5970/4868
f 4862/5962/4863 4869/5971/4869 4861/5945/4847 4854/5944/4846
f 4863/5963/4862 4848/5954/4854 4846/5959/4859 4862/5962/4863
f 4849/5957/4855 4848/5954/4854 4863/5963/4862 4864/5964/4864
f 4850/5956/4856 4849/5957/4855 4864/5964/4864 4865/5965/4865
f 4865/5966/4865 4866/5967/4866 4851/5973/4857 4850/5972/4856
f 4867/5968/4867 4852/5974/4858 4851/5973/4857 4866/5967/4866
f 4867/5968/4867 4868/5969/4868 4853/5975/4861 4852/5974/4858
f 4868/5970/4868 4869/5971/4869 4847/5960/4860 4853/5961/4861
f 4846/5959/4859 4847/5960/4860 4869/5971/4869 4862/5962/4863
s 12
f 4879/5976/4870 4878/5979/4871 4870/5978/4872 4871/5977/4873
f 4871/5977/4873 4872/5981/4874 4880/5980/4875 4879/5976/4870
f 4881/5982/4876 4880/5980/4875 4872/5981/4874 4873/5983/4877
f 4882/5984/4878 4881/5982/4876 4873/5983/4877 4874/5985/4879
f 4874/5986/4879 4875/5989/4880 4883/5988/4881 4882/5987/4878
f 4875/5989/4880 4876/5991/4882 4884/5990/4883 4883/5988/4881
f 4876/5991/4882 4877/5993/4884 4885/5992/4885 4884/5990/4883
f 4877/5994/4884 4870/5978/4872 4878/5979/4871 4885/5995/4885
f 4887/5996/4886 4886/5997/4887 4878/5979/4871 4879/5976/4870
f 4879/5976/4870 4880/5980/4875 4888/5998/4888 4887/5996/4886
f 4889/5999/4889 4888/5998/4888 4880/5980/4875 4881/5982/4876
f 4890/6000/4890 4889/5999/4889 4881/5982/4876 4882/5984/4878
f 4882/5987/4878 4883/5988/4881 4891/6002/4891 4890/6001/4890
f 4883/5988/4881 4884/5990/4883 4892/6003/4892 4891/6002/4891
f 4884/5990/4883 4885/5992/4885 4893/6004/4893 4892/6003/4892
f 4885/5995/4885 4878/5979/4871 4886/5997/4887 4893/6005/4893
f 4895/6006/4894 4894/6007/4895 4886/5997/4887 4887/5996/4886
f 4887/5996/4886 4888/5998/4888 4896/6008/4896 4895/6006/4894
f 4897/6009/4897 4896/6008/4896 4888/5998/4888 4889/5999/4889
f 4898/6010/4898 4897/6009/4897 4889/5999/4889 4890/6000/4890
f 4890/6001/4890 4891/6002/4891 4899/6012/4899 4898/6011/4898
f 4891/6002/4891 4892/6003/4892 4900/6013/4900 4899/6012/4899
f 4892/6003/4892 4893/6004/4893 4901/6014/4901 4900/6013/4900
f 4893/6005/4893 4886/5997/4887 4894/6007/4895 4901/6015/4901
f 4871/5977/4873 4870/5978/4872 4903/6017/4902 4902/6016/4903
f 4872/5981/4874 4871/5977/4873 4902/6016/4903 4904/6018/4904
f 4873/5983/4877 4872/5981/4874 4904/6018/4904 4905/6019/4905
f 4874/5985/4879 4873/5983/4877 4905/6019/4905 4906/6020/4906
f 4906/6021/4906 4907/6022/4907 4875/5989/4880 4874/5986/4879
f 4876/5991/4882 4875/5989/4880 4907/6022/4907 4908/6023/4908
f 4908/6023/4908 4909/6024/4909 4877/5993/4884 4876/5991/4882
f 4909/6025/4909 4903/6017/4902 4870/5978/4872 4877/5994/4884
f 4902/6016/4903 4903/6017/4902 4911/6027/4910 4910/6026/4911
f 4904/6018/4904 4902/6016/4903 4910/6026/4911 4912/6028/4912
f 4905/6019/4905 4904/6018/4904 4912/6028/4912 4913/6029/4913
f 4906/6020/4906 4905/6019/4905 4913/6029/4913 4914/6030/4914
f 4914/6031/4914 4915/6032/4915 4907/6022/4907 4906/6021/4906
f 4908/6023/4908 4907/6022/4907 4915/6032/4915 4916/6033/4916
f 4916/6033/4916 4917/6034/4917 4909/6024/4909 4908/6023/4908
f 4917/6035/4917 4911/6027/4910 4903/6017/4902 4909/6025/4909
f 4910/6026/4911 4911/6027/4910 4919/6037/4918 4918/6036/4919
f 4912/6028/4912 4910/6026/4911 4918/6036/4919 4920/6038/4920
f 4913/6029/4913 4912/6028/4912 4920/6038/4920 4921/6039/4921
f 4914/6030/4914 4913/6029/4913 4921/6039/4921 4922/6040/4922
f 4922/6041/4922 4923/6042/4923 4915/6032/4915 4914/6031/4914
f 4916/6033/4916 4915/6032/4915 4923/6042/4923 4924/6043/4924
f 4924/6043/4924 4925/6044/4925 4917/6034/4917 4916/6033/4916
f 4925/6045/4925 4919/6037/4918 4911/6027/4910 4917/6035/4917
f 4918/6036/4919 4919/6037/4918 4941/6047/4926 4934/6046/4927
f 4920/6038/4920 4918/6036/4919 4934/6046/4927 4935/6048/4928
f 4921/6039/4921 4920/6038/4920 4935/6048/4928 4936/6049/4929
f 4922/6040/4922 4921/6039/4921 4936/6049/4929 4937/6050/4930
f 4937/6051/4930 4938/6052/4931 4923/6042/4923 4922/6041/4922
f 4924/6043/4924 4923/6042/4923 4938/6052/4931 4939/6053/4932
f 4939/6053/4932 4940/6054/4933 4925/6044/4925 4924/6043/4924
f 4940/6055/4933 4941/6047/4926 4919/6037/4918 4925/6045/4925
f 4929/6056/4934 4928/6059/4935 4931/6058/4936 4930/6057/4937
f 4931/6058/4936 4928/6059/4935 4926/6061/4938 4932/6060/4939
f 4926/6061/4938 4927/6063/4940 4933/6062/4941 4932/6060/4939
f 4935/6048/4928 4934/6046/4927 4942/6065/4942 4943/6064/4943
f 4936/6049/4929 4935/6048/4928 4943/6064/4943 4944/6066/4944
f 4937/6050/4930 4936/6049/4929 4944/6066/4944 4945/6067/4945
f 4945/6068/4945 4946/6069/4946 4938/6052/4931 4937/6051/4930
f 4939/6053/4932 4938/6052/4931 4946/6069/4946 4947/6070/4947
f 4947/6070/4947 4948/6071/4948 4940/6054/4933 4939/6053/4932
f 4948/6072/4948 4949/6073/4949 4941/6047/4926 4940/6055/4933
f 4934/6046/4927 4941/6047/4926 4949/6073/4949 4942/6065/4942
f 4943/6064/4943 4942/6065/4942 4926/6061/4938 4928/6059/4935
f 4944/6066/4944 4943/6064/4943 4928/6059/4935 4929/6056/4934
f 4945/6067/4945 4944/6066/4944 4929/6056/4934 4930/6057/4937
f 4930/6074/4937 4931/6075/4936 4946/6069/4946 4945/6068/4945
f 4947/6070/4947 4946/6069/4946 4931/6075/4936 4932/6076/4939
f 4932/6076/4939 4933/6077/4941 4948/6071/4948 4947/6070/4947
f 4933/6062/4941 4927/6063/4940 4949/6073/4949 4948/6072/4948
f 4942/6065/4942 4949/6073/4949 4927/6063/4940 4926/6061/4938
f 4950/6078/4950 4951/6079/4951 4894/6007/4895 4895/6006/4894
f 4896/6008/4896 4952/6080/4952 4950/6078/4950 4895/6006/4894
f 4953/6081/4953 4952/6080/4952 4896/6008/4896 4897/6009/4897
f 4954/6082/4954 4953/6081/4953 4897/6009/4897 4898/6010/4898
f 4898/6011/4898 4899/6012/4899 4955/6084/4955 4954/6083/4954
f 4900/6013/4900 4956/6085/4956 4955/6084/4955 4899/6012/4899
f 4900/6013/4900 4901/6014/4901 4957/6086/4957 4956/6085/4956
f 4901/6015/4901 4894/6007/4895 4951/6079/4951 4957/6087/4957
f 4958/6088/4958 4965/6089/4959 4951/6079/4951 4950/6078/4950
f 4952/6080/4952 4959/6090/4960 4958/6088/4958 4950/6078/4950
f 4960/6091/4961 4959/6090/4960 4952/6080/4952 4953/6081/4953
f 4961/6092/4962 4960/6091/4961 4953/6081/4953 4954/6082/4954
f 4954/6083/4954 4955/6084/4955 4962/6094/4963 4961/6093/4962
f 4956/6085/4956 4963/6095/4964 4962/6094/4963 4955/6084/4955
f 4956/6085/4956 4957/6086/4957 4964/6096/4965 4963/6095/4964
f 4957/6087/4957 4951/6079/4951 4965/6089/4959 4964/6097/4965
f 4959/6090/4960 4967/6099/4966 4966/6098/4967 4958/6088/4958
f 4967/6099/4966 4959/6090/4960 4960/6091/4961 4968/6100/4968
f 4968/6100/4968 4960/6091/4961 4961/6092/4962 4969/6101/4969
f 4961/6093/4962 4962/6094/4963 4970/6103/4970 4969/6102/4969
f 4963/6095/4964 4971/6104/4971 4970/6103/4970 4962/6094/4963
f 4963/6095/4964 4964/6096/4965 4972/6105/4972 4971/6104/4971
f 4964/6097/4965 4965/6089/4959 4973/6107/4973 4972/6106/4972
f 4973/6107/4973 4965/6089/4959 4958/6088/4958 4966/6098/4967
s 14
f 4983/6108/4974 4982/6111/4975 4975/6110/4976 4974/6109/4977
f 4976/6112/4978 4975/6110/4976 4982/6111/4975 4984/6113/4979
f 4984/6113/4979 4985/6115/4980 4977/6114/4981 4976/6112/4978
f 4985/6115/4980 4986/6117/4982 4978/6116/4983 4977/6114/4981
f 4978/6118/4983 4986/6121/4982 4987/6120/4984 4979/6119/4985
f 4980/6122/4986 4979/6119/4985 4987/6120/4984 4988/6123/4987
f 4980/6122/4986 4988/6123/4987 4989/6125/4988 4981/6124/4989
f 4981/6126/4989 4989/6127/4988 4983/6108/4974 4974/6109/4977
f 4991/6128/4990 4990/6129/4991 4982/6111/4975 4983/6108/4974
f 4984/6113/4979 4982/6111/4975 4990/6129/4991 4992/6130/4992
f 4992/6130/4992 4993/6131/4993 4985/6115/4980 4984/6113/4979
f 4993/6131/4993 4994/6132/4994 4986/6117/4982 4985/6115/4980
f 4987/6120/4984 4986/6121/4982 4994/6134/4994 4995/6133/4995
f 4988/6123/4987 4987/6120/4984 4995/6133/4995 4996/6135/4996
f 4989/6125/4988 4988/6123/4987 4996/6135/4996 4997/6136/4997
f 4983/6108/4974 4989/6127/4988 4997/6137/4997 4991/6128/4990
f 4999/6138/4998 4998/6139/4999 4990/6129/4991 4991/6128/4990
f 4992/6130/4992 4990/6129/4991 4998/6139/4999 5000/6140/5000
f 5000/6140/5000 5001/6141/5001 4993/6131/4993 4992/6130/4992
f 5001/6141/5001 5002/6142/5002 4994/6132/4994 4993/6131/4993
f 4995/6133/4995 4994/6134/4994 5002/6144/5002 5003/6143/5003
f 4996/6135/4996 4995/6133/4995 5003/6143/5003 5004/6145/5004
f 4997/6136/4997 4996/6135/4996 5004/6145/5004 5005/6146/5005
f 4991/6128/4990 4997/6137/4997 5005/6147/5005 4999/6138/4998
f 5021/6148/5006 5014/6149/5007 4998/6139/4999 4999/6138/4998
f 5000/6140/5000 4998/6139/4999 5014/6149/5007 5015/6150/5008
f 5015/6150/5008 5016/6151/5009 5001/6141/5001 5000/6140/5000
f 5016/6151/5009 5017/6152/5010 5002/6142/5002 5001/6141/5001
f 5003/6143/5003 5002/6144/5002 5017/6154/5010 5018/6153/5011
f 5004/6145/5004 5003/6143/5003 5018/6153/5011 5019/6155/5012
f 5005/6146/5005 5004/6145/5004 5019/6155/5012 5020/6156/5013
f 4999/6138/4998 5005/6147/5005 5020/6157/5013 5021/6148/5006
f 5011/6158/5014 5010/6161/5015 5009/6160/5016 5008/6159/5017
f 5006/6162/5018 5012/6163/5019 5011/6158/5014 5008/6159/5017
f 5013/6164/5020 5012/6163/5019 5006/6162/5018 5007/6165/5021
f 5015/6150/5008 5014/6149/5007 5022/6167/5022 5023/6166/5023
f 5023/6166/5023 5024/6168/5024 5016/6151/5009 5015/6150/5008
f 5024/6168/5024 5025/6169/5025 5017/6152/5010 5016/6151/5009
f 5018/6153/5011 5017/6154/5010 5025/6171/5025 5026/6170/5026
f 5019/6155/5012 5018/6153/5011 5026/6170/5026 5027/6172/5027
f 5020/6156/5013 5019/6155/5012 5027/6172/5027 5028/6173/5028
f 5021/6148/5006 5020/6157/5013 5028/6175/5028 5029/6174/5029
f 5029/6174/5029 5022/6167/5022 5014/6149/5007 5021/6148/5006
f 5023/6166/5023 5022/6167/5022 5006/6162/5018 5008/6159/5017
f 5008/6159/5017 5009/6160/5016 5024/6168/5024 5023/6166/5023
f 5009/6160/5016 5010/6161/5015 5025/6169/5025 5024/6168/5024
f 5026/6170/5026 5025/6171/5025 5010/6177/5015 5011/6176/5014
f 5027/6172/5027 5026/6170/5026 5011/6176/5014 5012/6178/5019
f 5028/6173/5028 5027/6172/5027 5012/6178/5019 5013/6179/5020
f 5029/6174/5029 5028/6175/5028 5013/6164/5020 5007/6165/5021
f 5007/6165/5021 5006/6162/5018 5022/6167/5022 5029/6174/5029
s 16
f 5094/6180/5030 5101/6183/5031 5030/6182/5032 5031/6181/5033
f 5031/6181/5033 5032/6185/5034 5095/6184/5035 5094/6180/5030
f 5096/6186/5036 5095/6184/5035 5032/6185/5034 5033/6187/5037
f 5097/6188/5038 5096/6186/5036 5033/6187/5037 5034/6189/5039
f 5034/6190/5039 5035/6193/5040 5098/6192/5041 5097/6191/5038
f 5035/6193/5040 5036/6195/5042 5099/6194/5043 5098/6192/5041
f 5036/6195/5042 5037/6197/5044 5100/6196/5045 5099/6194/5043
f 5037/6198/5044 5030/6182/5032 5101/6183/5031 5100/6199/5045
f 5031/6181/5033 5030/6182/5032 5047/6201/5046 5046/6200/5047
f 5032/6185/5034 5031/6181/5033 5046/6200/5047 5048/6202/5048
f 5033/6187/5037 5032/6185/5034 5048/6202/5048 5049/6203/5049
f 5034/6189/5039 5033/6187/5037 5049/6203/5049 5050/6204/5050
f 5050/6205/5050 5051/6206/5051 5035/6193/5040 5034/6190/5039
f 5036/6195/5042 5035/6193/5040 5051/6206/5051 5052/6207/5052
f 5052/6207/5052 5053/6208/5053 5037/6197/5044 5036/6195/5042
f 5053/6209/5053 5047/6201/5046 5030/6182/5032 5037/6198/5044
f 5046/6200/5047 5047/6201/5046 5055/6211/5054 5054/6210/5055
f 5048/6202/5048 5046/6200/5047 5054/6210/5055 5056/6212/5056
f 5049/6203/5049 5048/6202/5048 5056/6212/5056 5057/6213/5057
f 5050/6204/5050 5049/6203/5049 5057/6213/5057 5058/6214/5058
f 5058/6215/5058 5059/6216/5059 5051/6206/5051 5050/6205/5050
f 5052/6207/5052 5051/6206/5051 5059/6216/5059 5060/6217/5060
f 5060/6217/5060 5061/6218/5061 5053/6208/5053 5052/6207/5052
f 5061/6219/5061 5055/6211/5054 5047/6201/5046 5053/6209/5053
f 5054/6210/5055 5055/6211/5054 5063/6221/5062 5062/6220/5063
f 5056/6212/5056 5054/6210/5055 5062/6220/5063 5064/6222/5064
f 5057/6213/5057 5056/6212/5056 5064/6222/5064 5065/6223/5065
f 5058/6214/5058 5057/6213/5057 5065/6223/5065 5066/6224/5066
f 5066/6225/5066 5067/6226/5067 5059/6216/5059 5058/6215/5058
f 5060/6217/5060 5059/6216/5059 5067/6226/5067 5068/6227/5068
f 5068/6227/5068 5069/6228/5069 5061/6218/5061 5060/6217/5060
f 5069/6229/5069 5063/6221/5062 5055/6211/5054 5061/6219/5061
f 5062/6220/5063 5063/6221/5062 5085/6231/5070 5078/6230/5071
f 5064/6222/5064 5062/6220/5063 5078/6230/5071 5079/6232/5072
f 5065/6223/5065 5064/6222/5064 5079/6232/5072 5080/6233/5073
f 5066/6224/5066 5065/6223/5065 5080/6233/5073 5081/6234/5074
f 5081/6235/5074 5082/6236/5075 5067/6226/5067 5066/6225/5066
f 5068/6227/5068 5067/6226/5067 5082/6236/5075 5083/6237/5076
f 5083/6237/5076 5084/6238/5077 5069/6228/5069 5068/6227/5068
f 5084/6239/5077 5085/6231/5070 5063/6221/5062 5069/6229/5069
f 5073/6240/5078 5072/6243/5079 5075/6242/5080 5074/6241/5081
f 5075/6242/5080 5072/6243/5079 5070/6245/5082 5076/6244/5083
f 5070/6245/5082 5071/6247/5084 5077/6246/5085 5076/6244/5083
f 5079/6232/5072 5078/6230/5071 5086/6249/5086 5087/6248/5087
f 5080/6233/5073 5079/6232/5072 5087/6248/5087 5088/6250/5088
f 5081/6234/5074 5080/6233/5073 5088/6250/5088 5089/6251/5089
f 5089/6252/5089 5090/6253/5090 5082/6236/5075 5081/6235/5074
f 5083/6237/5076 5082/6236/5075 5090/6253/5090 5091/6254/5091
f 5091/6254/5091 5092/6255/5092 5084/6238/5077 5083/6237/5076
f 5092/6256/5092 5093/6257/5093 5085/6231/5070 5084/6239/5077
f 5078/6230/5071 5085/6231/5070 5093/6257/5093 5086/6249/5086
f 5087/6248/5087 5086/6249/5086 5070/6245/5082 5072/6243/5079
f 5088/6250/5088 5087/6248/5087 5072/6243/5079 5073/6240/5078
f 5089/6251/5089 5088/6250/5088 5073/6240/5078 5074/6241/5081
f 5074/6258/5081 5075/6259/5080 5090/6253/5090 5089/6252/5089
f 5091/6254/5091 5090/6253/5090 5075/6259/5080 5076/6260/5083
f 5076/6260/5083 5077/6261/5085 5092/6255/5092 5091/6254/5091
f 5077/6246/5085 5071/6247/5084 5093/6257/5093 5092/6256/5092
f 5086/6249/5086 5093/6257/5093 5071/6247/5084 5070/6245/5082
f 5095/6184/5035 5040/6263/5094 5039/6262/5095 5094/6180/5030
f 5040/6263/5094 5095/6184/5035 5096/6186/5036 5041/6264/5096
f 5041/6264/5096 5096/6186/5036 5097/6188/5038 5042/6265/5097
f 5097/6191/5038 5098/6192/5041 5043/6267/5098 5042/6266/5097
f 5099/6194/5043 5044/6268/5099 5043/6267/5098 5098/6192/5041
f 5099/6194/5043 5100/6196/5045 5045/6269/5100 5044/6268/5099
f 5100/6199/5045 5101/6183/5031 5038/6271/5101 5045/6270/5100
f 5038/6271/5101 5101/6183/5031 5094/6180/5030 5039/6262/5095
g default
v -41.349178 0.670713 1.922622
v -41.349293 0.668773 1.057416
v -44.747681 1.784215 1.866790
v -44.747889 1.783963 1.057416
v -45.415901 1.355944 1.867082
v -45.416007 1.355834 1.057416
v -45.975707 0.778585 1.867285
v -45.975716 0.778585 1.057416
v -42.150131 0.932660 1.057416
v -42.149879 0.933743 1.889662
v -44.070571 1.840617 1.866542
v -43.412155 1.661000 1.867418
v -42.804705 1.301633 1.872943
v -44.071053 1.840193 1.057416
v -43.412757 1.660496 1.057416
v -42.805160 1.300979 1.057416
v -40.110530 0.608967 1.867338
v -40.110530 0.608967 1.057416
v -45.975707 -0.070429 2.313729
v -45.325297 -0.070429 2.313101
v -44.674883 -0.070429 2.312544
v -44.041037 -0.070429 2.312005
v -43.396661 -0.070429 2.313923
v -42.731301 -0.070429 2.324710
v -42.024193 -0.070429 2.356918
v -41.248066 -0.070429 2.422369
v -40.110534 -0.070429 2.313773
v -38.540770 1.400420 1.544715
v -37.724478 0.198002 1.544582
v -37.718148 0.199558 1.057407
v -38.539404 1.401233 1.057407
v -39.064946 1.073040 1.605498
v -38.544572 0.032376 1.673274
v -38.532743 0.031050 1.064666
v -39.062797 1.074773 1.057407
v -38.044714 1.854604 1.545387
v -36.842783 0.568036 1.545387
v -36.842960 0.568523 1.057407
v -38.044661 1.854162 1.057407
v -37.781265 2.477588 1.545387
v -35.998694 1.292270 1.545387
v -35.998809 1.292376 1.057407
v -37.781075 2.476934 1.057407
v -37.739897 3.207892 1.545387
v -35.650343 2.448598 1.545387
v -35.650361 2.448474 1.057407
v -37.739756 3.206464 1.057407
v -38.371537 5.060489 1.545387
v -37.986813 5.205939 1.545387
v -37.986813 5.205939 1.057407
v -38.371537 5.060489 1.057407
v -35.966592 3.704412 1.545387
v -35.966570 3.704359 1.057407
v -37.894087 3.908245 1.057407
v -37.894220 3.910376 1.545413
v -36.800239 4.698902 1.545387
v -36.800244 4.698902 1.057407
v -38.163650 4.586261 1.057407
v -38.164141 4.588971 1.545413
v -39.623270 0.812221 1.724138
v -39.373428 -0.032872 1.943920
v -39.367186 -0.036488 1.067778
v -39.622426 0.813405 1.057416
v -45.975707 -0.070429 1.057416
v -45.325403 -0.070429 1.057513
v -44.675104 -0.070429 1.057601
v -44.041475 -0.070429 1.057690
v -43.397338 -0.070429 1.057372
v -42.732207 -0.070429 1.055577
v -42.025210 -0.070429 1.050131
v -41.249277 -0.070429 1.039123
v -40.110534 -0.070429 1.057416
v -41.349178 -0.811567 1.922622
v -41.349293 -0.809648 1.057416
v -44.747681 -1.925064 1.866790
v -44.747889 -1.924794 1.057416
v -45.415901 -1.496745 1.867082
v -45.416007 -1.496683 1.057416
v -45.975707 -0.919420 1.867285
v -45.975716 -0.919420 1.057416
v -42.150131 -1.073522 1.057416
v -42.149879 -1.074601 1.889662
v -44.070571 -1.981453 1.866542
v -43.412155 -1.801836 1.867418
v -42.804705 -1.442495 1.872943
v -44.071053 -1.981055 1.057416
v -43.412757 -1.801354 1.057416
v -42.805160 -1.441845 1.057416
v -40.110530 -0.749798 1.867338
v -40.110530 -0.749798 1.057416
v -38.540770 -1.541238 1.544715
v -37.724478 -0.338856 1.544582
v -37.718148 -0.340403 1.057407
v -38.539404 -1.542056 1.057407
v -39.064946 -1.213907 1.605498
v -38.544572 -0.173208 1.673274
v -38.532743 -0.171895 1.064666
v -39.062797 -1.215613 1.057407
v -38.044714 -1.995453 1.545387
v -36.842783 -0.708872 1.545387
v -36.842960 -0.709385 1.057407
v -38.044661 -1.994989 1.057407
v -37.781265 -2.618455 1.545387
v -35.998694 -1.433106 1.545387
v -35.998809 -1.433230 1.057407
v -37.781075 -2.617814 1.057407
v -37.739897 -3.348736 1.545387
v -35.650343 -2.589421 1.545387
v -35.650361 -2.589355 1.057407
v -37.739756 -3.347344 1.057407
v -38.371537 -5.201338 1.545387
v -37.986813 -5.346793 1.545387
v -37.986813 -5.346793 1.057407
v -38.371537 -5.201338 1.057407
v -35.966592 -3.845252 1.545387
v -35.966570 -3.845212 1.057407
v -37.894087 -4.049108 1.057407
v -37.894220 -4.051225 1.545413
v -36.800239 -4.839765 1.545387
v -36.800244 -4.839765 1.057407
v -38.163650 -4.727142 1.057407
v -38.164141 -4.729834 1.545413
v -39.623270 -0.953092 1.724138
v -39.373428 -0.107969 1.943920
v -39.367186 -0.104379 1.067778
v -39.622426 -0.954241 1.057416
v -40.726419 0.564014 1.057416
v -40.725318 0.565632 1.927803
v -40.689118 -0.070429 2.437275
v -40.725318 -0.706507 1.927803
v -40.726419 -0.704854 1.057416
v -40.694657 -0.070429 1.034888
vt 0.089672 0.699574
vt 0.091932 0.707089
vt 0.097259 0.699583
vt 0.099337 0.706090
vt 0.097164 0.730230
vt 0.093977 0.735647
vt 0.103189 0.732832
vt 0.099003 0.740208
vt 0.089262 0.740030
vt 0.092281 0.745968
vt 0.097988 0.724773
vt 0.104337 0.725809
vt 0.135654 0.715230
vt 0.094707 0.713373
vt 0.097020 0.719069
vt 0.103875 0.718865
vt 0.089072 0.693718
vt 0.096485 0.695035
vt 0.104671 0.679511
vt 0.099267 0.682149
vt 0.093421 0.674118
vt 0.098081 0.668533
vt 0.095561 0.664986
vt 0.090779 0.669442
vt 0.102555 0.685601
vt 0.106764 0.683219
vt 0.110898 0.677288
vt 0.103641 0.663162
vt 0.101480 0.659583
vt 0.112154 0.681508
vt 0.117559 0.676340
vt 0.110973 0.658744
vt 0.109775 0.654719
vt 0.117999 0.680615
vt 0.124685 0.676457
vt 0.120118 0.657574
vt 0.120472 0.653338
vt 0.124614 0.680746
vt 0.131403 0.677296
vt 0.129668 0.660461
vt 0.131596 0.656642
vt 0.131378 0.681541
vt 0.142369 0.675111
vt 0.141663 0.677469
vt 0.137719 0.666639
vt 0.140963 0.663930
vt 0.138859 0.681911
vt 0.137837 0.678018
vt 0.146343 0.675008
vt 0.144626 0.679903
vt 0.094334 0.685335
vt 0.088003 0.680352
vt 0.085908 0.672954
vt 0.099262 0.688494
vt 0.090345 0.688542
vt 0.097346 0.691277
vt 0.123809 0.733491
vt 0.123806 0.728697
vt 0.123798 0.721986
vt 0.123792 0.715871
vt 0.123788 0.710119
vt 0.123784 0.704548
vt 0.123778 0.699070
vt 0.123774 0.693445
vt 0.082944 0.748956
vt 0.082585 0.738802
vt 0.082406 0.733584
vt 0.082234 0.728078
vt 0.082076 0.722515
vt 0.081949 0.716982
vt 0.081840 0.711230
vt 0.081745 0.705000
vt 0.081657 0.697887
vt 0.081601 0.692631
vt 0.081534 0.686295
vt 0.081417 0.674567
vt 0.073687 0.699840
vt 0.074157 0.693933
vt 0.066776 0.695428
vt 0.066106 0.700045
vt 0.071622 0.707491
vt 0.064191 0.706706
vt 0.071010 0.736253
vt 0.067461 0.730972
vt 0.061593 0.734200
vt 0.066398 0.741186
vt 0.075963 0.740488
vt 0.073557 0.746251
vt 0.066374 0.725557
vt 0.059758 0.727102
vt 0.061854 0.713139
vt 0.069046 0.713944
vt 0.066972 0.719793
vt 0.060033 0.719924
vt 0.058336 0.680069
vt 0.063758 0.682562
vt 0.064558 0.668811
vt 0.069390 0.674334
vt 0.066969 0.665172
vt 0.071924 0.669588
vt 0.056317 0.683829
vt 0.060542 0.686086
vt 0.052121 0.678050
vt 0.058727 0.663579
vt 0.060792 0.659794
vt 0.050942 0.682307
vt 0.045498 0.677384
vt 0.051133 0.659422
vt 0.051978 0.655257
vt 0.045161 0.681674
vt 0.038464 0.677852
vt 0.041822 0.658771
vt 0.041032 0.654597
vt 0.038679 0.682143
vt 0.031890 0.679085
vt 0.032363 0.662301
vt 0.030030 0.658706
vt 0.032153 0.683331
vt 0.020777 0.677995
vt 0.021418 0.680356
vt 0.024733 0.669134
vt 0.021063 0.666795
vt 0.025037 0.684303
vt 0.025572 0.680349
vt 0.016942 0.678570
vt 0.019504 0.682994
vt 0.068736 0.685636
vt 0.074946 0.680485
vt 0.076894 0.673033
vt 0.063874 0.688903
vt 0.072780 0.688764
vt 0.065839 0.691656
vt 0.123769 0.687822
vt 0.116428 0.687828
vt 0.079454 0.753628
vt 0.078199 0.756957
vt 0.130197 0.727825
vt 0.129298 0.733215
vt 0.118319 0.733225
vt 0.117939 0.738552
vt 0.129687 0.738542
vt 0.123526 0.744973
vt 0.123814 0.738546
vt 0.116173 0.742773
vt 0.113917 0.747615
vt 0.122948 0.752191
vt 0.083557 0.755422
vt 0.082595 0.767214
vt 0.089423 0.757747
vt 0.091204 0.774415
vt 0.095493 0.759076
vt 0.102066 0.777139
vt 0.101803 0.758712
vt 0.112062 0.774116
vt 0.107186 0.756428
vt 0.118314 0.766810
vt 0.111100 0.752146
vt 0.121498 0.759237
vt 0.111932 0.715250
vt 0.108820 0.709998
vt 0.107261 0.704307
vt 0.115122 0.720912
vt 0.107740 0.698454
vt 0.111439 0.692672
vt 0.117409 0.727836
vt 0.124109 0.744973
vt 0.131110 0.687815
vt 0.131458 0.742761
vt 0.133723 0.747600
vt 0.124699 0.752190
vt 0.164096 0.755353
vt 0.168196 0.753552
vt 0.165079 0.767143
vt 0.169456 0.756878
vt 0.158234 0.757689
vt 0.156484 0.774360
vt 0.152166 0.759028
vt 0.145625 0.777102
vt 0.145858 0.758674
vt 0.135623 0.774097
vt 0.140468 0.756400
vt 0.129359 0.766800
vt 0.136550 0.752123
vt 0.126162 0.759233
vt 0.101850 0.712317
vt 0.132473 0.720898
vt 0.140308 0.704279
vt 0.139815 0.698426
vt 0.138758 0.709973
vt 0.136108 0.692651
vn 0.153987 0.842880 0.515598
vn 0.241244 0.751690 0.613810
vn 0.050172 -0.000000 0.998741
vn 0.038135 -0.000000 0.999273
vn 0.250537 0.591146 -0.766667
vn 0.177373 0.710066 -0.681429
vn -0.003106 -0.000000 -0.999995
vn -0.003824 -0.000000 -0.999993
vn -0.179923 0.609819 0.771848
vn -0.390222 0.590934 0.706062
vn -0.121274 -0.000000 0.992619
vn -0.044694 0.000000 0.999001
vn -0.364674 0.445340 -0.817731
vn -0.169889 0.471634 -0.865274
vn 0.000084 0.000000 -1.000000
vn 0.000089 0.000000 -1.000000
vn -0.807600 0.377728 0.452883
vn -0.723545 -0.000000 0.690277
vn -0.759417 0.256004 -0.598120
vn -0.780985 -0.000001 -0.624549
vn 0.044463 0.594766 0.802668
vn 0.010816 0.000000 0.999941
vn 0.041327 0.448095 -0.893030
vn -0.000084 0.000000 -1.000000
vn 0.268757 0.470131 -0.840682
vn -0.002077 0.000000 -0.999998
vn 0.283303 0.634882 0.718793
vn 0.069603 -0.000000 0.997575
vn 0.201738 0.595337 0.777738
vn 0.048846 -0.000000 0.998806
vn 0.188199 0.442928 -0.876582
vn -0.000713 -0.000000 -1.000000
vn 0.069536 0.885422 0.459557
vn 0.086890 0.000000 0.996218
vn 0.044102 0.781743 -0.622040
vn 0.008798 0.000000 -0.999961
vn -0.124132 0.253912 0.959229
vn -0.036613 0.468470 0.882721
vn 0.199643 -0.477584 0.855603
vn 0.152011 -0.369131 0.916861
vn -0.179907 0.325063 -0.928422
vn -0.163251 0.210456 -0.963876
vn 0.116930 -0.380244 -0.917465
vn 0.071151 -0.552037 -0.830779
vn -0.151078 0.106053 0.982816
vn 0.183829 -0.290095 0.939176
vn -0.151095 0.106527 -0.982763
vn 0.184345 -0.290331 -0.939002
vn -0.155751 0.035078 0.987173
vn 0.284881 -0.180682 0.941380
vn -0.155767 0.035125 -0.987169
vn 0.285009 -0.180756 -0.941327
vn -0.165621 -0.013118 0.986102
vn 0.341596 -0.004545 0.939836
vn -0.165680 -0.013030 -0.986094
vn 0.341747 -0.004572 -0.939781
vn -0.203118 -0.062450 0.977161
vn 0.345560 0.176573 0.921635
vn -0.203213 -0.062379 -0.977145
vn 0.345606 0.176590 -0.921614
vn -0.307502 -0.127498 -0.942967
vn 0.307640 0.413909 -0.856760
vn -0.307545 -0.127544 0.942947
vn 0.307704 0.413989 0.856698
vn -0.509953 0.146040 -0.847714
vn 0.158767 0.689940 -0.706240
vn -0.511454 0.146497 0.846731
vn 0.159082 0.691313 0.704826
vn 0.001987 0.673837 0.738878
vn 0.239517 -0.650220 0.721003
vn -0.209430 0.474022 -0.855244
vn 0.049127 -0.756125 -0.652581
vn 0.048502 0.819476 0.571058
vn 0.246817 -0.000002 0.969062
vn -0.131309 0.660588 -0.739176
vn 0.057357 -0.000000 -0.998354
vn 0.153988 -0.842879 0.515600
vn 0.069552 -0.885425 0.459548
vn 0.044126 -0.781737 -0.622045
vn 0.177374 -0.710071 -0.681423
vn 0.241242 -0.751690 0.613811
vn 0.250539 -0.591142 -0.766669
vn -0.390221 -0.590932 0.706064
vn -0.179932 -0.609825 0.771841
vn -0.169898 -0.471630 -0.865274
vn -0.364678 -0.445349 -0.817725
vn -0.807601 -0.377735 0.452877
vn -0.759418 -0.256007 -0.598118
vn 0.044457 -0.594766 0.802669
vn 0.041321 -0.448105 -0.893026
vn 0.268754 -0.470132 -0.840683
vn 0.283304 -0.634886 0.718790
vn 0.201729 -0.595335 0.777741
vn 0.188193 -0.442930 -0.876582
vn -0.036602 -0.468478 0.882717
vn -0.124120 -0.253909 0.959231
vn 0.152016 0.369127 0.916862
vn 0.199644 0.477593 0.855597
vn -0.163243 -0.210456 -0.963878
vn -0.179902 -0.325067 -0.928421
vn 0.071147 0.552042 -0.830775
vn 0.116938 0.380248 -0.917462
vn -0.151090 -0.106052 0.982815
vn 0.183822 0.290094 0.939178
vn -0.151091 -0.106525 -0.982763
vn 0.184349 0.290326 -0.939003
vn -0.155758 -0.035079 0.987172
vn 0.284875 0.180685 0.941382
vn -0.155770 -0.035125 -0.987169
vn 0.285006 0.180752 -0.941329
vn -0.165619 0.013117 0.986103
vn 0.341597 0.004553 0.939835
vn -0.165683 0.013031 -0.986093
vn 0.341745 0.004566 -0.939782
vn -0.203117 0.062450 0.977161
vn 0.345559 -0.176569 0.921636
vn -0.203219 0.062380 -0.977144
vn 0.345610 -0.176594 -0.921612
vn -0.307504 0.127498 -0.942966
vn 0.307638 -0.413905 -0.856762
vn -0.307546 0.127543 0.942946
vn 0.307701 -0.413982 0.856702
vn -0.509965 -0.146046 -0.847707
vn 0.158767 -0.689958 -0.706223
vn -0.511458 -0.146500 0.846728
vn 0.159078 -0.691321 0.704819
vn 0.001978 -0.673840 0.738875
vn 0.239510 0.650220 0.721006
vn -0.209445 -0.474018 -0.855243
vn 0.049113 0.756122 -0.652585
vn 0.048512 -0.819474 0.571059
vn -0.131309 -0.660588 -0.739176
s 1
g lowpoly PROP_____PictureFrame_Var_3 High_Fidelity_Group group14 sweep10
usemtl initialShadingGroup
f 5102/6272/5102 5111/6273/5103 5126/6343/5104 5127/6344/5105
f 5110/6457/5106 5103/6408/5107 5172/6329/5108 5171/6330/5109
f 5104/6276/5110 5106/6277/5111 5121/6338/5112 5122/6339/5113
f 5107/6461/5114 5105/6459/5115 5167/6334/5116 5166/6335/5117
f 5106/6277/5111 5108/6280/5118 5120/6337/5119 5121/6338/5112
f 5109/6438/5120 5107/6461/5114 5166/6335/5117 5165/6404/5121
f 5112/6282/5122 5104/6276/5110 5122/6339/5113 5123/6340/5123
f 5105/6459/5115 5115/6458/5124 5168/6333/5125 5167/6334/5116
f 5117/6284/5126 5110/6457/5106 5171/6330/5109 5170/6331/5127
f 5111/6273/5103 5114/6285/5128 5125/6342/5129 5126/6343/5104
f 5113/6286/5130 5112/6282/5122 5123/6340/5123 5124/6341/5131
f 5114/6285/5128 5113/6286/5130 5124/6341/5131 5125/6342/5129
f 5115/6458/5124 5116/6460/5132 5169/6332/5133 5168/6333/5125
f 5116/6460/5132 5117/6284/5126 5170/6331/5127 5169/6332/5133
f 5229/6288/5134 5102/6272/5102 5127/6344/5105 5230/6345/5135
f 5103/6408/5107 5228/6409/5136 5233/6328/5137 5172/6329/5108
f 5129/6290/5138 5133/6291/5139 5134/6292/5140 5130/6293/5141
f 5136/6440/5142 5132/6454/5143 5131/6455/5144 5135/6441/5145
f 5137/6298/5146 5129/6290/5138 5130/6293/5141 5138/6299/5147
f 5132/6454/5143 5140/6452/5148 5139/6453/5149 5131/6455/5144
f 5141/6302/5150 5137/6298/5146 5138/6299/5147 5142/6303/5151
f 5140/6452/5148 5144/6450/5152 5143/6451/5153 5139/6453/5149
f 5145/6306/5154 5141/6302/5150 5142/6303/5151 5146/6307/5155
f 5144/6450/5152 5148/6448/5156 5147/6449/5157 5143/6451/5153
f 5156/6310/5158 5145/6306/5154 5146/6307/5155 5153/6311/5159
f 5148/6448/5156 5155/6446/5160 5154/6447/5161 5147/6449/5157
f 5155/6446/5160 5159/6442/5162 5158/6444/5163 5154/6447/5161
f 5160/6319/5164 5156/6310/5158 5153/6311/5159 5157/6316/5165
f 5159/6442/5162 5152/6443/5166 5151/6445/5167 5158/6444/5163
f 5149/6315/5168 5160/6319/5164 5157/6316/5165 5150/6314/5169
f 5133/6291/5139 5161/6322/5170 5162/6323/5171 5134/6292/5140
f 5164/6439/5172 5136/6440/5142 5135/6441/5145 5163/6437/5173
f 5161/6322/5170 5118/6326/5174 5128/6346/5175 5162/6323/5171
f 5119/6412/5176 5164/6439/5172 5163/6437/5173 5173/6414/5177
f 5174/6348/5178 5231/6349/5179 5230/6345/5135 5127/6344/5105
f 5232/6410/5180 5175/6436/5181 5172/6329/5108 5233/6328/5137
f 5183/6352/5182 5174/6348/5178 5127/6344/5105 5126/6343/5104
f 5175/6436/5181 5182/6433/5183 5171/6330/5109 5172/6329/5108
f 5178/6354/5184 5176/6355/5185 5122/6339/5113 5121/6338/5112
f 5177/6434/5186 5179/6435/5187 5166/6335/5117 5167/6334/5116
f 5180/6358/5188 5178/6354/5184 5121/6338/5112 5120/6337/5119
f 5179/6435/5187 5181/6405/5189 5165/6404/5121 5166/6335/5117
f 5176/6355/5185 5184/6360/5190 5123/6340/5123 5122/6339/5113
f 5187/6432/5191 5177/6434/5186 5167/6334/5116 5168/6333/5125
f 5182/6433/5183 5189/6430/5192 5170/6331/5127 5171/6330/5109
f 5186/6363/5193 5183/6352/5182 5126/6343/5104 5125/6342/5129
f 5184/6360/5190 5185/6364/5194 5124/6341/5131 5123/6340/5123
f 5185/6364/5194 5186/6363/5193 5125/6342/5129 5124/6341/5131
f 5188/6431/5195 5187/6432/5191 5168/6333/5125 5169/6332/5133
f 5189/6430/5192 5188/6431/5195 5169/6332/5133 5170/6331/5127
f 5196/6367/5196 5192/6366/5197 5193/6368/5198 5197/6369/5199
f 5195/6428/5200 5199/6416/5201 5198/6417/5202 5194/6429/5203
f 5192/6366/5197 5200/6374/5204 5201/6375/5205 5193/6368/5198
f 5203/6426/5206 5195/6428/5200 5194/6429/5203 5202/6427/5207
f 5200/6374/5204 5204/6378/5208 5205/6379/5209 5201/6375/5205
f 5207/6424/5210 5203/6426/5206 5202/6427/5207 5206/6425/5211
f 5204/6378/5208 5208/6382/5212 5209/6383/5213 5205/6379/5209
f 5211/6422/5214 5207/6424/5210 5206/6425/5211 5210/6423/5215
f 5208/6382/5212 5219/6386/5216 5216/6387/5217 5209/6383/5213
f 5218/6420/5218 5211/6422/5214 5210/6423/5215 5217/6421/5219
f 5222/6418/5220 5218/6420/5218 5217/6421/5219 5221/6419/5221
f 5219/6386/5216 5223/6395/5222 5220/6392/5223 5216/6387/5217
f 5215/6406/5224 5222/6418/5220 5221/6419/5221 5214/6407/5225
f 5223/6395/5222 5212/6391/5226 5213/6390/5227 5220/6392/5223
f 5224/6398/5228 5196/6367/5196 5197/6369/5199 5225/6399/5229
f 5199/6416/5201 5227/6415/5230 5226/6413/5231 5198/6417/5202
f 5190/6402/5232 5224/6398/5228 5225/6399/5229 5128/6346/5175
f 5227/6415/5230 5191/6411/5233 5173/6414/5177 5226/6413/5231
f 5118/6326/5174 5229/6288/5134 5230/6345/5135 5128/6346/5175
f 5228/6409/5136 5119/6412/5176 5173/6414/5177 5233/6328/5137
f 5191/6411/5233 5232/6410/5180 5233/6328/5137 5173/6414/5177
f 5231/6349/5179 5190/6402/5232 5128/6346/5175 5230/6345/5135
f 5117/6456/5126 5116/6287/5132 5113/6286/5130 5114/6285/5128
f 5116/6287/5132 5115/6283/5124 5112/6282/5122 5113/6286/5130
f 5115/6283/5124 5105/6278/5115 5104/6276/5110 5112/6282/5122
f 5105/6278/5115 5107/6279/5114 5106/6277/5111 5104/6276/5110
f 5107/6279/5114 5109/6281/5120 5108/6280/5118 5106/6277/5111
f 5109/6281/5120 5165/6336/5121 5120/6337/5119 5108/6280/5118
f 5165/6336/5121 5181/6359/5189 5180/6358/5188 5120/6337/5119
f 5181/6359/5189 5179/6357/5187 5178/6354/5184 5180/6358/5188
f 5179/6357/5187 5177/6356/5186 5176/6355/5185 5178/6354/5184
f 5177/6356/5186 5187/6361/5191 5184/6360/5190 5176/6355/5185
f 5187/6361/5191 5188/6365/5195 5185/6364/5194 5184/6360/5190
f 5188/6365/5195 5189/6362/5192 5186/6363/5193 5185/6364/5194
f 5189/6362/5192 5182/6353/5183 5183/6352/5182 5186/6363/5193
f 5182/6353/5183 5175/6351/5181 5174/6348/5178 5183/6352/5182
f 5175/6351/5181 5232/6350/5180 5231/6349/5179 5174/6348/5178
f 5232/6350/5180 5191/6403/5233 5190/6402/5232 5231/6349/5179
f 5191/6403/5233 5227/6401/5230 5224/6398/5228 5190/6402/5232
f 5227/6401/5230 5199/6373/5201 5196/6367/5196 5224/6398/5228
f 5199/6373/5201 5195/6372/5200 5192/6366/5197 5196/6367/5196
f 5195/6372/5200 5203/6377/5206 5200/6374/5204 5192/6366/5197
f 5203/6377/5206 5207/6381/5210 5204/6378/5208 5200/6374/5204
f 5207/6381/5210 5211/6385/5214 5208/6382/5212 5204/6378/5208
f 5211/6385/5214 5218/6389/5218 5219/6386/5216 5208/6382/5212
f 5218/6389/5218 5222/6394/5220 5223/6395/5222 5219/6386/5216
f 5222/6394/5220 5215/6397/5224 5212/6391/5226 5223/6395/5222
f 5213/6390/5227 5212/6391/5226 5215/6397/5224 5214/6396/5225
f 5214/6396/5225 5221/6393/5221 5220/6392/5223 5213/6390/5227
f 5221/6393/5221 5217/6388/5219 5216/6387/5217 5220/6392/5223
f 5217/6388/5219 5210/6384/5215 5209/6383/5213 5216/6387/5217
f 5210/6384/5215 5206/6380/5211 5205/6379/5209 5209/6383/5213
f 5206/6380/5211 5202/6376/5207 5201/6375/5205 5205/6379/5209
f 5202/6376/5207 5194/6370/5203 5193/6368/5198 5201/6375/5205
f 5194/6370/5203 5198/6371/5202 5197/6369/5199 5193/6368/5198
f 5198/6371/5202 5226/6400/5231 5225/6399/5229 5197/6369/5199
f 5226/6400/5231 5173/6347/5177 5128/6346/5175 5225/6399/5229
f 5173/6347/5177 5163/6324/5173 5162/6323/5171 5128/6346/5175
f 5163/6324/5173 5135/6295/5145 5134/6292/5140 5162/6323/5171
f 5135/6295/5145 5131/6294/5144 5130/6293/5141 5134/6292/5140
f 5131/6294/5144 5139/6300/5149 5138/6299/5147 5130/6293/5141
f 5139/6300/5149 5143/6304/5153 5142/6303/5151 5138/6299/5147
f 5143/6304/5153 5147/6308/5157 5146/6307/5155 5142/6303/5151
f 5147/6308/5157 5154/6312/5161 5153/6311/5159 5146/6307/5155
f 5154/6312/5161 5158/6317/5163 5157/6316/5165 5153/6311/5159
f 5158/6317/5163 5151/6320/5167 5150/6314/5169 5157/6316/5165
f 5149/6315/5168 5150/6314/5169 5151/6320/5167 5152/6321/5166
f 5152/6321/5166 5159/6318/5162 5160/6319/5164 5149/6315/5168
f 5159/6318/5162 5155/6313/5160 5156/6310/5158 5160/6319/5164
f 5155/6313/5160 5148/6309/5156 5145/6306/5154 5156/6310/5158
f 5148/6309/5156 5144/6305/5152 5141/6302/5150 5145/6306/5154
f 5144/6305/5152 5140/6301/5148 5137/6298/5146 5141/6302/5150
f 5140/6301/5148 5132/6297/5143 5129/6290/5138 5137/6298/5146
f 5132/6297/5143 5136/6296/5142 5133/6291/5139 5129/6290/5138
f 5136/6296/5142 5164/6325/5172 5161/6322/5170 5133/6291/5139
f 5164/6325/5172 5119/6327/5176 5118/6326/5174 5161/6322/5170
f 5119/6327/5176 5228/6289/5136 5229/6288/5134 5118/6326/5174
f 5228/6289/5136 5103/6274/5107 5102/6272/5102 5229/6288/5134
f 5103/6274/5107 5110/6275/5106 5111/6273/5103 5102/6272/5102
f 5110/6275/5106 5117/6456/5126 5114/6285/5128 5111/6273/5103
